{"noise_pct_10": {"structured_test_accuracy": {"mean": 1.0, "std": 0.0, "std_err": 0.0, "raw": [1.0, 1.0, 1.0, 1.0, 1.0]}, "unstructured_test_accuracy": {"mean": 0.8939999999999999, "std": 1.1102230246251565e-16, "std_err": 5.551115123125783e-17, "raw": [0.894, 0.894, 0.894, 0.894, 0.894]}, "unstructured_test_brier_score": {"mean": 0.14412522010044382, "std": 5.533971333609405e-05, "std_err": 2.7669856668047022e-05, "raw": [0.14411804452611737, 0.14420197890818892, 0.1441238942316848, 0.14403177142113094, 0.14415041141509696]}, "interpretability": {"num_predicates": {"mean": 24.0, "std": 0.0, "std_err": 0.0, "raw": [24, 24, 24, 24, 24]}, "num_rules": {"mean": 8.0, "std": 0.0, "std_err": 0.0, "raw": [8, 8, 8, 8, 8]}}, "learning_time": {"mean": 1.6624885559082032, "std": 0.1727572013219607, "std_err": 0.08637860066098035, "raw": [1.5068559646606445, 1.9932281970977783, 1.5653839111328125, 1.5838418006896973, 1.663132905960083]}}, "noise_pct_20": {"structured_test_accuracy": {"mean": 1.0, "std": 0.0, "std_err": 0.0, "raw": [1.0, 1.0, 1.0, 1.0, 1.0]}, "unstructured_test_accuracy": {"mean": 0.845, "std": 0.0, "std_err": 0.0, "raw": [0.845, 0.845, 0.845, 0.845, 0.845]}, "unstructured_test_brier_score": {"mean": 0.18763226040388314, "std": 5.287003830662371e-05, "std_err": 2.643501915331185e-05, "raw": [0.18772605878306, 0.18762131717301375, 0.18758489671827255, 0.18758146036995657, 0.18764756897511276]}, "interpretability": {"num_predicates": {"mean": 24.0, "std": 0.0, "std_err": 0.0, "raw": [24, 24, 24, 24, 24]}, "num_rules": {"mean": 8.0, "std": 0.0, "std_err": 0.0, "raw": [8, 8, 8, 8, 8]}}, "learning_time": {"mean": 1.2290143013000487, "std": 0.3023514604152161, "std_err": 0.15117573020760805, "raw": [0.7962076663970947, 1.7266030311584473, 1.2305660247802734, 1.0959389209747314, 1.2957558631896973]}}, "noise_pct_30": {"structured_test_accuracy": {"mean": 1.0, "std": 0.0, "std_err": 0.0, "raw": [1.0, 1.0, 1.0, 1.0, 1.0]}, "unstructured_test_accuracy": {"mean": 0.791, "std": 0.0, "std_err": 0.0, "raw": [0.791, 0.791, 0.791, 0.791, 0.791]}, "unstructured_test_brier_score": {"mean": 0.22169275528819035, "std": 0.0003219185315183209, "std_err": 0.00016095926575916043, "raw": [0.22228901617758878, 0.22152239655404246, 0.2213315303459609, 0.22168314912894274, 0.2216376842344169]}, "interpretability": {"num_predicates": {"mean": 24.0, "std": 0.0, "std_err": 0.0, "raw": [24, 24, 24, 24, 24]}, "num_rules": {"mean": 8.0, "std": 0.0, "std_err": 0.0, "raw": [8, 8, 8, 8, 8]}}, "learning_time": {"mean": 1.17149920463562, "std": 0.3622799204855912, "std_err": 0.1811399602427956, "raw": [1.123732089996338, 0.5000619888305664, 1.3509199619293213, 1.5537500381469727, 1.3290319442749023]}}, "noise_pct_40": {"structured_test_accuracy": {"mean": 1.0, "std": 0.0, "std_err": 0.0, "raw": [1.0, 1.0, 1.0, 1.0, 1.0]}, "unstructured_test_accuracy": {"mean": 0.742, "std": 0.0, "std_err": 0.0, "raw": [0.742, 0.742, 0.742, 0.742, 0.742]}, "unstructured_test_brier_score": {"mean": 0.26746221477171833, "std": 0.00014583273669864006, "std_err": 7.291636834932003e-05, "raw": [0.2674738106049881, 0.26730280828188724, 0.2673199647313276, 0.2675110984479529, 0.2677033917924359]}, "interpretability": {"num_predicates": {"mean": 24.0, "std": 0.0, "std_err": 0.0, "raw": [24, 24, 24, 24, 24]}, "num_rules": {"mean": 8.0, "std": 0.0, "std_err": 0.0, "raw": [8, 8, 8, 8, 8]}}, "learning_time": {"mean": 1.267855453491211, "std": 0.34508710480023846, "std_err": 0.17254355240011923, "raw": [1.3688850402832031, 1.9004409313201904, 1.075467586517334, 1.0253279209136963, 0.9691557884216309]}}, "noise_pct_50": {"structured_test_accuracy": {"mean": 1.0, "std": 0.0, "std_err": 0.0, "raw": [1.0, 1.0, 1.0, 1.0, 1.0]}, "unstructured_test_accuracy": {"mean": 0.709, "std": 0.0, "std_err": 0.0, "raw": [0.709, 0.709, 0.709, 0.709, 0.709]}, "unstructured_test_brier_score": {"mean": 0.3019229931497537, "std": 0.00013525734252941364, "std_err": 6.762867126470682e-05, "raw": [0.30186277937745426, 0.30174737424856846, 0.3018634274711027, 0.30200059637937254, 0.30214078827227053]}, "interpretability": {"num_predicates": {"mean": 24.0, "std": 0.0, "std_err": 0.0, "raw": [24, 24, 24, 24, 24]}, "num_rules": {"mean": 8.0, "std": 0.0, "std_err": 0.0, "raw": [8, 8, 8, 8, 8]}}, "learning_time": {"mean": 1.01996750831604, "std": 0.3512737250275064, "std_err": 0.1756368625137532, "raw": [1.259047031402588, 0.8481621742248535, 0.8320441246032715, 0.586482048034668, 1.5741021633148193]}}, "noise_pct_60": {"structured_test_accuracy": {"mean": 1.0, "std": 0.0, "std_err": 0.0, "raw": [1.0, 1.0, 1.0, 1.0, 1.0]}, "unstructured_test_accuracy": {"mean": 0.668, "std": 0.0, "std_err": 0.0, "raw": [0.668, 0.668, 0.668, 0.668, 0.668]}, "unstructured_test_brier_score": {"mean": 0.34186985825726107, "std": 0.00023640967926541007, "std_err": 0.00011820483963270502, "raw": [0.3416966586076784, 0.3417190941724773, 0.3417523007057321, 0.34185038000503903, 0.34233085779537853]}, "interpretability": {"num_predicates": {"mean": 24.0, "std": 0.0, "std_err": 0.0, "raw": [24, 24, 24, 24, 24]}, "num_rules": {"mean": 8.0, "std": 0.0, "std_err": 0.0, "raw": [8, 8, 8, 8, 8]}}, "learning_time": {"mean": 1.34560866355896, "std": 0.16989208730788996, "std_err": 0.08494604365394498, "raw": [1.331679105758667, 1.648266077041626, 1.3437931537628174, 1.277513027191162, 1.1267919540405273]}}, "noise_pct_70": {"structured_test_accuracy": {"mean": 1.0, "std": 0.0, "std_err": 0.0, "raw": [1.0, 1.0, 1.0, 1.0, 1.0]}, "unstructured_test_accuracy": {"mean": 0.626, "std": 0.0, "std_err": 0.0, "raw": [0.626, 0.626, 0.626, 0.626, 0.626]}, "unstructured_test_brier_score": {"mean": 0.38205697073283196, "std": 0.0002875029465786386, "std_err": 0.0001437514732893193, "raw": [0.38180082236642066, 0.3821582513728434, 0.3817594839884855, 0.38201239963382727, 0.38255389630258296]}, "interpretability": {"num_predicates": {"mean": 24.0, "std": 0.0, "std_err": 0.0, "raw": [24, 24, 24, 24, 24]}, "num_rules": {"mean": 8.0, "std": 0.0, "std_err": 0.0, "raw": [8, 8, 8, 8, 8]}}, "learning_time": {"mean": 0.9225056171417236, "std": 0.27443686439781617, "std_err": 0.13721843219890809, "raw": [0.8774430751800537, 1.387787103652954, 0.8994078636169434, 0.92228102684021, 0.525609016418457]}}, "noise_pct_80": {"structured_test_accuracy": {"mean": 1.0, "std": 0.0, "std_err": 0.0, "raw": [1.0, 1.0, 1.0, 1.0, 1.0]}, "unstructured_test_accuracy": {"mean": 0.585, "std": 0.0, "std_err": 0.0, "raw": [0.585, 0.585, 0.585, 0.585, 0.585]}, "unstructured_test_brier_score": {"mean": 0.4215808694598084, "std": 0.000277952281416712, "std_err": 0.000138976140708356, "raw": [0.42116130949210207, 0.4214544686959508, 0.42151262337742185, 0.42186564462003723, 0.42191030111353006]}, "interpretability": {"num_predicates": {"mean": 24.0, "std": 0.0, "std_err": 0.0, "raw": [24, 24, 24, 24, 24]}, "num_rules": {"mean": 8.0, "std": 0.0, "std_err": 0.0, "raw": [8, 8, 8, 8, 8]}}, "learning_time": {"mean": 1.3959340095520019, "std": 0.18629337329738863, "std_err": 0.09314668664869431, "raw": [1.745793104171753, 1.317584753036499, 1.4024689197540283, 1.200835943222046, 1.3129873275756836]}}, "noise_pct_90": {"structured_test_accuracy": {"mean": 1.0, "std": 0.0, "std_err": 0.0, "raw": [1.0, 1.0, 1.0, 1.0, 1.0]}, "unstructured_test_accuracy": {"mean": 0.539, "std": 0.006260990336999416, "std_err": 0.0031304951684997077, "raw": [0.551, 0.538, 0.538, 0.534, 0.534]}, "unstructured_test_brier_score": {"mean": 0.4608439084797826, "std": 0.00048471307034350707, "std_err": 0.00024235653517175353, "raw": [0.4601248581502681, 0.4607208514035397, 0.46061001515291133, 0.4614488510067921, 0.46131496668540184]}, "interpretability": {"num_predicates": {"mean": 24.0, "std": 0.0, "std_err": 0.0, "raw": [24, 24, 24, 24, 24]}, "num_rules": {"mean": 8.0, "std": 0.0, "std_err": 0.0, "raw": [8, 8, 8, 8, 8]}}, "learning_time": {"mean": 0.9523112297058105, "std": 0.058898458803141915, "std_err": 0.029449229401570954,