{"noise_pct_0": {"structured_test_accuracy": {"mean": 1.0, "std": 0.0, "std_err": 0.0, "raw": [1.0, 1.0, 1.0, 1.0, 1.0]}, "unstructured_test_accuracy": {"mean": 0.943, "std": 0.0, "std_err": 0.0, "raw": [0.943, 0.943, 0.943, 0.943, 0.943]}, "unstructured_test_brier_score": {"mean": 0.09836325057448495, "std": 0.00022201958107772855, "std_err": 0.00011100979053886428, "raw": [0.098362565012999, 0.09874169712344545, 0.0983623686095871, 0.09830173926101676, 0.09804788286537648]}, "interpretability": {"num_predicates": {"mean": 24.0, "std": 0.0, "std_err": 0.0, "raw": [24, 24, 24, 24, 24]}, "num_rules": {"mean": 8.0, "std": 0.0, "std_err": 0.0, "raw": [8, 8, 8, 8, 8]}}, "learning_time": {"mean": 1.1551895618438721, "std": 0.34624986933598606, "std_err": 0.173124934667993, "raw": [1.2348289489746094, 1.0142459869384766, 1.731395959854126, 1.1308279037475586, 0.6646490097045898]}}}