{"noise_pct_10": {"accuracy": {"mean": 0.909090909090909, "std": 1.1102230246251565e-16, "std_err": 5.551115123125783e-17, "raw": [0.9090909090909091, 0.9090909090909091, 0.9090909090909091, 0.9090909090909091, 0.9090909090909091]}}, "noise_pct_20": {"accuracy": {"mean": 0.8301698301698301, "std": 0.0, "std_err": 0.0, "raw": [0.8301698301698301, 0.8301698301698301, 0.8301698301698301, 0.8301698301698301, 0.8301698301698301]}}, "noise_pct_30": {"accuracy": {"mean": 0.7492507492507493, "std": 0.0, "std_err": 0.0, "raw": [0.7492507492507493, 0.7492507492507493, 0.7492507492507493, 0.7492507492507493, 0.7492507492507493]}}, "noise_pct_40": {"accuracy": {"mean": 0.6623376623376623, "std": 0.0, "std_err": 0.0, "raw": [0.6623376623376623, 0.6623376623376623, 0.6623376623376623, 0.6623376623376623, 0.6623376623376623]}}, "noise_pct_50": {"accuracy": {"mean": 0.5764235764235764, "std": 0.0, "std_err": 0.0, "raw": [0.5764235764235764, 0.5764235764235764, 0.5764235764235764, 0.5764235764235764, 0.5764235764235764]}}, "noise_pct_60": {"accuracy": {"mean": 0.5064935064935064, "std": 0.0, "std_err": 0.0, "raw": [0.5064935064935064, 0.5064935064935064, 0.5064935064935064, 0.5064935064935064, 0.5064935064935064]}}, "noise_pct_70": {"accuracy": {"mean": 0.42657342657342656, "std": 0.0, "std_err": 0.0, "raw": [0.42657342657342656, 0.42657342657342656, 0.42657342657342656, 0.42657342657342656, 0.42657342657342656]}}, "noise_pct_80": {"accuracy": {"mean": 0.34665334665334663, "std": 0.0, "std_err": 0.0, "raw": [0.34665334665334663, 0.34665334665334663, 0.34665334665334663, 0.34665334665334663, 0.34665334665334663]}}, "noise_pct_90": {"accuracy": {"mean": 0.26373626373626374, "std": 0.0, "std_err": 0.0, "raw": [0.26373626373626374, 0.26373626373626374, 0.26373626373626374, 0.26373626373626374, 0.26373626373626374]}}, "noise_pct_100": {"accuracy": {"mean": 0.15724275724275721, "std": 0.007192807192807194, "std_err": 0.003596403596403597, "raw": [0.16083916083916083, 0.14285714285714285, 0.16083916083916083, 0.16083916083916083, 0.16083916083916083]}}}