{"noise_pct_10": {"accuracy": {"mean": 0.9170829170829171, "std": 0.0, "std_err": 0.0, "raw": [0.9170829170829171, 0.9170829170829171, 0.9170829170829171, 0.9170829170829171, 0.9170829170829171]}}, "noise_pct_20": {"accuracy": {"mean": 0.8361638361638362, "std": 0.0, "std_err": 0.0, "raw": [0.8361638361638362, 0.8361638361638362, 0.8361638361638362, 0.8361638361638362, 0.8361638361638362]}}, "noise_pct_30": {"accuracy": {"mean": 0.7582417582417582, "std": 0.0, "std_err": 0.0, "raw": [0.7582417582417582, 0.7582417582417582, 0.7582417582417582, 0.7582417582417582, 0.7582417582417582]}}, "noise_pct_40": {"accuracy": {"mean": 0.6813186813186813, "std": 0.0, "std_err": 0.0, "raw": [0.6813186813186813, 0.6813186813186813, 0.6813186813186813, 0.6813186813186813, 0.6813186813186813]}}, "noise_pct_50": {"accuracy": {"mean": 0.5974025974025974, "std": 0.0, "std_err": 0.0, "raw": [0.5974025974025974, 0.5974025974025974, 0.5974025974025974, 0.5974025974025974, 0.5974025974025974]}}, "noise_pct_60": {"accuracy": {"mean": 0.5204795204795205, "std": 0.0, "std_err": 0.0, "raw": [0.5204795204795205, 0.5204795204795205, 0.5204795204795205, 0.5204795204795205, 0.5204795204795205]}}, "noise_pct_70": {"accuracy": {"mean": 0.4415584415584416, "std": 5.551115123125783e-17, "std_err": 2.7755575615628914e-17, "raw": [0.44155844155844154, 0.44155844155844154, 0.44155844155844154, 0.44155844155844154, 0.44155844155844154]}}, "noise_pct_80": {"accuracy": {"mean": 0.36063936063936064, "std": 0.0, "std_err": 0.0, "raw": [0.36063936063936064, 0.36063936063936064, 0.36063936063936064, 0.36063936063936064, 0.36063936063936064]}}, "noise_pct_90": {"accuracy": {"mean": 0.2837162837162837, "std": 0.0, "std_err": 0.0, "raw": [0.2837162837162837, 0.2837162837162837, 0.2837162837162837, 0.2837162837162837, 0.2837162837162837]}}, "noise_pct_100": {"accuracy": {"mean": 0.20999000999001, "std": 0.003596403596403597, "std_err": 0.0017982017982017982, "raw": [0.21178821178821178, 0.21178821178821178, 0.21178821178821178, 0.20279720279720279, 0.21178821178821178]}}}