{"noise_pct_10": {"accuracy": {"mean": 0.9170829170829171, "std": 0.0, "std_err": 0.0, "raw": [0.9170829170829171, 0.9170829170829171, 0.9170829170829171, 0.9170829170829171, 0.9170829170829171]}}, "noise_pct_20": {"accuracy": {"mean": 0.8371628371628372, "std": 1.1102230246251565e-16, "std_err": 5.551115123125783e-17, "raw": [0.8371628371628371, 0.8371628371628371, 0.8371628371628371, 0.8371628371628371, 0.8371628371628371]}}, "noise_pct_30": {"accuracy": {"mean": 0.7602397602397603, "std": 0.0, "std_err": 0.0, "raw": [0.7602397602397603, 0.7602397602397603, 0.7602397602397603, 0.7602397602397603, 0.7602397602397603]}}, "noise_pct_40": {"accuracy": {"mean": 0.6823176823176823, "std": 0.0, "std_err": 0.0, "raw": [0.6823176823176823, 0.6823176823176823, 0.6823176823176823, 0.6823176823176823, 0.6823176823176823]}}, "noise_pct_50": {"accuracy": {"mean": 0.6063936063936064, "std": 0.0, "std_err": 0.0, "raw": [0.6063936063936064, 0.6063936063936064, 0.6063936063936064, 0.6063936063936064, 0.6063936063936064]}}, "noise_pct_60": {"accuracy": {"mean": 0.5294705294705294, "std": 0.0, "std_err": 0.0, "raw": [0.5294705294705294, 0.5294705294705294, 0.5294705294705294, 0.5294705294705294, 0.5294705294705294]}}, "noise_pct_70": {"accuracy": {"mean": 0.4485514485514486, "std": 0.0, "std_err": 0.0, "raw": [0.4485514485514486, 0.4485514485514486, 0.4485514485514486, 0.4485514485514486, 0.4485514485514486]}}, "noise_pct_80": {"accuracy": {"mean": 0.3596403596403596, "std": 0.0, "std_err": 0.0, "raw": [0.3596403596403596, 0.3596403596403596, 0.3596403596403596, 0.3596403596403596, 0.3596403596403596]}}, "noise_pct_90": {"accuracy": {"mean": 0.2777222777222777, "std": 0.0, "std_err": 0.0, "raw": [0.2777222777222777, 0.2777222777222777, 0.2777222777222777, 0.2777222777222777, 0.2777222777222777]}}, "noise_pct_100": {"accuracy": {"mean": 0.1924075924075924, "std": 0.02067328718441212, "std_err": 0.01033664359220606, "raw": [0.1798201798201798, 0.21078921078921078, 0.20279720279720279, 0.21078921078921078, 0.15784215784215785]}}}