{"noise_pct_10": {"accuracy": {"mean": 0.9400599400599401, "std": 0.0, "std_err": 0.0, "raw": [0.9400599400599401, 0.9400599400599401, 0.9400599400599401, 0.9400599400599401, 0.9400599400599401]}}, "noise_pct_20": {"accuracy": {"mean": 0.8891108891108891, "std": 0.0, "std_err": 0.0, "raw": [0.8891108891108891, 0.8891108891108891, 0.8891108891108891, 0.8891108891108891, 0.8891108891108891]}}, "noise_pct_30": {"accuracy": {"mean": 0.8311688311688312, "std": 0.0, "std_err": 0.0, "raw": [0.8311688311688312, 0.8311688311688312, 0.8311688311688312, 0.8311688311688312, 0.8311688311688312]}}, "noise_pct_40": {"accuracy": {"mean": 0.7742257742257742, "std": 0.0, "std_err": 0.0, "raw": [0.7742257742257742, 0.7742257742257742, 0.7742257742257742, 0.7742257742257742, 0.7742257742257742]}}, "noise_pct_50": {"accuracy": {"mean": 0.7142857142857143, "std": 0.0, "std_err": 0.0, "raw": [0.7142857142857143, 0.7142857142857143, 0.7142857142857143, 0.7142857142857143, 0.7142857142857143]}}, "noise_pct_60": {"accuracy": {"mean": 0.6603396603396603, "std": 0.0, "std_err": 0.0, "raw": [0.6603396603396603, 0.6603396603396603, 0.6603396603396603, 0.6603396603396603, 0.6603396603396603]}}, "noise_pct_70": {"accuracy": {"mean": 0.6053946053946054, "std": 0.0, "std_err": 0.0, "raw": [0.6053946053946054, 0.6053946053946054, 0.6053946053946054, 0.6053946053946054, 0.6053946053946054]}}, "noise_pct_80": {"accuracy": {"mean": 0.5424575424575424, "std": 0.0, "std_err": 0.0, "raw": [0.5424575424575424, 0.5424575424575424, 0.5424575424575424, 0.5424575424575424, 0.5424575424575424]}}, "noise_pct_90": {"accuracy": {"mean": 0.4805194805194805, "std": 0.0, "std_err": 0.0, "raw": [0.4805194805194805, 0.4805194805194805, 0.4805194805194805, 0.4805194805194805, 0.4805194805194805]}}, "noise_pct_100": {"accuracy": {"mean": 0.41358641358641357, "std": 0.0, "std_err": 0.0, "raw": [0.41358641358641357, 0.41358641358641357, 0.41358641358641357, 0.41358641358641357, 0.41358641358641357]}}}