{"noise_pct_10": {"accuracy": {"mean": 0.9360639360639361, "std": 1.1102230246251565e-16, "std_err": 5.551115123125783e-17, "raw": [0.936063936063936, 0.936063936063936, 0.936063936063936, 0.936063936063936, 0.936063936063936]}}, "noise_pct_20": {"accuracy": {"mean": 0.8831168831168832, "std": 1.1102230246251565e-16, "std_err": 5.551115123125783e-17, "raw": [0.8831168831168831, 0.8831168831168831, 0.8831168831168831, 0.8831168831168831, 0.8831168831168831]}}, "noise_pct_30": {"accuracy": {"mean": 0.8161838161838162, "std": 0.0, "std_err": 0.0, "raw": [0.8161838161838162, 0.8161838161838162, 0.8161838161838162, 0.8161838161838162, 0.8161838161838162]}}, "noise_pct_40": {"accuracy": {"mean": 0.7562437562437563, "std": 0.0, "std_err": 0.0, "raw": [0.7562437562437563, 0.7562437562437563, 0.7562437562437563, 0.7562437562437563, 0.7562437562437563]}}, "noise_pct_50": {"accuracy": {"mean": 0.6803196803196803, "std": 0.0, "std_err": 0.0, "raw": [0.6803196803196803, 0.6803196803196803, 0.6803196803196803, 0.6803196803196803, 0.6803196803196803]}}, "noise_pct_60": {"accuracy": {"mean": 0.6243756243756243, "std": 0.0, "std_err": 0.0, "raw": [0.6243756243756243, 0.6243756243756243, 0.6243756243756243, 0.6243756243756243, 0.6243756243756243]}}, "noise_pct_70": {"accuracy": {"mean": 0.5484515484515484, "std": 0.0, "std_err": 0.0, "raw": [0.5484515484515484, 0.5484515484515484, 0.5484515484515484, 0.5484515484515484, 0.5484515484515484]}}, "noise_pct_80": {"accuracy": {"mean": 0.4785214785214785, "std": 0.0, "std_err": 0.0, "raw": [0.4785214785214785, 0.4785214785214785, 0.4785214785214785, 0.4785214785214785, 0.4785214785214785]}}, "noise_pct_90": {"accuracy": {"mean": 0.4085914085914085, "std": 5.551115123125783e-17, "std_err": 2.7755575615628914e-17, "raw": [0.4085914085914086, 0.4085914085914086, 0.4085914085914086, 0.4085914085914086, 0.4085914085914086]}}, "noise_pct_100": {"accuracy": {"mean": 0.3094905094905095, "std": 0.03817386612129629, "std_err": 0.019086933060648147, "raw": [0.34065934065934067, 0.34065934065934067, 0.2627372627372627, 0.34065934065934067, 0.2627372627372627]}}}