{"noise_pct_0": {"accuracy": {"mean": 0.9990009990009991, "std": 1.1102230246251565e-16, "std_err": 5.551115123125783e-17, "raw": [0.999000999000999, 0.999000999000999, 0.999000999000999, 0.999000999000999, 0.999000999000999]}}}