{"noise_pct_10": {"accuracy": {"mean": 0.9565999999999999, "std": 0.0008000000000000007, "std_err": 0.00040000000000000034, "raw": [0.957, 0.957, 0.955, 0.957, 0.957]}}, "noise_pct_20": {"accuracy": {"mean": 0.9109999999999999, "std": 1.1102230246251565e-16, "std_err": 5.551115123125783e-17, "raw": [0.911, 0.911, 0.911, 0.911, 0.911]}}, "noise_pct_30": {"accuracy": {"mean": 0.86, "std": 0.0, "std_err": 0.0, "raw": [0.86, 0.86, 0.86, 0.86, 0.86]}}, "noise_pct_40": {"accuracy": {"mean": 0.813, "std": 0.0, "std_err": 0.0, "raw": [0.813, 0.813, 0.813, 0.813, 0.813]}}, "noise_pct_50": {"accuracy": {"mean": 0.776, "std": 0.0, "std_err": 0.0, "raw": [0.776, 0.776, 0.776, 0.776, 0.776]}}, "noise_pct_60": {"accuracy": {"mean": 0.741, "std": 0.0, "std_err": 0.0, "raw": [0.741, 0.741, 0.741, 0.741, 0.741]}}, "noise_pct_70": {"accuracy": {"mean": 0.703, "std": 0.0, "std_err": 0.0, "raw": [0.703, 0.703, 0.703, 0.703, 0.703]}}, "noise_pct_80": {"accuracy": {"mean": 0.658, "std": 0.0, "std_err": 0.0, "raw": [0.658, 0.658, 0.658, 0.658, 0.658]}}, "noise_pct_90": {"accuracy": {"mean": 0.5456, "std": 0.055848366135456455, "std_err": 0.027924183067728228, "raw": [0.614, 0.5, 0.5, 0.5, 0.614]}}, "noise_pct_100": {"accuracy": {"mean": 0.5, "std": 0.0, "std_err": 0.0, "raw": [0.5, 0.5, 0.5, 0.5, 0.5]}}}