{"noise_pct_0": {"accuracy": {"mean": 0.9992000000000001, "std": 0.00040000000000000034, "std_err": 0.00020000000000000017, "raw": [0.999, 0.999, 1.0, 0.999, 0.999]}}}