{"noise_pct_95": {"accuracy": {"mean": 0.93964, "std": 0.08048124253513986, "std_err": 0.011497320362162836, "raw": [0.832, 1.0, 1.0, 0.834, 1.0, 1.0, 1.0, 1.0, 0.832, 1.0, 1.0, 1.0, 0.832, 1.0, 1.0, 1.0, 0.832, 1.0, 1.0, 1.0, 1.0, 0.832, 1.0, 1.0, 1.0, 1.0, 0.832, 0.832, 0.832, 1.0, 1.0, 1.0, 1.0, 0.832, 1.0, 0.834, 0.832, 0.832, 1.0, 0.834, 0.832, 0.832, 1.0, 1.0, 1.0, 0.832, 1.0, 0.832, 1.0, 1.0]}, "interpretability": {"num_rules": {"mean": 3.64, "std": 0.48000000000000004, "std_err": 0.06857142857142857, "raw": [3, 4, 4, 3, 4, 4, 4, 4, 3, 4, 4, 4, 3, 4, 4, 4, 3, 4, 4, 4, 4, 3, 4, 4, 4, 4, 3, 3, 3, 4, 4, 4, 4, 3, 4, 3, 3, 3, 4, 3, 3, 3, 4, 4, 4, 3, 4, 3, 4, 4]}, "num_predicates": {"mean": 3.64, "std": 0.48000000000000004, "std_err": 0.06857142857142857, "raw": [3, 4, 4, 3, 4, 4, 4, 4, 3, 4, 4, 4, 3, 4, 4, 4, 3, 4, 4, 4, 4, 3, 4, 4, 4, 4, 3, 3, 3, 4, 4, 4, 4, 3, 4, 3, 3, 3, 4, 3, 3, 3, 4, 4, 4, 3, 4, 3, 4, 4]}}, "learning_time": {"mean": 110.50484302043915, "std": 1.65741395653768, "std_err": 0.23677342236252572, "raw": [112.80710506439209, 111.39358258247375, 112.89382767677307, 113.85445404052734, 113.7704529762268, 112.3868420124054, 112.03611397743225, 113.70253396034241, 110.61564898490906, 111.14379048347473, 112.3932294845581, 108.82778525352478, 109.39475321769714, 110.97725057601929, 110.46948480606079, 112.27361559867859, 109.5799388885498, 111.3376030921936, 110.73342657089233, 111.04359483718872, 108.88810753822327, 108.35559797286987, 109.5404622554779, 107.31412601470947, 111.95148277282715, 111.95609474182129, 111.81392931938171, 109.70314168930054, 109.50979399681091, 110.48178768157959, 110.33363747596741, 108.5602695941925, 109.71289300918579, 108.50673937797546, 108.92228889465332, 109.26640343666077, 112.0337266921997, 113.28917503356934, 111.48968935012817, 110.28658533096313, 110.07573080062866, 107.3175687789917, 109.59607863426208, 110.14477324485779, 109.240314245224, 108.31389665603638, 109.039057970047, 109.36331868171692, 108.68198156356812, 109.91846418380737]}}, "noise_pct_96": {"accuracy": {"mean": 0.9198, "std": 0.10156318230540042, "std_err": 0.01450902604362863, "raw": [0.832, 1.0, 1.0, 0.834, 1.0, 1.0, 1.0, 0.834, 0.666, 1.0, 1.0, 1.0, 0.832, 1.0, 1.0, 1.0, 0.832, 0.834, 1.0, 1.0, 1.0, 0.832, 1.0, 1.0, 1.0, 1.0, 0.832, 0.666, 0.832, 0.834, 1.0, 1.0, 1.0, 0.832, 0.834, 0.834, 1.0, 0.832, 1.0, 0.834, 0.832, 0.666, 1.0, 1.0, 1.0, 0.834, 1.0, 0.832, 1.0, 1.0]}, "interpretability": {"num_rules": {"mean": 3.52, "std": 0.6079473661428265, "std_err": 0.0868496237346895, "raw": [3, 4, 4, 3, 4, 4, 4, 3, 2, 4, 4, 4, 3, 4, 4, 4, 3, 3, 4, 4, 4, 3, 4, 4, 4, 4, 3, 2, 3, 3, 4, 4, 4, 3, 3, 3, 4, 3, 4, 3, 3, 2, 4, 4, 4, 3, 4, 3, 4, 4]}, "num_predicates": {"mean": 3.52, "std": 0.6079473661428265, "std_err": 0.0868496237346895, "raw": [3, 4, 4, 3, 4, 4, 4, 3, 2, 4, 4, 4, 3, 4, 4, 4, 3, 3, 4, 4, 4, 3, 4, 4, 4, 4, 3, 2, 3, 3, 4, 4, 4, 3, 3, 3, 4, 3, 4, 3, 3, 2, 4, 4, 4, 3, 4, 3, 4, 4]}}, "learning_time": {"mean": 116.3500894498825, "std": 3.639022570439213, "std_err": 0.5198603672056018, "raw": [115.35604166984558, 111.72610402107239, 115.77844476699829, 116.05290102958679, 116.6796338558197, 113.13297939300537, 115.87647366523743, 113.184077501297, 114.82442688941956, 113.6570360660553, 115.08635759353638, 113.31757116317749, 113.66773533821106, 116.24844360351562, 115.09469890594482, 115.76792192459106, 113.73159098625183, 115.90306997299194, 115.04845857620239, 115.80641603469849, 115.62791705131531, 117.0210907459259, 113.9203839302063, 116.33540844917297, 118.46598815917969, 117.96451902389526, 117.46382212638855, 119.62270212173462, 118.00271129608154, 120.0051167011261, 114.07491970062256, 115.88568162918091, 116.24236345291138, 111.01138305664062, 111.52449917793274, 112.82390785217285, 109.80305123329163, 109.86680507659912, 111.99667119979858, 118.77015256881714, 119.05890965461731, 116.6357729434967, 116.7949287891388, 120.3668303489685, 124.01175999641418, 122.97905850410461, 123.75486373901367, 126.16510462760925, 123.37946224212646, 121.9883041381836]}}, "noise_pct_97": {"accuracy": {"mean": 0.7903600000000001, "std": 0.09334811406771963, "std_err": 0.013335444866817089, "raw": [0.666, 0.834, 0.834, 0.666, 0.834, 1.0, 0.834, 0.834, 0.666, 0.834, 0.834, 0.834, 0.832, 0.834, 0.834, 1.0, 0.666, 0.668, 0.834, 0.834, 0.5, 0.666, 0.834, 0.834, 0.834, 0.834, 0.832, 0.834, 0.666, 0.834, 0.834, 0.834, 0.834, 0.666, 0.834, 0.834, 0.834, 0.666, 0.834, 0.668, 0.666, 0.668, 0.834, 0.834, 0.834, 0.668, 0.834, 0.834, 0.834, 0.834]}, "interpretability": {"num_rules": {"mean": 2.76, "std": 0.5122499389946279, "std_err": 0.07317856271351827, "raw": [2, 3, 3, 2, 3, 4, 3, 3, 2, 3, 3, 3, 3, 3, 3, 4, 2, 2, 3, 3, 2, 2, 3, 3, 3, 3, 3, 3, 2, 3, 3, 3, 3, 2, 3, 3, 3, 2, 3, 2, 2, 2, 3, 3, 3, 2, 3, 3, 3, 3]}, "num_predicates": {"mean": 2.76, "std": 0.5122499389946279, "std_err": 0.07317856271351827, "raw": [2, 3, 3, 2, 3, 4, 3, 3, 2, 3, 3, 3, 3, 3, 3, 4, 2, 2, 3, 3, 2, 2, 3, 3, 3, 3, 3, 3, 2, 3, 3, 3, 3, 2, 3, 3, 3, 2, 3, 2, 2, 2, 3, 3, 3, 2, 3, 3, 3, 3]}}, "learning_time": {"mean": 114.52336384296417, "std": 5.5016117083385145, "std_err": 0.785944529762645, "raw": [124.71561908721924, 120.82065081596375, 120.33743953704834, 121.48711609840393, 121.1242446899414, 119.68172860145569, 120.60284638404846, 119.44832515716553, 119.5228762626648, 121.55775427818298, 122.43409609794617, 116.1455888748169, 119.10298490524292, 117.78881645202637, 118.27017378807068, 117.93701148033142, 116.52673006057739, 118.66500043869019, 115.780925989151, 121.10080432891846, 121.69350957870483, 123.54147815704346, 123.46334958076477, 113.56157302856445, 111.77982902526855, 111.15552926063538, 109.03281760215759, 109.37329030036926, 109.9273247718811, 112.06794261932373, 111.75257658958435, 111.48094654083252, 110.82553577423096, 108.8588936328888, 108.52737188339233, 109.331866979599, 107.02411913871765, 108.45121812820435, 108.89959836006165, 110.62889957427979, 110.73235535621643, 111.17182230949402, 111.80766677856445, 109.52744650840759, 107.97884583473206, 107.69579195976257, 107.76232290267944, 109.6521782875061, 108.58984613418579, 106.82151222229004]}}, "noise_pct_98": {"accuracy": {"mean": 0.7902800000000001, "std": 0.09345374042808556, "std_err": 0.013350534346869366, "raw": [0.666, 0.834, 0.834, 0.666, 0.834, 0.834, 0.834, 0.834, 0.666, 0.834, 0.834, 0.5, 0.832, 0.834, 0.834, 1.0, 0.666, 0.834, 0.834, 0.834, 0.5, 0.666, 0.834, 0.834, 0.834, 0.834, 0.832, 0.834, 0.834, 0.834, 0.834, 0.834, 0.834, 0.666, 0.834, 0.834, 0.834, 0.666, 0.834, 0.668, 0.666, 0.832, 0.834, 0.834, 0.834, 0.666, 0.834, 0.834, 0.834, 0.834]}, "interpretability": {"num_rules": {"mean": 2.78, "std": 0.46, "std_err": 0.06571428571428571, "raw": [2, 3, 3, 2, 3, 3, 3, 3, 2, 3, 3, 2, 3, 3, 3, 4, 2, 3, 3, 3, 2, 2, 3, 3, 3, 3, 3, 3, 3, 3, 3, 3, 3, 2, 3, 3, 3, 2, 3, 2, 2, 3, 3, 3, 3, 2, 3, 3, 3, 3]}, "num_predicates": {"mean": 2.78, "std": 0.46, "std_err": 0.06571428571428571, "raw": [2, 3, 3, 2, 3, 3, 3, 3, 2, 3, 3, 2, 3, 3, 3, 4, 2, 3, 3, 3, 2, 2, 3, 3, 3, 3, 3, 3, 3, 3, 3, 3, 3, 2, 3, 3, 3, 2, 3, 2, 2, 3, 3, 3, 3, 2, 3, 3, 3, 3]}}, "learning_time": {"mean": 108.02752517223358, "std": 2.3356665625798008, "std_err": 0.33366665179711436,