{"noise_pct_10": {"accuracy": {"mean": 1.0, "std": 0.0, "std_err": 0.0, "raw": [1.0, 1.0, 1.0, 1.0, 1.0]}, "interpretability": {"num_rules": {"mean": 4.0, "std": 0.0, "std_err": 0.0, "raw": [4, 4, 4, 4, 4]}, "num_predicates": {"mean": 4.0, "std": 0.0, "std_err": 0.0, "raw": [4, 4, 4, 4, 4]}}, "learning_time": {"mean": 130.8148172855377, "std": 0.8664730380362252, "std_err": 0.4332365190181126, "raw": [131.71561551094055, 131.3900969028473, 131.116464138031, 130.61164808273315, 129.2402617931366]}}, "noise_pct_20": {"accuracy": {"mean": 1.0, "std": 0.0, "std_err": 0.0, "raw": [1.0, 1.0, 1.0, 1.0, 1.0]}, "interpretability": {"num_rules": {"mean": 4.0, "std": 0.0, "std_err": 0.0, "raw": [4, 4, 4, 4, 4]}, "num_predicates": {"mean": 4.0, "std": 0.0, "std_err": 0.0, "raw": [4, 4, 4, 4, 4]}}, "learning_time": {"mean": 128.1703402519226, "std": 2.0386162625173623, "std_err": 1.0193081312586811, "raw": [124.96106886863708, 128.4441258907318, 126.9078516960144, 130.265554189682, 130.27310061454773]}}, "noise_pct_30": {"accuracy": {"mean": 1.0, "std": 0.0, "std_err": 0.0, "raw": [1.0, 1.0, 1.0, 1.0, 1.0]}, "interpretability": {"num_rules": {"mean": 4.0, "std": 0.0, "std_err": 0.0, "raw": [4, 4, 4, 4, 4]}, "num_predicates": {"mean": 4.0, "std": 0.0, "std_err": 0.0, "raw": [4, 4, 4, 4, 4]}}, "learning_time": {"mean": 129.75763244628905, "std": 1.411039747375552, "std_err": 0.7055198736877759, "raw": [132.1983573436737, 128.6201195716858, 128.48319292068481, 130.47791695594788, 129.00857543945312]}}, "noise_pct_40": {"accuracy": {"mean": 1.0, "std": 0.0, "std_err": 0.0, "raw": [1.0, 1.0, 1.0, 1.0, 1.0]}, "interpretability": {"num_rules": {"mean": 4.0, "std": 0.0, "std_err": 0.0, "raw": [4, 4, 4, 4, 4]}, "num_predicates": {"mean": 4.0, "std": 0.0, "std_err": 0.0, "raw": [4, 4, 4, 4, 4]}}, "learning_time": {"mean": 128.8071840286255, "std": 1.8377185013278607, "std_err": 0.9188592506639304, "raw": [126.40004205703735, 128.11936402320862, 131.60228657722473, 130.13207364082336, 127.78215384483337]}}, "noise_pct_50": {"accuracy": {"mean": 1.0, "std": 0.0, "std_err": 0.0, "raw": [1.0, 1.0, 1.0, 1.0, 1.0]}, "interpretability": {"num_rules": {"mean": 4.0, "std": 0.0, "std_err": 0.0, "raw": [4, 4, 4, 4, 4]}, "num_predicates": {"mean": 4.0, "std": 0.0, "std_err": 0.0, "raw": [4, 4, 4, 4, 4]}}, "learning_time": {"mean": 127.1876482963562, "std": 1.0699442196294047, "std_err": 0.5349721098147023, "raw": [126.86263298988342, 125.95668935775757, 126.49002456665039, 129.04826521873474, 127.58062934875488]}}, "noise_pct_60": {"accuracy": {"mean": 1.0, "std": 0.0, "std_err": 0.0, "raw": [1.0, 1.0, 1.0, 1.0, 1.0]}, "interpretability": {"num_rules": {"mean": 4.0, "std": 0.0, "std_err": 0.0, "raw": [4, 4, 4, 4, 4]}, "num_predicates": {"mean": 4.0, "std": 0.0, "std_err": 0.0, "raw": [4, 4, 4, 4, 4]}}, "learning_time": {"mean": 126.77890009880066, "std": 2.168881237910731, "std_err": 1.0844406189553655, "raw": [125.64103388786316, 123.18930172920227, 127.28566575050354, 128.5923388004303, 129.18616032600403]}}, "noise_pct_70": {"accuracy": {"mean": 1.0, "std": 0.0, "std_err": 0.0, "raw": [1.0, 1.0, 1.0, 1.0, 1.0]}, "interpretability": {"num_rules": {"mean": 4.0, "std": 0.0, "std_err": 0.0, "raw": [4, 4, 4, 4, 4]}, "num_predicates": {"mean": 4.0, "std": 0.0, "std_err": 0.0, "raw": [4, 4, 4, 4, 4]}}, "learning_time": {"mean": 129.01899042129517, "std": 1.7323438456558953, "std_err": 0.8661719228279476, "raw": [126.26456451416016, 127.76309156417847, 129.9351806640625, 130.89369559288025, 130.23841977119446]}}, "noise_pct_80": {"accuracy": {"mean": 1.0, "std": 0.0, "std_err": 0.0, "raw": [1.0, 1.0, 1.0, 1.0, 1.0]}, "interpretability": {"num_rules": {"mean": 4.0, "std": 0.0, "std_err": 0.0, "raw": [4, 4, 4, 4, 4]}, "num_predicates": {"mean": 4.0, "std": 0.0, "std_err": 0.0, "raw": [4, 4, 4, 4, 4]}}, "learning_time": {"mean": 125.1612373828888, "std": 2.0931009437265633, "std_err": 1.0465504718632817, "raw": [123.57356882095337, 123.69786834716797, 123.46261286735535, 126.29545426368713, 128.77668261528015]}}, "noise_pct_90": {"accuracy": {"mean": 0.9667999999999999, "std": 0.06640000000000001, "std_err": 0.03320000000000001, "raw": [1.0, 1.0, 1.0, 0.834, 1.0]}, "interpretability": {"num_rules": {"mean": 3.8, "std": 0.39999999999999997, "std_err": 0.19999999999999998, "raw": [4, 4, 4, 3, 4]}, "num_predicates": {"mean": 3.8, "std": 0.39999999999999997, "std_err": 0.19999999999999998, "raw": [4, 4, 4, 3, 4]}}, "learning_time": {"mean": 124.15936160087585, "std": 2.101792708353461, "std_err": 1.0508963541767302, "raw": [122.33905744552612, 127.07433295249939, 121.3636121749878, 124.29784846305847, 125.7219569683075]}}, "noise_pct_100": {"accuracy": {"mean": 0.5332, "std": 0.06640000000000001, "std_err": 0.03320000000000001, "raw": [0.5, 0.5, 0.666, 0.5, 0.5]}, "interpretability": {"num_rules": {"mean": 1.6, "std": 0.4898979485566356, "std_err": 0.24494897427831777, "raw": [2, 1, 2, 2, 1]}, "num_predicates": {"mean": 1.6, "std": 0.4898979485566356, "std_err": 0.24494897427831777, "raw": [2, 1, 2, 2, 1]}}, "learning_time": {"mean": 122.87403340339661, "std": 1.6342278415143645, "std_err": 0.8171139207571823, "raw": [124.03007507324219, 121.99410223960876, 121.24285745620728, 125.50910997390747, 121.59402227401733]}}}