{"noise_pct_80": {"accuracy": {"mean": 0.88, "std": 0.21354156504062624, "std_err": 0.030505937862946607, "raw": [1.0, 1.0, 0.5, 1.0, 1.0, 1.0, 1.0, 0.5, 1.0, 1.0, 1.0, 1.0, 1.0, 0.5, 0.5, 1.0, 1.0, 0.5, 0.5, 1.0, 0.5, 1.0, 1.0, 1.0, 1.0, 1.0, 1.0, 1.0, 1.0, 1.0, 1.0, 1.0, 0.5, 1.0, 1.0, 1.0, 1.0, 1.0, 1.0, 1.0, 1.0, 1.0, 0.5, 1.0, 1.0, 0.5, 0.5, 1.0, 1.0, 0.5]}, "interpretability": {"num_rules": {"mean": 3.76, "std": 0.6499230723708769, "std_err": 0.09284615319583957, "raw": [4, 4, 2, 4, 4, 4, 4, 5, 4, 4, 4, 4, 4, 4, 3, 4, 4, 2, 2, 4, 4, 4, 4, 4, 4, 4, 4, 4, 4, 4, 4, 4, 3, 4, 4, 4, 4, 4, 4, 4, 4, 4, 4, 4, 4, 2, 2, 4, 4, 3]}, "num_predicates": {"mean": 3.76, "std": 0.6499230723708769, "std_err": 0.09284615319583957, "raw": [4, 4, 2, 4, 4, 4, 4, 5, 4, 4, 4, 4, 4, 4, 3, 4, 4, 2, 2, 4, 4, 4, 4, 4, 4, 4, 4, 4, 4, 4, 4, 4, 3, 4, 4, 4, 4, 4, 4, 4, 4, 4, 4, 4, 4, 2, 2, 4, 4, 3]}}, "learning_time": {"mean": 100.00910048007965, "std": 5.718503722972598, "std_err": 0.8169291032817997, "raw": [100.70592093467712, 93.98459267616272, 97.19165062904358, 88.10225296020508, 102.73184084892273, 100.93214440345764, 104.6333532333374, 101.17854428291321, 90.52679228782654, 95.32375645637512, 120.11861848831177, 96.12358140945435, 95.24523448944092, 104.25518274307251, 103.12678599357605, 94.79526901245117, 95.65290522575378, 105.49804019927979, 94.90483546257019, 104.57688188552856, 99.57091069221497, 92.64666843414307, 101.30326461791992, 103.84724235534668, 105.62661600112915, 104.01244688034058, 95.76363921165466, 104.10760617256165, 97.62433815002441, 92.70467376708984, 98.59539127349854, 95.8063976764679, 102.63595914840698, 103.91366815567017, 91.56676721572876, 99.34056615829468, 100.41850113868713, 104.23863458633423, 94.29419445991516, 90.86512470245361, 100.90979385375977, 104.3413758277893, 106.23898005485535, 96.75216817855835, 106.57390117645264, 99.93671917915344, 106.59890270233154, 97.82698702812195, 104.08467745780945, 108.70072412490845]}}, "noise_pct_85": {"accuracy": {"mean": 0.77, "std": 0.24919871588754228, "std_err": 0.03559981655536318, "raw": [0.5, 0.5, 0.5, 0.5, 1.0, 0.5, 1.0, 0.5, 1.0, 1.0, 1.0, 1.0, 1.0, 0.5, 0.5, 0.5, 1.0, 0.5, 0.5, 0.5, 0.5, 1.0, 1.0, 1.0, 1.0, 1.0, 1.0, 1.0, 0.5, 1.0, 1.0, 1.0, 0.5, 1.0, 0.5, 1.0, 1.0, 0.5, 1.0, 1.0, 1.0, 0.5, 0.5, 1.0, 1.0, 0.5, 0.5, 1.0, 0.5, 0.5]}, "interpretability": {"num_rules": {"mean": 3.58, "std": 0.7236021006050218, "std_err": 0.10337172865786025, "raw": [3, 4, 2, 2, 4, 3, 4, 4, 4, 4, 4, 4, 4, 4, 3, 4, 4, 2, 2, 3, 4, 4, 4, 4, 4, 4, 4, 4, 4, 4, 4, 4, 3, 4, 4, 4, 4, 4, 4, 4, 4, 3, 4, 4, 4, 2, 2, 4, 2, 3]}, "num_predicates": {"mean": 3.58, "std": 0.7236021006050218, "std_err": 0.10337172865786025, "raw": [3, 4, 2, 2, 4, 3, 4, 4, 4, 4, 4, 4, 4, 4, 3, 4, 4, 2, 2, 3, 4, 4, 4, 4, 4, 4, 4, 4, 4, 4, 4, 4, 3, 4, 4, 4, 4, 4, 4, 4, 4, 3, 4, 4, 4, 2, 2, 4, 2, 3]}}, "learning_time": {"mean": 101.41805054187775, "std": 4.534346162223415, "std_err": 0.6477637374604879, "raw": [95.5171582698822, 99.7246823310852, 97.20982217788696, 103.71725106239319, 104.43600058555603, 104.80603694915771, 102.4601399898529, 101.89920282363892, 101.43758821487427, 104.96810388565063, 110.42414402961731, 96.99186849594116, 104.53088903427124, 103.44372916221619, 102.19115686416626, 93.86684393882751, 96.3734667301178, 107.14430665969849, 107.27278566360474, 99.04072546958923, 93.95619988441467, 98.14863133430481, 96.75920581817627, 94.24131512641907, 99.60000658035278, 108.82741951942444, 96.315589427948, 104.91919684410095, 100.31053423881531, 96.49402952194214, 102.89074039459229, 94.96052408218384, 101.4227979183197, 97.09623622894287, 102.0862455368042, 101.83646154403687, 97.88519597053528, 104.34319996833801, 109.77433276176453, 102.00703477859497, 98.0710813999176, 106.57442998886108, 97.56684970855713, 94.32170844078064, 109.49001598358154, 101.31879568099976, 107.99118375778198, 105.82596039772034, 104.58638906478882, 103.8253128528595]}}, "noise_pct_90": {"accuracy": {"mean": 0.5966400000000001, "std": 0.19458980034935028, "std_err": 0.02779854290705004, "raw": [0.5, 0.5, 0.5, 0.5, 1.0, 0.5, 0.5, 0.5, 0.5, 1.0, 0.5, 1.0, 0.5, 0.5, 0.5, 0.5, 1.0, 0.5, 0.5, 0.5, 0.5, 0.5, 0.5, 0.5, 0.5, 0.5, 0.5, 0.5, 0.5, 1.0, 1.0, 1.0, 0.5, 0.5, 0.5, 1.0, 0.832, 0.5, 0.5, 0.5, 1.0, 0.5, 0.5, 0.5, 0.5, 0.5, 0.5, 0.5, 0.5, 0.5]}, "interpretability": {"num_rules": {"mean": 3.4, "std": 0.7211102550927979, "std_err": 0.10301575072754256, "raw": [4, 4, 2, 2, 4, 3, 3, 4, 4, 4, 3, 4, 3, 4, 3, 4, 4, 2, 2, 3, 4, 3, 4, 4, 3, 3, 3, 4, 4, 4, 4, 4, 3, 4, 4, 4, 3, 4, 4, 4, 4, 3, 4, 4, 3, 2, 2, 3, 2, 3]}, "num_predicates": {"mean": 3.4, "std": 0.7211102550927979, "std_err": 0.10301575072754256, "raw": [4, 4, 2, 2, 4, 3, 3, 4, 4, 4, 3, 4, 3, 4, 3, 4, 4, 2, 2, 3, 4, 3, 4, 4, 3, 3, 3, 4, 4, 4, 4, 4, 3, 4, 4, 4, 3, 4, 4, 4, 4, 3, 4, 4, 3, 2, 2, 3, 2, 3]}}, "learning_time": {"mean": 103.76035421848297, "std": 5.234484681407805, "std_err": 0.7477835259154006, "raw": [108.43278861045837, 107.36041307449341, 101.05549931526184, 103.95061826705933, 105.00244331359863, 103.66552305221558, 96.9161388874054, 97.09340810775757, 107.16946125030518, 103.88555955886841, 118.95236086845398, 103.89498043060303, 101.90001845359802, 97.58616971969604, 102.34490036964417, 95.70902156829834, 99.43131589889526, 110.25143647193909, 99.2072103023529, 100.76638555526733, 108.41264581680298, 97.37885880470276, 108.56743335723877, 104.27581930160522, 97.78486061096191, 106.40523028373718, 97.96206641197205, 107.10139346122742, 98.2591118812561, 98.38990116119385, 106.4971559047699, 106.04631805419922, 95.57497310638428, 103.5468544960022, 103.7910463809967, 106.48176527023315, 107.2062737941742, 96.38325023651123, 110.21102619171143, 96.75599455833435, 106.32191514968872, 103.19596910476685, 106.03170251846313, 96.1374843120575, 110.77687215805054, 107.50199317932129, 111.41894316673279, 102.12066864967346, 110.02888226509094, 112.87564826011658]}}, "noise_pct_95": {"accuracy": {"mean": 0.5, "std": 0.0, "std_err": 0.0, "raw": [0.5, 0.5, 0.5, 0.5, 0.5, 0.5, 0.5, 0.5, 0.5, 0.5, 0.5, 0.5, 0.5, 0.5, 0.5, 0.5, 0.5, 0.5, 0.5, 0.5, 0.5, 0.5, 0.5, 0.5, 0.5, 0.5, 0.5, 0.5, 0.5, 0.5, 0.5, 0.5, 0.5, 0.5, 0.5, 0.5, 0.5, 0.5, 0.5, 0.5, 0.5, 0.5, 0.5, 0.5, 0.5, 0.5, 0.5, 0.5, 0.5, 0.5]}, "interpretability": {"num_rules": {"mean": 3.28, "std": 0.7222188034107115, "std_err": 0.10317411477295879, "raw": [4, 4, 2, 2, 2, 3, 3, 4, 4, 4, 3, 3, 3, 4, 3, 3, 3, 2, 2, 3, 4, 3, 4, 4, 3, 3, 4, 4, 4, 3, 4, 3, 3, 4, 4, 3, 4, 4, 4, 4, 4, 3, 4, 4, 3, 2, 2, 3, 2, 3]}, "num_predicates": {"mean": 3.28, "std": 0.7222188034107115, "std_err": 0.10317411477295879, "raw": [4, 4, 2, 2, 2, 3, 3, 4, 4, 4, 3, 3, 3, 4, 3, 3, 3, 2, 2, 3, 4, 3, 4, 4, 3, 3, 4, 4, 4, 3, 4, 3, 3, 4, 4, 3, 4, 4, 4, 4, 4, 3, 4, 4, 3, 2, 2, 3, 2, 3]}}, "learning_time": {"mean": 103.3338707780838, "std": 5.182105278729332, "std_err": 0.7403007541041902, "raw": [110.37311124801636, 98.79684352874756, 98.89681935310364, 108.41025733947754, 107.54953384399414, 108.22385597229004, 107.75236201286316, 110.83179926872253, 101.36935877799988, 110.96353578567505, 120.88539552688599, 96.39948558807373, 110.7172577381134, 107.61695170402527, 102.647451877594, 104.59632349014282, 102.29370427131653, 105.39757180213928, 99.12307953834534, 100.0228865146637, 96.20194935798645, 106.77989506721497, 103.51170539855957, 102.56224608421326, 99.82897877693176, 104.06671333312988, 110.35352516174316, 107.51381826400757, 101.41272735595703, 98.69713854789734, 97.2385094165802, 104.08612418174744, 100.15131950378418, 108.31699442863464, 98.59496641159058, 98.14407014846802, 104.83332014083862, 100.61270713806152, 105.88595604896545, 98.0728189945221, 102.6241180896759, 105.00624418258667, 98.7040593624115, 96.72475242614746, 107.19281816482544, 99.93962860107422, 99.53794527053833, 91.57720375061035, 102.32221102714539, 103.33148908615112]}}, "noise_pct_96": {"accuracy": {"mean": 0.5, "std": 0.0, "std_err": 0.0,