{"noise_pct_10": {"accuracy": {"mean": 1.0, "std": 0.0, "std_err": 0.0, "raw": [1.0, 1.0, 1.0, 1.0, 1.0]}, "interpretability": {"num_rules": {"mean": 4.0, "std": 0.0, "std_err": 0.0, "raw": [4, 4, 4, 4, 4]}, "num_predicates": {"mean": 4.0, "std": 0.0, "std_err": 0.0, "raw": [4, 4, 4, 4, 4]}}, "learning_time": {"mean": 151.63734636306762, "std": 9.474710969027674, "std_err": 4.737355484513836, "raw": [146.48415279388428, 142.02488040924072, 143.4997775554657, 163.9246859550476, 162.25323510169983]}}, "noise_pct_20": {"accuracy": {"mean": 1.0, "std": 0.0, "std_err": 0.0, "raw": [1.0, 1.0, 1.0, 1.0, 1.0]}, "interpretability": {"num_rules": {"mean": 4.0, "std": 0.0, "std_err": 0.0, "raw": [4, 4, 4, 4, 4]}, "num_predicates": {"mean": 4.0, "std": 0.0, "std_err": 0.0, "raw": [4, 4, 4, 4, 4]}}, "learning_time": {"mean": 154.62594799995424, "std": 6.545714058011817, "std_err": 3.2728570290059085, "raw": [166.65361785888672, 154.79033541679382, 147.75865626335144, 153.9888722896576, 149.93825817108154]}}, "noise_pct_30": {"accuracy": {"mean": 1.0, "std": 0.0, "std_err": 0.0, "raw": [1.0, 1.0, 1.0, 1.0, 1.0]}, "interpretability": {"num_rules": {"mean": 4.0, "std": 0.0, "std_err": 0.0, "raw": [4, 4, 4, 4, 4]}, "num_predicates": {"mean": 4.0, "std": 0.0, "std_err": 0.0, "raw": [4, 4, 4, 4, 4]}}, "learning_time": {"mean": 145.5305750846863, "std": 12.125940232272882, "std_err": 6.06297011613644, "raw": [135.18852734565735, 132.22438836097717, 140.6617136001587, 163.01878118515015, 156.55946493148804]}}, "noise_pct_40": {"accuracy": {"mean": 1.0, "std": 0.0, "std_err": 0.0, "raw": [1.0, 1.0, 1.0, 1.0, 1.0]}, "interpretability": {"num_rules": {"mean": 4.0, "std": 0.0, "std_err": 0.0, "raw": [4, 4, 4, 4, 4]}, "num_predicates": {"mean": 4.0, "std": 0.0, "std_err": 0.0, "raw": [4, 4, 4, 4, 4]}}, "learning_time": {"mean": 160.98608889579774, "std": 6.021722035826962, "std_err": 3.0108610179134807, "raw": [163.57160711288452, 171.11078810691833, 160.15352034568787, 154.3843915462494, 155.71013736724854]}}, "noise_pct_50": {"accuracy": {"mean": 1.0, "std": 0.0, "std_err": 0.0, "raw": [1.0, 1.0, 1.0, 1.0, 1.0]}, "interpretability": {"num_rules": {"mean": 4.0, "std": 0.0, "std_err": 0.0, "raw": [4, 4, 4, 4, 4]}, "num_predicates": {"mean": 4.0, "std": 0.0, "std_err": 0.0, "raw": [4, 4, 4, 4, 4]}}, "learning_time": {"mean": 147.63841409683226, "std": 15.100551514833654, "std_err": 7.550275757416826, "raw": [154.8984854221344, 127.67753005027771, 132.55218386650085, 155.3946099281311, 167.6692612171173]}}, "noise_pct_60": {"accuracy": {"mean": 1.0, "std": 0.0, "std_err": 0.0, "raw": [1.0, 1.0, 1.0, 1.0, 1.0]}, "interpretability": {"num_rules": {"mean": 4.0, "std": 0.0, "std_err": 0.0, "raw": [4, 4, 4, 4, 4]}, "num_predicates": {"mean": 4.0, "std": 0.0, "std_err": 0.0, "raw": [4, 4, 4, 4, 4]}}, "learning_time": {"mean": 147.71536455154418, "std": 11.001254580001202, "std_err": 5.5006272900006, "raw": [167.29084300994873, 146.52405405044556, 134.62286138534546, 140.87996554374695, 149.25909876823425]}}, "noise_pct_70": {"accuracy": {"mean": 1.0, "std": 0.0, "std_err": 0.0, "raw": [1.0, 1.0, 1.0, 1.0, 1.0]}, "interpretability": {"num_rules": {"mean": 4.0, "std": 0.0, "std_err": 0.0, "raw": [4, 4, 4, 4, 4]}, "num_predicates": {"mean": 4.0, "std": 0.0, "std_err": 0.0, "raw": [4, 4, 4, 4, 4]}}, "learning_time": {"mean": 149.10161962509156, "std": 4.676953366389288, "std_err": 2.3384766831946435, "raw": [148.42643332481384, 154.83384537696838, 145.14269423484802, 154.0196988582611, 143.0854263305664]}}, "noise_pct_80": {"accuracy": {"mean": 0.9, "std": 0.2, "std_err": 0.09999999999999999, "raw": [1.0, 1.0, 0.5, 1.0, 1.0]}, "interpretability": {"num_rules": {"mean": 3.6, "std": 0.8, "std_err": 0.39999999999999997, "raw": [4, 4, 2, 4, 4]}, "num_predicates": {"mean": 3.6, "std": 0.8, "std_err": 0.39999999999999997, "raw": [4, 4, 2, 4, 4]}}, "learning_time": {"mean": 154.57652440071107, "std": 9.836681478681932, "std_err": 4.918340739340966, "raw": [144.74415373802185, 141.3684902191162, 157.64355516433716, 165.9414927959442, 163.18493008613586]}}, "noise_pct_90": {"accuracy": {"mean": 0.6, "std": 0.2, "std_err": 0.09999999999999999, "raw": [0.5, 0.5, 0.5, 0.5, 1.0]}, "interpretability": {"num_rules": {"mean": 3.2, "std": 0.9797958971132712, "std_err": 0.48989794855663554, "raw": [4, 4, 2, 2, 4]}, "num_predicates": {"mean": 3.2, "std": 0.9797958971132712, "std_err": 0.48989794855663554, "raw": [4, 4, 2, 2, 4]}}, "learning_time": {"mean": 143.33355536460877, "std": 11.211399002126424, "std_err": 5.605699501063212, "raw": [156.65152621269226, 141.14664387702942, 123.71328544616699, 144.01880192756653, 151.13751935958862]}}, "noise_pct_95": {"accuracy": {"mean": 0.5, "std": 0.0, "std_err": 0.0, "raw": [0.5, 0.5, 0.5, 0.5, 0.5]}, "interpretability": {"num_rules": {"mean": 2.8, "std": 0.9797958971132712, "std_err": 0.48989794855663554, "raw": [4, 4, 2, 2, 2]}, "num_predicates": {"mean": 2.8, "std": 0.9797958971132712, "std_err": 0.48989794855663554, "raw": [4, 4, 2, 2, 2]}}, "learning_time": {"mean": 157.29953746795655, "std": 2.1104390961419557, "std_err": 1.0552195480709776, "raw": [156.6379199028015, 160.78682327270508, 154.38746285438538, 158.11311531066895, 156.5723659992218]}}, "noise_pct_96": {"accuracy": {"mean": 0.5, "std": 0.0, "std_err": 0.0, "raw": [0.5, 0.5, 0.5, 0.5, 0.5]}, "interpretability": {"num_rules": {"mean": 2.8, "std": 0.9797958971132712, "std_err": 0.48989794855663554, "raw": [4, 4, 2, 2, 2]}, "num_predicates": {"mean": 2.8, "std": 0.9797958971132712, "std_err": 0.48989794855663554, "raw": [4, 4, 2, 2, 2]}}, "learning_time": {"mean": 141.32432565689086, "std": 10.118251019937695, "std_err": 5.0591255099688475, "raw": [154.8110067844391, 143.29602813720703, 123.67909502983093, 139.9306297302246, 144.90486860275269]}}, "noise_pct_97": {"accuracy": {"mean": 0.5, "std": 0.0, "std_err": 0.0, "raw": [0.5, 0.5, 0.5, 0.5, 0.5]}, "interpretability": {"num_rules": {"mean": 2.8, "std": 0.9797958971132712, "std_err": 0.48989794855663554, "raw": [4, 4, 2, 2, 2]}, "num_predicates": {"mean": 2.8, "std": 0.9797958971132712, "std_err": 0.48989794855663554, "raw": [4, 4, 2, 2, 2]}}, "learning_time": {"mean": 151.4439112663269, "std": 8.631007435510519, "std_err": 4.315503717755258, "raw": [155.75738096237183, 150.15532565116882, 157.76315593719482, 158.3609743118286, 135.18271946907043]}}, "noise_pct_98": {"accuracy": {"mean": 0.5, "std": 0.0, "std_err": 0.0, "raw": [0.5, 0.5, 0.5, 0.5, 0.5]}, "interpretability": {"num_rules": {"mean": 2.8, "std": 0.9797958971132712, "std_err": 0.48989794855663554, "raw": [4, 4, 2, 2, 2]}, "num_predicates": {"mean": 2.8, "std": 0.9797958971132712, "std_err": 0.48989794855663554, "raw": [4, 4, 2, 2, 2]}}, "learning_time": {"mean": 147.6804554462433, "std": 7.216102914301912, "std_err": 3.608051457150956, "raw": [151.95950627326965, 142.7862310409546, 136.18754124641418, 151.21388173103333, 156.25511693954468]}}, "noise_pct_99": {"accuracy": {"mean": 0.5, "std": 0.0, "std_err": 0.0, "raw": [0.5, 0.5, 0.5, 0.5, 0.5]}, "interpretability": {"num_rules": {"mean": 2.8, "std": 0.9797958971132712, "std_err": 0.48989794855663554, "raw": [4, 4, 2, 2, 2]}, "num_predicates": {"mean": 2.8, "std": 0.9797958971132712, "std_err": 0.48989794855663554, "raw": [4, 4, 2, 2, 2]}}, "learning_time": {"mean": 146.87734918594361, "std": 15.605805620354166, "std_err": 7.802902810177081, "raw": [164.8372287750244, 155.46147274971008, 148.46066069602966, 147.36328983306885, 118.26409387588501]}}, "noise_pct_100": {"accuracy": {"mean": 0.5, "std": 0.0, "std_err": 0.0, "raw": [0.5, 0.5, 0.5, 0.5, 0.5]}, "interpretability": {"num_rules": {"mean": 2.8, "std": 0.9797958971132712, "std_err": 0.48989794855663554, "raw": [4, 4, 2, 2, 2]}, "num_predicates": {"mean": 2.8, "std": 0.9797958971132712, "std_err": 0.48989794855663554, "raw": [4, 4, 2, 2, 2]}}, "learning_time": {"mean": 146.02452750205993, "std": 4.836166418809907, "std_err": 2.418083209404953,