{"noise_pct_0": {"accuracy": {"mean": 1.0, "std": 0.0, "std_err": 0.0, "raw": [1.0, 1.0, 1.0, 1.0, 1.0]}, "interpretability": {"num_rules": {"mean": 4.0, "std": 0.0, "std_err": 0.0, "raw": [4, 4, 4, 4, 4]}, "num_predicates": {"mean": 4.0, "std": 0.0, "std_err": 0.0, "raw": [4, 4, 4, 4, 4]}}, "learning_time": {"mean": 156.14161500930786, "std": 8.02761611151756, "std_err": 4.01380805575878, "raw": [168.05952143669128, 162.01655173301697, 154.33013701438904, 150.8600151538849, 145.44184970855713]}}}