{"noise_pct_80": {"correct": {"mean_penalty_ratio": 0.6904167003964606, "std": 0.017123857160845787, "std_err": 0.002446265308692255, "raw": [0.6983998825601879, 0.6907700266036063, 0.6860339362297222, 0.7009335282870318, 0.7118833662701816, 0.6630848196152284, 0.6920601250777164, 0.6935260199985402, 0.6856879039704524, 0.659559581676241, 0.6780964410431681, 0.714952751528627, 0.6747210522426661, 0.6506473557164801, 0.6715857557058955, 0.7041683528935654, 0.6908782538160902, 0.6906173571481509, 0.6843219565614164, 0.6819228768853556, 0.6369445357286304, 0.6938328444658969, 0.7041900265565063, 0.6856479433878815, 0.7150421002316432, 0.70267105744603, 0.6835400727920968, 0.7022425560639016, 0.6873516320474777, 0.7135297429161194, 0.7180493696686042, 0.7100748884052089, 0.6719943370217205, 0.7032744458197367, 0.6938593889053694, 0.6956779818215545, 0.7030546742418653, 0.679173938336242, 0.6989977485656185, 0.6893989071038251, 0.7128513320385503, 0.694492062309011, 0.6964830399470803, 0.6823772762530935, 0.6802920249036466, 0.6645212285456188, 0.6906255870749577, 0.6896964706762978, 0.6775136976158744, 0.7195827651026501]}, "constant_correct": {"mean_penalty_ratio": 0.675375, "std": 0.017112221509786505, "std_err": 0.0024446030728266436, "raw": [0.684375, 0.66875, 0.671875, 0.675, 0.69375, 0.640625, 0.678125, 0.675, 0.66875, 0.64375, 0.66875, 0.7, 0.6625, 0.6375, 0.653125, 0.690625, 0.675, 0.675, 0.675, 0.66875, 0.621875, 0.678125, 0.690625, 0.68125, 0.703125, 0.6875, 0.665625, 0.678125, 0.678125, 0.7, 0.7, 0.7, 0.65625, 0.6875, 0.675, 0.68125, 0.6875, 0.665625, 0.6875, 0.678125, 0.7, 0.675, 0.678125, 0.665625, 0.671875, 0.65, 0.675, 0.68125, 0.665625, 0.696875]}}, "noise_pct_85": {"correct": {"mean_penalty_ratio": 0.6685736106846207, "std": 0.018001606819316836, "std_err": 0.002571658117045262, "raw": [0.6722564368924835, 0.6671034895911337, 0.658121271615193, 0.6765553869499241, 0.694526988903517, 0.6445794357693885, 0.6691762786040129, 0.665839934848597, 0.6711858076563959, 0.640498790247534, 0.6601257956385823, 0.6949737434358589, 0.6580931760489771, 0.6267334074898034, 0.6453477461246857, 0.681371087928465, 0.6670892684018197, 0.6756249530816005, 0.667316821845214, 0.6612314065147806, 0.6103373111168582, 0.6713968457108442, 0.67734955042346, 0.667063020214031, 0.6942843330482318, 0.6877479147358665, 0.6617575233873089, 0.6833624686478681, 0.6642220467110459, 0.6913946587537092, 0.6972287960913047, 0.690367828098187, 0.6443351617174201, 0.6769629714372879, 0.6725358708275578, 0.6704240071663183, 0.6799281410232418, 0.6526315789473685, 0.6726912783663893, 0.666838367857537, 0.6970727380248374, 0.6682239469520006, 0.6649640980087349, 0.6655567195450464, 0.661847752428281, 0.6481134599946481, 0.6644134735882733, 0.6711239062085685, 0.652687890464255, 0.7040656471465871]}, "constant_correct": {"mean_penalty_ratio": 0.6565000000000001, "std": 0.017840876519947105, "std_err": 0.0025486966457067294, "raw": [0.659375, 0.65, 0.646875, 0.653125, 0.678125, 0.625, 0.659375, 0.65, 0.65625, 0.628125, 0.653125, 0.68125, 0.646875, 0.61875, 0.63125, 0.671875, 0.653125, 0.6625, 0.659375, 0.653125, 0.6, 0.659375, 0.665625, 0.665625, 0.684375, 0.675, 0.646875, 0.6625, 0.659375, 0.68125, 0.684375, 0.684375, 0.63125, 0.6625, 0.65625, 0.659375, 0.66875, 0.640625, 0.6625, 0.65625, 0.6875, 0.653125, 0.65, 0.65, 0.65625, 0.6375, 0.653125, 0.665625, 0.64375, 0.684375]}}, "noise_pct_90": {"correct": {"mean_penalty_ratio": 0.6454803465537498, "std": 0.018972571447140298, "std_err": 0.0027103673495914708, "raw": [0.6554968327148694, 0.6509659543781076, 0.6360849237372576, 0.6607719514070429, 0.6717595251771012, 0.6139782108794812, 0.6478432849877567, 0.6403057419835944, 0.648385269121813, 0.6276675402470985, 0.6340284648755613, 0.6750085056515329, 0.6291053227633069, 0.6038665513220747, 0.6238451553790945, 0.6635885885885886, 0.6458678932287739, 0.660250569476082, 0.6391729574950727, 0.6422649295075077, 0.5804421131509929, 0.640768556288361, 0.6514593691881428, 0.640700003779718, 0.6702031941216166, 0.6586416055114572, 0.6350739740615373, 0.6602850539291217, 0.6424870466321243, 0.6731529456918058, 0.6692904226444358, 0.6623883083446918, 0.6161825726141079, 0.6535097902639114, 0.646862685662322, 0.6467558047043672, 0.6505089491807621, 0.6367486440300171, 0.65322342155848, 0.6450818754895744, 0.6755740816554393, 0.6506752362370405, 0.6351599714939424, 0.6379981114258735, 0.6338660578386606, 0.6269279833004755, 0.645557946510913, 0.6521422269955123, 0.6290554881746513, 0.6830357142857143]}, "constant_correct": {"mean_penalty_ratio": 0.6366875000000001, "std": 0.018633072914846872, "std_err": 0.002661867559263839, "raw": [0.64375, 0.6375, 0.628125, 0.640625, 0.659375, 0.6, 0.640625, 0.628125, 0.6375, 0.61875, 0.63125, 0.665625, 0.61875, 0.6, 0.6125, 0.65625, 0.634375, 0.65, 0.634375, 0.640625, 0.571875, 0.63125, 0.640625, 0.640625, 0.6625, 0.65, 0.625, 0.64375, 0.64375, 0.665625, 0.659375, 0.659375, 0.60625, 0.64375, 0.634375, 0.640625, 0.64375, 0.628125, 0.646875, 0.634375, 0.66875, 0.6375, 0.625, 0.625, 0.63125, 0.61875, 0.6375, 0.65, 0.625, 0.665625]}}, "noise_pct_95": {"correct": {"mean_penalty_ratio": 0.6156558421019315, "std": 0.01913984481605536, "std_err": 0.0027342635451507655, "raw": [0.6299795902940509, 0.6324638350261619, 0.6018159242588856, 0.6327442221790639, 0.644415069398546, 0.594881588999236, 0.61837846071823, 0.6024772231006701, 0.6192879813391458, 0.5965627950897072, 0.6061524299029573, 0.6468129170821508, 0.6020572040379321, 0.5675747558797827, 0.5884264273557172, 0.635632140281626, 0.6088470516205564, 0.6363497108719794, 0.6098092233738921, 0.6155450017375188, 0.5626403745860139, 0.6042855479212763, 0.6182874288352054, 0.6178585086042065, 0.6328806615583036, 0.6224629940485273, 0.6095914061001343, 0.6389364683899097, 0.6157764742204384, 0.6366427044880513, 0.6376202631062242, 0.6283542554416677, 0.5744498205088184, 0.6255948401305699, 0.6201153596394057, 0.6117025350386766, 0.6196387394312067, 0.6116210242385645, 0.6233625271352646, 0.6206001805054152, 0.6444737834779328, 0.6161627906976744, 0.6065050535754997, 0.6072692673644149, 0.6036465746047621, 0.5961044020257109, 0.61446017423771, 0.6139439295823801, 0.6009197164207702, 0.6566707466340269]}, "constant_correct": {"mean_penalty_ratio": 0.6107500000000001, "std": 0.018415346860702907, "std_err": 0.0026307638372432725, "raw": [0.621875, 0.621875, 0.596875, 0.61875, 0.634375, 0.5875, 0.6125, 0.59375, 0.6125, 0.590625, 0.609375, 0.640625, 0.59375, 0.56875, 0.58125, 0.63125, 0.6, 0.628125, 0.609375, 0.61875, 0.559375, 0.596875, 0.609375, 0.621875, 0.628125, 0.615625, 0.603125, 0.628125, 0.61875, 0.634375, 0.63125, 0.628125, 0.56875, 0.621875, 0.6125, 0.609375, 0.615625, 0.60625, 0.61875, 0.6125, 0.64375, 0.609375, 0.6, 0.6, 0.603125, 0.59375, 0.6125, 0.61875, 0.6, 0.64375]}}, "noise_pct_96": {"correct": {"mean_penalty_ratio": 0.6117492481095589, "std": 0.01908523671960335, "std_err": 0.002726462388514764, "raw": [0.6267261927282358, 0.6313860163605495, 0.6012899215168234, 0.6251021281562463, 0.63930396785143, 0.5873623011015912, 0.6144348025536145, 0.6033260426879855, 0.6150452662267915, 0.5961051238419361, 0.6023308588791877, 0.6454121905201956, 0.5985292427898425, 0.5603428571428571, 0.5841342427530616, 0.6314768317735677, 0.6082023763894212, 0.6324881262448292, 0.6085006970873055, 0.6120616242161493, 0.5621570121951219, 0.6003732649014347, 0.6138308534422944, 0.6133246494521493, 0.6280715100798783, 0.6217125382262997, 0.6055179833999386, 0.632803033264277, 0.6124337088220493, 0.6323426437407609, 0.6301779807843755, 0.6247406041042195, 0.5702511620639819, 0.6212880072563789, 0.6190384983719593, 0.6044078190877731, 0.6148482046540299, 0.6081990004884831, 0.6191011657108587, 0.6127463912863227, 0.6438345807817343, 0.6086483546369322, 0.6017236776875262, 0.6003360446022836, 0.6005085137529856, 0.592127335856123, 0.6110308755220735, 0.6096348096348096, 0.5969111375773176, 0.651780233271946]},