{"noise_pct_10": {"correct": {"mean_penalty_ratio": 0.9671317126025173, "std": 0.004059711187178477, "std_err": 0.002029855593589238, "raw": [0.9717133877265945, 0.9680710372189685, 0.9622040217980178, 0.9625880561020499, 0.9710820601669554]}, "constant_correct": {"mean_penalty_ratio": 0.96, "std": 0.004999999999999974, "std_err": 0.0024999999999999866, "raw": [0.965625, 0.959375, 0.95625, 0.953125, 0.965625]}}, "noise_pct_20": {"correct": {"mean_penalty_ratio": 0.941323161728875, "std": 0.00602360857071254, "std_err": 0.00301180428535627, "raw": [0.9469334634781194, 0.9447197374348414, 0.9325868447762171, 0.9356179957771642, 0.9467577671780327]}, "constant_correct": {"mean_penalty_ratio": 0.928125, "std": 0.006555055301063445, "std_err": 0.0032775276505317224, "raw": [0.934375, 0.93125, 0.921875, 0.91875, 0.934375]}}, "noise_pct_30": {"correct": {"mean_penalty_ratio": 0.9047209188215524, "std": 0.007358818119921401, "std_err": 0.0036794090599607007, "raw": [0.9025053022269353, 0.9099155561419713, 0.8919809593555474, 0.9057985420808482, 0.9134042343024595]}, "constant_correct": {"mean_penalty_ratio": 0.8862500000000001, "std": 0.006731456008918114, "std_err": 0.003365728004459057, "raw": [0.884375, 0.890625, 0.878125, 0.88125, 0.896875]}}, "noise_pct_40": {"correct": {"mean_penalty_ratio": 0.8629092457595402, "std": 0.008469858095653569, "std_err": 0.004234929047826784, "raw": [0.8583426462121981, 0.8663036493387899, 0.8519350556519963, 0.8608548168249661, 0.8771100607697502]}, "constant_correct": {"mean_penalty_ratio": 0.8393750000000001, "std": 0.007551903733496607, "std_err": 0.003775951866748303, "raw": [0.8375, 0.840625, 0.834375, 0.83125, 0.853125]}}, "noise_pct_50": {"correct": {"mean_penalty_ratio": 0.8293908869929384, "std": 0.009902381626744002, "std_err": 0.004951190813372001, "raw": [0.8301084928477644, 0.834841080031888, 0.8102679343128781, 0.8335814436558767, 0.8381554841162847]}, "constant_correct": {"mean_penalty_ratio": 0.805, "std": 0.006434768838116887, "std_err": 0.0032173844190584435, "raw": [0.809375, 0.80625, 0.79375, 0.803125, 0.8125]}}, "noise_pct_60": {"correct": {"mean_penalty_ratio": 0.7892599023353613, "std": 0.01103346667088009, "std_err": 0.005516733335440045, "raw": [0.7852209458030869, 0.7905528067490122, 0.7722058457932308, 0.7919544321822712, 0.8063654811492044]}, "constant_correct": {"mean_penalty_ratio": 0.7631249999999999, "std": 0.008477912478906554, "std_err": 0.004238956239453277, "raw": [0.765625, 0.759375, 0.753125, 0.759375, 0.778125]}}, "noise_pct_70": {"correct": {"mean_penalty_ratio": 0.7435046083519763, "std": 0.006946067893887497, "std_err": 0.0034730339469437486, "raw": [0.7373406324281495, 0.7427740410834394, 0.7360651565283787, 0.7459475282666764, 0.7553956834532374]}, "constant_correct": {"mean_penalty_ratio": 0.7206250000000001, "std": 0.005796011559684815, "std_err": 0.0028980057798424076, "raw": [0.721875, 0.715625, 0.71875, 0.715625, 0.73125]}}, "noise_pct_80": {"correct": {"mean_penalty_ratio": 0.697604147990146, "std": 0.008901562297295475, "std_err": 0.004450781148647737, "raw": [0.6983998825601879, 0.6907700266036063, 0.6860339362297222, 0.7009335282870318, 0.7118833662701816]}, "constant_correct": {"mean_penalty_ratio": 0.6787500000000001, "std": 0.009142961773954864, "std_err": 0.004571480886977432, "raw": [0.684375, 0.66875, 0.671875, 0.675, 0.69375]}}, "noise_pct_90": {"correct": {"mean_penalty_ratio": 0.6550158374828757, "std": 0.011734533053592485, "std_err": 0.005867266526796242, "raw": [0.6554968327148694, 0.6509659543781076, 0.6360849237372576, 0.6607719514070429, 0.6717595251771012]}, "constant_correct": {"mean_penalty_ratio": 0.641875, "std": 0.010193441518937566, "std_err": 0.005096720759468782, "raw": [0.64375, 0.6375, 0.628125, 0.640625, 0.659375]}}, "noise_pct_100": {"correct": {"mean_penalty_ratio": 0.5998773436074026, "std": 0.014239242069409188, "std_err": 0.007119621034704593, "raw": [0.6039097399870185, 0.6024604569420036, 0.5735754539762054, 0.6024651492478538, 0.6169759178839321]}, "constant_correct": {"mean_penalty_ratio": 0.5956249999999998, "std": 0.01211919964354085, "std_err": 0.006059599821770424, "raw": [0.6, 0.596875, 0.575, 0.59375, 0.6125]}}}