{"noise_pct_0": {"correct": {"mean_penalty_ratio": 0.9969242993785888, "std": 0.0027778947141699492, "std_err": 0.0013889473570849746, "raw": [1.0, 0.9938026772434309, 0.9970417886280127, 0.9937770310215004, 1.0]}, "constant_correct": {"mean_penalty_ratio": 0.996875, "std": 0.002795084971874727, "std_err": 0.0013975424859373636, "raw": [1.0, 0.99375, 0.996875, 0.99375, 1.0]}}}