{"noise_pct_10": {"structured_test_accuracy": {"mean": 0.516, "std": 0.011916375287812996, "std_err": 0.005958187643906498, "raw": [0.509, 0.498, 0.525, 0.516, 0.532]}, "unstructured_test_accuracy": {"mean": 0.5164000000000001, "std": 0.011447270417003358, "std_err": 0.005723635208501679, "raw": [0.511, 0.502, 0.523, 0.511, 0.535]}, "unstructured_test_brier_score": {"mean": 0.9671999999999998, "std": 0.02289454083400668, "std_err": 0.011447270417003339, "raw": [0.978, 0.996, 0.954, 0.978, 0.93]}, "interpretability": {"num_predicates": {"mean": 414.6, "std": 53.965173955061054, "std_err": 26.982586977530524, "raw": [467, 317, 409, 462, 418]}, "num_rules": {"mean": 59.2, "std": 7.166589146867567, "std_err": 3.5832945734337835, "raw": [67, 48, 57, 67, 57]}}, "learning_time": {"mean": 1.4662183761596679, "std": 0.05789201313958031, "std_err": 0.028946006569790152, "raw": [1.4094135761260986, 1.3847589492797852, 1.494009017944336, 1.5182554721832275, 1.5246548652648926]}}, "noise_pct_20": {"structured_test_accuracy": {"mean": 0.5152, "std": 0.011872657663724674, "std_err": 0.005936328831862337, "raw": [0.503, 0.501, 0.519, 0.52, 0.533]}, "unstructured_test_accuracy": {"mean": 0.5154, "std": 0.009090654541890817, "std_err": 0.004545327270945408, "raw": [0.503, 0.512, 0.511, 0.522, 0.529]}, "unstructured_test_brier_score": {"mean": 0.9692000000000001, "std": 0.018181309083781634, "std_err": 0.009090654541890815, "raw": [0.994, 0.976, 0.978, 0.956, 0.942]}, "interpretability": {"num_predicates": {"mean": 441.4, "std": 51.94843597260653, "std_err": 25.974217986303263, "raw": [473, 357, 463, 504, 410]}, "num_rules": {"mean": 62.4, "std": 5.782732917920384, "std_err": 2.8913664589601917, "raw": [64, 55, 65, 71, 57]}}, "learning_time": {"mean": 1.4229862213134765, "std": 0.004931246299705501, "std_err": 0.0024656231498527506, "raw": [1.420673131942749, 1.4232330322265625, 1.420639991760254, 1.418088436126709, 1.4322965145111084]}}, "noise_pct_30": {"structured_test_accuracy": {"mean": 0.5214, "std": 0.007200000000000006, "std_err": 0.003600000000000003, "raw": [0.508, 0.52, 0.525, 0.526, 0.528]}, "unstructured_test_accuracy": {"mean": 0.521, "std": 0.007797435475847178, "std_err": 0.0038987177379235893, "raw": [0.51, 0.527, 0.52, 0.516, 0.532]}, "unstructured_test_brier_score": {"mean": 0.958, "std": 0.015594870951694324, "std_err": 0.007797435475847161, "raw": [0.98, 0.946, 0.96, 0.968, 0.936]}, "interpretability": {"num_predicates": {"mean": 473.8, "std": 69.3408970233296, "std_err": 34.6704485116648, "raw": [512, 401, 406, 586, 464]}, "num_rules": {"mean": 64.6, "std": 5.817215828899595, "std_err": 2.9086079144497976, "raw": [69, 57, 60, 73, 64]}}, "learning_time": {"mean": 1.412026309967041, "std": 0.009615226599389032, "std_err": 0.004807613299694516, "raw": [1.4263536930084229, 1.4110746383666992, 1.4165470600128174, 1.3969337940216064, 1.4092223644256592]}}, "noise_pct_40": {"structured_test_accuracy": {"mean": 0.5218, "std": 0.010979981785048653, "std_err": 0.005489990892524326, "raw": [0.513, 0.516, 0.527, 0.512, 0.541]}, "unstructured_test_accuracy": {"mean": 0.5214000000000001, "std": 0.01114629983447423, "std_err": 0.005573149917237115, "raw": [0.517, 0.516, 0.531, 0.506, 0.537]}, "unstructured_test_brier_score": {"mean": 0.9571999999999999, "std": 0.022292599668948428, "std_err": 0.011146299834474214, "raw": [0.966, 0.968, 0.938, 0.988, 0.926]}, "interpretability": {"num_predicates": {"mean": 447.8, "std": 90.15852705096728, "std_err": 45.07926352548364, "raw": [466, 346, 463, 599, 365]}, "num_rules": {"mean": 60.6, "std": 7.709734106958553, "std_err": 3.8548670534792766, "raw": [63, 53, 64, 72, 51]}}, "learning_time": {"mean": 1.3743663787841798, "std": 0.020472940513151794, "std_err": 0.010236470256575897, "raw": [1.3825066089630127, 1.4001331329345703, 1.3511240482330322, 1.3494324684143066, 1.3886356353759766]}}, "noise_pct_50": {"structured_test_accuracy": {"mean": 0.5196, "std": 0.010688311372709921, "std_err": 0.00534415568635496, "raw": [0.528, 0.5, 0.522, 0.518, 0.53]}, "unstructured_test_accuracy": {"mean": 0.5204000000000001, "std": 0.01048045800525913, "std_err": 0.005240229002629565, "raw": [0.532, 0.501, 0.523, 0.52, 0.526]}, "unstructured_test_brier_score": {"mean": 0.9591999999999998, "std": 0.020960916010518235, "std_err": 0.010480458005259118, "raw": [0.936, 0.998, 0.954, 0.96, 0.948]}, "interpretability": {"num_predicates": {"mean": 425.0, "std": 66.57026363174477, "std_err": 33.28513181587238, "raw": [469, 379, 509, 446, 322]}, "num_rules": {"mean": 59.4, "std": 7.578918128598566, "std_err": 3.7894590642992827, "raw": [62, 58, 69, 62, 46]}}, "learning_time": {"mean": 1.3990228176116943, "std": 0.009561398246834335, "std_err": 0.004780699123417167, "raw": [1.4054553508758545, 1.4012739658355713, 1.3951501846313477, 1.410475254058838, 1.3827593326568604]}}, "noise_pct_60": {"structured_test_accuracy": {"mean": 0.5202, "std": 0.00917387595294378, "std_err": 0.00458693797647189, "raw": [0.505, 0.517, 0.523, 0.523, 0.533]}, "unstructured_test_accuracy": {"mean": 0.5156000000000001, "std": 0.012531560158256445, "std_err": 0.0062657800791282225, "raw": [0.502, 0.508, 0.534, 0.507, 0.527]}, "unstructured_test_brier_score": {"mean": 0.9687999999999999, "std": 0.025063120316512855, "std_err": 0.012531560158256428, "raw": [0.996, 0.984, 0.932, 0.986, 0.946]}, "interpretability": {"num_predicates": {"mean": 431.6, "std": 106.98336319260112, "std_err": 53.49168159630055, "raw": [375, 343, 319, 549, 572]}, "num_rules": {"mean": 59.8, "std": 10.979981785048643, "std_err": 5.489990892524322, "raw": [56, 51, 47, 69, 76]}}, "learning_time": {"mean": 1.3963424205780028, "std": 0.026190424197989625, "std_err": 0.01309521209899481, "raw": [1.4070186614990234, 1.348771095275879, 1.411045789718628, 1.4246175289154053, 1.390259027481079]}}, "noise_pct_70": {"structured_test_accuracy": {"mean": 0.5202, "std": 0.009130169768410669, "std_err": 0.0045650848842053345, "raw": [0.521, 0.508, 0.512, 0.528, 0.532]}, "unstructured_test_accuracy": {"mean": 0.5236000000000001, "std": 0.016007498243011006, "std_err": 0.008003749121505503, "raw": [0.52, 0.496, 0.543, 0.535, 0.524]}, "unstructured_test_brier_score": {"mean": 0.9528000000000001, "std": 0.03201499648602197, "std_err": 0.016007498243010985, "raw": [0.96, 1.008, 0.914, 0.93, 0.952]}, "interpretability": {"num_predicates": {"mean": 448.4, "std": 21.09597117935081, "std_err": 10.547985589675404, "raw": [464, 472, 423, 423, 460]}, "num_rules": {"mean": 61.2, "std": 5.30659966456864, "std_err": 2.6532998322843198, "raw": [65, 67, 57, 53, 64]}}, "learning_time": {"mean": 1.4145495891571045, "std": 0.0315566666356711, "std_err": 0.01577833331783555, "raw": [1.4642040729522705, 1.4246866703033447, 1.3999865055084229, 1.367687702178955, 1.4161829948425293]}}, "noise_pct_80": {"structured_test_accuracy": {"mean": 0.5254000000000001, "std": 0.008014985963805558, "std_err": 0.004007492981902778, "raw": [0.523, 0.518, 0.541, 0.522, 0.523]}, "unstructured_test_accuracy": {"mean": 0.5226, "std": 0.012658593918757339, "std_err": 0.006329296959378669, "raw": [0.535, 0.504, 0.537, 0.513, 0.524]}, "unstructured_test_brier_score": {"mean": 0.9548, "std": 0.025317187837514632, "std_err": 0.012658593918757316, "raw": [0.93, 0.992, 0.926, 0.974, 0.952]}, "interpretability": {"num_predicates": {"mean": 453.6, "std": 55.02217734695711, "std_err": 27.511088673478554, "raw": [490, 345, 485, 484, 464]}, "num_rules": {"mean": 61.4, "std": 4.176122603564219, "std_err": 2.0880613017821097, "raw": [66, 54, 63, 64, 60]}}, "learning_time": {"mean": 1.4336707592010498, "std": 0.01225865564182162, "std_err": 0.00612932782091081, "raw": [1.4248220920562744, 1.4280171394348145, 1.4580092430114746, 1.429184913635254, 1.4283204078674316]}}, "noise_pct_90": {"structured_test_accuracy": {"mean": 0.5234, "std": 0.009810198774744585, "std_err": 0.004905099387372293, "raw": [0.519, 0.506, 0.53, 0.531, 0.531]},