{"noise_pct_0": {"structured_test_accuracy": {"mean": 0.5224000000000001, "std": 0.014207040508142445, "std_err": 0.007103520254071222, "raw": [0.519, 0.496, 0.532, 0.534, 0.531]}, "unstructured_test_accuracy": {"mean": 0.5222, "std": 0.014048487463068767, "std_err": 0.007024243731534383, "raw": [0.519, 0.496, 0.532, 0.533, 0.531]}, "unstructured_test_brier_score": {"mean": 0.9556000000000001, "std": 0.0280969749261375, "std_err": 0.01404848746306875, "raw": [0.962, 1.008, 0.936, 0.934, 0.938]}, "interpretability": {"num_predicates": {"mean": 420.6, "std": 35.77485150213764, "std_err": 17.88742575106882, "raw": [450, 366, 454, 390, 443]}, "num_rules": {"mean": 58.2, "std": 4.166533331199932, "std_err": 2.083266665599966, "raw": [59, 52, 65, 57, 58]}}, "learning_time": {"mean": 1.4274879932403564, "std": 0.04080225976541403, "std_err": 0.020401129882707012, "raw": [1.5076806545257568, 1.416416883468628, 1.4090757369995117, 1.4106762409210205, 1.3935904502868652]}}}