{"noise_pct_10": {"structured_test_accuracy": {"mean": 0.43896103896103905, "std": 0.04960761743592363, "std_err": 0.024803808717961815, "raw": [0.5304695304695305, 0.4245754245754246, 0.4435564435564436, 0.4115884115884116, 0.38461538461538464]}, "unstructured_test_accuracy": {"mean": 0.42957042957042957, "std": 0.04432683497086872, "std_err": 0.02216341748543436, "raw": [0.5124875124875125, 0.4125874125874126, 0.43356643356643354, 0.4045954045954046, 0.38461538461538464]}, "unstructured_test_brier_score": {"mean": 0.6824310297302156, "std": 0.016299831355066477, "std_err": 0.008149915677533238, "raw": [0.6577020445184819, 0.6770436472993929, 0.6786149401991289, 0.6924112885300242, 0.7063832281040504]}, "interpretability": {"num_predicates": {"mean": 54.25, "std": 9.41740410091868, "std_err": 5.437140792732887, "raw": [62, 43, 65, 47]}, "num_rules": {"mean": 13.0, "std": 1.5811388300841898, "std_err": 0.9128709291752769, "raw": [14, 11, 15, 12]}}, "learning_time": {"mean": 1.1415319442749023, "std": 0.001279488448781366, "std_err": 0.0006397442243906829, "raw": [1.142688512802124, 1.139557123184204, 1.1410534381866455, 1.1412112712860107, 1.1431493759155273]}}, "noise_pct_20": {"structured_test_accuracy": {"mean": 0.43696303696303695, "std": 0.0682591877132211, "std_err": 0.03412959385661055, "raw": [0.46353646353646355, 0.3696303696303696, 0.5574425574425574, 0.41058941058941056, 0.3836163836163836]}, "unstructured_test_accuracy": {"mean": 0.4311688311688312, "std": 0.05929927213924162, "std_err": 0.02964963606962081, "raw": [0.45254745254745254, 0.37362637362637363, 0.5364635364635365, 0.4095904095904096, 0.3836163836163836]}, "unstructured_test_brier_score": {"mean": 0.6952007550159871, "std": 0.01567164294272825, "std_err": 0.007835821471364125, "raw": [0.6980184270794514, 0.7133069504917362, 0.6659259191820623, 0.6997903788291993, 0.6989620994974867]}, "interpretability": {"num_predicates": {"mean": 48.8, "std": 30.857089947044585, "std_err": 15.42854497352229, "raw": [37, 36, 109, 41, 21]}, "num_rules": {"mean": 11.6, "std": 4.882622246293481, "std_err": 2.4413111231467406, "raw": [10, 9, 21, 11, 7]}}, "learning_time": {"mean": 1.144312572479248, "std": 0.0012683964080019501, "std_err": 0.000634198204000975, "raw": [1.14485502243042, 1.1418230533599854, 1.1448218822479248, 1.1446714401245117, 1.1453914642333984]}}, "noise_pct_30": {"structured_test_accuracy": {"mean": 0.4081918081918082, "std": 0.04575206447736227, "std_err": 0.02287603223868113, "raw": [0.4155844155844156, 0.34765234765234765, 0.4875124875124875, 0.3876123876123876, 0.4025974025974026]}, "unstructured_test_accuracy": {"mean": 0.38981018981018983, "std": 0.054158017736424195, "std_err": 0.027079008868212094, "raw": [0.41058941058941056, 0.2947052947052947, 0.46153846153846156, 0.3866133866133866, 0.3956043956043956]}, "unstructured_test_brier_score": {"mean": 0.7146766505457987, "std": 0.017309227567037847, "std_err": 0.008654613783518922, "raw": [0.7065155509948249, 0.7489784538360289, 0.7100616458986987, 0.7048764565453796, 0.7029511454540615]}, "interpretability": {"num_predicates": {"mean": 42.5, "std": 17.783419243778738, "std_err": 10.267261887507626, "raw": [29, 62, 58, 21]}, "num_rules": {"mean": 10.75, "std": 3.2691742076555053, "std_err": 1.8874586088176875, "raw": [8, 14, 14, 7]}}, "learning_time": {"mean": 1.1462563037872315, "std": 0.0007335923975543274, "std_err": 0.00036679619877716364, "raw": [1.146871566772461, 1.1453092098236084, 1.1462137699127197, 1.1456239223480225, 1.1472630500793457]}}, "noise_pct_40": {"structured_test_accuracy": {"mean": 0.4151848151848152, "std": 0.03136035829487859, "std_err": 0.015680179147439296, "raw": [0.4125874125874126, 0.38461538461538464, 0.4695304695304695, 0.4245754245754246, 0.38461538461538464]}, "unstructured_test_accuracy": {"mean": 0.400999000999001, "std": 0.018253035916973012, "std_err": 0.009126517958486506, "raw": [0.4015984015984016, 0.38461538461538464, 0.43456543456543456, 0.3996003996003996, 0.38461538461538464]}, "unstructured_test_brier_score": {"mean": 0.7172946472069289, "std": 0.00994184259888452, "std_err": 0.004970921299442259, "raw": [0.7103704603776857, 0.7308322815574041, 0.7239558532962019, 0.7025792827857598, 0.7187353580175931]}, "interpretability": {"num_predicates": {"mean": 45.0, "std": 12.328828005937952, "std_err": 8.717797887081348, "raw": [29, 47, 59]}, "num_rules": {"mean": 11.333333333333334, "std": 2.494438257849294, "std_err": 1.7638342073763937, "raw": [8, 12, 14]}}, "learning_time": {"mean": 1.1433655738830566, "std": 0.001740468994507343, "std_err": 0.0008702344972536715, "raw": [1.1452677249908447, 1.1445391178131104, 1.144479751586914, 1.1415274143218994, 1.1410138607025146]}}, "noise_pct_50": {"structured_test_accuracy": {"mean": 0.3848151848151848, "std": 0.000978817080033239, "std_err": 0.0004894085400166194, "raw": [0.38461538461538464, 0.38461538461538464, 0.3866133866133866, 0.3836163836163836, 0.38461538461538464]}, "unstructured_test_accuracy": {"mean": 0.3838161838161838, "std": 0.0015984015984016108, "std_err": 0.0007992007992008054, "raw": [0.38461538461538464, 0.38461538461538464, 0.3806193806193806, 0.38461538461538464, 0.38461538461538464]}, "unstructured_test_brier_score": {"mean": 0.7243674656281591, "std": 0.004320340533846705, "std_err": 0.0021601702669233527, "raw": [0.7203512895438476, 0.7267731535054205, 0.7182784684097461, 0.729749001751357, 0.726685414930424]}, "interpretability": {"num_predicates": {"mean": 27.0, "std": 0.0, "std_err": NaN, "raw": [27]}, "num_rules": {"mean": 8.0, "std": 0.0, "std_err": NaN, "raw": [8]}}, "learning_time": {"mean": 1.1421682834625244, "std": 0.005807609436471166, "std_err": 0.002903804718235583, "raw": [1.1400504112243652, 1.1468141078948975, 1.1463403701782227, 1.1459848880767822, 1.1316516399383545]}}, "noise_pct_60": {"structured_test_accuracy": {"mean": 0.3856143856143856, "std": 0.0019980019980019967, "std_err": 0.0009990009990009986, "raw": [0.38961038961038963, 0.38461538461538464, 0.38461538461538464, 0.38461538461538464, 0.38461538461538464]}, "unstructured_test_accuracy": {"mean": 0.385014985014985, "std": 0.0007992007992007943, "std_err": 0.0003996003996003971, "raw": [0.3866133866133866, 0.38461538461538464, 0.38461538461538464, 0.38461538461538464, 0.38461538461538464]}, "unstructured_test_brier_score": {"mean": 0.7350122804017534, "std": 0.009171371982941698, "std_err": 0.004585685991470848, "raw": [0.727734731419482, 0.725674669108815, 0.7500037375914437, 0.7410373182002873, 0.7306109456887385]}, "interpretability": {"num_predicates": {"mean": 5.0, "std": 0.0, "std_err": NaN, "raw": [5]}, "num_rules": {"mean": 3.0, "std": 0.0, "std_err": NaN, "raw": [3]}}, "learning_time": {"mean": 1.1287734985351563, "std": 0.0005587091113833295, "std_err": 0.0002793545556916647, "raw": [1.1282622814178467, 1.1288564205169678, 1.1280524730682373, 1.1291112899780273, 1.1295850276947021]}}, "noise_pct_70": {"structured_test_accuracy": {"mean": 0.3814185814185814, "std": 0.013229127158638833, "std_err": 0.006614563579319417, "raw": [0.3966033966033966, 0.35664335664335667, 0.38461538461538464, 0.38461538461538464, 0.38461538461538464]}, "unstructured_test_accuracy": {"mean": 0.38521478521478525, "std": 0.003975973774651818, "std_err": 0.001987986887325909, "raw": [0.3926073926073926, 0.3806193806193806, 0.38461538461538464, 0.3836163836163836, 0.38461538461538464]}, "unstructured_test_brier_score": {"mean": 0.735918515942009, "std": 0.010657813291901179, "std_err": 0.00532890664595059, "raw": [0.7200820104202116, 0.7453650986443047, 0.75, 0.7322207868572422, 0.7319246837882861]}, "interpretability": {"num_predicates": {"mean": 29.0, "std": 0.0, "std_err": NaN, "raw": [29]}, "num_rules": {"mean": 8.0, "std": 0.0, "std_err": NaN, "raw": [8]}}, "learning_time": {"mean": 1.128354787826538, "std": 0.003001108764736458, "std_err": 0.0015005543823682287,