{"noise_pct_95": {"structured_test_accuracy": {"mean": 0.38501498501498505, "std": 0.002414194999719205, "std_err": 0.0012070974998596026, "raw": [0.38461538461538464, 0.3836163836163836, 0.38961038961038963, 0.3826173826173826, 0.38461538461538464]}, "unstructured_test_accuracy": {"mean": 0.38461538461538464, "std": 0.0, "std_err": 0.0, "raw": [0.38461538461538464, 0.38461538461538464, 0.38461538461538464, 0.38461538461538464, 0.38461538461538464]}, "unstructured_test_brier_score": {"mean": 0.8268551354628055, "std": 0.036766156192432675, "std_err": 0.018383078096216338, "raw": [0.7894605359657993, 0.8761182901903305, 0.7792023292122183, 0.8413938696675667, 0.8481006522781133]}, "interpretability": {"num_predicates": {"mean": NaN, "std": NaN, "std_err": NaN, "raw": []}, "num_rules": {"mean": NaN, "std": NaN, "std_err": NaN, "raw": []}}, "learning_time": {"mean": 1.1724701881408692, "std": 0.005763084951105917, "std_err": 0.0028815424755529585, "raw": [1.1703102588653564, 1.1669020652770996, 1.1832797527313232, 1.1688315868377686, 1.1730272769927979]}}, "noise_pct_96": {"structured_test_accuracy": {"mean": 0.37402597402597404, "std": 0.02068293993144062, "std_err": 0.010341469965720308, "raw": [0.33266733266733267, 0.3836163836163836, 0.38461538461538464, 0.38461538461538464, 0.38461538461538464]}, "unstructured_test_accuracy": {"mean": 0.384015984015984, "std": 0.0011988011988012027, "std_err": 0.0005994005994006012, "raw": [0.38161838161838163, 0.38461538461538464, 0.38461538461538464, 0.38461538461538464, 0.38461538461538464]}, "unstructured_test_brier_score": {"mean": 0.8124596868860017, "std": 0.0417769449366359, "std_err": 0.02088847246831795, "raw": [0.7811218173095363, 0.8561360166641244, 0.75, 0.8190866269555246, 0.8559539735008231]}, "interpretability": {"num_predicates": {"mean": NaN, "std": NaN, "std_err": NaN, "raw": []}, "num_rules": {"mean": NaN, "std": NaN, "std_err": NaN, "raw": []}}, "learning_time": {"mean": 1.184634256362915, "std": 0.01697829401209831, "std_err": 0.008489147006049153, "raw": [1.1614928245544434, 1.1680238246917725, 1.1918976306915283, 1.1959099769592285, 1.2058470249176025]}}, "noise_pct_97": {"structured_test_accuracy": {"mean": 0.382017982017982, "std": 0.003069388910237209, "std_err": 0.0015346944551186043, "raw": [0.3806193806193806, 0.3836163836163836, 0.38461538461538464, 0.37662337662337664, 0.38461538461538464]}, "unstructured_test_accuracy": {"mean": 0.38461538461538464, "std": 0.0, "std_err": 0.0, "raw": [0.38461538461538464, 0.38461538461538464, 0.38461538461538464, 0.38461538461538464, 0.38461538461538464]}, "unstructured_test_brier_score": {"mean": 0.7934688324953156, "std": 0.02923701859298394, "std_err": 0.014618509296491968, "raw": [0.7849322154190909, 0.75, 0.7812204401113513, 0.8186207325982781, 0.8325707743478578]}, "interpretability": {"num_predicates": {"mean": NaN, "std": NaN, "std_err": NaN, "raw": []}, "num_rules": {"mean": NaN, "std": NaN, "std_err": NaN, "raw": []}}, "learning_time": {"mean": 1.1962413311004638, "std": 0.0028607712929037315, "std_err": 0.0014303856464518657, "raw": [1.1987347602844238, 1.1950910091400146, 1.1953036785125732, 1.1920125484466553, 1.2000646591186523]}}, "noise_pct_98": {"structured_test_accuracy": {"mean": 0.3566433566433566, "std": 0.03849979285225594, "std_err": 0.019249896426127965, "raw": [0.3836163836163836, 0.33666333666333664, 0.2897102897102897, 0.3886113886113886, 0.38461538461538464]}, "unstructured_test_accuracy": {"mean": 0.38421578421578423, "std": 0.0004894085400166296, "std_err": 0.0002447042700083148, "raw": [0.38461538461538464, 0.3836163836163836, 0.3836163836163836, 0.38461538461538464, 0.38461538461538464]}, "unstructured_test_brier_score": {"mean": 0.8237129283855621, "std": 0.028792873057119212, "std_err": 0.014396436528559604, "raw": [0.7845999916331531, 0.8580568150909184, 0.7976348505471036, 0.8273046597177846, 0.8509683249388512]}, "interpretability": {"num_predicates": {"mean": 2.0, "std": 0.0, "std_err": NaN, "raw": [2]}, "num_rules": {"mean": 2.0, "std": 0.0, "std_err": NaN, "raw": [2]}}, "learning_time": {"mean": 1.19434552192688, "std": 0.003820839253902598, "std_err": 0.0019104196269512988, "raw": [1.1992602348327637, 1.1984188556671143, 1.1894679069519043, 1.1923561096191406, 1.1922245025634766]}}, "noise_pct_99": {"structured_test_accuracy": {"mean": 0.395004995004995, "std": 0.01674750017158511, "std_err": 0.008373750085792555, "raw": [0.4165834165834166, 0.38461538461538464, 0.41358641358641357, 0.3756243756243756, 0.38461538461538464]}, "unstructured_test_accuracy": {"mean": 0.3852147852147852, "std": 0.0011988011988011804, "std_err": 0.0005994005994005901, "raw": [0.3876123876123876, 0.38461538461538464, 0.38461538461538464, 0.38461538461538464, 0.38461538461538464]}, "unstructured_test_brier_score": {"mean": 0.8055846969007167, "std": 0.04526185585663584, "std_err": 0.02263092792831792, "raw": [0.7500538299267107, 0.8446261058072291, 0.7516325645220413, 0.829773090727343, 0.8518378935202592]}, "interpretability": {"num_predicates": {"mean": 2.0, "std": 0.0, "std_err": NaN, "raw": [2]}, "num_rules": {"mean": 2.0, "std": 0.0, "std_err": NaN, "raw": [2]}}, "learning_time": {"mean": 1.200941228866577, "std": 0.0019740615634745435, "std_err": 0.0009870307817372718, "raw": [1.202254056930542, 1.1991770267486572, 1.1980977058410645, 1.2033419609069824, 1.2018353939056396]}}, "noise_pct_100": {"structured_test_accuracy": {"mean": 0.34965034965034963, "std": 0.04596707455496567, "std_err": 0.02298353727748283, "raw": [0.3856143856143856, 0.3826173826173826, 0.3256743256743257, 0.26973026973026976, 0.38461538461538464]}, "unstructured_test_accuracy": {"mean": 0.38461538461538464, "std": 0.0, "std_err": 0.0, "raw": [0.38461538461538464, 0.38461538461538464, 0.38461538461538464, 0.38461538461538464, 0.38461538461538464]}, "unstructured_test_brier_score": {"mean": 0.8091199916212652, "std": 0.041513588542824366, "std_err": 0.020756794271412183, "raw": [0.7944499080504619, 0.86457009385099, 0.7894489113240989, 0.75, 0.8471310448807747]}, "interpretability": {"num_predicates": {"mean": NaN, "std": NaN, "std_err": NaN, "raw": []}, "num_rules": {"mean": NaN, "std": NaN, "std_err": NaN, "raw": []}}, "learning_time": {"mean": 1.1941108703613281, "std": 0.0059228452521834845, "std_err": 0.0029614226260917423, "raw": [1.2028751373291016, 1.1964361667633057, 1.1898565292358398, 1.18560791015625, 1.1957786083221436]}}}