{"noise_pct_95": {"structured_test_accuracy": {"mean": 0.3568431568431568, "std": 0.030813310926924284, "std_err": 0.015406655463462138, "raw": [0.33966033966033965, 0.38461538461538464, 0.3046953046953047, 0.3706293706293706, 0.38461538461538464]}, "unstructured_test_accuracy": {"mean": 0.37702297702297705, "std": 0.015184815184815204, "std_err": 0.007592407592407602, "raw": [0.38461538461538464, 0.38461538461538464, 0.34665334665334663, 0.38461538461538464, 0.38461538461538464]}, "unstructured_test_brier_score": {"mean": 0.8099265773304722, "std": 0.03631980137729434, "std_err": 0.018159900688647167, "raw": [0.7865434543821683, 0.8375045714586691, 0.7511987087415402, 0.8239183404580732, 0.8504678116119101]}, "interpretability": {"num_predicates": {"mean": 23.0, "std": 0.0, "std_err": NaN, "raw": [23]}, "num_rules": {"mean": 7.0, "std": 0.0, "std_err": NaN, "raw": [7]}}, "learning_time": {"mean": 1.2097184658050537, "std": 0.016263990027108013, "std_err": 0.008131995013554006, "raw": [1.200298547744751, 1.200648546218872, 1.1988227367401123, 1.2070746421813965, 1.2417478561401367]}}, "noise_pct_96": {"structured_test_accuracy": {"mean": 0.3834165834165834, "std": 0.0014682256200498616, "std_err": 0.0007341128100249308, "raw": [0.38161838161838163, 0.38161838161838163, 0.38461538461538464, 0.38461538461538464, 0.38461538461538464]}, "unstructured_test_accuracy": {"mean": 0.3854145854145854, "std": 0.0015984015984015889, "std_err": 0.0007992007992007943, "raw": [0.3886113886113886, 0.38461538461538464, 0.38461538461538464, 0.38461538461538464, 0.38461538461538464]}, "unstructured_test_brier_score": {"mean": 0.8012497562990365, "std": 0.03552286771268188, "std_err": 0.01776143385634094, "raw": [0.7907669435816566, 0.750001397939578, 0.7849303555399018, 0.8288553589342453, 0.8516947254998006]}, "interpretability": {"num_predicates": {"mean": 5.0, "std": 0.0, "std_err": NaN, "raw": [5]}, "num_rules": {"mean": 3.0, "std": 0.0, "std_err": NaN, "raw": [3]}}, "learning_time": {"mean": 1.233536672592163, "std": 0.008662351344376325, "std_err": 0.004331175672188162, "raw": [1.2385194301605225, 1.2475168704986572, 1.230689525604248, 1.2225682735443115, 1.2283892631530762]}}, "noise_pct_97": {"structured_test_accuracy": {"mean": 0.3842157842157842, "std": 0.008130665314435877, "std_err": 0.0040653326572179386, "raw": [0.38461538461538464, 0.37462537462537465, 0.3986013986013986, 0.3786213786213786, 0.38461538461538464]}, "unstructured_test_accuracy": {"mean": 0.3854145854145854, "std": 0.0017187463071014187, "std_err": 0.0008593731535507092, "raw": [0.38461538461538464, 0.3856143856143856, 0.3836163836163836, 0.3886113886113886, 0.38461538461538464]}, "unstructured_test_brier_score": {"mean": 0.8286108987755549, "std": 0.0345011759603773, "std_err": 0.017250587980188647, "raw": [0.7898907740548122, 0.8664454701989743, 0.7840436121890202, 0.8522672379668651, 0.8504073994681031]}, "interpretability": {"num_predicates": {"mean": 8.5, "std": 3.5, "std_err": 3.4999999999999996, "raw": [12, 5]}, "num_rules": {"mean": 4.0, "std": 1.0, "std_err": 1.0, "raw": [5, 3]}}, "learning_time": {"mean": 1.2224238395690918, "std": 0.012093935217627754, "std_err": 0.006046967608813877, "raw": [1.2280545234680176, 1.2229573726654053, 1.2302908897399902, 1.2318246364593506, 1.1989917755126953]}}, "noise_pct_98": {"structured_test_accuracy": {"mean": 0.37002997002997, "std": 0.027696660861000536, "std_err": 0.013848330430500268, "raw": [0.38461538461538464, 0.3146853146853147, 0.38461538461538464, 0.38161838161838163, 0.38461538461538464]}, "unstructured_test_accuracy": {"mean": 0.3852147852147852, "std": 0.0011988011988011804, "std_err": 0.0005994005994005901, "raw": [0.38461538461538464, 0.3876123876123876, 0.38461538461538464, 0.38461538461538464, 0.38461538461538464]}, "unstructured_test_brier_score": {"mean": 0.8264207944534533, "std": 0.03178498410052542, "std_err": 0.01589249205026271, "raw": [0.8029892363649901, 0.8705874312337458, 0.7815851376044332, 0.827267483807419, 0.8496746832566782]}, "interpretability": {"num_predicates": {"mean": 21.0, "std": 0.0, "std_err": NaN, "raw": [21]}, "num_rules": {"mean": 7.0, "std": 0.0, "std_err": NaN, "raw": [7]}}, "learning_time": {"mean": 1.1990023612976075, "std": 0.010571545352698119, "std_err": 0.0052857726763490594, "raw": [1.2089266777038574, 1.2046022415161133, 1.1785986423492432, 1.2020423412322998, 1.2008419036865234]}}, "noise_pct_99": {"structured_test_accuracy": {"mean": 0.3694305694305694, "std": 0.02938082148995292, "std_err": 0.014690410744976462, "raw": [0.3826173826173826, 0.38461538461538464, 0.3106893106893107, 0.38461538461538464, 0.38461538461538464]}, "unstructured_test_accuracy": {"mean": 0.3854145854145854, "std": 0.004529783835666177, "std_err": 0.002264891917833088, "raw": [0.37962037962037964, 0.38461538461538464, 0.3936063936063936, 0.38461538461538464, 0.38461538461538464]}, "unstructured_test_brier_score": {"mean": 0.8258073720272329, "std": 0.02521313377077921, "std_err": 0.012606566885389605, "raw": [0.7943518213937427, 0.846620715142006, 0.8021529090788242, 0.8255172549856689, 0.8603941595359226]}, "interpretability": {"num_predicates": {"mean": 9.0, "std": 0.0, "std_err": NaN, "raw": [9]}, "num_rules": {"mean": 4.0, "std": 0.0, "std_err": NaN, "raw": [4]}}, "learning_time": {"mean": 1.183567190170288, "std": 0.019642553317102754, "std_err": 0.009821276658551377, "raw": [1.209578514099121, 1.2031326293945312, 1.1780076026916504, 1.167926549911499, 1.1591906547546387]}}, "noise_pct_100": {"structured_test_accuracy": {"mean": 0.3808191808191808, "std": 0.003811944860806976, "std_err": 0.0019059724304034877, "raw": [0.3786213786213786, 0.37462537462537465, 0.38461538461538464, 0.38161838161838163, 0.38461538461538464]}, "unstructured_test_accuracy": {"mean": 0.3866133866133866, "std": 0.004045645700562757, "std_err": 0.0020228228502813784, "raw": [0.3946053946053946, 0.3856143856143856, 0.38461538461538464, 0.3836163836163836, 0.38461538461538464]}, "unstructured_test_brier_score": {"mean": 0.825894835970551, "std": 0.03390419589697562, "std_err": 0.01695209794848781, "raw": [0.7892381933095465, 0.8653706524488213, 0.7844192058177231, 0.8314747141552606, 0.8589714141214038]}, "interpretability": {"num_predicates": {"mean": 9.0, "std": 0.0, "std_err": NaN, "raw": [9]}, "num_rules": {"mean": 4.0, "std": 0.0, "std_err": NaN, "raw": [4]}}, "learning_time": {"mean": 1.167152738571167, "std": 0.00437505319364145, "std_err": 0.002187526596820725, "raw": [1.162961721420288, 1.165822982788086, 1.172154188156128, 1.1724731922149658, 1.1623516082763672]}}}