{"noise_pct_10": {"structured_test_accuracy": {"mean": 0.441958041958042, "std": 0.05825332357158707, "std_err": 0.029126661785793536, "raw": [0.44755244755244755, 0.38461538461538464, 0.5434565434565435, 0.38461538461538464, 0.44955044955044954]}, "unstructured_test_accuracy": {"mean": 0.43456543456543456, "std": 0.049649445114042644, "std_err": 0.024824722557021322, "raw": [0.43956043956043955, 0.38461538461538464, 0.5194805194805194, 0.38461538461538464, 0.44455544455544455]}, "unstructured_test_brier_score": {"mean": 0.6883928344214312, "std": 0.015915652778855604, "std_err": 0.007957826389427802, "raw": [0.6841696487297058, 0.7066449720966239, 0.6636823257540643, 0.7048670561792517, 0.6826001693475102]}, "interpretability": {"num_predicates": {"mean": 95.33333333333333, "std": 48.14792022738077, "std_err": 34.04572089280988, "raw": [74, 162, 50]}, "num_rules": {"mean": 19.333333333333332, "std": 7.71722460186015, "std_err": 5.456901847914966, "raw": [16, 30, 12]}}, "learning_time": {"mean": 1.1717051029205323, "std": 0.024194862783199746, "std_err": 0.012097431391599873, "raw": [1.200223684310913, 1.2004001140594482, 1.1600215435028076, 1.1565966606140137, 1.1412835121154785]}}, "noise_pct_20": {"structured_test_accuracy": {"mean": 0.43876123876123885, "std": 0.060001300716472604, "std_err": 0.030000650358236302, "raw": [0.45054945054945056, 0.38461538461538464, 0.5464535464535465, 0.4305694305694306, 0.38161838161838163]}, "unstructured_test_accuracy": {"mean": 0.42957042957042957, "std": 0.047567556091757786, "std_err": 0.023783778045878893, "raw": [0.44755244755244755, 0.38461538461538464, 0.5104895104895105, 0.4245754245754246, 0.3806193806193806]}, "unstructured_test_brier_score": {"mean": 0.7012686036068342, "std": 0.0266257533650218, "std_err": 0.013312876682510898, "raw": [0.6822348147636994, 0.750000077024508, 0.6835709470733227, 0.6807357868830994, 0.7098013922895412]}, "interpretability": {"num_predicates": {"mean": 63.75, "std": 43.66563293941816, "std_err": 25.21036493190846, "raw": [65, 128, 57, 5]}, "num_rules": {"mean": 13.5, "std": 7.123903424387503, "std_err": 4.112987559751022, "raw": [15, 23, 13, 3]}}, "learning_time": {"mean": 1.1387046337127686, "std": 0.0010583700971561806, "std_err": 0.0005291850485780903, "raw": [1.138061761856079, 1.138702154159546, 1.1399600505828857, 1.1397082805633545, 1.1370909214019775]}}, "noise_pct_30": {"structured_test_accuracy": {"mean": 0.455944055944056, "std": 0.08385564637740159, "std_err": 0.041927823188700794, "raw": [0.5224775224775224, 0.37962037962037964, 0.5874125874125874, 0.40559440559440557, 0.38461538461538464]}, "unstructured_test_accuracy": {"mean": 0.43696303696303695, "std": 0.06354023323972333, "std_err": 0.03177011661986166, "raw": [0.4955044955044955, 0.3836163836163836, 0.5314685314685315, 0.38961038961038963, 0.38461538461538464]}, "unstructured_test_brier_score": {"mean": 0.7040126271868831, "std": 0.01745168577217303, "std_err": 0.008725842886086512, "raw": [0.6863393820276272, 0.708053391120368, 0.6811287958305763, 0.7209023840500957, 0.7236391829057476]}, "interpretability": {"num_predicates": {"mean": 63.75, "std": 42.381452311123084, "std_err": 24.468942900474197, "raw": [78, 16, 126, 35]}, "num_rules": {"mean": 14.25, "std": 7.1545440106270926, "std_err": 4.130677910464576, "raw": [18, 6, 24, 9]}}, "learning_time": {"mean": 1.1349324703216552, "std": 0.004943997751896527, "std_err": 0.0024719988759482636, "raw": [1.138862133026123, 1.1415324211120605, 1.1355667114257812, 1.1298484802246094, 1.1288526058197021]}}, "noise_pct_40": {"structured_test_accuracy": {"mean": 0.39720279720279716, "std": 0.06937297721343033, "std_err": 0.034686488606715166, "raw": [0.5304695304695305, 0.3516483516483517, 0.33466533466533466, 0.38461538461538464, 0.38461538461538464]}, "unstructured_test_accuracy": {"mean": 0.37822177822177816, "std": 0.052340788532019164, "std_err": 0.026170394266009582, "raw": [0.46253746253746253, 0.36363636363636365, 0.2987012987012987, 0.38461538461538464, 0.38161838161838163]}, "unstructured_test_brier_score": {"mean": 0.7196219233487535, "std": 0.021998978502999804, "std_err": 0.010999489251499902, "raw": [0.686134659577283, 0.7360896293837887, 0.7498064495937375, 0.716875405489743, 0.709203472699215]}, "interpretability": {"num_predicates": {"mean": 52.666666666666664, "std": 6.018490028422596, "std_err": 4.255715111601235, "raw": [50, 47, 61]}, "num_rules": {"mean": 13.0, "std": 0.816496580927726, "std_err": 0.5773502691896258, "raw": [13, 12, 14]}}, "learning_time": {"mean": 1.1382517337799072, "std": 0.011856631092736202, "std_err": 0.005928315546368101, "raw": [1.1301281452178955, 1.1288526058197021, 1.1270265579223633, 1.1504650115966797, 1.1547863483428955]}}, "noise_pct_50": {"structured_test_accuracy": {"mean": 0.3744255744255744, "std": 0.02677919029413229, "std_err": 0.013389595147066146, "raw": [0.38461538461538464, 0.38461538461538464, 0.32167832167832167, 0.3966033966033966, 0.38461538461538464]}, "unstructured_test_accuracy": {"mean": 0.36923076923076925, "std": 0.03753692248812748, "std_err": 0.01876846124406374, "raw": [0.3856143856143856, 0.38461538461538464, 0.2947052947052947, 0.3966033966033966, 0.38461538461538464]}, "unstructured_test_brier_score": {"mean": 0.7291568941136595, "std": 0.01399979959741647, "std_err": 0.006999899798708234, "raw": [0.7097812544642376, 0.7207575330240457, 0.7516884207575962, 0.729269591294873, 0.7342876710275447]}, "interpretability": {"num_predicates": {"mean": 34.5, "std": 6.5, "std_err": 6.499999999999999, "raw": [41, 28]}, "num_rules": {"mean": 9.5, "std": 1.5, "std_err": 1.4999999999999998, "raw": [11, 8]}}, "learning_time": {"mean": 1.1591897487640381, "std": 0.003998918216178216, "std_err": 0.001999459108089108, "raw": [1.154426097869873, 1.154284954071045, 1.1635003089904785, 1.161499261856079, 1.1622381210327148]}}, "noise_pct_60": {"structured_test_accuracy": {"mean": 0.3732267732267732, "std": 0.041794075701321376, "std_err": 0.020897037850660685, "raw": [0.4025974025974026, 0.2907092907092907, 0.3886113886113886, 0.3996003996003996, 0.38461538461538464]}, "unstructured_test_accuracy": {"mean": 0.355044955044955, "std": 0.04928467928065268, "std_err": 0.02464233964032634, "raw": [0.3886113886113886, 0.2597402597402597, 0.3546453546453546, 0.3876123876123876, 0.38461538461538464]}, "unstructured_test_brier_score": {"mean": 0.7298763330947449, "std": 0.011340423406922342, "std_err": 0.005670211703461171, "raw": [0.7265748693609904, 0.7518872623913317, 0.7259683074533977, 0.7258543235143567, 0.7190969027536481]}, "interpretability": {"num_predicates": {"mean": 48.0, "std": 39.63584236521283, "std_err": 22.8837642591132, "raw": [9, 97, 77, 9]}, "num_rules": {"mean": 10.5, "std": 6.652067347825035, "std_err": 3.840572873934304, "raw": [4, 19, 15, 4]}}, "learning_time": {"mean": 1.1421363830566407, "std": 0.026240336150399057, "std_err": 0.013120168075199529, "raw": [1.1627628803253174, 1.1639256477355957, 1.1558010578155518, 1.1338865756988525, 1.0943057537078857]}}, "noise_pct_70": {"structured_test_accuracy": {"mean": 0.3852147852147852, "std": 0.006704480214011007, "std_err": 0.0033522401070055037, "raw": [0.38461538461538464, 0.38461538461538464, 0.39760239760239763, 0.3776223776223776, 0.38161838161838163]}, "unstructured_test_accuracy": {"mean": 0.38281718281718286, "std": 0.0027102217714786445, "std_err": 0.0013551108857393222, "raw": [0.38461538461538464, 0.38461538461538464, 0.38461538461538464, 0.3776223776223776, 0.3826173826173826]}, "unstructured_test_brier_score": {"mean": 0.7322704608909637, "std": 0.00548899579448851, "std_err": 0.002744497897244255, "raw": [0.7283672014699936, 0.735707048044955, 0.7234071273787941, 0.7360646526880014, 0.7378062748730747]}, "interpretability": {"num_predicates": {"mean": 11.5, "std": 2.5, "std_err": 2.5, "raw": [14, 9]}, "num_rules": {"mean": 4.5, "std": 0.5, "std_err": 0.5, "raw": [5, 4]}}, "learning_time": {"mean": 1.0911686897277832,