{"noise_pct_10": {"structured_test_accuracy": {"mean": 0.45034965034965035, "std": 0.05847834766809741, "std_err": 0.029239173834048702, "raw": [0.5664335664335665, 0.4275724275724276, 0.42857142857142855, 0.4205794205794206, 0.4085914085914086]}, "unstructured_test_accuracy": {"mean": 0.4423576423576424, "std": 0.052995661249176, "std_err": 0.026497830624587996, "raw": [0.5474525474525475, 0.4255744255744256, 0.4195804195804196, 0.4145854145854146, 0.4045954045954046]}, "unstructured_test_brier_score": {"mean": 0.6907848687094842, "std": 0.03301131075355043, "std_err": 0.016505655376775216, "raw": [0.6498372150771196, 0.6854562197869596, 0.6978949336234515, 0.6721182931360791, 0.7486176819238115]}, "interpretability": {"num_predicates": {"mean": 63.4, "std": 24.171057072457547, "std_err": 12.085528536228772, "raw": [103, 78, 35, 50, 51]}, "num_rules": {"mean": 14.2, "std": 4.166533331199932, "std_err": 2.0832666655999654, "raw": [21, 17, 10, 12, 11]}}, "learning_time": {"mean": 1.09688458442688, "std": 0.019774963630030642, "std_err": 0.009887481815015321, "raw": [1.1363282203674316, 1.0847902297973633, 1.088942289352417, 1.0862386226654053, 1.0881235599517822]}}, "noise_pct_20": {"structured_test_accuracy": {"mean": 0.43316683316683313, "std": 0.07002875867734042, "std_err": 0.03501437933867021, "raw": [0.4485514485514486, 0.38461538461538464, 0.5634365634365635, 0.37362637362637363, 0.3956043956043956]}, "unstructured_test_accuracy": {"mean": 0.42957042957042957, "std": 0.06433132070642968, "std_err": 0.03216566035321484, "raw": [0.44555444555444557, 0.38461538461538464, 0.5484515484515484, 0.37362637362637363, 0.3956043956043956]}, "unstructured_test_brier_score": {"mean": 0.6957257930429261, "std": 0.018225201363430744, "std_err": 0.009112600681715374, "raw": [0.6958098582819536, 0.7293081208514968, 0.6828174938622581, 0.6940339953130205, 0.6766594969059012]}, "interpretability": {"num_predicates": {"mean": 54.5, "std": 12.519984025548915, "std_err": 7.22841614740048, "raw": [43, 67, 41, 67]}, "num_rules": {"mean": 13.25, "std": 2.277608394786075, "std_err": 1.3149778198382918, "raw": [11, 16, 11, 15]}}, "learning_time": {"mean": 1.122316265106201, "std": 0.017426362648467114, "std_err": 0.008713181324233557, "raw": [1.0885307788848877, 1.1374258995056152, 1.1330757141113281, 1.1253998279571533, 1.1271491050720215]}}, "noise_pct_30": {"structured_test_accuracy": {"mean": 0.4115884115884116, "std": 0.04063859443668129, "std_err": 0.020319297218340644, "raw": [0.3916083916083916, 0.38461538461538464, 0.4905094905094905, 0.4095904095904096, 0.38161838161838163]}, "unstructured_test_accuracy": {"mean": 0.394005994005994, "std": 0.044031358599969886, "std_err": 0.022015679299984943, "raw": [0.33166833166833165, 0.38461538461538464, 0.46853146853146854, 0.4015984015984016, 0.3836163836163836]}, "unstructured_test_brier_score": {"mean": 0.7158491277461719, "std": 0.01719519137306082, "std_err": 0.00859759568653041, "raw": [0.7435310510443452, 0.717704602782253, 0.6896217293677148, 0.7169588059710187, 0.7114294495655278]}, "interpretability": {"num_predicates": {"mean": 43.25, "std": 28.039035290109393, "std_err": 16.188344572562077, "raw": [41, 87, 36, 9]}, "num_rules": {"mean": 10.75, "std": 4.968651728587948, "std_err": 2.868652413009751, "raw": [11, 18, 10, 4]}}, "learning_time": {"mean": 1.1407143115997314, "std": 0.016301224925638624, "std_err": 0.008150612462819312, "raw": [1.126969575881958, 1.1267013549804688, 1.1285889148712158, 1.1599440574645996, 1.161367654800415]}}, "noise_pct_40": {"structured_test_accuracy": {"mean": 0.38881118881118876, "std": 0.020748459517677797, "std_err": 0.010374229758838897, "raw": [0.35764235764235763, 0.3856143856143856, 0.4095904095904096, 0.41358641358641357, 0.3776223776223776]}, "unstructured_test_accuracy": {"mean": 0.3742257742257742, "std": 0.028175370505855158, "std_err": 0.014087685252927579, "raw": [0.3726273726273726, 0.38461538461538464, 0.3226773226773227, 0.4075924075924076, 0.3836163836163836]}, "unstructured_test_brier_score": {"mean": 0.7215518017630801, "std": 0.01156146769345394, "std_err": 0.00578073384672697, "raw": [0.7174187971992231, 0.7161275031201362, 0.7443659872021292, 0.7123278440188046, 0.7175188772751075]}, "interpretability": {"num_predicates": {"mean": 15.75, "std": 7.428828979051813, "std_err": 4.289036410819257, "raw": [16, 26, 16, 5]}, "num_rules": {"mean": 5.75, "std": 1.7853571071357126, "std_err": 1.0307764064044151, "raw": [6, 8, 6, 3]}}, "learning_time": {"mean": 1.123564100265503, "std": 0.005021956781960662, "std_err": 0.002510978390980331, "raw": [1.132356882095337, 1.1171751022338867, 1.12371826171875, 1.1207566261291504, 1.1238136291503906]}}, "noise_pct_50": {"structured_test_accuracy": {"mean": 0.40799200799200797, "std": 0.033662627969068465, "std_err": 0.016831313984534232, "raw": [0.42657342657342656, 0.3876123876123876, 0.46553446553446554, 0.38461538461538464, 0.3756243756243756]}, "unstructured_test_accuracy": {"mean": 0.3952047952047952, "std": 0.016711707225835353, "std_err": 0.008355853612917677, "raw": [0.4025974025974026, 0.3856143856143856, 0.4245754245754246, 0.38461538461538464, 0.3786213786213786]}, "unstructured_test_brier_score": {"mean": 0.7168607513777152, "std": 0.005357686033265653, "std_err": 0.0026788430166328264, "raw": [0.710024034816425, 0.7239329748885351, 0.7135955017005633, 0.7144060236763243, 0.7223452218067282]}, "interpretability": {"num_predicates": {"mean": 42.0, "std": 24.34474618201362, "std_err": 17.21433511156714, "raw": [34, 75, 17]}, "num_rules": {"mean": 10.333333333333334, "std": 3.681787005729087, "std_err": 2.6034165586355518, "raw": [10, 15, 6]}}, "learning_time": {"mean": 1.1216447830200196, "std": 0.001579957160324952, "std_err": 0.000789978580162476, "raw": [1.1234798431396484, 1.118713617324829, 1.1219737529754639, 1.1222729682922363, 1.12178373336792]}}, "noise_pct_60": {"structured_test_accuracy": {"mean": 0.3932067932067932, "std": 0.018781218781218786, "std_err": 0.009390609390609395, "raw": [0.38461538461538464, 0.3836163836163836, 0.4305694305694306, 0.3806193806193806, 0.3866133866133866]}, "unstructured_test_accuracy": {"mean": 0.38781218781218785, "std": 0.007459802078958839, "std_err": 0.0037299010394794196, "raw": [0.38461538461538464, 0.3836163836163836, 0.4025974025974026, 0.3826173826173826, 0.3856143856143856]}, "unstructured_test_brier_score": {"mean": 0.7256522934130111, "std": 0.006403379066966689, "std_err": 0.0032016895334833445, "raw": [0.731007457331728, 0.7335404910664242, 0.7269028443642785, 0.7164670071018842, 0.7203436672007406]}, "interpretability": {"num_predicates": {"mean": 11.5, "std": 2.5, "std_err": 2.5, "raw": [14, 9]}, "num_rules": {"mean": 4.5, "std": 0.5, "std_err": 0.5, "raw": [5, 4]}}, "learning_time": {"mean": 1.1233166694641112, "std": 0.0014136592166387068, "std_err": 0.0007068296083193534, "raw": [1.123487949371338, 1.1233911514282227, 1.1230697631835938, 1.1255416870117188, 1.1210927963256836]}}, "noise_pct_70": {"structured_test_accuracy": {"mean": 0.388011988011988, "std": 0.007830536640265898, "std_err": 0.003915268320132948, "raw": [0.38461538461538464, 0.3826173826173826, 0.38461538461538464, 0.4035964035964036, 0.38461538461538464]}, "unstructured_test_accuracy": {"mean": 0.3866133866133866, "std": 0.003517845526804988, "std_err": 0.0017589227634024938, "raw": [0.38461538461538464, 0.3856143856143856, 0.38461538461538464, 0.3936063936063936, 0.38461538461538464]}, "unstructured_test_brier_score": {"mean": 0.7330375719480066, "std": 0.004100866838387939, "std_err": 0.002050433419193969, "raw": [0.7328744114111131, 0.7406319773879709, 0.7296068280664684, 0.729219091392494, 0.7328555514819864]}, "interpretability": {"num_predicates": {"mean": 10.5, "std": 1.5, "std_err": 1.4999999999999998, "raw": [9, 12]}, "num_rules": {"mean": 4.5, "std": 0.5, "std_err": 0.5, "raw": [4, 5]}}, "learning_time": {"mean": 1.1438633918762207, "std": 0.011296041969980457,