{"noise_pct_95": {"structured_test_accuracy": {"mean": 0.3474525474525475, "std": 0.07432567432567433, "std_err": 0.037162837162837165, "raw": [0.38461538461538464, 0.38461538461538464, 0.19880119880119881, 0.38461538461538464, 0.38461538461538464]}, "unstructured_test_accuracy": {"mean": 0.3542457542457543, "std": 0.06073926073926075, "std_err": 0.030369630369630377, "raw": [0.38461538461538464, 0.38461538461538464, 0.23276723276723277, 0.38461538461538464, 0.38461538461538464]}, "unstructured_test_brier_score": {"mean": 0.8205953933079873, "std": 0.037255702046665576, "std_err": 0.018627851023332788, "raw": [0.8010678050849848, 0.8541903825960799, 0.758555712103734, 0.829911925457196, 0.8592511412979406]}, "interpretability": {"num_predicates": {"mean": 59.0, "std": 0.0, "std_err": NaN, "raw": [59]}, "num_rules": {"mean": 14.0, "std": 0.0, "std_err": NaN, "raw": [14]}}, "learning_time": {"mean": 1.1927022457122802, "std": 0.0023091537123355985, "std_err": 0.0011545768561677992, "raw": [1.1914260387420654, 1.1951167583465576, 1.1957237720489502, 1.18977952003479, 1.191465139389038]}}, "noise_pct_96": {"structured_test_accuracy": {"mean": 0.399000999000999, "std": 0.02877122877122875, "std_err": 0.014385614385614375, "raw": [0.38461538461538464, 0.38461538461538464, 0.4565434565434565, 0.38461538461538464, 0.38461538461538464]}, "unstructured_test_accuracy": {"mean": 0.37262737262737267, "std": 0.020657833407493054, "std_err": 0.010328916703746525, "raw": [0.3776223776223776, 0.38461538461538464, 0.33166833166833165, 0.38461538461538464, 0.38461538461538464]}, "unstructured_test_brier_score": {"mean": 0.8107176209567293, "std": 0.02606042502975225, "std_err": 0.013030212514876124, "raw": [0.7891502360099484, 0.8278302255314841, 0.7729972510568526, 0.8190471108274485, 0.8445632813579121]}, "interpretability": {"num_predicates": {"mean": 37.5, "std": 28.5, "std_err": 28.499999999999996, "raw": [9, 66]}, "num_rules": {"mean": 9.5, "std": 5.5, "std_err": 5.499999999999999, "raw": [4, 15]}}, "learning_time": {"mean": 1.1858862400054933, "std": 0.011409801547165345, "std_err": 0.0057049007735826725, "raw": [1.1910476684570312, 1.193981647491455, 1.1949009895324707, 1.1854617595672607, 1.164039134979248]}}, "noise_pct_97": {"structured_test_accuracy": {"mean": 0.3904095904095904, "std": 0.019084841456558727, "std_err": 0.009542420728279362, "raw": [0.42657342657342656, 0.38461538461538464, 0.3696303696303696, 0.38461538461538464, 0.3866133866133866]}, "unstructured_test_accuracy": {"mean": 0.3618381618381618, "std": 0.03170093211338097, "std_err": 0.015850466056690486, "raw": [0.35764235764235763, 0.38461538461538464, 0.3016983016983017, 0.38461538461538464, 0.3806193806193806]}, "unstructured_test_brier_score": {"mean": 0.8149861082910659, "std": 0.02582281934868792, "std_err": 0.01291140967434396, "raw": [0.7942795462854386, 0.8422247973544216, 0.7831798493239509, 0.8072227683402138, 0.8480235801513054]}, "interpretability": {"num_predicates": {"mean": 26.666666666666668, "std": 22.895899681432525, "std_err": 16.189845926107854, "raw": [12, 59, 9]}, "num_rules": {"mean": 7.0, "std": 3.559026084010437, "std_err": 2.5166114784235836, "raw": [5, 12, 4]}}, "learning_time": {"mean": 1.1682672023773193, "std": 0.004915449085533734, "std_err": 0.0024577245427668667, "raw": [1.1626229286193848, 1.161966323852539, 1.1732726097106934, 1.171497106552124, 1.1719770431518555]}}, "noise_pct_98": {"structured_test_accuracy": {"mean": 0.379020979020979, "std": 0.011188811188811189, "std_err": 0.0055944055944055935, "raw": [0.35664335664335667, 0.38461538461538464, 0.38461538461538464, 0.38461538461538464, 0.38461538461538464]}, "unstructured_test_accuracy": {"mean": 0.37642357642357643, "std": 0.016383616383616382, "std_err": 0.008191808191808191, "raw": [0.3436563436563437, 0.38461538461538464, 0.38461538461538464, 0.38461538461538464, 0.38461538461538464]}, "unstructured_test_brier_score": {"mean": 0.8138551121816915, "std": 0.028280368579036916, "std_err": 0.014140184289518458, "raw": [0.8006337765091452, 0.8360304856239416, 0.7692464902511119, 0.8128835812381525, 0.8504812272861065]}, "interpretability": {"num_predicates": {"mean": 16.0, "std": 0.0, "std_err": NaN, "raw": [16]}, "num_rules": {"mean": 6.0, "std": 0.0, "std_err": NaN, "raw": [6]}}, "learning_time": {"mean": 1.1893503189086914, "std": 0.017480408363512282, "std_err": 0.00874020418175614, "raw": [1.1725704669952393, 1.1701195240020752, 1.1982204914093018, 1.1882669925689697, 1.217574119567871]}}, "noise_pct_99": {"structured_test_accuracy": {"mean": 0.3652347652347652, "std": 0.028687857895380725, "std_err": 0.014343928947690363, "raw": [0.3106893106893107, 0.38461538461538464, 0.36163836163836166, 0.38461538461538464, 0.38461538461538464]}, "unstructured_test_accuracy": {"mean": 0.36823176823176823, "std": 0.02168177417182903, "std_err": 0.010840887085914514, "raw": [0.35664335664335667, 0.38461538461538464, 0.3306693306693307, 0.38461538461538464, 0.38461538461538464]}, "unstructured_test_brier_score": {"mean": 0.8173759555545809, "std": 0.029393657384189545, "std_err": 0.014696828692094772, "raw": [0.792233982394431, 0.837941540253589, 0.7805798418492376, 0.8150939956482475, 0.8610304176273995]}, "interpretability": {"num_predicates": {"mean": 54.5, "std": 21.5, "std_err": 21.5, "raw": [33, 76]}, "num_rules": {"mean": 10.5, "std": 2.5, "std_err": 2.5, "raw": [8, 13]}}, "learning_time": {"mean": 1.1979794025421142, "std": 0.008771076078241563, "std_err": 0.004385538039120782, "raw": [1.215470790863037, 1.1944105625152588, 1.1942768096923828, 1.1927268505096436, 1.193011999130249]}}, "noise_pct_100": {"structured_test_accuracy": {"mean": 0.3806193806193806, "std": 0.006190582771160712, "std_err": 0.003095291385580356, "raw": [0.36863136863136864, 0.38461538461538464, 0.3806193806193806, 0.38461538461538464, 0.38461538461538464]}, "unstructured_test_accuracy": {"mean": 0.3796203796203796, "std": 0.00857047376204885, "std_err": 0.004285236881024425, "raw": [0.3626373626373626, 0.38461538461538464, 0.38161838161838163, 0.38461538461538464, 0.38461538461538464]}, "unstructured_test_brier_score": {"mean": 0.8120401881457511, "std": 0.039628967604272404, "std_err": 0.019814483802136202, "raw": [0.7495591181103751, 0.8344884691626089, 0.7923831487953844, 0.8166202163008667, 0.8671499883595195]}, "interpretability": {"num_predicates": {"mean": 17.0, "std": 11.224972160321824, "std_err": 7.937253933193772, "raw": [32, 14, 5]}, "num_rules": {"mean": 5.666666666666667, "std": 2.494438257849294, "std_err": 1.7638342073763937, "raw": [9, 5, 3]}}, "learning_time": {"mean": 1.1937096118927002, "std": 0.0018045056065322746, "std_err": 0.0009022528032661372, "raw": [1.1931631565093994, 1.1912367343902588, 1.1927671432495117, 1.1949384212493896, 1.1964426040649414]}}}