{"noise_pct_10": {"structured_test_accuracy": {"mean": 0.4407592407592407, "std": 0.060270153349225315, "std_err": 0.030135076674612658, "raw": [0.3836163836163836, 0.44655344655344653, 0.5484515484515484, 0.44155844155844154, 0.3836163836163836]}, "unstructured_test_accuracy": {"mean": 0.43316683316683313, "std": 0.05579615099500876, "std_err": 0.02789807549750438, "raw": [0.38161838161838163, 0.44155844155844154, 0.5324675324675324, 0.43156843156843155, 0.3786213786213786]}, "unstructured_test_brier_score": {"mean": 0.6766083237720363, "std": 0.01805563129774926, "std_err": 0.009027815648874627, "raw": [0.709078794549486, 0.6552049165546466, 0.6659256126134689, 0.675112764723266, 0.6777195304193138]}, "interpretability": {"num_predicates": {"mean": 61.25, "std": 24.293774922806872, "std_err": 14.026017491314727, "raw": [65, 85, 74, 21]}, "num_rules": {"mean": 14.25, "std": 4.548351349665063, "std_err": 2.6259918760981216, "raw": [14, 19, 17, 7]}}, "learning_time": {"mean": 1.1424325466156007, "std": 0.0022506803506333246, "std_err": 0.0011253401753166625, "raw": [1.1418044567108154, 1.1412327289581299, 1.1399521827697754, 1.1465942859649658, 1.1425790786743164]}}, "noise_pct_20": {"structured_test_accuracy": {"mean": 0.41198801198801194, "std": 0.026344851556645996, "std_err": 0.013172425778322998, "raw": [0.4085914085914086, 0.3836163836163836, 0.44655344655344653, 0.43756243756243757, 0.3836163836163836]}, "unstructured_test_accuracy": {"mean": 0.40599400599400604, "std": 0.022388323401129184, "std_err": 0.01119416170056459, "raw": [0.4025974025974026, 0.3826173826173826, 0.43956043956043955, 0.4225774225774226, 0.3826173826173826]}, "unstructured_test_brier_score": {"mean": 0.696620331179301, "std": 0.009777027949048929, "std_err": 0.004888513974524464, "raw": [0.7032631830493276, 0.7042195081985242, 0.6777129425216211, 0.6969903255934514, 0.7009156965335809]}, "interpretability": {"num_predicates": {"mean": 41.25, "std": 28.795615985771168, "std_err": 16.625156640866074, "raw": [32, 5, 85, 43]}, "num_rules": {"mean": 10.25, "std": 5.356071321407137, "std_err": 3.092329219213245, "raw": [9, 3, 18, 11]}}, "learning_time": {"mean": 1.1454604625701905, "std": 0.002807122006590471, "std_err": 0.0014035610032952354, "raw": [1.1503121852874756, 1.1428654193878174, 1.1467547416687012, 1.144442081451416, 1.142927885055542]}}, "noise_pct_30": {"structured_test_accuracy": {"mean": 0.4053946053946055, "std": 0.027623055055977754, "std_err": 0.013811527527988875, "raw": [0.45354645354645357, 0.38461538461538464, 0.38461538461538464, 0.4195804195804196, 0.38461538461538464]}, "unstructured_test_accuracy": {"mean": 0.394005994005994, "std": 0.013966019674166876, "std_err": 0.006983009837083437, "raw": [0.4205794205794206, 0.38461538461538464, 0.3836163836163836, 0.3956043956043956, 0.3856143856143856]}, "unstructured_test_brier_score": {"mean": 0.7085698983854567, "std": 0.009243832259956649, "std_err": 0.004621916129978324, "raw": [0.7081182962600236, 0.7091098182440038, 0.7126775366386355, 0.6923108646234192, 0.7206329761612017]}, "interpretability": {"num_predicates": {"mean": 44.666666666666664, "std": 30.44484995674784, "std_err": 21.52775985662337, "raw": [79, 50, 5]}, "num_rules": {"mean": 11.0, "std": 6.164414002968976, "std_err": 4.358898943540674, "raw": [18, 12, 3]}}, "learning_time": {"mean": 1.1346599102020263, "std": 0.012971638797155809, "std_err": 0.0064858193985779045, "raw": [1.1232812404632568, 1.1246936321258545, 1.1243128776550293, 1.1517834663391113, 1.1492283344268799]}}, "noise_pct_40": {"structured_test_accuracy": {"mean": 0.40399600399600405, "std": 0.03591738566148564, "std_err": 0.017958692830742824, "raw": [0.3776223776223776, 0.38461538461538464, 0.4745254745254745, 0.38461538461538464, 0.3986013986013986]}, "unstructured_test_accuracy": {"mean": 0.3968031968031968, "std": 0.018435831967108518, "std_err": 0.009217915983554259, "raw": [0.38161838161838163, 0.3866133866133866, 0.43156843156843155, 0.38461538461538464, 0.3996003996003996]}, "unstructured_test_brier_score": {"mean": 0.7002925339483046, "std": 0.009590845508905056, "std_err": 0.004795422754452528, "raw": [0.7007025501897944, 0.7056822358318693, 0.6818040510703587, 0.7086836470790542, 0.7045901855704464]}, "interpretability": {"num_predicates": {"mean": 24.6, "std": 18.7040102651811, "std_err": 9.35200513259055, "raw": [5, 24, 58, 9, 27]}, "num_rules": {"mean": 7.2, "std": 3.867815921162743, "std_err": 1.9339079605813716, "raw": [3, 7, 14, 4, 8]}}, "learning_time": {"mean": 1.1285302639007568, "std": 0.006752806850349388, "std_err": 0.003376403425174694, "raw": [1.141634464263916, 1.1281516551971436, 1.1231822967529297, 1.1252434253692627, 1.1244394779205322]}}, "noise_pct_50": {"structured_test_accuracy": {"mean": 0.433966033966034, "std": 0.03251652340099615, "std_err": 0.016258261700498076, "raw": [0.4755244755244755, 0.4205794205794206, 0.46353646353646355, 0.4255744255744256, 0.38461538461538464]}, "unstructured_test_accuracy": {"mean": 0.4067932067932068, "std": 0.01646867615184404, "std_err": 0.008234338075922021, "raw": [0.43156843156843155, 0.4015984015984016, 0.41858141858141856, 0.39760239760239763, 0.38461538461538464]}, "unstructured_test_brier_score": {"mean": 0.7031413890104515, "std": 0.017240576571642158, "std_err": 0.008620288285821079, "raw": [0.6954746903361531, 0.7118520871043208, 0.6830056956399466, 0.6931444580833382, 0.7322300138884994]}, "interpretability": {"num_predicates": {"mean": 74.25, "std": 24.923633362734254, "std_err": 14.38966643115816, "raw": [100, 97, 58, 42]}, "num_rules": {"mean": 16.0, "std": 3.6742346141747673, "std_err": 2.1213203435596424, "raw": [20, 19, 14, 11]}}, "learning_time": {"mean": 1.1362671375274658, "std": 0.011429485952871554, "std_err": 0.005714742976435776, "raw": [1.1214895248413086, 1.124441146850586, 1.1390585899353027, 1.1468255519866943, 1.1495208740234375]}}, "noise_pct_60": {"structured_test_accuracy": {"mean": 0.4291708291708292, "std": 0.06038661496493148, "std_err": 0.030193307482465737, "raw": [0.3906093906093906, 0.3776223776223776, 0.5354645354645354, 0.45754245754245754, 0.38461538461538464]}, "unstructured_test_accuracy": {"mean": 0.39660339660339655, "std": 0.017724879213759735, "std_err": 0.008862439606879867, "raw": [0.3916083916083916, 0.3756243756243756, 0.42657342657342656, 0.4045954045954046, 0.38461538461538464]}, "unstructured_test_brier_score": {"mean": 0.7210416514557961, "std": 0.009091648313936917, "std_err": 0.004545824156968459, "raw": [0.7237357587668674, 0.7280435646873191, 0.7081924414766972, 0.7322860236672989, 0.712950468680798]}, "interpretability": {"num_predicates": {"mean": 55.25, "std": 28.94283158227612, "std_err": 16.71015160513712, "raw": [20, 56, 100, 45]}, "num_rules": {"mean": 12.75, "std": 5.402545696243577, "std_err": 3.1191612120354835, "raw": [6, 13, 21, 11]}}, "learning_time": {"mean": 1.1465599536895752, "std": 0.005792338903418777, "std_err": 0.0028961694517093883, "raw": [1.144899845123291, 1.1361346244812012, 1.1510400772094727, 1.148449420928955, 1.152275800704956]}}, "noise_pct_70": {"structured_test_accuracy": {"mean": 0.41118881118881123, "std": 0.03479966602529828, "std_err": 0.017399833012649135, "raw": [0.38461538461538464, 0.38461538461538464, 0.47052947052947053, 0.43156843156843155, 0.38461538461538464]}, "unstructured_test_accuracy": {"mean": 0.38421578421578423, "std": 0.00349507606084634, "std_err": 0.0017475380304231701, "raw": [0.3836163836163836, 0.38461538461538464, 0.3786213786213786, 0.38961038961038963, 0.38461538461538464]}, "unstructured_test_brier_score": {"mean": 0.7243499745245672, "std": 0.003425230120301757, "std_err": 0.0017126150601508782, "raw": [0.7219918566345546, 0.7301080450972334, 0.7203044239173962, 0.7233746918008642, 0.7259708551727876]}, "interpretability": {"num_predicates": {"mean": 67.5, "std": 26.5, "std_err": 26.499999999999996, "raw": [94, 41]}, "num_rules": {"mean": 15.0, "std": 4.0, "std_err": 4.0,