{"noise_pct_95": {"structured_test_accuracy": {"mean": 0.4031968031968032, "std": 0.025513476323588233, "std_err": 0.012756738161794116, "raw": [0.3836163836163836, 0.3876123876123876, 0.4095904095904096, 0.45054945054945056, 0.38461538461538464]}, "unstructured_test_accuracy": {"mean": 0.3786213786213786, "std": 0.0066566758237593185, "std_err": 0.003328337911879659, "raw": [0.3836163836163836, 0.3836163836163836, 0.3726273726273726, 0.36863136863136864, 0.38461538461538464]}, "unstructured_test_brier_score": {"mean": 0.8124513123914584, "std": 0.03332104482101771, "std_err": 0.016660522410508857, "raw": [0.7751396668800438, 0.8316455580219102, 0.7690223261241448, 0.8455511459155665, 0.8408978650156269]}, "interpretability": {"num_predicates": {"mean": 37.333333333333336, "std": 14.727148022916348, "std_err": 10.413666234542207, "raw": [20, 36, 56]}, "num_rules": {"mean": 9.666666666666666, "std": 3.2998316455372216, "std_err": 2.3333333333333335, "raw": [6, 9, 14]}}, "learning_time": {"mean": 1.3262452125549316, "std": 0.28180023449926456, "std_err": 0.14090011724963228, "raw": [1.8898212909698486, 1.185258388519287, 1.1899535655975342, 1.1818702220916748, 1.1843225955963135]}}, "noise_pct_96": {"structured_test_accuracy": {"mean": 0.3994005994005994, "std": 0.021214604193300707, "std_err": 0.010607302096650353, "raw": [0.38461538461538464, 0.3856143856143856, 0.43956043956043955, 0.4025974025974026, 0.38461538461538464]}, "unstructured_test_accuracy": {"mean": 0.38001998001998005, "std": 0.005637057334531835, "std_err": 0.0028185286672659177, "raw": [0.38461538461538464, 0.38461538461538464, 0.3726273726273726, 0.37362637362637363, 0.38461538461538464]}, "unstructured_test_brier_score": {"mean": 0.8296574514750427, "std": 0.03188749755902154, "std_err": 0.01594374877951077, "raw": [0.7857051225483417, 0.8688828517284393, 0.7991040397868606, 0.8526716837118211, 0.8419235595997507]}, "interpretability": {"num_predicates": {"mean": 46.0, "std": 20.11632835948615, "std_err": 14.224392195567914, "raw": [20, 69, 49]}, "num_rules": {"mean": 11.333333333333334, "std": 4.109609335312651, "std_err": 2.9059326290271157, "raw": [6, 16, 12]}}, "learning_time": {"mean": 1.184668779373169, "std": 0.006066015266418716, "std_err": 0.0030330076332093577, "raw": [1.1935193538665771, 1.1753835678100586, 1.184983730316162, 1.1816198825836182, 1.1878373622894287]}}, "noise_pct_97": {"structured_test_accuracy": {"mean": 0.3966033966033966, "std": 0.013147399701388295, "std_err": 0.006573699850694147, "raw": [0.3956043956043956, 0.38461538461538464, 0.39760239760239763, 0.4205794205794206, 0.38461538461538464]}, "unstructured_test_accuracy": {"mean": 0.3806193806193806, "std": 0.010925253238355508, "std_err": 0.005462626619177753, "raw": [0.3916083916083916, 0.3826173826173826, 0.38461538461538464, 0.3596403596403596, 0.38461538461538464]}, "unstructured_test_brier_score": {"mean": 0.828129425846336, "std": 0.031214913209034155, "std_err": 0.015607456604517077, "raw": [0.788497676692794, 0.8418161773864089, 0.7958301552464067, 0.8709338670209988, 0.8435692528850719]}, "interpretability": {"num_predicates": {"mean": 36.25, "std": 22.30891077574161, "std_err": 12.88005564170176, "raw": [35, 9, 71, 30]}, "num_rules": {"mean": 9.75, "std": 4.264680527307995, "std_err": 2.462214450449026, "raw": [10, 4, 16, 9]}}, "learning_time": {"mean": 1.1860589504241943, "std": 0.0045669578959256435, "std_err": 0.0022834789479628213, "raw": [1.1858465671539307, 1.180985450744629, 1.1819655895233154, 1.1877686977386475, 1.1937284469604492]}}, "noise_pct_98": {"structured_test_accuracy": {"mean": 0.38441558441558443, "std": 0.008533129472152906, "std_err": 0.004266564736076453, "raw": [0.3706293706293706, 0.38461538461538464, 0.38461538461538464, 0.39760239760239763, 0.38461538461538464]}, "unstructured_test_accuracy": {"mean": 0.37722277722277725, "std": 0.009190809190809196, "std_err": 0.004595404595404598, "raw": [0.36863136863136864, 0.38461538461538464, 0.38461538461538464, 0.36363636363636365, 0.38461538461538464]}, "unstructured_test_brier_score": {"mean": 0.8103938913868861, "std": 0.03071874544569086, "std_err": 0.015359372722845427, "raw": [0.7749006362252086, 0.8340183615859691, 0.7748592922439737, 0.8501279211676795, 0.8180632457115995]}, "interpretability": {"num_predicates": {"mean": 21.5, "std": 8.5, "std_err": 8.499999999999998, "raw": [13, 30]}, "num_rules": {"mean": 7.0, "std": 2.0, "std_err": 2.0, "raw": [5, 9]}}, "learning_time": {"mean": 1.1693868160247802, "std": 0.00184922509298811, "std_err": 0.0009246125464940551, "raw": [1.1677393913269043, 1.1722142696380615, 1.1688249111175537, 1.170792818069458, 1.1673626899719238]}}, "noise_pct_99": {"structured_test_accuracy": {"mean": 0.39460539460539457, "std": 0.022560618962310108, "std_err": 0.011280309481155054, "raw": [0.37962037962037964, 0.38461538461538464, 0.43956043956043955, 0.38461538461538464, 0.38461538461538464]}, "unstructured_test_accuracy": {"mean": 0.38521478521478525, "std": 0.005078227783072464, "std_err": 0.002539113891536232, "raw": [0.3936063936063936, 0.3856143856143856, 0.3776223776223776, 0.38461538461538464, 0.38461538461538464]}, "unstructured_test_brier_score": {"mean": 0.828960344118476, "std": 0.03116874607223607, "std_err": 0.015584373036118034, "raw": [0.7910067767699811, 0.8702982072348174, 0.8009861612873946, 0.8589085490926349, 0.8236020262075516]}, "interpretability": {"num_predicates": {"mean": 33.333333333333336, "std": 28.288199345702836, "std_err": 20.002777584903335, "raw": [18, 9, 73]}, "num_rules": {"mean": 8.666666666666666, "std": 5.2493385826745405, "std_err": 3.711842908553348, "raw": [6, 4, 16]}}, "learning_time": {"mean": 1.1675365924835206, "std": 0.003212794077867301, "std_err": 0.0016063970389336502, "raw": [1.1738252639770508, 1.165661096572876, 1.1654067039489746, 1.1672322750091553, 1.165557622909546]}}, "noise_pct_100": {"structured_test_accuracy": {"mean": 0.3954045954045954, "std": 0.014863308622095735, "std_err": 0.007431654311047867, "raw": [0.4245754245754246, 0.3926073926073926, 0.38961038961038963, 0.3856143856143856, 0.38461538461538464]}, "unstructured_test_accuracy": {"mean": 0.3778221778221778, "std": 0.011414870615053505, "std_err": 0.005707435307526753, "raw": [0.3876123876123876, 0.37962037962037964, 0.38161838161838163, 0.35564435564435565, 0.38461538461538464]}, "unstructured_test_brier_score": {"mean": 0.8289799375511084, "std": 0.044527100524918956, "std_err": 0.022263550262459478, "raw": [0.7793615846199533, 0.897748873054584, 0.7870320387231036, 0.859122673911608, 0.821634517446293]}, "interpretability": {"num_predicates": {"mean": 29.25, "std": 13.497684986693088, "std_err": 7.792892060504025, "raw": [25, 42, 9, 41]}, "num_rules": {"mean": 8.0, "std": 2.7386127875258306, "std_err": 1.5811388300841898, "raw": [7, 10, 4, 11]}}, "learning_time": {"mean": 1.1680286407470704, "std": 0.002226063845834356, "std_err": 0.001113031922917178, "raw": [1.1680259704589844, 1.1665422916412354, 1.1719601154327393, 1.1653707027435303, 1.1682441234588623]}}}