{"noise_pct_10": {"structured_test_accuracy": {"mean": 0.4233766233766234, "std": 0.046504113497872215, "std_err": 0.023252056748936104, "raw": [0.38461538461538464, 0.38461538461538464, 0.4725274725274725, 0.4875124875124875, 0.3876123876123876]}, "unstructured_test_accuracy": {"mean": 0.4191808191808192, "std": 0.04247622554203313, "std_err": 0.021238112771016567, "raw": [0.38461538461538464, 0.38461538461538464, 0.46553446553446554, 0.47652347652347654, 0.38461538461538464]}, "unstructured_test_brier_score": {"mean": 0.6826170558951903, "std": 0.01857567118062587, "std_err": 0.009287835590312935, "raw": [0.7039523812164654, 0.6914834871304815, 0.6870104513041168, 0.6483820377108903, 0.6822569221139979]}, "interpretability": {"num_predicates": {"mean": 65.0, "std": 30.474032661705056, "std_err": 21.548395145191982, "raw": [56, 106, 33]}, "num_rules": {"mean": 14.666666666666666, "std": 5.734883511361751, "std_err": 4.0551750201988135, "raw": [14, 22, 8]}}, "learning_time": {"mean": 1.1743520736694335, "std": 0.0026018302362026376, "std_err": 0.0013009151181013188, "raw": [1.1699402332305908, 1.1731688976287842, 1.1752490997314453, 1.1759450435638428, 1.1774570941925049]}}, "noise_pct_20": {"structured_test_accuracy": {"mean": 0.4747252747252748, "std": 0.06404336650162518, "std_err": 0.03202168325081259, "raw": [0.5494505494505495, 0.45254745254745254, 0.5464535464535465, 0.4405594405594406, 0.38461538461538464]}, "unstructured_test_accuracy": {"mean": 0.46153846153846156, "std": 0.054946871280486094, "std_err": 0.027473435640243047, "raw": [0.5274725274725275, 0.44155844155844154, 0.5214785214785215, 0.4325674325674326, 0.38461538461538464]}, "unstructured_test_brier_score": {"mean": 0.6825039008051152, "std": 0.01587967845031537, "std_err": 0.007939839225157685, "raw": [0.6591420505252326, 0.6964248786376579, 0.6722162425169474, 0.6818608380022974, 0.7028754943434415]}, "interpretability": {"num_predicates": {"mean": 85.0, "std": 39.24920381358073, "std_err": 22.66053838724932, "raw": [130, 59, 116, 35]}, "num_rules": {"mean": 18.0, "std": 6.324555320336759, "std_err": 3.6514837167011076, "raw": [26, 14, 22, 10]}}, "learning_time": {"mean": 1.1596356868743896, "std": 0.01625756846086607, "std_err": 0.008128784230433034, "raw": [1.1805789470672607, 1.1783874034881592, 1.1456058025360107, 1.1484014987945557, 1.145204782485962]}}, "noise_pct_30": {"structured_test_accuracy": {"mean": 0.4111888111888112, "std": 0.026397833470391586, "std_err": 0.013198916735195793, "raw": [0.4245754245754246, 0.38461538461538464, 0.38461538461538464, 0.4075924075924076, 0.45454545454545453]}, "unstructured_test_accuracy": {"mean": 0.4057942057942058, "std": 0.020083647349656834, "std_err": 0.010041823674828417, "raw": [0.4225774225774226, 0.38461538461538464, 0.38461538461538464, 0.4025974025974026, 0.43456543456543456]}, "unstructured_test_brier_score": {"mean": 0.7065666948201136, "std": 0.03348543098455647, "std_err": 0.016742715492278234, "raw": [0.7148442632006163, 0.7204786289093318, 0.75, 0.699296257617122, 0.6482143243734982]}, "interpretability": {"num_predicates": {"mean": 34.333333333333336, "std": 17.594190960528863, "std_err": 12.440971737681016, "raw": [36, 12, 55]}, "num_rules": {"mean": 9.333333333333334, "std": 3.2998316455372216, "std_err": 2.3333333333333335, "raw": [10, 5, 13]}}, "learning_time": {"mean": 1.1312530517578125, "std": 0.0014804788407916459, "std_err": 0.0007402394203958229, "raw": [1.1327848434448242, 1.1331202983856201, 1.1292824745178223, 1.1302051544189453, 1.1308724880218506]}}, "noise_pct_40": {"structured_test_accuracy": {"mean": 0.406993006993007, "std": 0.029095464617896645, "std_err": 0.014547732308948323, "raw": [0.45454545454545453, 0.4275724275724276, 0.3836163836163836, 0.38461538461538464, 0.38461538461538464]}, "unstructured_test_accuracy": {"mean": 0.39360639360639355, "std": 0.02315442094836065, "std_err": 0.011577210474180324, "raw": [0.43956043956043955, 0.37662337662337664, 0.3836163836163836, 0.3836163836163836, 0.38461538461538464]}, "unstructured_test_brier_score": {"mean": 0.7169079933094104, "std": 0.018873444046991254, "std_err": 0.009436722023495627, "raw": [0.6894990344561617, 0.7485180414328504, 0.7170829867509317, 0.7179589803985373, 0.7114809235085706]}, "interpretability": {"num_predicates": {"mean": 53.0, "std": 34.72751070837067, "std_err": 24.55605831561735, "raw": [68, 86, 5]}, "num_rules": {"mean": 12.333333333333334, "std": 6.649979114420002, "std_err": 4.702245326555296, "raw": [16, 18, 3]}}, "learning_time": {"mean": 1.1206756114959717, "std": 0.01801273109611961, "std_err": 0.009006365548059805, "raw": [1.1286141872406006, 1.1285743713378906, 1.1447741985321045, 1.1084115505218506, 1.093003749847412]}}, "noise_pct_50": {"structured_test_accuracy": {"mean": 0.38741258741258744, "std": 0.025046052846085326, "std_err": 0.012523026423042661, "raw": [0.3866133866133866, 0.3886113886113886, 0.34965034965034963, 0.42857142857142855, 0.3836163836163836]}, "unstructured_test_accuracy": {"mean": 0.386013986013986, "std": 0.013171668110968641, "std_err": 0.006585834055484321, "raw": [0.38961038961038963, 0.3876123876123876, 0.3646353646353646, 0.40559440559440557, 0.3826173826173826]}, "unstructured_test_brier_score": {"mean": 0.721715758587146, "std": 0.012025817849951125, "std_err": 0.006012908924975562, "raw": [0.7204757571320971, 0.7395575836083006, 0.7298814808341572, 0.7054694432219708, 0.713194528139204]}, "interpretability": {"num_predicates": {"mean": 24.666666666666668, "std": 11.14550233153366, "std_err": 7.881060278357927, "raw": [9, 31, 34]}, "num_rules": {"mean": 7.333333333333333, "std": 2.357022603955158, "std_err": 1.6666666666666667, "raw": [4, 9, 9]}}, "learning_time": {"mean": 1.1110651969909668, "std": 0.021130911512615327, "std_err": 0.010565455756307664, "raw": [1.0873572826385498, 1.0857675075531006, 1.1171092987060547, 1.1385109424591064, 1.1265809535980225]}}, "noise_pct_60": {"structured_test_accuracy": {"mean": 0.40299700299700303, "std": 0.04330459039886214, "std_err": 0.02165229519943107, "raw": [0.36863136863136864, 0.38461538461538464, 0.4885114885114885, 0.3886113886113886, 0.38461538461538464]}, "unstructured_test_accuracy": {"mean": 0.3702297702297702, "std": 0.024409991985554224, "std_err": 0.012204995992777112, "raw": [0.3226773226773227, 0.38461538461538464, 0.37162837162837165, 0.3876123876123876, 0.38461538461538464]}, "unstructured_test_brier_score": {"mean": 0.7266472849560224, "std": 0.008390192426037866, "std_err": 0.004195096213018933, "raw": [0.7321356694234911, 0.726193276072106, 0.7351096643889059, 0.7288139254777172, 0.7109838894178911]}, "interpretability": {"num_predicates": {"mean": 75.33333333333333, "std": 50.108770578501414, "std_err": 35.43225147297931, "raw": [118, 103, 5]}, "num_rules": {"mean": 15.333333333333334, "std": 8.73053390247253, "std_err": 6.173419725817378, "raw": [22, 21, 3]}}, "learning_time": {"mean": 1.1408587455749513, "std": 0.0058458207964154985, "std_err": 0.002922910398207749, "raw": [1.129565954208374, 1.1456794738769531, 1.1445565223693848, 1.1411101818084717, 1.1433815956115723]}}, "noise_pct_70": {"structured_test_accuracy": {"mean": 0.3786213786213786, "std": 0.05788001776943028, "std_err": 0.02894000888471514, "raw": [0.4025974025974026, 0.38461538461538464, 0.4485514485514486, 0.2727272727272727, 0.38461538461538464]}, "unstructured_test_accuracy": {"mean": 0.38561438561438555, "std": 0.021248448305527155, "std_err": 0.010624224152763578, "raw": [0.3936063936063936, 0.38461538461538464, 0.4155844155844156, 0.34965034965034963, 0.38461538461538464]}, "unstructured_test_brier_score": {"mean": 0.7307384594908791, "std": 0.012542069750628406, "std_err": 0.006271034875314203, "raw": [0.7150853792753552, 0.7356403790669457, 0.7195912482641548, 0.7504466456253711, 0.732928645222569]}, "interpretability": {"num_predicates": {"mean": 46.666666666666664, "std": 15.69146972791976, "std_err": 11.095544651395493,