{"noise_pct_95": {"structured_test_accuracy": {"mean": 0.3952047952047952, "std": 0.017459382437525248, "std_err": 0.008729691218762624, "raw": [0.38461538461538464, 0.38461538461538464, 0.3926073926073926, 0.42957042957042957, 0.38461538461538464]}, "unstructured_test_accuracy": {"mean": 0.38441558441558443, "std": 0.0028537176537633685, "std_err": 0.0014268588268816843, "raw": [0.38461538461538464, 0.38461538461538464, 0.37962037962037964, 0.3886113886113886, 0.38461538461538464]}, "unstructured_test_brier_score": {"mean": 0.8314426764704537, "std": 0.02923957648366537, "std_err": 0.014619788241832684, "raw": [0.8005118807432554, 0.8636581264063266, 0.7928462192626531, 0.8569703679593796, 0.8432267879806534]}, "interpretability": {"num_predicates": {"mean": 27.0, "std": 18.0, "std_err": 18.0, "raw": [9, 45]}, "num_rules": {"mean": 7.5, "std": 3.5, "std_err": 3.4999999999999996, "raw": [4, 11]}}, "learning_time": {"mean": 1.1511576175689697, "std": 0.006284893155250558, "std_err": 0.003142446577625279, "raw": [1.1633427143096924, 1.1491224765777588, 1.1484808921813965, 1.1452083587646484, 1.1496336460113525]}}, "noise_pct_96": {"structured_test_accuracy": {"mean": 0.36543456543456543, "std": 0.042414151889183904, "std_err": 0.021207075944591952, "raw": [0.3866133866133866, 0.38461538461538464, 0.2807192807192807, 0.3906093906093906, 0.38461538461538464]}, "unstructured_test_accuracy": {"mean": 0.38241758241758245, "std": 0.003915268320132949, "std_err": 0.001957634160066474, "raw": [0.38461538461538464, 0.3836163836163836, 0.37462537462537465, 0.38461538461538464, 0.38461538461538464]}, "unstructured_test_brier_score": {"mean": 0.8301466085219266, "std": 0.03496472633243273, "std_err": 0.017482363166216364, "raw": [0.7965331770770149, 0.8739713663786373, 0.782893637552449, 0.840202701578945, 0.8571321600225864]}, "interpretability": {"num_predicates": {"mean": 3.5, "std": 1.5, "std_err": 1.4999999999999998, "raw": [2, 5]}, "num_rules": {"mean": 2.5, "std": 0.5, "std_err": 0.5, "raw": [2, 3]}}, "learning_time": {"mean": 1.16171875, "std": 0.004514415976250783, "std_err": 0.002257207988125391, "raw": [1.1623938083648682, 1.1669435501098633, 1.1650176048278809, 1.1603562831878662, 1.1538825035095215]}}, "noise_pct_97": {"structured_test_accuracy": {"mean": 0.38521478521478525, "std": 0.006793206793206798, "std_err": 0.0033966033966033988, "raw": [0.3806193806193806, 0.3906093906093906, 0.3756243756243756, 0.3946053946053946, 0.38461538461538464]}, "unstructured_test_accuracy": {"mean": 0.3838161838161838, "std": 0.0007475838934613432, "std_err": 0.0003737919467306716, "raw": [0.38461538461538464, 0.3826173826173826, 0.3836163836163836, 0.3836163836163836, 0.38461538461538464]}, "unstructured_test_brier_score": {"mean": 0.8219592703296241, "std": 0.03219125168679897, "std_err": 0.016095625843399484, "raw": [0.7968574768584543, 0.8611310999092897, 0.7767267149953373, 0.8219630495074763, 0.8531180103775634]}, "interpretability": {"num_predicates": {"mean": 5.0, "std": 0.0, "std_err": NaN, "raw": [5]}, "num_rules": {"mean": 3.0, "std": 0.0, "std_err": NaN, "raw": [3]}}, "learning_time": {"mean": 1.1487358570098878, "std": 0.003351054484405397, "std_err": 0.0016755272422026982, "raw": [1.1502432823181152, 1.14851975440979, 1.1540844440460205, 1.144155502319336, 1.1466763019561768]}}, "noise_pct_98": {"structured_test_accuracy": {"mean": 0.39460539460539457, "std": 0.013770278473616598, "std_err": 0.006885139236808299, "raw": [0.38461538461538464, 0.4195804195804196, 0.38461538461538464, 0.3996003996003996, 0.38461538461538464]}, "unstructured_test_accuracy": {"mean": 0.3848151848151848, "std": 0.001598401598401594, "std_err": 0.000799200799200797, "raw": [0.38461538461538464, 0.3876123876123876, 0.38461538461538464, 0.3826173826173826, 0.38461538461538464]}, "unstructured_test_brier_score": {"mean": 0.824872061782845, "std": 0.02759407228114035, "std_err": 0.013797036140570174, "raw": [0.7996741572371399, 0.8590082034403916, 0.7919663617329817, 0.8190099417884042, 0.8547016447153072]}, "interpretability": {"num_predicates": {"mean": 10.5, "std": 5.5, "std_err": 5.499999999999999, "raw": [16, 5]}, "num_rules": {"mean": 4.5, "std": 1.5, "std_err": 1.4999999999999998, "raw": [6, 3]}}, "learning_time": {"mean": 1.146726942062378, "std": 0.006289177583547742, "std_err": 0.003144588791773871, "raw": [1.155435562133789, 1.15325927734375, 1.1422924995422363, 1.142099142074585, 1.1405482292175293]}}, "noise_pct_99": {"structured_test_accuracy": {"mean": 0.37702297702297705, "std": 0.009489983685944402, "std_err": 0.004744991842972201, "raw": [0.3626373626373626, 0.38461538461538464, 0.36863136863136864, 0.38461538461538464, 0.38461538461538464]}, "unstructured_test_accuracy": {"mean": 0.3842157842157842, "std": 0.001355110885739311, "std_err": 0.0006775554428696556, "raw": [0.38161838161838163, 0.38461538461538464, 0.3856143856143856, 0.38461538461538464, 0.38461538461538464]}, "unstructured_test_brier_score": {"mean": 0.8217931257716149, "std": 0.025921416705773106, "std_err": 0.012960708352886553, "raw": [0.7951139022486385, 0.8451639934188813, 0.7880894136168904, 0.8284515018992279, 0.8521468176744362]}, "interpretability": {"num_predicates": {"mean": 7.0, "std": 2.0, "std_err": 2.0, "raw": [9, 5]}, "num_rules": {"mean": 3.5, "std": 0.5, "std_err": 0.5, "raw": [4, 3]}}, "learning_time": {"mean": 1.1436399459838866, "std": 0.0016976879462836365, "std_err": 0.0008488439731418182, "raw": [1.1456656455993652, 1.1456339359283447, 1.14170241355896, 1.142146348953247, 1.1430513858795166]}}, "noise_pct_100": {"structured_test_accuracy": {"mean": 0.384015984015984, "std": 0.0011988011988012027, "std_err": 0.0005994005994006012, "raw": [0.38161838161838163, 0.38461538461538464, 0.38461538461538464, 0.38461538461538464, 0.38461538461538464]}, "unstructured_test_accuracy": {"mean": 0.385014985014985, "std": 0.0007992007992007943, "std_err": 0.0003996003996003971, "raw": [0.3866133866133866, 0.38461538461538464, 0.38461538461538464, 0.38461538461538464, 0.38461538461538464]}, "unstructured_test_brier_score": {"mean": 0.8202504183264082, "std": 0.02782880383727757, "std_err": 0.013914401918638785, "raw": [0.7893762156052255, 0.8449142863479641, 0.7839544663376266, 0.8347990668788919, 0.8482080564623333]}, "interpretability": {"num_predicates": {"mean": 5.0, "std": 0.0, "std_err": NaN, "raw": [5]}, "num_rules": {"mean": 3.0, "std": 0.0, "std_err": NaN, "raw": [3]}}, "learning_time": {"mean": 1.143996286392212, "std": 0.00927613594991073, "std_err": 0.004638067974955364, "raw": [1.1399037837982178, 1.1396689414978027, 1.1378564834594727, 1.1400718688964844, 1.162480354309082]}}}