{"noise_pct_0": {"structured_test_accuracy": {"mean": 0.4585414528846741, "std": 0.048961234580576364, "std_err": 0.024480617290288182, "raw": [0.5314685106277466, 0.38461539149284363, 0.4825174808502197, 0.46053946018218994, 0.4335664212703705]}, "unstructured_test_accuracy": {"mean": 0.4585414528846741, "std": 0.048961234580576364, "std_err": 0.024480617290288182, "raw": [0.5314685106277466, 0.38461539149284363, 0.4825174808502197, 0.46053946018218994, 0.4335664212703705]}, "unstructured_test_brier_score": {"mean": 0.8337596600982563, "std": 0.03574625739750936, "std_err": 0.017873128698754678, "raw": [0.8143537197403998, 0.8390127357708361, 0.7780489117187426, 0.8538482937183056, 0.883534639542997]}, "interpretability": {"num_predicates": {"mean": 81.25, "std": 9.364160400164021, "std_err": 5.406400527769532, "raw": [84, 95, 76, 70]}, "num_rules": {"mean": 17.0, "std": 2.1213203435596424, "std_err": 1.224744871391589, "raw": [17, 20, 17, 14]}}, "learning_time": {"mean": 0.9405551433563233, "std": 0.03954862565217249, "std_err": 0.01977431282608624, "raw": [0.889805793762207, 0.9832239151000977, 0.9907569885253906, 0.9165771007537842, 0.9224119186401367]}}}