{"noise_pct_0": {"structured_test_accuracy": {"mean": 0.4665334665334665, "std": 0.05760001006874046, "std_err": 0.028800005034370225, "raw": [0.5324675324675324, 0.41858141858141856, 0.45454545454545453, 0.5334665334665335, 0.3936063936063936]}, "unstructured_test_accuracy": {"mean": 0.4665334665334665, "std": 0.05760001006874046, "std_err": 0.028800005034370225, "raw": [0.5324675324675324, 0.41858141858141856, 0.45454545454545453, 0.5334665334665335, 0.3936063936063936]}, "unstructured_test_brier_score": {"mean": 0.6517651681407072, "std": 0.016991087604688607, "std_err": 0.008495543802344303, "raw": [0.6366858420817284, 0.6708311652510002, 0.6641547614663565, 0.6267693899317198, 0.6603846819727313]}, "interpretability": {"num_predicates": {"mean": 60.8, "std": 20.311573055772907, "std_err": 10.155786527886454, "raw": [74, 32, 74, 83, 41]}, "num_rules": {"mean": 14.2, "std": 3.54400902933387, "std_err": 1.772004514666935, "raw": [17, 9, 16, 18, 11]}}, "learning_time": {"mean": 1.2596802711486816, "std": 0.22808514916595118, "std_err": 0.11404257458297558, "raw": [1.7158043384552002, 1.1466705799102783, 1.1508839130401611, 1.1440553665161133, 1.1409871578216553]}}}