{"noise_pct_10": {"accuracy": {"mean": 0.9200799200799201, "std": 0.0, "std_err": 0.0, "raw": [0.9200799200799201, 0.9200799200799201, 0.9200799200799201, 0.9200799200799201, 0.9200799200799201]}, "brier_score": {"mean": 0.10533525932210756, "std": 0.000789308085120397, "std_err": 0.0003946540425601985, "raw": [0.10394463017423797, 0.10591198429033713, 0.10496115454661042, 0.1058909354256862, 0.10596759217366608]}}, "noise_pct_20": {"accuracy": {"mean": 0.8405594405594405, "std": 0.0004894085400166568, "std_err": 0.0002447042700083284, "raw": [0.8411588411588412, 0.8401598401598401, 0.8401598401598401, 0.8411588411588412, 0.8401598401598401]}, "brier_score": {"mean": 0.20941461274769999, "std": 0.0007514167940703854, "std_err": 0.0003757083970351927, "raw": [0.20876532727810906, 0.2107124906288861, 0.20861488891890612, 0.20930838348718855, 0.2096719734254102]}}, "noise_pct_30": {"accuracy": {"mean": 0.7538461538461538, "std": 0.0007992007992007722, "std_err": 0.00039960039960038605, "raw": [0.7532467532467533, 0.7532467532467533, 0.7532467532467533, 0.7542457542457542, 0.7552447552447552]}, "brier_score": {"mean": 0.3177258558031638, "std": 0.0019422827209052628, "std_err": 0.0009711413604526314, "raw": [0.31864734878103873, 0.3196354247965469, 0.31954107612031, 0.31503007982475806, 0.31577534949316555]}}, "noise_pct_40": {"accuracy": {"mean": 0.667932067932068, "std": 0.0004894085400166024, "std_err": 0.0002447042700083012, "raw": [0.6683316683316683, 0.6673326673326674, 0.6683316683316683, 0.6683316683316683, 0.6673326673326674]}, "brier_score": {"mean": 0.4283171522003255, "std": 0.0008203780443620524, "std_err": 0.00041018902218102615, "raw": [0.42960471065190453, 0.4277712267808714, 0.42772113751521584, 0.427522046864514, 0.4289666391891217]}}, "noise_pct_50": {"accuracy": {"mean": 0.583016983016983, "std": 0.0007992007992007722, "std_err": 0.00039960039960038605, "raw": [0.5824175824175825, 0.5824175824175825, 0.5844155844155844, 0.5834165834165834, 0.5824175824175825]}, "brier_score": {"mean": 0.5436522611795758, "std": 0.002548909948755728, "std_err": 0.001274454974377864, "raw": [0.5462781689816527, 0.5444503433182855, 0.5388060439361286, 0.5438863025469217, 0.5448404471148907]}}, "noise_pct_60": {"accuracy": {"mean": 0.5046953046953047, "std": 0.0003996003996003861, "std_err": 0.00019980019980019302, "raw": [0.5044955044955045, 0.5044955044955045, 0.5054945054945055, 0.5044955044955045, 0.5044955044955045]}, "brier_score": {"mean": 0.6455128087612767, "std": 0.0014347237173060337, "std_err": 0.0007173618586530168, "raw": [0.6450870509532641, 0.6429035275637279, 0.6465142768178919, 0.6461890806711028, 0.6468701078003969]}}, "noise_pct_70": {"accuracy": {"mean": 0.4243756243756243, "std": 0.0017187463071014289, "std_err": 0.0008593731535507144, "raw": [0.42157842157842157, 0.4255744255744256, 0.4245754245754246, 0.42657342657342656, 0.42357642357642356]}, "brier_score": {"mean": 0.7572400203583113, "std": 0.0026420767583786916, "std_err": 0.0013210383791893458, "raw": [0.7598438673910602, 0.754868038267655, 0.760201657168885, 0.7535664918990882, 0.7577200470648678]}}, "noise_pct_80": {"accuracy": {"mean": 0.33986013986013985, "std": 0.0009788170800332254, "std_err": 0.0004894085400166127, "raw": [0.33966033966033965, 0.33966033966033965, 0.34165834165834164, 0.33966033966033965, 0.3386613386613387]}, "brier_score": {"mean": 0.8595918757577137, "std": 0.0014977880789247876, "std_err": 0.0007488940394623937, "raw": [0.8572426636745133, 0.8607377348368094, 0.8585158368514825, 0.860170598568394, 0.8612925448573684]}}, "noise_pct_90": {"accuracy": {"mean": 0.24935064935064935, "std": 0.0007992007992008069, "std_err": 0.00039960039960040345, "raw": [0.24875124875124874, 0.24975024975024976, 0.25074925074925075, 0.24875124875124874, 0.24875124875124874]}, "brier_score": {"mean": 0.9760991823055756, "std": 0.0022911875084044952, "std_err": 0.0011455937542022476, "raw": [0.9752328548226454, 0.97369287895561, 0.9750744666861864, 0.9804184829188466, 0.9760772281445895]}}, "noise_pct_100": {"accuracy": {"mean": 0.14525474525474527, "std": 0.026608706197141247, "std_err": 0.013304353098570624, "raw": [0.16383616383616384, 0.15984015984015984, 0.14485514485514486, 0.16383616383616384, 0.0939060939060939]}, "brier_score": {"mean": 1.1868616859607457, "std": 0.05173627606944722, "std_err": 0.025868138034723608, "raw": [1.2132207490090494, 1.2164427680493697, 1.0925283216376425, 1.1730615728294644, 1.239055018278202]}}}