{"noise_pct_10": {"accuracy": {"mean": 0.9088911088911088, "std": 0.0003996003996003861, "std_err": 0.00019980019980019302, "raw": [0.9090909090909091, 0.9090909090909091, 0.9090909090909091, 0.9080919080919081, 0.9090909090909091]}, "brier_score": {"mean": 0.1042957042957043, "std": 0.000489408540016616, "std_err": 0.00024470427000830797, "raw": [0.1038961038961039, 0.1038961038961039, 0.1038961038961039, 0.1048951048951049, 0.1048951048951049]}}, "noise_pct_20": {"accuracy": {"mean": 0.8149850149850151, "std": 0.0003996003996004305, "std_err": 0.00019980019980021525, "raw": [0.8151848151848152, 0.8151848151848152, 0.8151848151848152, 0.8141858141858141, 0.8151848151848152]}, "brier_score": {"mean": 0.2063936063936064, "std": 0.000489408540016616, "std_err": 0.00024470427000830797, "raw": [0.2057942057942058, 0.20679320679320679, 0.2057942057942058, 0.20679320679320679, 0.20679320679320679]}}, "noise_pct_30": {"accuracy": {"mean": 0.7214785214785214, "std": 0.0007475838934613016, "std_err": 0.0003737919467306508, "raw": [0.7222777222777222, 0.7212787212787213, 0.7202797202797203, 0.7212787212787213, 0.7222777222777222]}, "brier_score": {"mean": 0.3162837162837163, "std": 0.0014951677869226448, "std_err": 0.0007475838934613223, "raw": [0.3146853146853147, 0.3166833166833167, 0.31868131868131866, 0.3166833166833167, 0.3146853146853147]}}, "noise_pct_40": {"accuracy": {"mean": 0.6373626373626373, "std": 0.0008935336573425926, "std_err": 0.0004467668286712963, "raw": [0.6363636363636364, 0.6363636363636364, 0.6383616383616384, 0.6373626373626373, 0.6383616383616384]}, "brier_score": {"mean": 0.4191808191808192, "std": 0.0022427516803839743, "std_err": 0.001121375840191987, "raw": [0.42157842157842157, 0.4205794205794206, 0.4155844155844156, 0.4205794205794206, 0.4175824175824176]}}, "noise_pct_50": {"accuracy": {"mean": 0.5488511488511488, "std": 0.0007992007992008165, "std_err": 0.0003996003996004082, "raw": [0.5504495504495505, 0.5484515484515484, 0.5484515484515484, 0.5484515484515484, 0.5484515484515484]}, "brier_score": {"mean": 0.515084915084915, "std": 0.000799200799200811, "std_err": 0.00039960039960040545, "raw": [0.5144855144855145, 0.5144855144855145, 0.5144855144855145, 0.5154845154845155, 0.5164835164835165]}}, "noise_pct_60": {"accuracy": {"mean": 0.4619380619380619, "std": 0.0007992007992007916, "std_err": 0.00039960039960039575, "raw": [0.46053946053946054, 0.46253746253746253, 0.46253746253746253, 0.46253746253746253, 0.46153846153846156]}, "brier_score": {"mean": 0.6125874125874126, "std": 0.0007475838934613373, "std_err": 0.0003737919467306686, "raw": [0.6133866133866134, 0.6123876123876124, 0.6113886113886113, 0.6123876123876124, 0.6133866133866134]}}, "noise_pct_70": {"accuracy": {"mean": 0.3724275724275724, "std": 0.0011650253536154452, "std_err": 0.0005825126768077226, "raw": [0.3706293706293706, 0.37362637362637363, 0.37362637362637363, 0.3726273726273726, 0.37162837162837165]}, "brier_score": {"mean": 0.7156843156843157, "std": 0.0014951677869226507, "std_err": 0.0007475838934613252, "raw": [0.7172827172827173, 0.7152847152847153, 0.7152847152847153, 0.7132867132867133, 0.7172827172827173]}}, "noise_pct_80": {"accuracy": {"mean": 0.28371628371628377, "std": 0.001263647416650711, "std_err": 0.0006318237083253554, "raw": [0.28471528471528473, 0.28471528471528473, 0.2817182817182817, 0.2827172827172827, 0.28471528471528473]}, "brier_score": {"mean": 0.8135865283233998, "std": 0.0016231877596873257, "std_err": 0.0008115938798436628, "raw": [0.8121881093326674, 0.8151848151848152, 0.8151850917248918, 0.8141858141858141, 0.8111888111888111]}}, "noise_pct_90": {"accuracy": {"mean": 0.18981018981018982, "std": 0.0016716484046634874, "std_err": 0.0008358242023317436, "raw": [0.19080919080919082, 0.18981018981018982, 0.1918081918081918, 0.18981018981018982, 0.18681318681318682]}, "brier_score": {"mean": 0.9180819180819182, "std": 0.0016716484046635106, "std_err": 0.0008358242023317553, "raw": [0.919080919080919, 0.916083916083916, 0.916083916083916, 0.919080919080919, 0.9200799200799201]}}, "noise_pct_100": {"accuracy": {"mean": 0.1156843156843157, "std": 0.009506795007688567, "std_err": 0.0047533975038442835, "raw": [0.10989010989010989, 0.11988011988011989, 0.12387612387612387, 0.0999000999000999, 0.12487512487512488]}, "brier_score": {"mean": 1.1172790832900492, "std": 0.04630892563998704, "std_err": 0.02315446281999352, "raw": [1.1377732493748147, 1.1387184727744226, 1.1372541643290885, 1.024975024975025, 1.1476745049968957]}}}