{"noise_pct_10": {"accuracy": {"mean": 0.922877122877123, "std": 0.0007475838934613491, "std_err": 0.00037379194673067454, "raw": [0.9240759240759241, 0.922077922077922, 0.922077922077922, 0.9230769230769231, 0.9230769230769231]}, "brier_score": {"mean": 0.11377929179250265, "std": 0.0008964174140739924, "std_err": 0.0004482087070369961, "raw": [0.11274353937706696, 0.11480551153229976, 0.11474682631539136, 0.11379874049431465, 0.11280184124344057]}}, "noise_pct_20": {"accuracy": {"mean": 0.855944055944056, "std": 0.0007475838934613016, "std_err": 0.0003737919467306508, "raw": [0.8571428571428571, 0.8561438561438561, 0.8551448551448552, 0.8561438561438561, 0.8551448551448552]}, "brier_score": {"mean": 0.20952664722431041, "std": 0.001160563956589448, "std_err": 0.000580281978294724, "raw": [0.20879818431392708, 0.2097400349283936, 0.21069339475028992, 0.2076867580985681, 0.21071486403037343]}}, "noise_pct_30": {"accuracy": {"mean": 0.7814185814185814, "std": 0.0007475838934613491, "std_err": 0.00037379194673067454, "raw": [0.7812187812187812, 0.7822177822177823, 0.7802197802197802, 0.7812187812187812, 0.7822177822177823]}, "brier_score": {"mean": 0.32896717253020824, "std": 0.00219597445251544, "std_err": 0.0010979872262577197, "raw": [0.3299122705651357, 0.3259287624712293, 0.3320431361354707, 0.3298974688469939, 0.3270542246322115]}}, "noise_pct_40": {"accuracy": {"mean": 0.7036963036963038, "std": 0.001741817759656602, "std_err": 0.000870908879828301, "raw": [0.7012987012987013, 0.7042957042957043, 0.7042957042957043, 0.7062937062937062, 0.7022977022977023]}, "brier_score": {"mean": 0.44536427031568593, "std": 0.0015609224514277504, "std_err": 0.0007804612257138751, "raw": [0.44666186401336627, 0.4456019166229584, 0.4455925789773659, 0.44238071191514866, 0.44658428004959033]}}, "noise_pct_50": {"accuracy": {"mean": 0.622977022977023, "std": 0.001852870828270867, "std_err": 0.0009264354141354334, "raw": [0.6213786213786214, 0.6233766233766234, 0.6203796203796204, 0.6243756243756243, 0.6253746253746254]}, "brier_score": {"mean": 0.5672716728981515, "std": 0.00278590318412766, "std_err": 0.00139295159206383, "raw": [0.5717397517918349, 0.5654423917853812, 0.5692922513499178, 0.5644134709937338, 0.5654704985698903]}}, "noise_pct_60": {"accuracy": {"mean": 0.5454545454545455, "std": 0.001787067314685173, "std_err": 0.0008935336573425865, "raw": [0.5464535464535465, 0.5444555444555444, 0.5464535464535465, 0.5474525474525475, 0.5424575424575424]}, "brier_score": {"mean": 0.6858961785848849, "std": 0.0016130240632196502, "std_err": 0.0008065120316098251, "raw": [0.6842904044091062, 0.6881706703800564, 0.6840991414560805, 0.6856262176610414, 0.6872944590181399]}}, "noise_pct_70": {"accuracy": {"mean": 0.4647352647352648, "std": 0.0011650253536154471, "std_err": 0.0005825126768077236, "raw": [0.46353646353646355, 0.46353646353646355, 0.4645354645354645, 0.46553446553446554, 0.46653346653346656]}, "brier_score": {"mean": 0.8122558313877137, "std": 0.0026856689719054784, "std_err": 0.0013428344859527392, "raw": [0.811980652807151, 0.8158286649858408, 0.8117620723872048, 0.8139400226805107, 0.8077677440778616]}}, "noise_pct_80": {"accuracy": {"mean": 0.3856143856143856, "std": 0.0016716484046634908, "std_err": 0.0008358242023317453, "raw": [0.3856143856143856, 0.3866133866133866, 0.3856143856143856, 0.3876123876123876, 0.3826173826173826]}, "brier_score": {"mean": 0.9425720426392221, "std": 0.0029796609201631088, "std_err": 0.0014898304600815544, "raw": [0.9447492879313114, 0.9378459137587377, 0.9440993538457864, 0.9403938959422148, 0.9457717617180604]}}, "noise_pct_90": {"accuracy": {"mean": 0.2849150849150849, "std": 0.026577181950923512, "std_err": 0.013288590975461756, "raw": [0.2977022977022977, 0.2987012987012987, 0.23176823176823177, 0.2987012987012987, 0.2977022977022977]}, "brier_score": {"mean": 1.11123956525651, "std": 0.07140279199862837, "std_err": 0.03570139599931418, "raw": [1.0738895920387361, 1.0750202055865279, 1.254027388965473, 1.0759343757388593, 1.0773262639529526]}}, "noise_pct_100": {"accuracy": {"mean": 0.26053946053946053, "std": 0.02339795981466118, "std_err": 0.01169897990733059, "raw": [0.21678321678321677, 0.27372627372627373, 0.25574425574425574, 0.2777222777222777, 0.2787212787212787]}, "brier_score": {"mean": 1.1512521075766144, "std": 0.03613611525164838, "std_err": 0.01806805762582419, "raw": [1.2023782587843004, 1.1239907723239277, 1.1878756727880504, 1.1218211615652485, 1.120194672421546]}}}