{"noise_pct_10": {"accuracy": {"mean": 0.9408591408591407, "std": 0.0007475838934613016, "std_err": 0.0003737919467306508, "raw": [0.9410589410589411, 0.9410589410589411, 0.942057942057942, 0.9400599400599401, 0.9400599400599401]}, "brier_score": {"mean": 0.10085397661158368, "std": 0.0011105749445181716, "std_err": 0.0005552874722590858, "raw": [0.10060127313071027, 0.10245317092121492, 0.09963990923719449, 0.10180336186956758, 0.09977216789923117]}}, "noise_pct_20": {"accuracy": {"mean": 0.8807192807192805, "std": 0.001495167786922651, "std_err": 0.0007475838934613253, "raw": [0.8821178821178821, 0.8811188811188811, 0.8781218781218781, 0.8821178821178821, 0.8801198801198801]}, "brier_score": {"mean": 0.19237861920256658, "std": 0.0011879010003592416, "std_err": 0.0005939505001796208, "raw": [0.19450526777919824, 0.19233974816092816, 0.1916669084354664, 0.19095639009674176, 0.1924247815404982]}}, "noise_pct_30": {"accuracy": {"mean": 0.8155844155844155, "std": 0.0013551108857393142, "std_err": 0.0006775554428696571, "raw": [0.8171828171828172, 0.8171828171828172, 0.8141858141858141, 0.8151848151848152, 0.8141858141858141]}, "brier_score": {"mean": 0.2949661334848183, "std": 0.0012178054961628473, "std_err": 0.0006089027480814237, "raw": [0.295380724084338, 0.2936430415469998, 0.2956636996244189, 0.2966501998525614, 0.29349300231577363]}}, "noise_pct_40": {"accuracy": {"mean": 0.7576423576423577, "std": 0.0016231844964307745, "std_err": 0.0008115922482153872, "raw": [0.7572427572427572, 0.7552447552447552, 0.7572427572427572, 0.7582417582417582, 0.7602397602397603]}, "brier_score": {"mean": 0.38923646098574954, "std": 0.0011611343740303393, "std_err": 0.0005805671870151696, "raw": [0.3909678791633288, 0.3878546516744944, 0.38837859413039305, 0.3887945796853621, 0.3901866002751695]}}, "noise_pct_50": {"accuracy": {"mean": 0.6957042957042956, "std": 0.0010187851176009562, "std_err": 0.0005093925588004781, "raw": [0.6973026973026973, 0.6963036963036963, 0.6953046953046953, 0.6943056943056943, 0.6953046953046953]}, "brier_score": {"mean": 0.49201354012935106, "std": 0.003323999558641232, "std_err": 0.001661999779320616, "raw": [0.49144224894578353, 0.4864272535236303, 0.4924308462163892, 0.4930045286082015, 0.4967628233527507]}}, "noise_pct_60": {"accuracy": {"mean": 0.6437562437562437, "std": 0.003196803196803201, "std_err": 0.0015984015984016006, "raw": [0.6423576423576424, 0.6393606393606394, 0.6463536463536463, 0.6483516483516484, 0.6423576423576424]}, "brier_score": {"mean": 0.5795530760642006, "std": 0.0014063607648549116, "std_err": 0.0007031803824274558, "raw": [0.580511455659887, 0.5775910116008915, 0.5781995247370899, 0.5802263813064941, 0.5812370070166405]}}, "noise_pct_70": {"accuracy": {"mean": 0.5792207792207792, "std": 0.0011650253536154547, "std_err": 0.0005825126768077274, "raw": [0.5794205794205795, 0.5804195804195804, 0.5804195804195804, 0.5784215784215784, 0.5774225774225774]}, "brier_score": {"mean": 0.6860905202590942, "std": 0.00262879393645546, "std_err": 0.00131439696822773, "raw": [0.6860313809670139, 0.681021417673441, 0.6878690169772143, 0.6879654458674221, 0.6875653398103797]}}, "noise_pct_80": {"accuracy": {"mean": 0.5192807192807193, "std": 0.010636428894470461, "std_err": 0.0053182144472352305, "raw": [0.4985014985014985, 0.5254745254745254, 0.5274725274725275, 0.5244755244755245, 0.5204795204795205]}, "brier_score": {"mean": 0.7833986723687841, "std": 0.02053574421697107, "std_err": 0.010267872108485536, "raw": [0.8239931593742087, 0.7715686582835874, 0.7760871578163531, 0.7683623563075115, 0.7769820300622603]}}, "noise_pct_90": {"accuracy": {"mean": 0.45434565434565427, "std": 0.001937134808158365, "std_err": 0.0009685674040791824, "raw": [0.45354645354645357, 0.4565434565434565, 0.45354645354645357, 0.4565434565434565, 0.4515484515484515]}, "brier_score": {"mean": 0.8858136341284825, "std": 0.0057582617142509325, "std_err": 0.0028791308571254662, "raw": [0.8891506414082789, 0.8907163464673925, 0.880546299950408, 0.8773112694804633, 0.8913436133358691]}}, "noise_pct_100": {"accuracy": {"mean": 0.3866133866133866, "std": 0.05358595170476651, "std_err": 0.026792975852383254, "raw": [0.2817182817182817, 0.4205794205794206, 0.41858141858141856, 0.4205794205794206, 0.3916083916083916]}, "brier_score": {"mean": 0.9917967253890124, "std": 0.09061755537866233, "std_err": 0.04530877768933116, "raw": [1.1680541221511835, 0.9382887974656796, 0.9385772172311024, 0.9263852551575092, 0.9876782349395875]}}}