{"noise_pct_10": {"accuracy": {"mean": 0.9358641358641357, "std": 0.0003996003996003861, "std_err": 0.00019980019980019302, "raw": [0.936063936063936, 0.935064935064935, 0.936063936063936, 0.936063936063936, 0.936063936063936]}, "brier_score": {"mean": 0.10009862958674412, "std": 0.0003029809928889249, "std_err": 0.00015149049644446247, "raw": [0.09993818651970235, 0.09976211325492784, 0.10035235963755837, 0.09988405756088198, 0.10055643096065005]}}, "noise_pct_20": {"accuracy": {"mean": 0.8741258741258742, "std": 0.0006318237083253642, "std_err": 0.0003159118541626821, "raw": [0.8741258741258742, 0.8751248751248751, 0.8741258741258742, 0.8741258741258742, 0.8731268731268731]}, "brier_score": {"mean": 0.19451828272420507, "std": 0.0005216503145723513, "std_err": 0.00026082515728617563, "raw": [0.19384566531748992, 0.19466276880087138, 0.1940656077761257, 0.19469135341529545, 0.1953260183112429]}}, "noise_pct_30": {"accuracy": {"mean": 0.8039960039960039, "std": 0.0003996003996003861, "std_err": 0.00019980019980019302, "raw": [0.8041958041958042, 0.8041958041958042, 0.8031968031968032, 0.8041958041958042, 0.8041958041958042]}, "brier_score": {"mean": 0.30837179787917035, "std": 0.0006723054309061524, "std_err": 0.00033615271545307617, "raw": [0.3088024779713247, 0.30732972919646623, 0.30921130484270454, 0.3086167578725349, 0.3078987195128216]}}, "noise_pct_40": {"accuracy": {"mean": 0.7484515484515485, "std": 0.0003996003996004305, "std_err": 0.00019980019980021525, "raw": [0.7482517482517482, 0.7492507492507493, 0.7482517482517482, 0.7482517482517482, 0.7482517482517482]}, "brier_score": {"mean": 0.3975311417299322, "std": 0.0009294198977472553, "std_err": 0.0004647099488736276, "raw": [0.3977997324209444, 0.397522507476745, 0.39600447795575283, 0.3974181994766959, 0.3989107913195231]}}, "noise_pct_50": {"accuracy": {"mean": 0.6635364635364636, "std": 0.03607707841926607, "std_err": 0.018038539209633036, "raw": [0.5914085914085914, 0.6803196803196803, 0.6813186813186813, 0.6813186813186813, 0.6833166833166833]}, "brier_score": {"mean": 0.5346573718117211, "std": 0.06186146831299424, "std_err": 0.030930734156497115, "raw": [0.6583664804608719, 0.5034098343779874, 0.5046443921138489, 0.5046904362142585, 0.5021757158916389]}}, "noise_pct_60": {"accuracy": {"mean": 0.6083916083916083, "std": 0.032982165872565805, "std_err": 0.0164910829362829, "raw": [0.5424575424575424, 0.6233766233766234, 0.6243756243756243, 0.6253746253746254, 0.6263736263736264]}, "brier_score": {"mean": 0.6181937942074359, "std": 0.05438744636668409, "std_err": 0.027193723183342046, "raw": [0.7269463944051033, 0.5919603156234918, 0.5920455115618887, 0.5910281136059405, 0.5889886358407559]}}, "noise_pct_70": {"accuracy": {"mean": 0.5404595404595405, "std": 0.021978021978021966, "std_err": 0.010989010989010983, "raw": [0.4965034965034965, 0.5514485514485514, 0.5514485514485514, 0.5514485514485514, 0.5514485514485514]}, "brier_score": {"mean": 0.7280853295249443, "std": 0.028390759991855988, "std_err": 0.014195379995927992, "raw": [0.7848508550927763, 0.7127365042340285, 0.7148454213699338, 0.7140414232321953, 0.7139524436957876]}}, "noise_pct_80": {"accuracy": {"mean": 0.46573426573426574, "std": 0.01729628220405927, "std_err": 0.008648141102029636, "raw": [0.44455544455544455, 0.4805194805194805, 0.47952047952047955, 0.44455544455544455, 0.47952047952047955]}, "brier_score": {"mean": 0.8392700496660304, "std": 0.016690673334649426, "std_err": 0.008345336667324713, "raw": [0.8588998881728539, 0.8250967527204086, 0.8262309802911344, 0.8604956945702213, 0.8256269325755343]}}, "noise_pct_90": {"accuracy": {"mean": 0.4001998001998002, "std": 0.006704480214011007, "std_err": 0.0033522401070055037, "raw": [0.3916083916083916, 0.4045954045954046, 0.4045954045954046, 0.3926073926073926, 0.4075924075924076]}, "brier_score": {"mean": 0.9429605569042568, "std": 0.0023103598264088802, "std_err": 0.0011551799132044401, "raw": [0.9413298373836237, 0.9439736128205797, 0.9464005412321866, 0.939653737701442, 0.9434450553834518]}}, "noise_pct_100": {"accuracy": {"mean": 0.3382617382617382, "std": 0.0016231844964307621, "std_err": 0.0008115922482153811, "raw": [0.34065934065934067, 0.33766233766233766, 0.3386613386613387, 0.3386613386613387, 0.3356643356643357]}, "brier_score": {"mean": 1.0364532524229617, "std": 0.020422776874897915, "std_err": 0.010211388437448957, "raw": [1.0078726965904443, 1.0533768906786622, 1.0525616493329342, 1.0153489125994883, 1.0531061129132804]}}}