{"noise_pct_10": {"structured_test_accuracy": {"mean": 0.503, "std": 0.012457929201917961, "std_err": 0.00622896460095898, "raw": [0.525, 0.504, 0.49, 0.492, 0.504]}, "unstructured_test_accuracy": {"mean": 0.5024, "std": 0.017917589123540047, "std_err": 0.008958794561770024, "raw": [0.535, 0.501, 0.486, 0.486, 0.504]}, "unstructured_test_brier_score": {"mean": 0.9952, "std": 0.03583517824708005, "std_err": 0.017917589123540027, "raw": [0.93, 0.998, 1.028, 1.028, 0.992]}, "interpretability": {"num_predicates": {"mean": 336.4, "std": 44.31974729169831, "std_err": 22.159873645849157, "raw": [276, 412, 347, 321, 326]}, "num_rules": {"mean": 49.2, "std": 3.1874754901018454, "std_err": 1.5937377450509227, "raw": [44, 52, 52, 47, 51]}}, "learning_time": {"mean": 1.044306707382202, "std": 0.001991114364658695, "std_err": 0.0009955571823293476, "raw": [1.0425176620483398, 1.0419323444366455, 1.0471463203430176, 1.0439574718475342, 1.0459797382354736]}}, "noise_pct_20": {"structured_test_accuracy": {"mean": 0.5039999999999999, "std": 0.015962455951387945, "std_err": 0.007981227975693972, "raw": [0.527, 0.508, 0.513, 0.486, 0.486]}, "unstructured_test_accuracy": {"mean": 0.5076, "std": 0.013617635624439373, "std_err": 0.0068088178122196865, "raw": [0.529, 0.51, 0.513, 0.495, 0.491]}, "unstructured_test_brier_score": {"mean": 0.9847999999999999, "std": 0.027235271248878746, "std_err": 0.013617635624439373, "raw": [0.942, 0.98, 0.974, 1.01, 1.018]}, "interpretability": {"num_predicates": {"mean": 356.8, "std": 22.139557357815445, "std_err": 11.069778678907722, "raw": [378, 382, 359, 323, 342]}, "num_rules": {"mean": 52.8, "std": 1.9390719429665315, "std_err": 0.9695359714832658, "raw": [55, 52, 55, 52, 50]}}, "learning_time": {"mean": 1.0444437503814696, "std": 0.000732948109830317, "std_err": 0.0003664740549151585, "raw": [1.0441555976867676, 1.043834924697876, 1.0458853244781494, 1.0441169738769531, 1.0442259311676025]}}, "noise_pct_30": {"structured_test_accuracy": {"mean": 0.5040000000000001, "std": 0.01738965209542734, "std_err": 0.00869482604771367, "raw": [0.534, 0.512, 0.488, 0.488, 0.498]}, "unstructured_test_accuracy": {"mean": 0.49939999999999996, "std": 0.0127530388535439, "std_err": 0.006376519426771949, "raw": [0.522, 0.505, 0.492, 0.489, 0.489]}, "unstructured_test_brier_score": {"mean": 1.0012, "std": 0.0255060777070878, "std_err": 0.012753038853543898, "raw": [0.956, 0.99, 1.016, 1.022, 1.022]}, "interpretability": {"num_predicates": {"mean": 376.4, "std": 46.34479474547277, "std_err": 23.172397372736384, "raw": [337, 381, 312, 419, 433]}, "num_rules": {"mean": 53.6, "std": 4.127953488110059, "std_err": 2.063976744055029, "raw": [50, 52, 49, 59, 58]}}, "learning_time": {"mean": 1.064756202697754, "std": 0.020680014563177834, "std_err": 0.010340007281588917, "raw": [1.1018028259277344, 1.0486578941345215, 1.0566556453704834, 1.0717217922210693, 1.044942855834961]}}, "noise_pct_40": {"structured_test_accuracy": {"mean": 0.49939999999999996, "std": 0.013937001112147488, "std_err": 0.006968500556073744, "raw": [0.523, 0.504, 0.49, 0.498, 0.482]}, "unstructured_test_accuracy": {"mean": 0.5044, "std": 0.016894969665554316, "std_err": 0.008447484832777158, "raw": [0.537, 0.496, 0.489, 0.497, 0.503]}, "unstructured_test_brier_score": {"mean": 0.9912000000000001, "std": 0.03378993933110859, "std_err": 0.016894969665554295, "raw": [0.926, 1.008, 1.022, 1.006, 0.994]}, "interpretability": {"num_predicates": {"mean": 335.0, "std": 24.22395508582362, "std_err": 12.11197754291181, "raw": [327, 342, 299, 374, 333]}, "num_rules": {"mean": 49.4, "std": 2.244994432064365, "std_err": 1.1224972160321824, "raw": [50, 50, 45, 51, 51]}}, "learning_time": {"mean": 1.060855770111084, "std": 0.01947681986455017, "std_err": 0.009738409932275085, "raw": [1.083634853363037, 1.048530101776123, 1.043522834777832, 1.0855302810668945, 1.0430607795715332]}}, "noise_pct_50": {"structured_test_accuracy": {"mean": 0.5052, "std": 0.012448293055676359, "std_err": 0.006224146527838179, "raw": [0.521, 0.499, 0.518, 0.488, 0.5]}, "unstructured_test_accuracy": {"mean": 0.5014000000000001, "std": 0.008309031231136403, "std_err": 0.0041545156155682016, "raw": [0.505, 0.497, 0.516, 0.493, 0.496]}, "unstructured_test_brier_score": {"mean": 0.9972, "std": 0.016618062462272806, "std_err": 0.008309031231136403, "raw": [0.99, 1.006, 0.968, 1.014, 1.008]}, "interpretability": {"num_predicates": {"mean": 355.6, "std": 23.508296407864183, "std_err": 11.754148203932091, "raw": [373, 335, 328, 391, 351]}, "num_rules": {"mean": 52.0, "std": 0.8944271909999159, "std_err": 0.4472135954999579, "raw": [53, 51, 52, 51, 53]}}, "learning_time": {"mean": 1.0554410934448242, "std": 0.014287537255952066, "std_err": 0.007143768627976032, "raw": [1.0561745166778564, 1.082901954650879, 1.046745777130127, 1.0460906028747559, 1.045292615890503]}}, "noise_pct_60": {"structured_test_accuracy": {"mean": 0.504, "std": 0.00933809402394301, "std_err": 0.0046690470119715045, "raw": [0.52, 0.503, 0.507, 0.493, 0.497]}, "unstructured_test_accuracy": {"mean": 0.5052000000000001, "std": 0.010457533169921106, "std_err": 0.005228766584960553, "raw": [0.522, 0.512, 0.493, 0.498, 0.501]}, "unstructured_test_brier_score": {"mean": 0.9895999999999999, "std": 0.020915066339842213, "std_err": 0.010457533169921106, "raw": [0.956, 0.976, 1.014, 1.004, 0.998]}, "interpretability": {"num_predicates": {"mean": 360.8, "std": 45.77073300702098, "std_err": 22.88536650351049, "raw": [326, 450, 357, 338, 333]}, "num_rules": {"mean": 51.8, "std": 3.8678159211627436, "std_err": 1.9339079605813716, "raw": [48, 59, 49, 52, 51]}}, "learning_time": {"mean": 1.0448673725128175, "std": 0.0015561679875130748, "std_err": 0.0007780839937565374, "raw": [1.0432662963867188, 1.0451161861419678, 1.0444257259368896, 1.0438048839569092, 1.0477237701416016]}}, "noise_pct_70": {"structured_test_accuracy": {"mean": 0.4974, "std": 0.018028865743579117, "std_err": 0.009014432871789558, "raw": [0.529, 0.481, 0.506, 0.485, 0.486]}, "unstructured_test_accuracy": {"mean": 0.5088, "std": 0.017701977290687065, "std_err": 0.008850988645343533, "raw": [0.542, 0.508, 0.49, 0.505, 0.499]}, "unstructured_test_brier_score": {"mean": 0.9823999999999999, "std": 0.03540395458137409, "std_err": 0.017701977290687045, "raw": [0.916, 0.984, 1.02, 0.99, 1.002]}, "interpretability": {"num_predicates": {"mean": 333.4, "std": 26.41666140904259, "std_err": 13.208330704521295, "raw": [364, 327, 287, 352, 337]}, "num_rules": {"mean": 49.4, "std": 2.5768197453450252, "std_err": 1.2884098726725124, "raw": [52, 48, 45, 51, 51]}}, "learning_time": {"mean": 1.0439546585083008, "std": 0.0004942011114943437, "std_err": 0.00024710055574717185, "raw": [1.0444939136505127, 1.0430474281311035, 1.043874979019165, 1.0441980361938477, 1.044158935546875]}}, "noise_pct_80": {"structured_test_accuracy": {"mean": 0.49660000000000004, "std": 0.017715529910222856, "std_err": 0.008857764955111428, "raw": [0.525, 0.507, 0.491, 0.474, 0.486]}, "unstructured_test_accuracy": {"mean": 0.5068, "std": 0.016054905792311596, "std_err": 0.008027452896155798, "raw": [0.535, 0.511, 0.502, 0.487, 0.499]}, "unstructured_test_brier_score": {"mean": 0.9863999999999999, "std": 0.03210981158462316, "std_err": 0.01605490579231158, "raw": [0.93, 0.978, 0.996, 1.026, 1.002]}, "interpretability": {"num_predicates": {"mean": 391.6, "std": 30.003999733368882, "std_err": 15.001999866684441, "raw": [358, 446, 377, 379, 398]}, "num_rules": {"mean": 54.4, "std": 2.5768197453450252, "std_err": 1.2884098726725124, "raw": [53, 57, 56, 50, 56]}}, "learning_time": {"mean": 1.0447354316711426, "std": 0.0008750374625757605, "std_err": 0.0004375187312878802, "raw": [1.045663595199585, 1.0446820259094238, 1.0432028770446777, 1.0446176528930664, 1.04551100730896]}}, "noise_pct_90": {"structured_test_accuracy": {"mean": 0.49659999999999993, "std": 0.009200000000000009, "std_err": 0.004600000000000004, "raw": [0.498, 0.48, 0.495, 0.504, 0.506]},