{"noise_pct_0": {"structured_test_accuracy": {"mean": 0.49479999999999996, "std": 0.017022338264762585, "std_err": 0.008511169132381292, "raw": [0.522, 0.473, 0.505, 0.485, 0.489]}, "unstructured_test_accuracy": {"mean": 0.4948, "std": 0.01401998573465752, "std_err": 0.007009992867328759, "raw": [0.519, 0.481, 0.502, 0.486, 0.486]}, "unstructured_test_brier_score": {"mean": 1.0104, "std": 0.02803997146931504, "std_err": 0.014019985734657518, "raw": [0.962, 1.038, 0.996, 1.028, 1.028]}, "interpretability": {"num_predicates": {"mean": 365.2, "std": 38.74222502644886, "std_err": 19.37111251322443, "raw": [431, 338, 323, 349, 385]}, "num_rules": {"mean": 52.6, "std": 2.6532998322843198, "std_err": 1.3266499161421597, "raw": [57, 50, 50, 52, 54]}}, "learning_time": {"mean": 1.091888189315796, "std": 0.019163496337526398, "std_err": 0.009581748168763199, "raw": [1.1232633590698242, 1.0832467079162598, 1.097440481185913, 1.0645875930786133, 1.0909028053283691]}}}