{"noise_pct_10": {"accuracy": {"mean": 0.8438000000000001, "std": 0.05251057036445138, "std_err": 0.02625528518222569, "raw": [0.782, 0.893, 0.862, 0.781, 0.901]}, "brier_score": {"mean": 0.2584574329898912, "std": 0.11697348022385497, "std_err": 0.05848674011192748, "raw": [0.3974004213747239, 0.1458122358123741, 0.2149911084656783, 0.39815840391244683, 0.1359249953842329]}}, "noise_pct_20": {"accuracy": {"mean": 0.8462, "std": 0.02604918424826389, "std_err": 0.013024592124131944, "raw": [0.819, 0.866, 0.81, 0.868, 0.868]}, "brier_score": {"mean": 0.2441820503494366, "std": 0.0513518853823065, "std_err": 0.025675942691153246, "raw": [0.3015104212267088, 0.20208601790359773, 0.3123314723635422, 0.2007794607311725, 0.20420287952216176]}}, "noise_pct_30": {"accuracy": {"mean": 0.7411999999999999, "std": 0.04881557128621971, "std_err": 0.024407785643109855, "raw": [0.728, 0.705, 0.681, 0.816, 0.776]}, "brier_score": {"mean": 0.4578943734424225, "std": 0.10828110883975452, "std_err": 0.05414055441987725, "raw": [0.49963253407690333, 0.5278006178325646, 0.5913624573646832, 0.28983406291328545, 0.38084219502467603]}}, "noise_pct_40": {"accuracy": {"mean": 0.7272, "std": 0.04057289735771898, "std_err": 0.020286448678859495, "raw": [0.696, 0.737, 0.666, 0.767, 0.77]}, "brier_score": {"mean": 0.4749803472461334, "std": 0.09392812930660073, "std_err": 0.046964064653300365, "raw": [0.5465016185008202, 0.4498279512013286, 0.6177142854809311, 0.3878994812051834, 0.37295839984240364]}}, "noise_pct_50": {"accuracy": {"mean": 0.6956, "std": 0.03177168550769692, "std_err": 0.01588584275384846, "raw": [0.677, 0.653, 0.731, 0.734, 0.683]}, "brier_score": {"mean": 0.530245165010054, "std": 0.07784283451159824, "std_err": 0.03892141725579912, "raw": [0.5842555805175046, 0.6387762740506588, 0.4537251268091062, 0.4322514994506725, 0.542217344222328]}}, "noise_pct_60": {"accuracy": {"mean": 0.6704000000000001, "std": 0.01721162397916011, "std_err": 0.008605811989580055, "raw": [0.676, 0.657, 0.648, 0.698, 0.673]}, "brier_score": {"mean": 0.5806369285691553, "std": 0.05552328611204757, "std_err": 0.027761643056023782, "raw": [0.5684445963585931, 0.6363784961130727, 0.649205352852561, 0.5003749215030616, 0.5487812760184879]}}, "noise_pct_70": {"accuracy": {"mean": 0.6406000000000001, "std": 0.015806327846783402, "std_err": 0.007903163923391701, "raw": [0.619, 0.638, 0.665, 0.65, 0.631]}, "brier_score": {"mean": 0.6471802810948869, "std": 0.05114029100508428, "std_err": 0.02557014550254214, "raw": [0.7372185710484348, 0.657873978427739, 0.5827316278273643, 0.6243733740992502, 0.6337038540716462]}}, "noise_pct_80": {"accuracy": {"mean": 0.6013999999999999, "std": 0.01497464523786792, "std_err": 0.00748732261893396, "raw": [0.602, 0.606, 0.579, 0.625, 0.595]}, "brier_score": {"mean": 0.7051193361825991, "std": 0.037546101824290225, "std_err": 0.018773050912145112, "raw": [0.7077077316434232, 0.7050892997360324, 0.7654485599596496, 0.6469846395799099, 0.7003664499939803]}}, "noise_pct_90": {"accuracy": {"mean": 0.5740000000000001, "std": 0.009695359714832668, "std_err": 0.004847679857416333, "raw": [0.565, 0.592, 0.568, 0.576, 0.569]}, "brier_score": {"mean": 0.7561240929348674, "std": 0.011668683660603594, "std_err": 0.005834341830301796, "raw": [0.7635423555186996, 0.7440461247571202, 0.7752859379831817, 0.746930006640858, 0.7508160397744773]}}, "noise_pct_100": {"accuracy": {"mean": 0.5774, "std": 0.020303694245136738, "std_err": 0.010151847122568369, "raw": [0.554, 0.593, 0.58, 0.605, 0.555]}, "brier_score": {"mean": 0.7521725279890281, "std": 0.03228052555112927, "std_err": 0.01614026277556464, "raw": [0.7576103607061991, 0.7323248841041393, 0.7623191787314245, 0.7059583696761988, 0.8026498467271785]}}}