{"noise_pct_0": {"accuracy": {"mean": 0.9314, "std": 0.008845337754998349, "std_err": 0.004422668877499174, "raw": [0.924, 0.942, 0.941, 0.93, 0.92]}, "brier_score": {"mean": 0.07113402085288201, "std": 0.008697611187667162, "std_err": 0.00434880559383358, "raw": [0.0784032936195814, 0.06086703562431944, 0.06149877035266985, 0.07258455120302332, 0.08231645346481604]}}}