{"noise_pct_80": {"accuracy": {"mean": 0.77, "std": 0.24919871588754228, "std_err": 0.03559981655536318, "raw": [0.5, 1.0, 0.5, 1.0, 1.0, 0.5, 1.0, 0.5, 0.5, 1.0, 1.0, 1.0, 0.5, 0.5, 0.5, 0.5, 1.0, 0.5, 0.5, 1.0, 1.0, 1.0, 1.0, 1.0, 0.5, 1.0, 1.0, 0.5, 1.0, 0.5, 1.0, 1.0, 1.0, 0.5, 0.5, 1.0, 1.0, 0.5, 1.0, 1.0, 1.0, 0.5, 0.5, 1.0, 1.0, 1.0, 0.5, 0.5, 0.5, 0.5]}, "interpretability": {"num_rules": {"mean": 3.62, "std": 0.66, "std_err": 0.09428571428571428, "raw": [4, 4, 2, 4, 4, 3, 4, 4, 4, 4, 4, 4, 3, 4, 3, 3, 4, 2, 2, 4, 4, 4, 4, 4, 3, 4, 4, 4, 4, 3, 4, 4, 4, 4, 4, 4, 4, 4, 4, 4, 4, 3, 4, 4, 4, 4, 2, 3, 2, 3]}, "num_predicates": {"mean": 3.62, "std": 0.66, "std_err": 0.09428571428571428, "raw": [4, 4, 2, 4, 4, 3, 4, 4, 4, 4, 4, 4, 3, 4, 3, 3, 4, 2, 2, 4, 4, 4, 4, 4, 3, 4, 4, 4, 4, 3, 4, 4, 4, 4, 4, 4, 4, 4, 4, 4, 4, 3, 4, 4, 4, 4, 2, 3, 2, 3]}}, "learning_time": {"mean": 100.84643009185791, "std": 6.632044550669404, "std_err": 0.9474349358099149, "raw": [105.84115648269653, 105.15238952636719, 106.32059335708618, 108.32884621620178, 97.91262292861938, 108.28198003768921, 94.3900978565216, 110.06177139282227, 105.75045561790466, 97.68822121620178, 127.59970760345459, 103.73447585105896, 103.73886942863464, 107.06271362304688, 109.15034651756287, 98.05242586135864, 94.00394582748413, 94.22965049743652, 99.66278719902039, 91.6222791671753, 90.08540105819702, 103.28996515274048, 96.73236393928528, 94.47236728668213, 94.86324620246887, 105.38250041007996, 94.73119139671326, 103.29541349411011, 93.40638303756714, 94.23020625114441, 95.74631977081299, 100.14069414138794, 102.71634316444397, 102.59532451629639, 96.6089563369751, 99.11824107170105, 106.71030879020691, 96.64533472061157, 97.39571070671082, 103.16228723526001, 97.55409169197083, 94.34038519859314, 104.15234279632568, 104.02115154266357, 103.21990036964417, 104.82226896286011, 102.73600387573242, 86.3143470287323, 101.60390400886536, 103.64321422576904]}}, "noise_pct_85": {"accuracy": {"mean": 0.6, "std": 0.2, "std_err": 0.028571428571428567, "raw": [0.5, 1.0, 0.5, 0.5, 0.5, 0.5, 0.5, 0.5, 0.5, 1.0, 0.5, 0.5, 0.5, 0.5, 0.5, 0.5, 1.0, 0.5, 0.5, 1.0, 0.5, 1.0, 0.5, 1.0, 0.5, 1.0, 1.0, 0.5, 0.5, 0.5, 0.5, 1.0, 0.5, 0.5, 0.5, 0.5, 0.5, 0.5, 0.5, 0.5, 0.5, 0.5, 0.5, 0.5, 1.0, 0.5, 0.5, 0.5, 0.5, 0.5]}, "interpretability": {"num_rules": {"mean": 3.4, "std": 0.7483314773547883, "std_err": 0.10690449676496974, "raw": [4, 4, 2, 2, 2, 3, 3, 4, 4, 4, 3, 3, 3, 4, 3, 3, 4, 2, 2, 4, 4, 4, 4, 4, 3, 4, 4, 4, 4, 3, 4, 4, 3, 4, 4, 3, 4, 4, 4, 4, 4, 3, 4, 4, 4, 2, 2, 3, 2, 3]}, "num_predicates": {"mean": 3.4, "std": 0.7483314773547883, "std_err": 0.10690449676496974, "raw": [4, 4, 2, 2, 2, 3, 3, 4, 4, 4, 3, 3, 3, 4, 3, 3, 4, 2, 2, 4, 4, 4, 4, 4, 3, 4, 4, 4, 4, 3, 4, 4, 3, 4, 4, 3, 4, 4, 4, 4, 4, 3, 4, 4, 4, 2, 2, 3, 2, 3]}}, "learning_time": {"mean": 96.60155358791351, "std": 4.27513345671652, "std_err": 0.6107333509595028, "raw": [101.5368082523346, 99.05582427978516, 95.04533958435059, 94.03471899032593, 101.32700896263123, 95.72654461860657, 98.4096417427063, 100.17564225196838, 99.37850785255432, 88.00215363502502, 108.2719521522522, 94.72590208053589, 95.99437403678894, 98.5624406337738, 95.76790428161621, 98.80640697479248, 90.72215342521667, 98.01087808609009, 96.53805160522461, 89.65023636817932, 88.13539695739746, 88.58354997634888, 98.88631319999695, 92.62932205200195, 93.87730956077576, 96.9651391506195, 93.39829611778259, 98.69768285751343, 95.10934853553772, 95.0448865890503, 89.64100909233093, 100.1059103012085, 100.47347259521484, 95.5485270023346, 97.71303987503052, 101.39950966835022, 103.10563516616821, 93.93500995635986, 102.50813341140747, 92.69491910934448, 100.34072375297546, 101.6799852848053, 99.73831462860107, 96.82259750366211, 97.2143886089325, 95.14371013641357, 99.19978260993958, 88.25591087341309, 94.98146224021912, 98.5059027671814]}}, "noise_pct_90": {"accuracy": {"mean": 0.52, "std": 0.09797958971132714, "std_err": 0.013997084244475306, "raw": [0.5, 0.5, 0.5, 0.5, 0.5, 0.5, 0.5, 0.5, 0.5, 1.0, 0.5, 0.5, 0.5, 0.5, 0.5, 0.5, 0.5, 0.5, 0.5, 0.5, 0.5, 0.5, 0.5, 0.5, 0.5, 0.5, 1.0, 0.5, 0.5, 0.5, 0.5, 0.5, 0.5, 0.5, 0.5, 0.5, 0.5, 0.5, 0.5, 0.5, 0.5, 0.5, 0.5, 0.5, 0.5, 0.5, 0.5, 0.5, 0.5, 0.5]}, "interpretability": {"num_rules": {"mean": 3.3, "std": 0.7280109889280517, "std_err": 0.10400156984686454, "raw": [4, 4, 2, 2, 2, 3, 3, 4, 4, 4, 3, 3, 3, 4, 3, 3, 3, 2, 2, 3, 4, 4, 4, 4, 3, 3, 4, 4, 4, 3, 4, 3, 3, 4, 4, 3, 4, 4, 4, 4, 4, 3, 4, 4, 3, 2, 2, 3, 2, 3]}, "num_predicates": {"mean": 3.3, "std": 0.7280109889280517, "std_err": 0.10400156984686454, "raw": [4, 4, 2, 2, 2, 3, 3, 4, 4, 4, 3, 3, 3, 4, 3, 3, 3, 2, 2, 3, 4, 4, 4, 4, 3, 3, 4, 4, 4, 3, 4, 3, 3, 4, 4, 3, 4, 4, 4, 4, 4, 3, 4, 4, 3, 2, 2, 3, 2, 3]}}, "learning_time": {"mean": 95.30517330169678, "std": 5.038988509607231, "std_err": 0.7198555013724616, "raw": [100.99975872039795, 92.42468428611755, 98.39679598808289, 98.91935586929321, 96.12322974205017, 98.67252779006958, 94.73910665512085, 99.14210057258606, 90.11177062988281, 88.91978335380554, 108.763254404068, 97.90029454231262, 94.64987421035767, 100.42646598815918, 92.45809149742126, 101.30743861198425, 90.98612213134766, 101.28136801719666, 101.02933835983276, 100.55839419364929, 87.466876745224, 94.71660351753235, 87.06593632698059, 95.25589370727539, 95.02213311195374, 99.09845542907715, 94.55821084976196, 98.36336016654968, 88.49951839447021, 87.94176316261292, 96.15933299064636, 95.39778304100037, 97.88672041893005, 98.40681552886963, 93.2839469909668, 93.9581401348114, 97.49555730819702, 94.30572748184204, 98.89107131958008, 87.67327666282654, 96.11829447746277, 89.79728102684021, 88.30968856811523, 98.74102926254272, 99.60676884651184, 90.97360134124756, 99.09709644317627, 81.75789737701416, 90.49740195274353, 101.10272693634033]}}, "noise_pct_95": {"accuracy": {"mean": 0.5, "std": 0.0, "std_err": 0.0, "raw": [0.5, 0.5, 0.5, 0.5, 0.5, 0.5, 0.5, 0.5, 0.5, 0.5, 0.5, 0.5, 0.5, 0.5, 0.5, 0.5, 0.5, 0.5, 0.5, 0.5, 0.5, 0.5, 0.5, 0.5, 0.5, 0.5, 0.5, 0.5, 0.5, 0.5, 0.5, 0.5, 0.5, 0.5, 0.5, 0.5, 0.5, 0.5, 0.5, 0.5, 0.5, 0.5, 0.5, 0.5, 0.5, 0.5, 0.5, 0.5, 0.5, 0.5]}, "interpretability": {"num_rules": {"mean": 3.28, "std": 0.7493997598078078, "std_err": 0.10705710854397255, "raw": [4, 4, 2, 2, 2, 3, 3, 4, 4, 4, 3, 3, 3, 4, 3, 3, 3, 2, 2, 2, 4, 4, 4, 4, 3, 3, 4, 4, 4, 3, 4, 3, 3, 4, 4, 3, 4, 4, 4, 4, 4, 3, 4, 4, 3, 2, 2, 3, 2, 3]}, "num_predicates": {"mean": 3.28, "std": 0.7493997598078078, "std_err": 0.10705710854397255, "raw": [4, 4, 2, 2, 2, 3, 3, 4, 4, 4, 3, 3, 3, 4, 3, 3, 3, 2, 2, 2, 4, 4, 4, 4, 3, 3, 4, 4, 4, 3, 4, 3, 3, 4, 4, 3, 4, 4, 4, 4, 4, 3, 4, 4, 3, 2, 2, 3, 2, 3]}}, "learning_time": {"mean": 95.40090285778045, "std": 4.692719649944476, "std_err": 0.6703885214206394, "raw": [104.20884609222412, 95.76607060432434, 97.61178088188171, 89.90623998641968, 92.18019509315491, 97.10981845855713, 96.6401469707489, 97.94088625907898, 97.1208164691925, 89.09483885765076, 109.07770848274231, 95.03139543533325, 91.96389532089233, 100.8705587387085, 93.66835808753967, 101.97503805160522, 90.49552130699158, 89.03781032562256, 97.68108487129211, 90.1995005607605, 89.52761912345886, 94.30872178077698, 97.24883532524109, 96.4903073310852, 97.96092128753662, 102.77703833580017, 92.68988537788391, 101.13083624839783, 94.03056192398071, 91.06803178787231, 101.21343898773193, 97.49936485290527, 99.65059733390808, 89.35431671142578, 89.64910984039307, 97.58468961715698, 99.95287990570068, 92.83242058753967, 96.91548609733582, 88.61153268814087, 97.7775661945343, 98.61509656906128, 96.4184832572937, 88.9599118232727, 97.33496332168579, 85.91515564918518, 97.20438408851624, 92.96170783042908, 90.70959448814392, 96.07117366790771]}}, "noise_pct_96": {"accuracy": {"mean": 0.5, "std": 0.0, "std_err": 0.0,