{"noise_pct_10": {"accuracy": {"mean": 1.0, "std": 0.0, "std_err": 0.0, "raw": [1.0, 1.0, 1.0, 1.0, 1.0]}, "interpretability": {"num_rules": {"mean": 4.0, "std": 0.0, "std_err": 0.0, "raw": [4, 4, 4, 4, 4]}, "num_predicates": {"mean": 4.0, "std": 0.0, "std_err": 0.0, "raw": [4, 4, 4, 4, 4]}}, "learning_time": {"mean": 146.51810908317566, "std": 10.644942444752578, "std_err": 5.322471222376289, "raw": [125.95980048179626, 155.21944880485535, 154.19131731987, 149.15155267715454, 148.06842613220215]}}, "noise_pct_20": {"accuracy": {"mean": 1.0, "std": 0.0, "std_err": 0.0, "raw": [1.0, 1.0, 1.0, 1.0, 1.0]}, "interpretability": {"num_rules": {"mean": 4.0, "std": 0.0, "std_err": 0.0, "raw": [4, 4, 4, 4, 4]}, "num_predicates": {"mean": 4.0, "std": 0.0, "std_err": 0.0, "raw": [4, 4, 4, 4, 4]}}, "learning_time": {"mean": 134.936185503006, "std": 6.29989145158355, "std_err": 3.149945725791775, "raw": [131.5708773136139, 135.39585947990417, 125.49061512947083, 144.38376235961914, 137.83981323242188]}}, "noise_pct_30": {"accuracy": {"mean": 1.0, "std": 0.0, "std_err": 0.0, "raw": [1.0, 1.0, 1.0, 1.0, 1.0]}, "interpretability": {"num_rules": {"mean": 4.0, "std": 0.0, "std_err": 0.0, "raw": [4, 4, 4, 4, 4]}, "num_predicates": {"mean": 4.0, "std": 0.0, "std_err": 0.0, "raw": [4, 4, 4, 4, 4]}}, "learning_time": {"mean": 150.5713053226471, "std": 6.978208754610052, "std_err": 3.4891043773050257, "raw": [136.92006826400757, 153.4968123435974, 151.58728170394897, 155.867915391922, 154.98444890975952]}}, "noise_pct_40": {"accuracy": {"mean": 1.0, "std": 0.0, "std_err": 0.0, "raw": [1.0, 1.0, 1.0, 1.0, 1.0]}, "interpretability": {"num_rules": {"mean": 4.0, "std": 0.0, "std_err": 0.0, "raw": [4, 4, 4, 4, 4]}, "num_predicates": {"mean": 4.0, "std": 0.0, "std_err": 0.0, "raw": [4, 4, 4, 4, 4]}}, "learning_time": {"mean": 141.63608040809632, "std": 3.173552955500003, "std_err": 1.5867764777500013, "raw": [143.56006336212158, 142.43265771865845, 138.29949736595154, 146.10932993888855, 137.77885365486145]}}, "noise_pct_50": {"accuracy": {"mean": 1.0, "std": 0.0, "std_err": 0.0, "raw": [1.0, 1.0, 1.0, 1.0, 1.0]}, "interpretability": {"num_rules": {"mean": 4.0, "std": 0.0, "std_err": 0.0, "raw": [4, 4, 4, 4, 4]}, "num_predicates": {"mean": 4.0, "std": 0.0, "std_err": 0.0, "raw": [4, 4, 4, 4, 4]}}, "learning_time": {"mean": 143.98354573249816, "std": 5.242832661013556, "std_err": 2.621416330506778, "raw": [138.34896111488342, 143.65144848823547, 144.76038813591003, 139.8143343925476, 153.3425965309143]}}, "noise_pct_60": {"accuracy": {"mean": 1.0, "std": 0.0, "std_err": 0.0, "raw": [1.0, 1.0, 1.0, 1.0, 1.0]}, "interpretability": {"num_rules": {"mean": 4.0, "std": 0.0, "std_err": 0.0, "raw": [4, 4, 4, 4, 4]}, "num_predicates": {"mean": 4.0, "std": 0.0, "std_err": 0.0, "raw": [4, 4, 4, 4, 4]}}, "learning_time": {"mean": 149.5895224571228, "std": 7.627286416805778, "std_err": 3.813643208402889, "raw": [157.66766834259033, 154.24469542503357, 153.7508568763733, 145.82829523086548, 136.45609641075134]}}, "noise_pct_70": {"accuracy": {"mean": 1.0, "std": 0.0, "std_err": 0.0, "raw": [1.0, 1.0, 1.0, 1.0, 1.0]}, "interpretability": {"num_rules": {"mean": 4.0, "std": 0.0, "std_err": 0.0, "raw": [4, 4, 4, 4, 4]}, "num_predicates": {"mean": 4.0, "std": 0.0, "std_err": 0.0, "raw": [4, 4, 4, 4, 4]}}, "learning_time": {"mean": 141.37495336532592, "std": 14.373861773571438, "std_err": 7.186930886785719, "raw": [121.84292244911194, 135.84023547172546, 133.22141122817993, 159.13228297233582, 156.8379147052765]}}, "noise_pct_80": {"accuracy": {"mean": 0.8, "std": 0.2449489742783178, "std_err": 0.12247448713915889, "raw": [0.5, 1.0, 0.5, 1.0, 1.0]}, "interpretability": {"num_rules": {"mean": 3.6, "std": 0.8, "std_err": 0.39999999999999997, "raw": [4, 4, 2, 4, 4]}, "num_predicates": {"mean": 3.6, "std": 0.8, "std_err": 0.39999999999999997, "raw": [4, 4, 2, 4, 4]}}, "learning_time": {"mean": 136.2127760887146, "std": 9.275262148993232, "std_err": 4.637631074496616, "raw": [139.21160745620728, 125.57613468170166, 134.09034252166748, 129.78172183036804, 152.40407395362854]}}, "noise_pct_90": {"accuracy": {"mean": 0.5, "std": 0.0, "std_err": 0.0, "raw": [0.5, 0.5, 0.5, 0.5, 0.5]}, "interpretability": {"num_rules": {"mean": 2.8, "std": 0.9797958971132712, "std_err": 0.48989794855663554, "raw": [4, 4, 2, 2, 2]}, "num_predicates": {"mean": 2.8, "std": 0.9797958971132712, "std_err": 0.48989794855663554, "raw": [4, 4, 2, 2, 2]}}, "learning_time": {"mean": 143.4847111225128, "std": 14.545347401160967, "std_err": 7.272673700580484, "raw": [160.7781138420105, 145.87611985206604, 154.69673085212708, 136.69766283035278, 119.37492823600769]}}, "noise_pct_95": {"accuracy": {"mean": 0.5, "std": 0.0, "std_err": 0.0, "raw": [0.5, 0.5, 0.5, 0.5, 0.5]}, "interpretability": {"num_rules": {"mean": 2.8, "std": 0.9797958971132712, "std_err": 0.48989794855663554, "raw": [4, 4, 2, 2, 2]}, "num_predicates": {"mean": 2.8, "std": 0.9797958971132712, "std_err": 0.48989794855663554, "raw": [4, 4, 2, 2, 2]}}, "learning_time": {"mean": 146.01446743011473, "std": 9.227412080289165, "std_err": 4.613706040144582, "raw": [136.72341775894165, 133.63959193229675, 155.59570622444153, 155.3313000202179, 148.7823212146759]}}, "noise_pct_96": {"accuracy": {"mean": 0.5, "std": 0.0, "std_err": 0.0, "raw": [0.5, 0.5, 0.5, 0.5, 0.5]}, "interpretability": {"num_rules": {"mean": 2.8, "std": 0.9797958971132712, "std_err": 0.48989794855663554, "raw": [4, 4, 2, 2, 2]}, "num_predicates": {"mean": 2.8, "std": 0.9797958971132712, "std_err": 0.48989794855663554, "raw": [4, 4, 2, 2, 2]}}, "learning_time": {"mean": 137.8149953365326, "std": 9.439351659633836, "std_err": 4.719675829816917, "raw": [155.82513785362244, 128.6520290374756, 137.23284554481506, 134.84165954589844, 132.52330470085144]}}, "noise_pct_97": {"accuracy": {"mean": 0.5, "std": 0.0, "std_err": 0.0, "raw": [0.5, 0.5, 0.5, 0.5, 0.5]}, "interpretability": {"num_rules": {"mean": 2.8, "std": 0.9797958971132712, "std_err": 0.48989794855663554, "raw": [4, 4, 2, 2, 2]}, "num_predicates": {"mean": 2.8, "std": 0.9797958971132712, "std_err": 0.48989794855663554, "raw": [4, 4, 2, 2, 2]}}, "learning_time": {"mean": 142.5766129016876, "std": 12.13477758908678, "std_err": 6.0673887945433895, "raw": [154.98052525520325, 144.51560378074646, 155.42137455940247, 133.6771891117096, 124.28837180137634]}}, "noise_pct_98": {"accuracy": {"mean": 0.5, "std": 0.0, "std_err": 0.0, "raw": [0.5, 0.5, 0.5, 0.5, 0.5]}, "interpretability": {"num_rules": {"mean": 2.8, "std": 0.9797958971132712, "std_err": 0.48989794855663554, "raw": [4, 4, 2, 2, 2]}, "num_predicates": {"mean": 2.8, "std": 0.9797958971132712, "std_err": 0.48989794855663554, "raw": [4, 4, 2, 2, 2]}}, "learning_time": {"mean": 139.87179465293883, "std": 9.250657157028202, "std_err": 4.625328578514101, "raw": [123.98348784446716, 139.28621315956116, 152.6122763156891, 143.44188499450684, 140.03511095046997]}}, "noise_pct_99": {"accuracy": {"mean": 0.5, "std": 0.0, "std_err": 0.0, "raw": [0.5, 0.5, 0.5, 0.5, 0.5]}, "interpretability": {"num_rules": {"mean": 2.8, "std": 0.9797958971132712, "std_err": 0.48989794855663554, "raw": [4, 4, 2, 2, 2]}, "num_predicates": {"mean": 2.8, "std": 0.9797958971132712, "std_err": 0.48989794855663554, "raw": [4, 4, 2, 2, 2]}}, "learning_time": {"mean": 135.52178020477294, "std": 11.988706149479196, "std_err": 5.994353074739598, "raw": [150.54287576675415, 133.8123857975006, 114.71376752853394, 143.07908940315247, 135.46078252792358]}}, "noise_pct_100": {"accuracy": {"mean": 0.5, "std": 0.0, "std_err": 0.0, "raw": [0.5, 0.5, 0.5, 0.5, 0.5]}, "interpretability": {"num_rules": {"mean": 2.8, "std": 0.9797958971132712, "std_err": 0.48989794855663554, "raw": [4, 4, 2, 2, 2]}, "num_predicates": {"mean": 2.8, "std": 0.9797958971132712, "std_err": 0.48989794855663554, "raw": [4, 4, 2, 2, 2]}}, "learning_time": {"mean": 144.16882100105286, "std": 8.638225517710287, "std_err": 4.319112758855143,