{"noise_pct_0": {"accuracy": {"mean": 1.0, "std": 0.0, "std_err": 0.0, "raw": [1.0, 1.0, 1.0, 1.0, 1.0]}, "interpretability": {"num_rules": {"mean": 4.2, "std": 0.39999999999999997, "std_err": 0.19999999999999998, "raw": [4, 4, 5, 4, 4]}, "num_predicates": {"mean": 4.2, "std": 0.39999999999999997, "std_err": 0.19999999999999998, "raw": [4, 4, 5, 4, 4]}}, "learning_time": {"mean": 141.65673422813416, "std": 6.79379481062394, "std_err": 3.39689740531197, "raw": [146.72932767868042, 147.96803545951843, 142.49225211143494, 142.24998998641968, 128.8440659046173]}}}