{"noise_pct_95": {"accuracy": {"mean": 0.8862399999999999, "std": 0.11778260652575151, "std_err": 0.01682608664653593, "raw": [0.832, 1.0, 0.666, 0.832, 0.832, 1.0, 1.0, 0.666, 0.832, 1.0, 1.0, 1.0, 0.832, 1.0, 1.0, 1.0, 0.832, 0.666, 1.0, 1.0, 0.832, 0.832, 1.0, 1.0, 0.832, 1.0, 0.832, 0.666, 0.832, 0.834, 1.0, 1.0, 0.832, 0.832, 1.0, 0.834, 0.832, 0.666, 1.0, 0.668, 0.832, 0.834, 0.832, 1.0, 1.0, 0.668, 1.0, 0.832, 1.0, 1.0]}, "interpretability": {"num_rules": {"mean": 3.32, "std": 0.7054076835419358, "std_err": 0.10077252622027655, "raw": [3, 4, 2, 3, 3, 4, 4, 2, 3, 4, 4, 4, 3, 4, 4, 4, 3, 2, 4, 4, 3, 3, 4, 4, 3, 4, 3, 2, 3, 3, 4, 4, 3, 3, 4, 3, 3, 2, 4, 2, 3, 3, 3, 4, 4, 2, 4, 3, 4, 4]}, "num_predicates": {"mean": 3.32, "std": 0.7054076835419358, "std_err": 0.10077252622027655, "raw": [3, 4, 2, 3, 3, 4, 4, 2, 3, 4, 4, 4, 3, 4, 4, 4, 3, 2, 4, 4, 3, 3, 4, 4, 3, 4, 3, 2, 3, 3, 4, 4, 3, 3, 4, 3, 3, 2, 4, 2, 3, 3, 3, 4, 4, 2, 4, 3, 4, 4]}}, "learning_time": {"mean": 114.79725437641144, "std": 1.7370056703834624, "std_err": 0.24814366719763745, "raw": [113.59265851974487, 113.57453656196594, 117.93080139160156, 116.986971616745, 115.2927942276001, 113.02419447898865, 116.3975830078125, 113.93541550636292, 116.19628810882568, 117.4315733909607, 118.67910981178284, 115.2051157951355, 116.38978433609009, 116.47167420387268, 115.09168910980225, 116.31408929824829, 116.54128217697144, 116.856853723526, 113.45110440254211, 113.03904795646667, 111.72184371948242, 114.88457465171814, 112.53703594207764, 113.42496061325073, 113.94299697875977, 113.09749627113342, 112.76154899597168, 113.11618852615356, 113.51332545280457, 117.09599280357361, 116.12146997451782, 116.42696762084961, 115.25142097473145, 114.55225610733032, 114.46267008781433, 114.33267831802368, 112.1070761680603, 116.34796071052551, 115.25724697113037, 115.57206630706787, 115.76330995559692, 115.0600278377533, 115.09015464782715, 112.16582608222961, 112.28004598617554, 114.64060163497925, 115.4604275226593, 115.18347096443176, 114.75259399414062, 110.53591537475586]}}, "noise_pct_96": {"accuracy": {"mean": 0.8296799999999999, "std": 0.12256809372752762, "std_err": 0.01750972767536109, "raw": [0.832, 1.0, 0.666, 0.832, 0.832, 1.0, 1.0, 0.834, 0.666, 0.834, 0.666, 0.834, 0.832, 0.666, 0.834, 1.0, 0.832, 0.666, 0.834, 1.0, 0.832, 0.832, 0.666, 1.0, 0.832, 0.834, 0.832, 0.666, 0.832, 0.834, 1.0, 0.834, 0.666, 0.832, 0.834, 0.834, 1.0, 0.666, 1.0, 0.668, 0.832, 0.666, 0.666, 1.0, 1.0, 0.668, 1.0, 0.832, 0.666, 1.0]}, "interpretability": {"num_rules": {"mean": 2.98, "std": 0.7345747068882783, "std_err": 0.10493924384118261, "raw": [3, 4, 2, 3, 3, 4, 4, 3, 2, 3, 2, 3, 3, 2, 3, 4, 3, 2, 3, 4, 3, 3, 2, 4, 3, 3, 3, 2, 3, 3, 4, 3, 2, 3, 3, 3, 4, 2, 4, 2, 3, 2, 2, 4, 4, 2, 4, 3, 2, 4]}, "num_predicates": {"mean": 2.98, "std": 0.7345747068882783, "std_err": 0.10493924384118261, "raw": [3, 4, 2, 3, 3, 4, 4, 3, 2, 3, 2, 3, 3, 2, 3, 4, 3, 2, 3, 4, 3, 3, 2, 4, 3, 3, 3, 2, 3, 3, 4, 3, 2, 3, 3, 3, 4, 2, 4, 2, 3, 2, 2, 4, 4, 2, 4, 3, 2, 4]}}, "learning_time": {"mean": 112.00873010158539, "std": 1.2694259540814483, "std_err": 0.18134656486877834, "raw": [110.42018723487854, 111.37988901138306, 112.25280356407166, 113.04070210456848, 113.2836422920227, 110.70529818534851, 109.52549934387207, 112.25796914100647, 111.48448610305786, 113.9092276096344, 113.41209149360657, 109.66045212745667, 113.11201882362366, 111.11260867118835, 109.20465755462646, 112.2618088722229, 111.25746560096741, 112.94123673439026, 113.43177771568298, 112.97843480110168, 109.49714088439941, 110.71000266075134, 111.297922372818, 110.52225160598755, 112.87465834617615, 113.31107807159424, 113.09359216690063, 112.49705362319946, 112.13473725318909, 113.7783453464508, 110.94353866577148, 113.09014391899109, 113.14243221282959, 110.507004737854, 111.89468502998352, 113.23457956314087, 113.89729404449463, 111.31232786178589, 111.57265973091125, 112.67548990249634, 111.58744144439697, 111.08931827545166, 113.54884147644043, 114.14598822593689, 112.99412274360657, 111.30983424186707, 111.23788785934448, 111.88134002685547, 112.20634126663208, 110.81619453430176]}}, "noise_pct_97": {"accuracy": {"mean": 0.74328, "std": 0.10151000738843434, "std_err": 0.01450142962691919, "raw": [0.666, 0.834, 0.834, 0.666, 0.666, 1.0, 0.666, 0.666, 0.666, 0.834, 0.666, 0.666, 0.832, 0.666, 0.834, 1.0, 0.666, 0.666, 0.834, 0.834, 0.5, 0.666, 0.666, 0.666, 0.834, 0.666, 0.832, 0.834, 0.666, 0.834, 0.666, 0.668, 0.666, 0.666, 0.834, 0.834, 0.834, 0.666, 0.834, 0.668, 0.666, 0.666, 0.666, 0.666, 0.834, 0.668, 0.834, 0.834, 0.834, 0.834]}, "interpretability": {"num_rules": {"mean": 2.46, "std": 0.6069596362197407, "std_err": 0.08670851945996294, "raw": [2, 3, 3, 2, 2, 4, 2, 2, 2, 3, 2, 2, 3, 2, 3, 4, 2, 2, 3, 3, 1, 2, 2, 2, 3, 2, 3, 3, 2, 3, 2, 2, 2, 2, 3, 3, 3, 2, 3, 2, 2, 2, 2, 2, 3, 2, 3, 3, 3, 3]}, "num_predicates": {"mean": 2.46, "std": 0.6069596362197407, "std_err": 0.08670851945996294, "raw": [2, 3, 3, 2, 2, 4, 2, 2, 2, 3, 2, 2, 3, 2, 3, 4, 2, 2, 3, 3, 1, 2, 2, 2, 3, 2, 3, 3, 2, 3, 2, 2, 2, 2, 3, 3, 3, 2, 3, 2, 2, 2, 2, 2, 3, 2, 3, 3, 3, 3]}}, "learning_time": {"mean": 113.2325731563568, "std": 1.856563378822961, "std_err": 0.26522333983185153, "raw": [110.35728693008423, 110.52893805503845, 109.89844346046448, 111.4087655544281, 113.33532547950745, 110.47312116622925, 109.74013900756836, 109.85555815696716, 110.2770824432373, 111.42113924026489, 112.30093336105347, 112.36141514778137, 111.37942123413086, 111.18950247764587, 113.86421465873718, 113.36820530891418, 111.44889664649963, 117.07970643043518, 114.99327158927917, 113.52955722808838, 112.70421361923218, 113.8902473449707, 113.78644943237305, 113.35487270355225, 114.62742781639099, 116.59622573852539, 117.18678951263428, 117.02747988700867, 114.7019431591034, 115.01866745948792, 113.12335848808289, 114.54609704017639, 112.8735523223877, 112.79787135124207, 113.80020475387573, 113.57806444168091, 114.65567564964294, 113.30711627006531, 114.47338461875916, 114.47360014915466, 113.80734276771545, 113.65164613723755, 114.1523666381836, 114.5450599193573, 113.69158983230591, 112.59318089485168, 111.8250572681427, 112.88350892066956, 115.46185564994812, 113.68288445472717]}}, "noise_pct_98": {"accuracy": {"mean": 0.74668, "std": 0.10705408726433564, "std_err": 0.015293441037762234, "raw": [0.666, 0.834, 0.834, 0.666, 0.666, 0.5, 0.834, 0.834, 0.666, 0.834, 0.666, 0.5, 0.832, 0.666, 0.834, 1.0, 0.666, 0.666, 0.834, 0.834, 0.5, 0.666, 0.666, 0.666, 0.834, 0.666, 0.832, 0.834, 0.834, 0.834, 0.834, 0.834, 0.666, 0.666, 0.834, 0.834, 0.834, 0.666, 0.834, 0.666, 0.666, 0.666, 0.666, 0.666, 0.834, 0.668, 0.834, 0.834, 0.834, 0.834]}, "interpretability": {"num_rules": {"mean": 2.48, "std": 0.64, "std_err": 0.09142857142857143, "raw": [2, 3, 3, 2, 2, 1, 3, 3, 2, 3, 2, 1, 3, 2, 3, 4, 2, 2, 3, 3, 1, 2, 2, 2, 3, 2, 3, 3, 3, 3, 3, 3, 2, 2, 3, 3, 3, 2, 3, 2, 2, 2, 2, 2, 3, 2, 3, 3, 3, 3]}, "num_predicates": {"mean": 2.48, "std": 0.64, "std_err": 0.09142857142857143, "raw": [2, 3, 3, 2, 2, 1, 3, 3, 2, 3, 2, 1, 3, 2, 3, 4, 2, 2, 3, 3, 1, 2, 2, 2, 3, 2, 3, 3, 3, 3, 3, 3, 2, 2, 3, 3, 3, 2, 3, 2, 2, 2, 2, 2, 3, 2, 3, 3, 3, 3]}}, "learning_time": {"mean": 112.91551064491271, "std": 1.5857658310922889, "std_err": 0.22653797587032695,