{"noise_pct_10": {"accuracy": {"mean": 1.0, "std": 0.0, "std_err": 0.0, "raw": [1.0, 1.0, 1.0, 1.0, 1.0]}, "interpretability": {"num_rules": {"mean": 4.0, "std": 0.0, "std_err": 0.0, "raw": [4, 4, 4, 4, 4]}, "num_predicates": {"mean": 4.0, "std": 0.0, "std_err": 0.0, "raw": [4, 4, 4, 4, 4]}}, "learning_time": {"mean": 165.0292926311493, "std": 3.8646913853098734, "std_err": 1.9323456926549365, "raw": [172.15276861190796, 166.05746412277222, 162.0210964679718, 161.90922355651855, 163.00591039657593]}}, "noise_pct_20": {"accuracy": {"mean": 1.0, "std": 0.0, "std_err": 0.0, "raw": [1.0, 1.0, 1.0, 1.0, 1.0]}, "interpretability": {"num_rules": {"mean": 4.0, "std": 0.0, "std_err": 0.0, "raw": [4, 4, 4, 4, 4]}, "num_predicates": {"mean": 4.0, "std": 0.0, "std_err": 0.0, "raw": [4, 4, 4, 4, 4]}}, "learning_time": {"mean": 165.7644476890564, "std": 3.477474288769263, "std_err": 1.7387371443846318, "raw": [169.24643874168396, 166.98190069198608, 169.31355690956116, 161.98815941810608, 161.2921826839447]}}, "noise_pct_30": {"accuracy": {"mean": 1.0, "std": 0.0, "std_err": 0.0, "raw": [1.0, 1.0, 1.0, 1.0, 1.0]}, "interpretability": {"num_rules": {"mean": 4.0, "std": 0.0, "std_err": 0.0, "raw": [4, 4, 4, 4, 4]}, "num_predicates": {"mean": 4.0, "std": 0.0, "std_err": 0.0, "raw": [4, 4, 4, 4, 4]}}, "learning_time": {"mean": 164.67214674949645, "std": 4.16756371742502, "std_err": 2.0837818587125096, "raw": [157.3136649131775, 165.50500297546387, 163.9016396999359, 169.86804628372192, 166.7723798751831]}}, "noise_pct_40": {"accuracy": {"mean": 1.0, "std": 0.0, "std_err": 0.0, "raw": [1.0, 1.0, 1.0, 1.0, 1.0]}, "interpretability": {"num_rules": {"mean": 4.0, "std": 0.0, "std_err": 0.0, "raw": [4, 4, 4, 4, 4]}, "num_predicates": {"mean": 4.0, "std": 0.0, "std_err": 0.0, "raw": [4, 4, 4, 4, 4]}}, "learning_time": {"mean": 161.86031937599182, "std": 4.43203726719507, "std_err": 2.2160186335975345, "raw": [161.3864188194275, 159.01090240478516, 155.7835943698883, 164.4670147895813, 168.65366649627686]}}, "noise_pct_50": {"accuracy": {"mean": 1.0, "std": 0.0, "std_err": 0.0, "raw": [1.0, 1.0, 1.0, 1.0, 1.0]}, "interpretability": {"num_rules": {"mean": 4.0, "std": 0.0, "std_err": 0.0, "raw": [4, 4, 4, 4, 4]}, "num_predicates": {"mean": 4.0, "std": 0.0, "std_err": 0.0, "raw": [4, 4, 4, 4, 4]}}, "learning_time": {"mean": 160.94282670021056, "std": 3.9052788169101533, "std_err": 1.9526394084550767, "raw": [166.30380082130432, 158.2121090888977, 158.60997462272644, 156.63643717765808, 164.9518117904663]}}, "noise_pct_60": {"accuracy": {"mean": 1.0, "std": 0.0, "std_err": 0.0, "raw": [1.0, 1.0, 1.0, 1.0, 1.0]}, "interpretability": {"num_rules": {"mean": 4.0, "std": 0.0, "std_err": 0.0, "raw": [4, 4, 4, 4, 4]}, "num_predicates": {"mean": 4.0, "std": 0.0, "std_err": 0.0, "raw": [4, 4, 4, 4, 4]}}, "learning_time": {"mean": 161.59887776374816, "std": 3.880779326664869, "std_err": 1.9403896633324342, "raw": [165.70494294166565, 163.19122838974, 164.7042694091797, 155.25920224189758, 159.13474583625793]}}, "noise_pct_70": {"accuracy": {"mean": 1.0, "std": 0.0, "std_err": 0.0, "raw": [1.0, 1.0, 1.0, 1.0, 1.0]}, "interpretability": {"num_rules": {"mean": 4.0, "std": 0.0, "std_err": 0.0, "raw": [4, 4, 4, 4, 4]}, "num_predicates": {"mean": 4.0, "std": 0.0, "std_err": 0.0, "raw": [4, 4, 4, 4, 4]}}, "learning_time": {"mean": 161.34910607337952, "std": 2.6334679331502353, "std_err": 1.3167339665751174, "raw": [158.43698644638062, 158.97775173187256, 164.8725938796997, 164.04682612419128, 160.41137218475342]}}, "noise_pct_80": {"accuracy": {"mean": 1.0, "std": 0.0, "std_err": 0.0, "raw": [1.0, 1.0, 1.0, 1.0, 1.0]}, "interpretability": {"num_rules": {"mean": 4.0, "std": 0.0, "std_err": 0.0, "raw": [4, 4, 4, 4, 4]}, "num_predicates": {"mean": 4.0, "std": 0.0, "std_err": 0.0, "raw": [4, 4, 4, 4, 4]}}, "learning_time": {"mean": 128.1850872039795, "std": 5.700955477670212, "std_err": 2.8504777388351057, "raw": [138.2349452972412, 123.59701538085938, 126.34594368934631, 122.46798825263977, 130.2795433998108]}}, "noise_pct_90": {"accuracy": {"mean": 0.9, "std": 0.08165292401377922, "std_err": 0.04082646200688961, "raw": [1.0, 0.834, 1.0, 0.834, 0.832]}, "interpretability": {"num_rules": {"mean": 3.4, "std": 0.4898979485566356, "std_err": 0.24494897427831777, "raw": [4, 3, 4, 3, 3]}, "num_predicates": {"mean": 3.4, "std": 0.4898979485566356, "std_err": 0.24494897427831777, "raw": [4, 3, 4, 3, 3]}}, "learning_time": {"mean": 125.25650253295899, "std": 0.9128832634641427, "std_err": 0.4564416317320713, "raw": [125.35326743125916, 124.01947832107544, 125.67331838607788, 124.57137989997864, 126.66506862640381]}}, "noise_pct_95": {"accuracy": {"mean": 0.8324, "std": 0.10562120999117552, "std_err": 0.05281060499558776, "raw": [0.832, 1.0, 0.666, 0.832, 0.832]}, "interpretability": {"num_rules": {"mean": 3.0, "std": 0.6324555320336759, "std_err": 0.31622776601683794, "raw": [3, 4, 2, 3, 3]}, "num_predicates": {"mean": 3.0, "std": 0.6324555320336759, "std_err": 0.31622776601683794, "raw": [3, 4, 2, 3, 3]}}, "learning_time": {"mean": 124.46501760482788, "std": 1.8035630212846558, "std_err": 0.9017815106423279, "raw": [121.00536894798279, 124.81631207466125, 124.73886942863464, 126.08154821395874, 125.68298935890198]}}, "noise_pct_96": {"accuracy": {"mean": 0.8324, "std": 0.10562120999117552, "std_err": 0.05281060499558776, "raw": [0.832, 1.0, 0.666, 0.832, 0.832]}, "interpretability": {"num_rules": {"mean": 3.0, "std": 0.6324555320336759, "std_err": 0.31622776601683794, "raw": [3, 4, 2, 3, 3]}, "num_predicates": {"mean": 3.0, "std": 0.6324555320336759, "std_err": 0.31622776601683794, "raw": [3, 4, 2, 3, 3]}}, "learning_time": {"mean": 126.15766839981079, "std": 1.991996781931199, "std_err": 0.9959983909655994, "raw": [124.48680305480957, 124.89023065567017, 124.26436972618103, 128.26908564567566, 128.87785291671753]}}, "noise_pct_97": {"accuracy": {"mean": 0.7332, "std": 0.08230285535751475, "std_err": 0.041151427678757374, "raw": [0.666, 0.834, 0.834, 0.666, 0.666]}, "interpretability": {"num_rules": {"mean": 2.4, "std": 0.4898979485566356, "std_err": 0.24494897427831777, "raw": [2, 3, 3, 2, 2]}, "num_predicates": {"mean": 2.4, "std": 0.4898979485566356, "std_err": 0.24494897427831777, "raw": [2, 3, 3, 2, 2]}}, "learning_time": {"mean": 124.59493083953858, "std": 1.4530129419779803, "std_err": 0.7265064709889901, "raw": [125.15786838531494, 122.86180233955383, 126.89137673377991, 124.84657669067383, 123.21703004837036]}}, "noise_pct_98": {"accuracy": {"mean": 0.7332, "std": 0.08230285535751475, "std_err": 0.041151427678757374, "raw": [0.666, 0.834, 0.834, 0.666, 0.666]}, "interpretability": {"num_rules": {"mean": 2.4, "std": 0.4898979485566356, "std_err": 0.24494897427831777, "raw": [2, 3, 3, 2, 2]}, "num_predicates": {"mean": 2.4, "std": 0.4898979485566356, "std_err": 0.24494897427831777, "raw": [2, 3, 3, 2, 2]}}, "learning_time": {"mean": 124.67124099731446, "std": 1.3965506852006775, "std_err": 0.6982753426003387, "raw": [124.44326114654541, 122.80266523361206, 124.14054489135742, 124.87235736846924, 127.09737634658813]}}, "noise_pct_99": {"accuracy": {"mean": 0.7332, "std": 0.08230285535751475, "std_err": 0.041151427678757374, "raw": [0.666, 0.834, 0.834, 0.666, 0.666]}, "interpretability": {"num_rules": {"mean": 2.4, "std": 0.4898979485566356, "std_err": 0.24494897427831777, "raw": [2, 3, 3, 2, 2]}, "num_predicates": {"mean": 2.4, "std": 0.4898979485566356, "std_err": 0.24494897427831777, "raw": [2, 3, 3, 2, 2]}}, "learning_time": {"mean": 125.95516996383667, "std": 3.713806337600103, "std_err": 1.8569031688000512, "raw": [122.4381890296936, 121.0808744430542, 127.08436131477356, 131.19709157943726, 127.97533345222473]}}, "noise_pct_100": {"accuracy": {"mean": 0.5664, "std": 0.08132305946040153, "std_err": 0.04066152973020076, "raw": [0.5, 0.5, 0.666, 0.666, 0.5]}, "interpretability": {"num_rules": {"mean": 1.4, "std": 0.4898979485566356, "std_err": 0.24494897427831777, "raw": [1, 1, 2, 2, 1]},