{"noise_pct_10": {"accuracy": {"mean": 0.9060939060939062, "std": 1.1102230246251565e-16, "std_err": 5.551115123125783e-17, "raw": [0.906093906093906, 0.906093906093906, 0.906093906093906, 0.906093906093906, 0.906093906093906]}}, "noise_pct_20": {"accuracy": {"mean": 0.8111888111888111, "std": 0.0, "std_err": 0.0, "raw": [0.8111888111888111, 0.8111888111888111, 0.8111888111888111, 0.8111888111888111, 0.8111888111888111]}}, "noise_pct_30": {"accuracy": {"mean": 0.7162837162837162, "std": 0.0, "std_err": 0.0, "raw": [0.7162837162837162, 0.7162837162837162, 0.7162837162837162, 0.7162837162837162, 0.7162837162837162]}}, "noise_pct_40": {"accuracy": {"mean": 0.6313686313686314, "std": 0.0, "std_err": 0.0, "raw": [0.6313686313686314, 0.6313686313686314, 0.6313686313686314, 0.6313686313686314, 0.6313686313686314]}}, "noise_pct_50": {"accuracy": {"mean": 0.5384615384615384, "std": 0.0, "std_err": 0.0, "raw": [0.5384615384615384, 0.5384615384615384, 0.5384615384615384, 0.5384615384615384, 0.5384615384615384]}}, "noise_pct_60": {"accuracy": {"mean": 0.4485514485514486, "std": 0.0, "std_err": 0.0, "raw": [0.4485514485514486, 0.4485514485514486, 0.4485514485514486, 0.4485514485514486, 0.4485514485514486]}}, "noise_pct_70": {"accuracy": {"mean": 0.35664335664335667, "std": 0.0, "std_err": 0.0, "raw": [0.35664335664335667, 0.35664335664335667, 0.35664335664335667, 0.35664335664335667, 0.35664335664335667]}}, "noise_pct_80": {"accuracy": {"mean": 0.2647352647352647, "std": 0.0, "std_err": 0.0, "raw": [0.2647352647352647, 0.2647352647352647, 0.2647352647352647, 0.2647352647352647, 0.2647352647352647]}}, "noise_pct_90": {"accuracy": {"mean": 0.17082917082917082, "std": 0.0, "std_err": 0.0, "raw": [0.17082917082917082, 0.17082917082917082, 0.17082917082917082, 0.17082917082917082, 0.17082917082917082]}}, "noise_pct_100": {"accuracy": {"mean": 0.11836262933582661, "std": 0.020538575350760827, "std_err": 0.010269287675380412, "raw": [0.12185430463576159, 0.13379310344827586, 0.13241379310344828, 0.07823470411233702, 0.12551724137931033]}}}