{"noise_pct_10": {"accuracy": {"mean": 0.919080919080919, "std": 0.0, "std_err": 0.0, "raw": [0.919080919080919, 0.919080919080919, 0.919080919080919, 0.919080919080919, 0.919080919080919]}}, "noise_pct_20": {"accuracy": {"mean": 0.8391608391608392, "std": 0.0, "std_err": 0.0, "raw": [0.8391608391608392, 0.8391608391608392, 0.8391608391608392, 0.8391608391608392, 0.8391608391608392]}}, "noise_pct_30": {"accuracy": {"mean": 0.7512487512487512, "std": 0.0, "std_err": 0.0, "raw": [0.7512487512487512, 0.7512487512487512, 0.7512487512487512, 0.7512487512487512, 0.7512487512487512]}}, "noise_pct_40": {"accuracy": {"mean": 0.6643356643356644, "std": 0.0, "std_err": 0.0, "raw": [0.6643356643356644, 0.6643356643356644, 0.6643356643356644, 0.6643356643356644, 0.6643356643356644]}}, "noise_pct_50": {"accuracy": {"mean": 0.5774225774225774, "std": 0.0, "std_err": 0.0, "raw": [0.5774225774225774, 0.5774225774225774, 0.5774225774225774, 0.5774225774225774, 0.5774225774225774]}}, "noise_pct_60": {"accuracy": {"mean": 0.4965034965034965, "std": 0.0, "std_err": 0.0, "raw": [0.4965034965034965, 0.4965034965034965, 0.4965034965034965, 0.4965034965034965, 0.4965034965034965]}}, "noise_pct_70": {"accuracy": {"mean": 0.4125874125874126, "std": 0.0, "std_err": 0.0, "raw": [0.4125874125874126, 0.4125874125874126, 0.4125874125874126, 0.4125874125874126, 0.4125874125874126]}}, "noise_pct_80": {"accuracy": {"mean": 0.3256743256743257, "std": 0.0, "std_err": 0.0, "raw": [0.3256743256743257, 0.3256743256743257, 0.3256743256743257, 0.3256743256743257, 0.3256743256743257]}}, "noise_pct_90": {"accuracy": {"mean": 0.23276723276723277, "std": 0.0, "std_err": 0.0, "raw": [0.23276723276723277, 0.23276723276723277, 0.23276723276723277, 0.23276723276723277, 0.23276723276723277]}}, "noise_pct_100": {"accuracy": {"mean": 0.1339987094992477, "std": 0.02545611293912828, "std_err": 0.01272805646956414, "raw": [0.14785214785214784, 0.14785214785214784, 0.1312169312169312, 0.15715823466092574, 0.08591408591408592]}}}