{"noise_pct_10": {"accuracy": {"mean": 0.9200799200799201, "std": 0.0, "std_err": 0.0, "raw": [0.9200799200799201, 0.9200799200799201, 0.9200799200799201, 0.9200799200799201, 0.9200799200799201]}}, "noise_pct_20": {"accuracy": {"mean": 0.852147852147852, "std": 1.1102230246251565e-16, "std_err": 5.551115123125783e-17, "raw": [0.8521478521478522, 0.8521478521478522, 0.8521478521478522, 0.8521478521478522, 0.8521478521478522]}}, "noise_pct_30": {"accuracy": {"mean": 0.7732267732267732, "std": 0.0, "std_err": 0.0, "raw": [0.7732267732267732, 0.7732267732267732, 0.7732267732267732, 0.7732267732267732, 0.7732267732267732]}}, "noise_pct_40": {"accuracy": {"mean": 0.6943056943056943, "std": 0.0, "std_err": 0.0, "raw": [0.6943056943056943, 0.6943056943056943, 0.6943056943056943, 0.6943056943056943, 0.6943056943056943]}}, "noise_pct_50": {"accuracy": {"mean": 0.6113886113886113, "std": 0.0, "std_err": 0.0, "raw": [0.6113886113886113, 0.6113886113886113, 0.6113886113886113, 0.6113886113886113, 0.6113886113886113]}}, "noise_pct_60": {"accuracy": {"mean": 0.5334665334665335, "std": 0.0, "std_err": 0.0, "raw": [0.5334665334665335, 0.5334665334665335, 0.5334665334665335, 0.5334665334665335, 0.5334665334665335]}}, "noise_pct_70": {"accuracy": {"mean": 0.45254745254745254, "std": 0.0, "std_err": 0.0, "raw": [0.45254745254745254, 0.45254745254745254, 0.45254745254745254, 0.45254745254745254, 0.45254745254745254]}}, "noise_pct_80": {"accuracy": {"mean": 0.37162837162837165, "std": 0.0, "std_err": 0.0, "raw": [0.37162837162837165, 0.37162837162837165, 0.37162837162837165, 0.37162837162837165, 0.37162837162837165]}}, "noise_pct_90": {"accuracy": {"mean": 0.2715284715284715, "std": 0.024375624375624374, "std_err": 0.012187812187812187, "raw": [0.2837162837162837, 0.2837162837162837, 0.22277722277722278, 0.2837162837162837, 0.2837162837162837]}}, "noise_pct_100": {"accuracy": {"mean": 0.24795204795204792, "std": 0.022448866182118894, "std_err": 0.011224433091059447, "raw": [0.2047952047952048, 0.2627372627372627, 0.24675324675324675, 0.2627372627372627, 0.2627372627372627]}}}