{"noise_pct_10": {"accuracy": {"mean": 0.937062937062937, "std": 1.1102230246251565e-16, "std_err": 5.551115123125783e-17, "raw": [0.9370629370629371, 0.9370629370629371, 0.9370629370629371, 0.9370629370629371, 0.9370629370629371]}}, "noise_pct_20": {"accuracy": {"mean": 0.8761238761238761, "std": 0.0, "std_err": 0.0, "raw": [0.8761238761238761, 0.8761238761238761, 0.8761238761238761, 0.8761238761238761, 0.8761238761238761]}}, "noise_pct_30": {"accuracy": {"mean": 0.8091908091908092, "std": 0.0, "std_err": 0.0, "raw": [0.8091908091908092, 0.8091908091908092, 0.8091908091908092, 0.8091908091908092, 0.8091908091908092]}}, "noise_pct_40": {"accuracy": {"mean": 0.7472527472527473, "std": 0.0, "std_err": 0.0, "raw": [0.7472527472527473, 0.7472527472527473, 0.7472527472527473, 0.7472527472527473, 0.7472527472527473]}}, "noise_pct_50": {"accuracy": {"mean": 0.6803196803196803, "std": 0.0, "std_err": 0.0, "raw": [0.6803196803196803, 0.6803196803196803, 0.6803196803196803, 0.6803196803196803, 0.6803196803196803]}}, "noise_pct_60": {"accuracy": {"mean": 0.6293706293706294, "std": 0.0, "std_err": 0.0, "raw": [0.6293706293706294, 0.6293706293706294, 0.6293706293706294, 0.6293706293706294, 0.6293706293706294]}}, "noise_pct_70": {"accuracy": {"mean": 0.5564435564435565, "std": 0.0, "std_err": 0.0, "raw": [0.5564435564435565, 0.5564435564435565, 0.5564435564435565, 0.5564435564435565, 0.5564435564435565]}}, "noise_pct_80": {"accuracy": {"mean": 0.49130869130869126, "std": 0.014385614385614387, "std_err": 0.007192807192807194, "raw": [0.46253746253746253, 0.4985014985014985, 0.4985014985014985, 0.4985014985014985, 0.4985014985014985]}}, "noise_pct_90": {"accuracy": {"mean": 0.421978021978022, "std": 0.00538349394018279, "std_err": 0.002691746970091395, "raw": [0.4175824175824176, 0.42857142857142855, 0.4175824175824176, 0.4175824175824176, 0.42857142857142855]}}, "noise_pct_100": {"accuracy": {"mean": 0.35504495504495504, "std": 0.0372915177319615, "std_err": 0.01864575886598075, "raw": [0.2807192807192807, 0.3756243756243756, 0.3756243756243756, 0.3756243756243756, 0.3676323676323676]}}}