{"noise_pct_10": {"accuracy": {"mean": 0.935064935064935, "std": 0.0, "std_err": 0.0, "raw": [0.935064935064935, 0.935064935064935, 0.935064935064935, 0.935064935064935, 0.935064935064935]}}, "noise_pct_20": {"accuracy": {"mean": 0.8711288711288712, "std": 0.0, "std_err": 0.0, "raw": [0.8711288711288712, 0.8711288711288712, 0.8711288711288712, 0.8711288711288712, 0.8711288711288712]}}, "noise_pct_30": {"accuracy": {"mean": 0.8011988011988012, "std": 0.0, "std_err": 0.0, "raw": [0.8011988011988012, 0.8011988011988012, 0.8011988011988012, 0.8011988011988012, 0.8011988011988012]}}, "noise_pct_40": {"accuracy": {"mean": 0.7412587412587412, "std": 0.0, "std_err": 0.0, "raw": [0.7412587412587412, 0.7412587412587412, 0.7412587412587412, 0.7412587412587412, 0.7412587412587412]}}, "noise_pct_50": {"accuracy": {"mean": 0.6553446553446555, "std": 0.03796203796203796, "std_err": 0.01898101898101898, "raw": [0.5794205794205795, 0.6743256743256744, 0.6743256743256744, 0.6743256743256744, 0.6743256743256744]}}, "noise_pct_60": {"accuracy": {"mean": 0.5986013986013986, "std": 0.03356643356643358, "std_err": 0.01678321678321679, "raw": [0.5314685314685315, 0.6153846153846154, 0.6153846153846154, 0.6153846153846154, 0.6153846153846154]}}, "noise_pct_70": {"accuracy": {"mean": 0.531068931068931, "std": 0.02277722277722276, "std_err": 0.01138861138861138, "raw": [0.4855144855144855, 0.5424575424575424, 0.5424575424575424, 0.5424575424575424, 0.5424575424575424]}}, "noise_pct_80": {"accuracy": {"mean": 0.45494505494505494, "std": 0.019086933060648147, "std_err": 0.009543466530324073, "raw": [0.43156843156843155, 0.47052947052947053, 0.47052947052947053, 0.43156843156843155, 0.47052947052947053]}}, "noise_pct_90": {"accuracy": {"mean": 0.3876123876123876, "std": 0.007341128100249281, "std_err": 0.0036705640501246404, "raw": [0.3786213786213786, 0.3936063936063936, 0.3936063936063936, 0.3786213786213786, 0.3936063936063936]}}, "noise_pct_100": {"accuracy": {"mean": 0.32547452547452543, "std": 0.000978817080033232, "std_err": 0.0004894085400166159, "raw": [0.32667332667332666, 0.3246753246753247, 0.3246753246753247, 0.32667332667332666, 0.3246753246753247]}}}