{"noise_pct_10": {"structured_test_accuracy": {"mean": 0.48840000000000006, "std": 0.016426807358704856, "std_err": 0.008213403679352428, "raw": [0.494, 0.465, 0.514, 0.491, 0.478]}, "unstructured_test_accuracy": {"mean": 0.4852, "std": 0.01785945127936466, "std_err": 0.00892972563968233, "raw": [0.493, 0.456, 0.505, 0.498, 0.474]}, "unstructured_test_brier_score": {"mean": 1.0295999999999998, "std": 0.03571890255872936, "std_err": 0.017859451279364676, "raw": [1.014, 1.088, 0.99, 1.004, 1.052]}, "interpretability": {"num_predicates": {"mean": 100136.0, "std": 1112.6472936200403, "std_err": 556.3236468100201, "raw": [98505, 100659, 100446, 99343, 101727]}, "num_rules": {"mean": 5847.2, "std": 29.54589650019102, "std_err": 14.772948250095512, "raw": [5841, 5845, 5887, 5865, 5798]}}, "learning_time": {"mean": 77.95082955360412, "std": 0.20914316566951419, "std_err": 0.10457158283475708, "raw": [77.5730459690094, 77.87475609779358, 78.1021180152893, 78.07441329956055, 78.1298143863678]}}, "noise_pct_20": {"structured_test_accuracy": {"mean": 0.49560000000000004, "std": 0.022276444958745107, "std_err": 0.011138222479372554, "raw": [0.528, 0.465, 0.513, 0.488, 0.484]}, "unstructured_test_accuracy": {"mean": 0.4998, "std": 0.016581917862539316, "std_err": 0.008290958931269658, "raw": [0.525, 0.483, 0.514, 0.489, 0.488]}, "unstructured_test_brier_score": {"mean": 1.0004, "std": 0.03316383572507863, "std_err": 0.016581917862539316, "raw": [0.95, 1.034, 0.972, 1.022, 1.024]}, "interpretability": {"num_predicates": {"mean": 99663.8, "std": 3239.0110466004894, "std_err": 1619.5055233002447, "raw": [101641, 100355, 102390, 93355, 100578]}, "num_rules": {"mean": 5820.6, "std": 73.88531653853829, "std_err": 36.942658269269145, "raw": [5855, 5822, 5880, 5678, 5868]}}, "learning_time": {"mean": 78.1650547027588, "std": 0.15178967271287291, "std_err": 0.07589483635643644, "raw": [78.07404589653015, 78.20417213439941, 78.37032580375671, 78.24881553649902, 77.92791414260864]}}, "noise_pct_30": {"structured_test_accuracy": {"mean": 0.47940000000000005, "std": 0.013850631754544615, "std_err": 0.006925315877272307, "raw": [0.488, 0.461, 0.498, 0.484, 0.466]}, "unstructured_test_accuracy": {"mean": 0.489, "std": 0.007874007874011818, "std_err": 0.003937003937005909, "raw": [0.496, 0.479, 0.497, 0.493, 0.48]}, "unstructured_test_brier_score": {"mean": 1.022, "std": 0.015748015748023637, "std_err": 0.007874007874011818, "raw": [1.008, 1.042, 1.006, 1.014, 1.04]}, "interpretability": {"num_predicates": {"mean": 98953.2, "std": 3432.1510689362144, "std_err": 1716.0755344681072, "raw": [103403, 94163, 98558, 96517, 102125]}, "num_rules": {"mean": 5791.0, "std": 128.01093703273952, "std_err": 64.00546851636975, "raw": [5909, 5568, 5728, 5865, 5885]}}, "learning_time": {"mean": 78.3356638431549, "std": 0.22409733298295362, "std_err": 0.11204866649147681, "raw": [78.60550999641418, 78.55644083023071, 78.18085289001465, 78.32458138465881, 78.01093411445618]}}, "noise_pct_40": {"structured_test_accuracy": {"mean": 0.48319999999999996, "std": 0.020730653631759893, "std_err": 0.010365326815879946, "raw": [0.506, 0.451, 0.495, 0.497, 0.467]}, "unstructured_test_accuracy": {"mean": 0.48579999999999995, "std": 0.01506519166821318, "std_err": 0.00753259583410659, "raw": [0.502, 0.459, 0.496, 0.491, 0.481]}, "unstructured_test_brier_score": {"mean": 1.0284, "std": 0.030130383336426397, "std_err": 0.015065191668213199, "raw": [0.996, 1.082, 1.008, 1.018, 1.038]}, "interpretability": {"num_predicates": {"mean": 102144.8, "std": 4666.228301315742, "std_err": 2333.114150657871, "raw": [102145, 97997, 106391, 96028, 108163]}, "num_rules": {"mean": 5847.2, "std": 53.97925527459599, "std_err": 26.989627637297996, "raw": [5931, 5765, 5864, 5825, 5851]}}, "learning_time": {"mean": 76.96160173416138, "std": 0.42051151195073866, "std_err": 0.2102557559753693, "raw": [77.77428841590881, 76.86941123008728, 76.85955262184143, 76.57010269165039, 76.73465371131897]}}, "noise_pct_50": {"structured_test_accuracy": {"mean": 0.4814, "std": 0.021462525480474098, "std_err": 0.010731262740237049, "raw": [0.464, 0.46, 0.519, 0.49, 0.474]}, "unstructured_test_accuracy": {"mean": 0.4894, "std": 0.012403225386970914, "std_err": 0.006201612693485456, "raw": [0.5, 0.467, 0.496, 0.485, 0.499]}, "unstructured_test_brier_score": {"mean": 1.0211999999999999, "std": 0.02480645077394187, "std_err": 0.012403225386970933, "raw": [1.0, 1.066, 1.008, 1.03, 1.002]}, "interpretability": {"num_predicates": {"mean": 99209.6, "std": 4654.120092992874, "std_err": 2327.060046496437, "raw": [99871, 90370, 99896, 102183, 103728]}, "num_rules": {"mean": 5751.8, "std": 169.1642988340034, "std_err": 84.58214941700169, "raw": [5963, 5516, 5689, 5663, 5928]}}, "learning_time": {"mean": 76.45837526321411, "std": 0.2260217958369796, "std_err": 0.11301089791848978, "raw": [76.84706783294678, 76.289302110672, 76.32400822639465, 76.58017706871033, 76.2513210773468]}}, "noise_pct_60": {"structured_test_accuracy": {"mean": 0.49160000000000004, "std": 0.010983624174196795, "std_err": 0.0054918120870983975, "raw": [0.492, 0.481, 0.509, 0.497, 0.479]}, "unstructured_test_accuracy": {"mean": 0.4981999999999999, "std": 0.014034243834279078, "std_err": 0.007017121917139539, "raw": [0.518, 0.476, 0.504, 0.491, 0.502]}, "unstructured_test_brier_score": {"mean": 1.0036, "std": 0.02806848766855816, "std_err": 0.014034243834279078, "raw": [0.964, 1.048, 0.992, 1.018, 0.996]}, "interpretability": {"num_predicates": {"mean": 101032.0, "std": 4985.77119410829, "std_err": 2492.885597054145, "raw": [103891, 95117, 106353, 94887, 104912]}, "num_rules": {"mean": 5788.4, "std": 134.2007451544141, "std_err": 67.10037257720704, "raw": [5852, 5534, 5917, 5782, 5857]}}, "learning_time": {"mean": 76.32076148986816, "std": 0.20899593916951706, "std_err": 0.10449796958475853, "raw": [76.00724649429321, 76.29577445983887, 76.3282687664032, 76.66604399681091, 76.30647373199463]}}, "noise_pct_70": {"structured_test_accuracy": {"mean": 0.4892, "std": 0.015484185480676725, "std_err": 0.007742092740338362, "raw": [0.481, 0.466, 0.511, 0.5, 0.488]}, "unstructured_test_accuracy": {"mean": 0.4854, "std": 0.017715529910222842, "std_err": 0.00885776495511142, "raw": [0.504, 0.465, 0.472, 0.509, 0.477]}, "unstructured_test_brier_score": {"mean": 1.0292000000000001, "std": 0.035431059820445705, "std_err": 0.017715529910222853, "raw": [0.992, 1.07, 1.056, 0.982, 1.046]}, "interpretability": {"num_predicates": {"mean": 100783.6, "std": 5904.554364217506, "std_err": 2952.2771821087526, "raw": [100724, 93814, 107462, 94592, 107326]}, "num_rules": {"mean": 5804.0, "std": 101.85676217119804, "std_err": 50.928381085599014, "raw": [5919, 5717, 5938, 5724, 5722]}}, "learning_time": {"mean": 76.59300870895386, "std": 0.2406857644665798, "std_err": 0.1203428822332899, "raw": [76.34497261047363, 76.36589527130127, 76.97534823417664, 76.52527475357056, 76.75355267524719]}}, "noise_pct_80": {"structured_test_accuracy": {"mean": 0.4875999999999999, "std": 0.013807244475274557, "std_err": 0.006903622237637279, "raw": [0.491, 0.462, 0.499, 0.486, 0.5]}, "unstructured_test_accuracy": {"mean": 0.48119999999999996, "std": 0.022030887408363748, "std_err": 0.011015443704181872, "raw": [0.522, 0.469, 0.482, 0.476, 0.457]}, "unstructured_test_brier_score": {"mean": 1.0376, "std": 0.044061774816727524, "std_err": 0.022030887408363762, "raw": [0.956, 1.062, 1.036, 1.048, 1.086]}, "interpretability": {"num_predicates": {"mean": 99880.4, "std": 4148.429611310767, "std_err": 2074.2148056553833, "raw": [102036, 96529, 106270, 94468, 100099]}, "num_rules": {"mean": 5813.2, "std": 47.34722800756133, "std_err": 23.673614003780663, "raw": [5869, 5791, 5871, 5761, 5774]}}, "learning_time": {"mean": 76.67870688438416, "std": 0.16371173345362122, "std_err": 0.08185586672681061, "raw": [76.58520412445068, 76.79134511947632, 76.66486930847168, 76.43902206420898, 76.91309380531311]}},