{"noise_pct_0": {"structured_test_accuracy": {"mean": 0.5034000000000001, "std": 0.010818502669038825, "std_err": 0.0054092513345194125, "raw": [0.519, 0.503, 0.498, 0.51, 0.487]}, "unstructured_test_accuracy": {"mean": 0.5038, "std": 0.01105260150371849, "std_err": 0.005526300751859245, "raw": [0.519, 0.505, 0.499, 0.51, 0.486]}, "unstructured_test_brier_score": {"mean": 0.9924, "std": 0.02210520300743698, "std_err": 0.01105260150371849, "raw": [0.962, 0.99, 1.002, 0.98, 1.028]}, "interpretability": {"num_predicates": {"mean": 102547.2, "std": 3386.4343726108145, "std_err": 1693.217186305407, "raw": [107521, 99660, 100339, 99495, 105721]}, "num_rules": {"mean": 5912.6, "std": 47.95247647410924, "std_err": 23.97623823705462, "raw": [5964, 5867, 5924, 5847, 5961]}}, "learning_time": {"mean": 77.75724539756774, "std": 0.1550077741121271, "std_err": 0.07750388705606355, "raw": [77.54273700714111, 77.64962005615234, 77.98017644882202, 77.7439136505127, 77.86977982521057]}}}