{"noise_pct_10": {"correct": {"mean_penalty_ratio": 0.874375, "std": 0.00892678553567855, "std_err": 0.004463392767839274, "raw": [0.875, 0.859375, 0.875, 0.875, 0.8875]}, "constant_correct": {"mean_penalty_ratio": 0.874375, "std": 0.00892678553567855, "std_err": 0.004463392767839274, "raw": [0.875, 0.859375, 0.875, 0.875, 0.8875]}}, "noise_pct_20": {"correct": {"mean_penalty_ratio": 0.846875, "std": 0.007395099728874512, "std_err": 0.003697549864437256, "raw": [0.85, 0.834375, 0.84375, 0.85, 0.85625]}, "constant_correct": {"mean_penalty_ratio": 0.846875, "std": 0.007395099728874512, "std_err": 0.003697549864437256, "raw": [0.85, 0.834375, 0.84375, 0.85, 0.85625]}}, "noise_pct_30": {"correct": {"mean_penalty_ratio": 0.8074999999999999, "std": 0.004677071733467445, "std_err": 0.0023385358667337226, "raw": [0.809375, 0.803125, 0.803125, 0.80625, 0.815625]}, "constant_correct": {"mean_penalty_ratio": 0.8074999999999999, "std": 0.004677071733467445, "std_err": 0.0023385358667337226, "raw": [0.809375, 0.803125, 0.803125, 0.80625, 0.815625]}}, "noise_pct_40": {"correct": {"mean_penalty_ratio": 0.7568750000000001, "std": 0.007499999999999987, "std_err": 0.003749999999999993, "raw": [0.7625, 0.74375, 0.75625, 0.75625, 0.765625]}, "constant_correct": {"mean_penalty_ratio": 0.7568750000000001, "std": 0.007499999999999987, "std_err": 0.003749999999999993, "raw": [0.7625, 0.74375, 0.75625, 0.75625, 0.765625]}}, "noise_pct_50": {"correct": {"mean_penalty_ratio": 0.7193750000000001, "std": 0.005376453291901654, "std_err": 0.002688226645950827, "raw": [0.721875, 0.709375, 0.721875, 0.71875, 0.725]}, "constant_correct": {"mean_penalty_ratio": 0.7193750000000001, "std": 0.005376453291901654, "std_err": 0.002688226645950827, "raw": [0.721875, 0.709375, 0.721875, 0.71875, 0.725]}}, "noise_pct_60": {"correct": {"mean_penalty_ratio": 0.68, "std": 0.0072886898685566495, "std_err": 0.0036443449342783247, "raw": [0.684375, 0.66875, 0.690625, 0.678125, 0.678125]}, "constant_correct": {"mean_penalty_ratio": 0.68, "std": 0.0072886898685566495, "std_err": 0.0036443449342783247, "raw": [0.684375, 0.66875, 0.690625, 0.678125, 0.678125]}}, "noise_pct_70": {"correct": {"mean_penalty_ratio": 0.6325000000000001, "std": 0.008052561704203211, "std_err": 0.0040262808521016056, "raw": [0.63125, 0.61875, 0.64375, 0.634375, 0.634375]}, "constant_correct": {"mean_penalty_ratio": 0.6325000000000001, "std": 0.008052561704203211, "std_err": 0.0040262808521016056, "raw": [0.63125, 0.61875, 0.64375, 0.634375, 0.634375]}}, "noise_pct_80": {"correct": {"mean_penalty_ratio": 0.5918749999999999, "std": 0.00852386356061617, "std_err": 0.004261931780308084, "raw": [0.5875, 0.578125, 0.603125, 0.59375, 0.596875]}, "constant_correct": {"mean_penalty_ratio": 0.5918749999999999, "std": 0.00852386356061617, "std_err": 0.004261931780308084, "raw": [0.5875, 0.578125, 0.603125, 0.59375, 0.596875]}}, "noise_pct_90": {"correct": {"mean_penalty_ratio": 0.553125, "std": 0.006555055301063434, "std_err": 0.003277527650531717, "raw": [0.553125, 0.540625, 0.559375, 0.55625, 0.55625]}, "constant_correct": {"mean_penalty_ratio": 0.553125, "std": 0.006555055301063434, "std_err": 0.003277527650531717, "raw": [0.553125, 0.540625, 0.559375, 0.55625, 0.55625]}}, "noise_pct_95": {"correct": {"mean_penalty_ratio": 0.5243749999999999, "std": 0.003061862178478948, "std_err": 0.0015309310892394738, "raw": [0.528125, 0.51875, 0.525, 0.525, 0.525]}, "constant_correct": {"mean_penalty_ratio": 0.5243749999999999, "std": 0.003061862178478948, "std_err": 0.0015309310892394738, "raw": [0.528125, 0.51875, 0.525, 0.525, 0.525]}}, "noise_pct_96": {"correct": {"mean_penalty_ratio": 0.521875, "std": 0.0034232659844072966, "std_err": 0.0017116329922036483, "raw": [0.525, 0.515625, 0.525, 0.521875, 0.521875]}, "constant_correct": {"mean_penalty_ratio": 0.521875, "std": 0.0034232659844072966, "std_err": 0.0017116329922036483, "raw": [0.525, 0.515625, 0.525, 0.521875, 0.521875]}}, "noise_pct_97": {"correct": {"mean_penalty_ratio": 0.51875, "std": 0.003423265984407296, "std_err": 0.001711632992203648, "raw": [0.521875, 0.5125, 0.521875, 0.51875, 0.51875]}, "constant_correct": {"mean_penalty_ratio": 0.51875, "std": 0.003423265984407296, "std_err": 0.001711632992203648, "raw": [0.521875, 0.5125, 0.521875, 0.51875, 0.51875]}}, "noise_pct_98": {"correct": {"mean_penalty_ratio": 0.5106249999999999, "std": 0.0024999999999999853, "std_err": 0.0012499999999999927, "raw": [0.5125, 0.50625, 0.5125, 0.509375, 0.5125]}, "constant_correct": {"mean_penalty_ratio": 0.5106249999999999, "std": 0.0024999999999999853, "std_err": 0.0012499999999999927, "raw": [0.5125, 0.50625, 0.5125, 0.509375, 0.5125]}}, "noise_pct_99": {"correct": {"mean_penalty_ratio": 0.5050000000000001, "std": 0.002499999999999991, "std_err": 0.0012499999999999955, "raw": [0.50625, 0.5, 0.50625, 0.50625, 0.50625]}, "constant_correct": {"mean_penalty_ratio": 0.5050000000000001, "std": 0.002499999999999991, "std_err": 0.0012499999999999955, "raw": [0.50625, 0.5, 0.50625, 0.50625, 0.50625]}}, "noise_pct_100": {"correct": {"mean_penalty_ratio": 0.5, "std": 0.0, "std_err": 0.0, "raw": [0.5, 0.5, 0.5, 0.5, 0.5]}, "constant_correct": {"mean_penalty_ratio": 0.5, "std": 0.0, "std_err": 0.0, "raw": [0.5, 0.5, 0.5, 0.5, 0.5]}}}