{"noise_pct_0": {"correct": {"mean_penalty_ratio": 0.9193749999999999, "std": 0.011075028216668325, "std_err": 0.005537514108334161, "raw": [0.921875, 0.9, 0.921875, 0.91875, 0.934375]}, "constant_correct": {"mean_penalty_ratio": 0.9193749999999999, "std": 0.011075028216668325, "std_err": 0.005537514108334161, "raw": [0.921875, 0.9, 0.921875, 0.91875, 0.934375]}}}