{"noise_pct_10": {"pct_incorrect_examples": 0.16187500000000002, "std": 0.019304306514350607, "std_err": 0.009652153257175304, "raw": [0.16562500000000002, 0.15937500000000004, 0.1875, 0.12812500000000004, 0.16874999999999996]}, "noise_pct_20": {"pct_incorrect_examples": 0.18749999999999997, "std": 0.019960899278339148, "std_err": 0.009980449639169574, "raw": [0.19687500000000002, 0.17812499999999998, 0.20937499999999998, 0.15312499999999996, 0.19999999999999996]}, "noise_pct_30": {"pct_incorrect_examples": 0.22374999999999998, "std": 0.015885331283923575, "std_err": 0.007942665641961787, "raw": [0.234375, 0.20937499999999998, 0.23750000000000004, 0.19999999999999996, 0.23750000000000004]}, "noise_pct_40": {"pct_incorrect_examples": 0.264375, "std": 0.01093303480283492, "std_err": 0.005466517401417459, "raw": [0.26875000000000004, 0.25312500000000004, 0.271875, 0.25, 0.27812499999999996]}, "noise_pct_50": {"pct_incorrect_examples": 0.298125, "std": 0.009185586535436923, "std_err": 0.0045927932677184615, "raw": [0.30000000000000004, 0.2875, 0.30625, 0.2875, 0.30937499999999996]}, "noise_pct_60": {"pct_incorrect_examples": 0.335625, "std": 0.007015607600201137, "std_err": 0.003507803800100568, "raw": [0.33125000000000004, 0.328125, 0.34062499999999996, 0.33125000000000004, 0.34687500000000004]}, "noise_pct_70": {"pct_incorrect_examples": 0.37875, "std": 0.003644344934278315, "std_err": 0.0018221724671391574, "raw": [0.37812500000000004, 0.38125, 0.375, 0.375, 0.384375]}, "noise_pct_80": {"pct_incorrect_examples": 0.4149999999999999, "std": 0.0036443449342782844, "std_err": 0.0018221724671391422, "raw": [0.415625, 0.41874999999999996, 0.41874999999999996, 0.40937500000000004, 0.4125]}, "noise_pct_90": {"pct_incorrect_examples": 0.449375, "std": 0.0012499999999999734, "std_err": 0.0006249999999999867, "raw": [0.44999999999999996, 0.44999999999999996, 0.44999999999999996, 0.446875, 0.44999999999999996]}, "noise_pct_95": {"pct_incorrect_examples": 0.47625, "std": 0.002499999999999997, "std_err": 0.0012499999999999983, "raw": [0.47187500000000004, 0.475, 0.478125, 0.478125, 0.478125]}, "noise_pct_96": {"pct_incorrect_examples": 0.47874999999999995, "std": 0.0023385358667336992, "std_err": 0.0011692679333668494, "raw": [0.475, 0.478125, 0.478125, 0.48124999999999996, 0.48124999999999996]}, "noise_pct_97": {"pct_incorrect_examples": 0.48187499999999994, "std": 0.002338535866733711, "std_err": 0.0011692679333668555, "raw": [0.478125, 0.48124999999999996, 0.48124999999999996, 0.484375, 0.484375]}, "noise_pct_98": {"pct_incorrect_examples": 0.49000000000000005, "std": 0.0023385358667336992, "std_err": 0.0011692679333668494, "raw": [0.48750000000000004, 0.490625, 0.48750000000000004, 0.49375, 0.490625]}, "noise_pct_99": {"pct_incorrect_examples": 0.495625, "std": 0.0015309310892394536, "std_err": 0.0007654655446197267, "raw": [0.49375, 0.49687499999999996, 0.49375, 0.49687499999999996, 0.49687499999999996]}, "noise_pct_100": {"pct_incorrect_examples": 0.5, "std": 0.0, "std_err": 0.0, "raw": [0.5, 0.5, 0.5, 0.5, 0.5]}}