{"noise_pct_0": {"pct_incorrect_examples": 0.12250000000000001, "std": 0.01783167827210891, "std_err": 0.008915839136054454, "raw": [0.12812500000000004, 0.11875000000000002, 0.14375000000000004, 0.09062499999999996, 0.13124999999999998]}}