{"noise_pct_95": {"rank_dist": {"2": 0.015769230769230768, "3": 0.014519230769230769, "4": 0.3105769230769231, "5": 0.08129807692307692, "6": 0.13783653846153845, "7": 0.1039423076923077, "8": 0.021778846153846156, "9": 0.19009615384615386, "10": 0.00485576923076923, "j": 0.037307692307692306, "q": 0.004182692307692307, "k": 0.06408653846153846, "a": 0.01375}, "suit_dist": {"h": 0.019855769230769232, "s": 0.38302884615384614, "c": 0.5776442307692308, "d": 0.019471153846153846}}, "noise_pct_96": {"rank_dist": {"2": 0.015, "3": 0.013509615384615384, "4": 0.31322115384615384, "5": 0.08096153846153846, "6": 0.13798076923076924, "7": 0.1039423076923077, "8": 0.02105769230769231, "9": 0.1914423076923077, "10": 0.004326923076923077, "j": 0.03706730769230769, "q": 0.0038461538461538464, "k": 0.06413461538461539, "a": 0.013509615384615384}, "suit_dist": {"h": 0.01706730769230769, "s": 0.38461538461538464, "c": 0.5809134615384616, "d": 0.017403846153846155}}, "noise_pct_97": {"rank_dist": {"2": 0.014182692307692308, "3": 0.012596153846153845, "4": 0.3150480769230769, "5": 0.07995192307692307, "6": 0.13759615384615384, "7": 0.10365384615384615, "8": 0.02033653846153846, "9": 0.19423076923076923, "10": 0.003942307692307692, "j": 0.03701923076923077, "q": 0.003605769230769231, "k": 0.06427884615384616, "a": 0.013557692307692307}, "suit_dist": {"h": 0.014855769230769231, "s": 0.3864903846153846, "c": 0.5834615384615385, "d": 0.015192307692307692}}, "noise_pct_98": {"rank_dist": {"2": 0.014086538461538461, "3": 0.011346153846153846, "4": 0.3175, "5": 0.07879807692307693, "6": 0.1372596153846154, "7": 0.10341346153846154, "8": 0.019615384615384614, "9": 0.19567307692307692, "10": 0.003701923076923077, "j": 0.03706730769230769, "q": 0.0034134615384615384, "k": 0.06471153846153846, "a": 0.013413461538461539}, "suit_dist": {"h": 0.011923076923076923, "s": 0.3881730769230769, "c": 0.5874519230769231, "d": 0.012451923076923077}}, "noise_pct_99": {"rank_dist": {"2": 0.01360576923076923, "3": 0.010096153846153847, "4": 0.3200480769230769, "5": 0.07807692307692307, "6": 0.13759615384615384, "7": 0.10307692307692308, "8": 0.01903846153846154, "9": 0.19653846153846155, "10": 0.0035096153846153845, "j": 0.03701923076923077, "q": 0.002980769230769231, "k": 0.065, "a": 0.013413461538461539}, "suit_dist": {"h": 0.00875, "s": 0.3892307692307692, "c": 0.5919711538461538, "d": 0.010048076923076923}}, "noise_pct_100": {"rank_dist": {"2": 0.010817307692307692, "3": 0.008461538461538461, "4": 0.3255769230769231, "5": 0.07754807692307693, "6": 0.13822115384615385, "7": 0.10326923076923077, "8": 0.017548076923076923, "9": 0.19899038461538462, "10": 0.002307692307692308, "j": 0.03649038461538461, "q": 0.0019230769230769232, "k": 0.0654326923076923, "a": 0.013413461538461539}, "suit_dist": {"h": 0.003076923076923077, "s": 0.39134615384615384, "c": 0.6001442307692307, "d": 0.005432692307692308}}}