{"noise_pct_95": {"rank_dist": {"2": 0.05144230769230769, "3": 0.00985576923076923, "4": 0.6157211538461539, "5": 0.08625, "6": 0.018798076923076924, "7": 0.08701923076923077, "8": 0.021298076923076923, "9": 0.057596153846153846, "10": 0.005865384615384615, "j": 0.038509615384615385, "q": 0.0028365384615384615, "k": 0.004086538461538462, "a": 0.0007211538461538462}, "suit_dist": {"h": 0.019807692307692307, "s": 0.09451923076923077, "c": 0.8714423076923077, "d": 0.01423076923076923}}, "noise_pct_96": {"rank_dist": {"2": 0.051153846153846154, "3": 0.008846153846153846, "4": 0.6214903846153846, "5": 0.08615384615384615, "6": 0.01764423076923077, "7": 0.08673076923076924, "8": 0.020432692307692308, "9": 0.057067307692307695, "10": 0.005336538461538461, "j": 0.038461538461538464, "q": 0.0025, "k": 0.003701923076923077, "a": 0.0004807692307692308}, "suit_dist": {"h": 0.016923076923076923, "s": 0.09336538461538461, "c": 0.8775480769230769, "d": 0.012163461538461538}}, "noise_pct_97": {"rank_dist": {"2": 0.05086538461538462, "3": 0.007932692307692307, "4": 0.6279326923076923, "5": 0.08519230769230769, "6": 0.016153846153846154, "7": 0.08581730769230769, "8": 0.019567307692307693, "9": 0.05692307692307692, "10": 0.004903846153846154, "j": 0.038461538461538464, "q": 0.0022596153846153847, "k": 0.0035576923076923077, "a": 0.0004326923076923077}, "suit_dist": {"h": 0.014711538461538462, "s": 0.09168269230769231, "c": 0.8836538461538461, "d": 0.009951923076923077}}, "noise_pct_98": {"rank_dist": {"2": 0.05076923076923077, "3": 0.006634615384615385, "4": 0.6337980769230769, "5": 0.08442307692307692, "6": 0.015048076923076923, "7": 0.08504807692307692, "8": 0.018846153846153846, "9": 0.056490384615384616, "10": 0.004615384615384616, "j": 0.03870192307692308, "q": 0.0020673076923076925, "k": 0.0033173076923076923, "a": 0.0002403846153846154}, "suit_dist": {"h": 0.011778846153846154, "s": 0.09004807692307693, "c": 0.8909615384615385, "d": 0.007211538461538462}}, "noise_pct_99": {"rank_dist": {"2": 0.050576923076923075, "3": 0.005336538461538461, "4": 0.6387980769230769, "5": 0.08394230769230769, "6": 0.014423076923076924, "7": 0.08447115384615385, "8": 0.018125, "9": 0.05605769230769231, "10": 0.004423076923076923, "j": 0.03889423076923077, "q": 0.0016346153846153845, "k": 0.003125, "a": 0.0001923076923076923}, "suit_dist": {"h": 0.008605769230769231, "s": 0.08865384615384615, "c": 0.8979326923076923, "d": 0.004807692307692308}}, "noise_pct_100": {"rank_dist": {"2": 0.04865384615384615, "3": 0.0035576923076923077, "4": 0.6509134615384615, "5": 0.08307692307692308, "6": 0.012980769230769231, "7": 0.08432692307692308, "8": 0.016634615384615383, "9": 0.055336538461538465, "10": 0.0032211538461538462, "j": 0.03817307692307692, "q": 0.000576923076923077, "k": 0.002548076923076923, "a": 0.0}, "suit_dist": {"h": 0.0028846153846153848, "s": 0.085625, "c": 0.9114423076923077, "d": 4.807692307692308e-05}}}