{"noise_pct_95": {"rank_dist": {"2": 0.06884615384615385, "3": 0.018076923076923077, "4": 0.46889423076923076, "5": 0.08927884615384615, "6": 0.03461538461538462, "7": 0.10735576923076923, "8": 0.039759615384615386, "9": 0.09283653846153846, "10": 0.019134615384615385, "j": 0.04908653846153846, "q": 0.007596153846153846, "k": 0.00375, "a": 0.0007692307692307692}, "suit_dist": {"h": 0.016923076923076923, "s": 0.16774038461538462, "c": 0.8011538461538461, "d": 0.014182692307692308}}, "noise_pct_96": {"rank_dist": {"2": 0.0691826923076923, "3": 0.017259615384615384, "4": 0.47225961538461536, "5": 0.08927884615384615, "6": 0.03341346153846154, "7": 0.10730769230769231, "8": 0.03927884615384616, "9": 0.093125, "10": 0.018701923076923078, "j": 0.048990384615384616, "q": 0.007307692307692308, "k": 0.0033653846153846156, "a": 0.0005288461538461538}, "suit_dist": {"h": 0.014038461538461538, "s": 0.16740384615384615, "c": 0.8064423076923077, "d": 0.012115384615384615}}, "noise_pct_97": {"rank_dist": {"2": 0.06889423076923076, "3": 0.01653846153846154, "4": 0.47615384615384615, "5": 0.08846153846153847, "6": 0.03221153846153846, "7": 0.10721153846153846, "8": 0.03865384615384616, "9": 0.09341346153846154, "10": 0.01841346153846154, "j": 0.04913461538461539, "q": 0.007163461538461539, "k": 0.003269230769230769, "a": 0.0004807692307692308}, "suit_dist": {"h": 0.011826923076923077, "s": 0.16658653846153845, "c": 0.8116826923076923, "d": 0.009903846153846154}}, "noise_pct_98": {"rank_dist": {"2": 0.06908653846153846, "3": 0.015240384615384616, "4": 0.4802403846153846, "5": 0.08759615384615385, "6": 0.03139423076923077, "7": 0.10682692307692308, "8": 0.038028846153846156, "9": 0.09346153846153846, "10": 0.01841346153846154, "j": 0.049375, "q": 0.007019230769230769, "k": 0.0030288461538461537, "a": 0.0002884615384615385}, "suit_dist": {"h": 0.008894230769230769, "s": 0.16596153846153847, "c": 0.8179807692307692, "d": 0.007163461538461539}}, "noise_pct_99": {"rank_dist": {"2": 0.06923076923076923, "3": 0.013942307692307693, "4": 0.48375, "5": 0.08692307692307692, "6": 0.03091346153846154, "7": 0.10677884615384615, "8": 0.037307692307692306, "9": 0.09360576923076923, "10": 0.018365384615384617, "j": 0.04951923076923077, "q": 0.006586538461538461, "k": 0.0028365384615384615, "a": 0.0002403846153846154}, "suit_dist": {"h": 0.005721153846153846, "s": 0.1651923076923077, "c": 0.8243269230769231, "d": 0.004759615384615385}}, "noise_pct_100": {"rank_dist": {"2": 0.06754807692307692, "3": 0.012307692307692308, "4": 0.4922115384615385, "5": 0.08629807692307692, "6": 0.029615384615384616, "7": 0.10730769230769231, "8": 0.03600961538461538, "9": 0.09399038461538461, "10": 0.01730769230769231, "j": 0.049423076923076924, "q": 0.005673076923076923, "k": 0.0022596153846153847, "a": 4.807692307692308e-05}, "suit_dist": {"h": 0.0, "s": 0.1635096153846154, "c": 0.8364903846153846, "d": 0.0}}}