{"noise_pct_95": {"rank_dist": {"2": 0.12245192307692308, "3": 0.04591346153846154, "4": 0.08653846153846154, "5": 0.06831730769230769, "6": 0.028076923076923076, "7": 0.02206730769230769, "8": 0.020528846153846154, "9": 0.22076923076923077, "10": 0.08134615384615385, "j": 0.07668269230769231, "q": 0.10548076923076923, "k": 0.056490384615384616, "a": 0.06533653846153846}, "suit_dist": {"h": 0.31091346153846156, "s": 0.25793269230769234, "c": 0.28076923076923077, "d": 0.1503846153846154}}, "noise_pct_96": {"rank_dist": {"2": 0.12298076923076923, "3": 0.045432692307692306, "4": 0.08711538461538462, "5": 0.06822115384615385, "6": 0.027115384615384614, "7": 0.021153846153846155, "8": 0.01966346153846154, "9": 0.22173076923076923, "10": 0.08158653846153846, "j": 0.07663461538461538, "q": 0.10605769230769231, "k": 0.056490384615384616, "a": 0.06581730769230769}, "suit_dist": {"h": 0.31115384615384617, "s": 0.2583653846153846, "c": 0.2804326923076923, "d": 0.15004807692307692}}, "noise_pct_97": {"rank_dist": {"2": 0.1239423076923077, "3": 0.04495192307692308, "4": 0.08730769230769231, "5": 0.06802884615384615, "6": 0.026057692307692306, "7": 0.02033653846153846, "8": 0.018942307692307692, "9": 0.2225, "10": 0.08158653846153846, "j": 0.07658653846153846, "q": 0.10668269230769231, "k": 0.05673076923076923, "a": 0.06634615384615385}, "suit_dist": {"h": 0.31201923076923077, "s": 0.25850961538461537, "c": 0.2797596153846154, "d": 0.14971153846153845}}, "noise_pct_98": {"rank_dist": {"2": 0.12504807692307693, "3": 0.044375, "4": 0.08716346153846154, "5": 0.06764423076923078, "6": 0.025384615384615384, "7": 0.019807692307692307, "8": 0.01826923076923077, "9": 0.22379807692307693, "10": 0.08197115384615385, "j": 0.07663461538461538, "q": 0.10677884615384615, "k": 0.056826923076923073, "a": 0.06629807692307692}, "suit_dist": {"h": 0.31264423076923076, "s": 0.25850961538461537, "c": 0.28028846153846154, "d": 0.1485576923076923}}, "noise_pct_99": {"rank_dist": {"2": 0.12596153846153846, "3": 0.04375, "4": 0.086875, "5": 0.06706730769230769, "6": 0.02485576923076923, "7": 0.019134615384615385, "8": 0.01764423076923077, "9": 0.2245673076923077, "10": 0.0825, "j": 0.07682692307692307, "q": 0.10716346153846154, "k": 0.056875, "a": 0.06677884615384615}, "suit_dist": {"h": 0.3125480769230769, "s": 0.25884615384615384, "c": 0.28048076923076926, "d": 0.148125}}, "noise_pct_100": {"rank_dist": {"2": 0.12605769230769232, "3": 0.043125, "4": 0.08788461538461538, "5": 0.06658653846153846, "6": 0.023605769230769232, "7": 0.018028846153846152, "8": 0.016153846153846154, "9": 0.22634615384615384, "10": 0.0829326923076923, "j": 0.07653846153846154, "q": 0.10836538461538461, "k": 0.056971153846153845, "a": 0.06740384615384615}, "suit_dist": {"h": 0.3122596153846154, "s": 0.2598076923076923, "c": 0.2803846153846154, "d": 0.14754807692307692}}}