{"noise_pct_95": {"rank_dist": {"2": 0.0067788461538461535, "3": 0.026057692307692306, "4": 0.006682692307692308, "5": 0.007067307692307692, "6": 0.04269230769230769, "7": 0.038413461538461535, "8": 0.07019230769230769, "9": 0.11341346153846153, "10": 0.30682692307692305, "j": 0.04971153846153846, "q": 0.1897596153846154, "k": 0.02889423076923077, "a": 0.11350961538461539}, "suit_dist": {"h": 0.2026923076923077, "s": 0.32774038461538463, "c": 0.13033653846153845, "d": 0.3392307692307692}}, "noise_pct_96": {"rank_dist": {"2": 0.005961538461538462, "3": 0.025096153846153844, "4": 0.0059134615384615384, "5": 0.006298076923076923, "6": 0.04211538461538462, "7": 0.03754807692307692, "8": 0.06990384615384615, "9": 0.11384615384615385, "10": 0.3096634615384615, "j": 0.049423076923076924, "q": 0.19125, "k": 0.02894230769230769, "a": 0.11403846153846153}, "suit_dist": {"h": 0.2016826923076923, "s": 0.32822115384615386, "c": 0.12908653846153847, "d": 0.3410096153846154}}, "noise_pct_97": {"rank_dist": {"2": 0.004951923076923077, "3": 0.024182692307692308, "4": 0.004807692307692308, "5": 0.00485576923076923, "6": 0.04100961538461539, "7": 0.036682692307692305, "8": 0.06975961538461538, "9": 0.11471153846153846, "10": 0.3124519230769231, "j": 0.04927884615384615, "q": 0.1933173076923077, "k": 0.02923076923076923, "a": 0.11475961538461539}, "suit_dist": {"h": 0.20120192307692308, "s": 0.3293269230769231, "c": 0.1271153846153846, "d": 0.3423557692307692}}, "noise_pct_98": {"rank_dist": {"2": 0.004615384615384616, "3": 0.02283653846153846, "4": 0.0034134615384615384, "5": 0.003269230769230769, "6": 0.04028846153846154, "7": 0.036057692307692304, "8": 0.06961538461538462, "9": 0.11581730769230769, "10": 0.3151923076923077, "j": 0.04927884615384615, "q": 0.19490384615384615, "k": 0.029278846153846155, "a": 0.1154326923076923}, "suit_dist": {"h": 0.20048076923076924, "s": 0.3296153846153846, "c": 0.12605769230769232, "d": 0.34384615384615386}}, "noise_pct_99": {"rank_dist": {"2": 0.0040384615384615385, "3": 0.021586538461538463, "4": 0.0017788461538461539, "5": 0.0019230769230769232, "6": 0.03985576923076923, "7": 0.035096153846153846, "8": 0.06961538461538462, "9": 0.1166826923076923, "10": 0.31841346153846156, "j": 0.049375, "q": 0.1958653846153846, "k": 0.02951923076923077, "a": 0.11625}, "suit_dist": {"h": 0.19971153846153847, "s": 0.32971153846153844, "c": 0.12504807692307693, "d": 0.34552884615384616}}, "noise_pct_100": {"rank_dist": {"2": 0.0010096153846153846, "3": 0.02, "4": 9.615384615384615e-05, "5": 0.0, "6": 0.03927884615384616, "7": 0.03399038461538462, "8": 0.06951923076923076, "9": 0.11730769230769231, "10": 0.3239423076923077, "j": 0.04913461538461539, "q": 0.19817307692307692, "k": 0.02951923076923077, "a": 0.11802884615384615}, "suit_dist": {"h": 0.19778846153846155, "s": 0.33125, "c": 0.12245192307692308, "d": 0.3485096153846154}}}