{"noise_pct_0": {"rank_dist": {"2": 0.07697115384615384, "3": 0.07692307692307693, "4": 0.076875, "5": 0.07692307692307693, "6": 0.07807692307692307, "7": 0.07475961538461538, "8": 0.0770673076923077, "9": 0.07692307692307693, "10": 0.07692307692307693, "j": 0.07701923076923077, "q": 0.07692307692307693, "k": 0.07769230769230769, "a": 0.07692307692307693}, "suit_dist": {"h": 0.25009615384615386, "s": 0.2483173076923077, "c": 0.25177884615384616, "d": 0.24980769230769231}}}