{"noise_pct_10": {"pct_incorrect_examples": 0.12562500000000001, "std": 0.00892678553567855, "std_err": 0.004463392767839274, "raw": [0.125, 0.140625, 0.125, 0.125, 0.11250000000000004]}, "noise_pct_20": {"pct_incorrect_examples": 0.153125, "std": 0.007395099728874512, "std_err": 0.003697549864437256, "raw": [0.15000000000000002, 0.16562500000000002, 0.15625, 0.15000000000000002, 0.14375000000000004]}, "noise_pct_30": {"pct_incorrect_examples": 0.1925, "std": 0.004677071733467445, "std_err": 0.0023385358667337226, "raw": [0.19062500000000004, 0.19687500000000002, 0.19687500000000002, 0.19374999999999998, 0.18437499999999996]}, "noise_pct_40": {"pct_incorrect_examples": 0.24312500000000004, "std": 0.007499999999999986, "std_err": 0.003749999999999993, "raw": [0.23750000000000004, 0.25625, 0.24375000000000002, 0.24375000000000002, 0.234375]}, "noise_pct_50": {"pct_incorrect_examples": 0.28062499999999996, "std": 0.005376453291901654, "std_err": 0.002688226645950827, "raw": [0.27812499999999996, 0.290625, 0.27812499999999996, 0.28125, 0.275]}, "noise_pct_60": {"pct_incorrect_examples": 0.32, "std": 0.0072886898685566495, "std_err": 0.003644344934278324, "raw": [0.31562500000000004, 0.33125000000000004, 0.30937499999999996, 0.321875, 0.321875]}, "noise_pct_70": {"pct_incorrect_examples": 0.3675, "std": 0.008052561704203211, "std_err": 0.0040262808521016056, "raw": [0.36875, 0.38125, 0.35624999999999996, 0.365625, 0.365625]}, "noise_pct_80": {"pct_incorrect_examples": 0.40812499999999996, "std": 0.00852386356061617, "std_err": 0.004261931780308084, "raw": [0.4125, 0.421875, 0.396875, 0.40625, 0.40312499999999996]}, "noise_pct_90": {"pct_incorrect_examples": 0.446875, "std": 0.006555055301063434, "std_err": 0.003277527650531717, "raw": [0.446875, 0.459375, 0.44062500000000004, 0.44375, 0.44375]}, "noise_pct_95": {"pct_incorrect_examples": 0.4756250000000001, "std": 0.003061862178478948, "std_err": 0.0015309310892394738, "raw": [0.47187500000000004, 0.48124999999999996, 0.475, 0.475, 0.475]}, "noise_pct_96": {"pct_incorrect_examples": 0.478125, "std": 0.0034232659844072966, "std_err": 0.0017116329922036483, "raw": [0.475, 0.484375, 0.475, 0.478125, 0.478125]}, "noise_pct_97": {"pct_incorrect_examples": 0.48125, "std": 0.003423265984407296, "std_err": 0.001711632992203648, "raw": [0.478125, 0.48750000000000004, 0.478125, 0.48124999999999996, 0.48124999999999996]}, "noise_pct_98": {"pct_incorrect_examples": 0.48937500000000006, "std": 0.0024999999999999857, "std_err": 0.0012499999999999929, "raw": [0.48750000000000004, 0.49375, 0.48750000000000004, 0.490625, 0.48750000000000004]}, "noise_pct_99": {"pct_incorrect_examples": 0.495, "std": 0.002499999999999991, "std_err": 0.0012499999999999955, "raw": [0.49375, 0.5, 0.49375, 0.49375, 0.49375]}, "noise_pct_100": {"pct_incorrect_examples": 0.5, "std": 0.0, "std_err": 0.0, "raw": [0.5, 0.5, 0.5, 0.5, 0.5]}}