{"noise_pct_0": {"structured_test_accuracy": {"mean": 0.5905999999999999, "std": 0.025223798286538868, "std_err": 0.012611899143269432, "raw": [0.621, 0.582, 0.567, 0.62, 0.563]}, "unstructured_test_accuracy": {"mean": 0.5908, "std": 0.025466841186138515, "std_err": 0.012733420593069257, "raw": [0.622, 0.582, 0.567, 0.62, 0.563]}, "unstructured_test_brier_score": {"mean": 0.49349451999999994, "std": 0.019576271801382425, "std_err": 0.00978813590069121, "raw": [0.48056259999999995, 0.4873146, 0.5111232, 0.46778939999999997, 0.5206828]}, "interpretability": {"num_predicates": {"mean": 922.0, "std": 93.00107526260113, "std_err": 46.50053763130057, "raw": [950, 933, 902, 768, 1057]}, "num_rules": {"mean": 101.6, "std": 4.176122603564219, "std_err": 2.0880613017821097, "raw": [101, 101, 103, 95, 108]}}, "learning_time": {"mean": 0.3853407859802246, "std": 0.05080019817869823, "std_err": 0.02540009908934911, "raw": [0.44202089309692383, 0.3586249351501465, 0.33307409286499023, 0.3417360782623291, 0.4512479305267334]}}}