{"noise_pct_10": {"correct": {"mean_penalty_ratio": 0.838125, "std": 0.019304306514350607, "std_err": 0.009652153257175304, "raw": [0.834375, 0.840625, 0.8125, 0.871875, 0.83125]}, "constant_correct": {"mean_penalty_ratio": 0.838125, "std": 0.019304306514350607, "std_err": 0.009652153257175304, "raw": [0.834375, 0.840625, 0.8125, 0.871875, 0.83125]}}, "noise_pct_20": {"correct": {"mean_penalty_ratio": 0.8125, "std": 0.019960899278339148, "std_err": 0.009980449639169574, "raw": [0.803125, 0.821875, 0.790625, 0.846875, 0.8]}, "constant_correct": {"mean_penalty_ratio": 0.8125, "std": 0.019960899278339148, "std_err": 0.009980449639169574, "raw": [0.803125, 0.821875, 0.790625, 0.846875, 0.8]}}, "noise_pct_30": {"correct": {"mean_penalty_ratio": 0.7762499999999999, "std": 0.015885331283923575, "std_err": 0.007942665641961787, "raw": [0.765625, 0.790625, 0.7625, 0.8, 0.7625]}, "constant_correct": {"mean_penalty_ratio": 0.7762499999999999, "std": 0.015885331283923575, "std_err": 0.007942665641961787, "raw": [0.765625, 0.790625, 0.7625, 0.8, 0.7625]}}, "noise_pct_40": {"correct": {"mean_penalty_ratio": 0.735625, "std": 0.01093303480283492, "std_err": 0.005466517401417459, "raw": [0.73125, 0.746875, 0.728125, 0.75, 0.721875]}, "constant_correct": {"mean_penalty_ratio": 0.735625, "std": 0.01093303480283492, "std_err": 0.005466517401417459, "raw": [0.73125, 0.746875, 0.728125, 0.75, 0.721875]}}, "noise_pct_50": {"correct": {"mean_penalty_ratio": 0.701875, "std": 0.009185586535436923, "std_err": 0.0045927932677184615, "raw": [0.7, 0.7125, 0.69375, 0.7125, 0.690625]}, "constant_correct": {"mean_penalty_ratio": 0.701875, "std": 0.009185586535436923, "std_err": 0.0045927932677184615, "raw": [0.7, 0.7125, 0.69375, 0.7125, 0.690625]}}, "noise_pct_60": {"correct": {"mean_penalty_ratio": 0.664375, "std": 0.007015607600201137, "std_err": 0.003507803800100568, "raw": [0.66875, 0.671875, 0.659375, 0.66875, 0.653125]}, "constant_correct": {"mean_penalty_ratio": 0.664375, "std": 0.007015607600201137, "std_err": 0.003507803800100568, "raw": [0.66875, 0.671875, 0.659375, 0.66875, 0.653125]}}, "noise_pct_70": {"correct": {"mean_penalty_ratio": 0.6212500000000001, "std": 0.003644344934278315, "std_err": 0.0018221724671391574, "raw": [0.621875, 0.61875, 0.625, 0.625, 0.615625]}, "constant_correct": {"mean_penalty_ratio": 0.6212500000000001, "std": 0.003644344934278315, "std_err": 0.0018221724671391574, "raw": [0.621875, 0.61875, 0.625, 0.625, 0.615625]}}, "noise_pct_80": {"correct": {"mean_penalty_ratio": 0.585, "std": 0.0036443449342782844, "std_err": 0.0018221724671391422, "raw": [0.584375, 0.58125, 0.58125, 0.590625, 0.5875]}, "constant_correct": {"mean_penalty_ratio": 0.585, "std": 0.0036443449342782844, "std_err": 0.0018221724671391422, "raw": [0.584375, 0.58125, 0.58125, 0.590625, 0.5875]}}, "noise_pct_90": {"correct": {"mean_penalty_ratio": 0.5506249999999999, "std": 0.0012499999999999734, "std_err": 0.0006249999999999866, "raw": [0.55, 0.55, 0.55, 0.553125, 0.55]}, "constant_correct": {"mean_penalty_ratio": 0.5506249999999999, "std": 0.0012499999999999734, "std_err": 0.0006249999999999866, "raw": [0.55, 0.55, 0.55, 0.553125, 0.55]}}, "noise_pct_95": {"correct": {"mean_penalty_ratio": 0.52375, "std": 0.0024999999999999966, "std_err": 0.0012499999999999983, "raw": [0.528125, 0.525, 0.521875, 0.521875, 0.521875]}, "constant_correct": {"mean_penalty_ratio": 0.52375, "std": 0.0024999999999999966, "std_err": 0.0012499999999999983, "raw": [0.528125, 0.525, 0.521875, 0.521875, 0.521875]}}, "noise_pct_96": {"correct": {"mean_penalty_ratio": 0.52125, "std": 0.0023385358667336992, "std_err": 0.0011692679333668494, "raw": [0.525, 0.521875, 0.521875, 0.51875, 0.51875]}, "constant_correct": {"mean_penalty_ratio": 0.52125, "std": 0.0023385358667336992, "std_err": 0.0011692679333668494, "raw": [0.525, 0.521875, 0.521875, 0.51875, 0.51875]}}, "noise_pct_97": {"correct": {"mean_penalty_ratio": 0.5181250000000001, "std": 0.002338535866733711, "std_err": 0.0011692679333668555, "raw": [0.521875, 0.51875, 0.51875, 0.515625, 0.515625]}, "constant_correct": {"mean_penalty_ratio": 0.5181250000000001, "std": 0.002338535866733711, "std_err": 0.0011692679333668555, "raw": [0.521875, 0.51875, 0.51875, 0.515625, 0.515625]}}, "noise_pct_98": {"correct": {"mean_penalty_ratio": 0.51, "std": 0.0023385358667336992, "std_err": 0.0011692679333668496, "raw": [0.5125, 0.509375, 0.5125, 0.50625, 0.509375]}, "constant_correct": {"mean_penalty_ratio": 0.51, "std": 0.0023385358667336992, "std_err": 0.0011692679333668496, "raw": [0.5125, 0.509375, 0.5125, 0.50625, 0.509375]}}, "noise_pct_99": {"correct": {"mean_penalty_ratio": 0.5043749999999999, "std": 0.0015309310892394536, "std_err": 0.0007654655446197267, "raw": [0.50625, 0.503125, 0.50625, 0.503125, 0.503125]}, "constant_correct": {"mean_penalty_ratio": 0.5043749999999999, "std": 0.0015309310892394536, "std_err": 0.0007654655446197267, "raw": [0.50625, 0.503125, 0.50625, 0.503125, 0.503125]}}, "noise_pct_100": {"correct": {"mean_penalty_ratio": 0.5, "std": 0.0, "std_err": 0.0, "raw": [0.5, 0.5, 0.5, 0.5, 0.5]}, "constant_correct": {"mean_penalty_ratio": 0.5, "std": 0.0, "std_err": 0.0, "raw": [0.5, 0.5, 0.5, 0.5, 0.5]}}}