{"noise_pct_0": {"correct": {"mean_penalty_ratio": 0.8775000000000001, "std": 0.01783167827210891, "std_err": 0.008915839136054454, "raw": [0.871875, 0.88125, 0.85625, 0.909375, 0.86875]}, "constant_correct": {"mean_penalty_ratio": 0.8775000000000001, "std": 0.01783167827210891, "std_err": 0.008915839136054454, "raw": [0.871875, 0.88125, 0.85625, 0.909375, 0.86875]}}}