{"noise_pct_95": {"correct": {"mean_penalty_ratio": 0.5436351696506024, "std": 0.006808628573167568, "std_err": 0.0009726612247382239, "raw": [0.5522264102727912, 0.5347496599520695, 0.5468322190385227, 0.5513965418962569, 0.5369406867845994, 0.5422976501305483, 0.533202614379085, 0.5421678996461885, 0.5395739691225327, 0.5207474226804124, 0.5543170103092784, 0.5435009116957541, 0.5350848240807974, 0.5483345283879799, 0.5433376455368694, 0.5487278582930757, 0.5470007790184368, 0.5358507675367575, 0.5441316642307936, 0.5483459748868634, 0.5404674521923895, 0.5439786138097411, 0.5401688627350646, 0.5417757068998532, 0.5457758000130881, 0.5436647173489279, 0.5506653683868874, 0.5431805028615523, 0.5486423883670055, 0.5503338469440164, 0.5460202229712211, 0.5561344100026049, 0.543136366578215, 0.5405178536837347, 0.5523803338312658, 0.5434615876262303, 0.5480876834968074, 0.5467616663457218, 0.5350933265149578, 0.5298652500647836, 0.5483187885010267, 0.5445046692352903, 0.5488518685276902, 0.5439605587510271, 0.5513026696687038, 0.5297433903576982, 0.538697906664106, 0.5483995620531976, 0.5409356725146199, 0.5481643977030776]}, "constant_correct": {"mean_penalty_ratio": 0.523875, "std": 0.0036848507432459044, "std_err": 0.0005264072490351292, "raw": [0.528125, 0.51875, 0.525, 0.525, 0.525, 0.515625, 0.525, 0.521875, 0.51875, 0.51875, 0.528125, 0.521875, 0.521875, 0.525, 0.525, 0.528125, 0.528125, 0.51875, 0.525, 0.528125, 0.51875, 0.525, 0.525, 0.521875, 0.528125, 0.528125, 0.528125, 0.521875, 0.525, 0.528125, 0.525, 0.528125, 0.51875, 0.521875, 0.528125, 0.521875, 0.521875, 0.525, 0.521875, 0.51875, 0.528125, 0.525, 0.525, 0.525, 0.525, 0.5125, 0.525, 0.525, 0.521875, 0.528125]}}, "noise_pct_96": {"correct": {"mean_penalty_ratio": 0.5367891724794167, "std": 0.006830351340871711, "std_err": 0.0009757644772673872, "raw": [0.5458518090097038, 0.5285322538521807, 0.5455364033959351, 0.5436297385412006, 0.5295239347711731, 0.5345974060175127, 0.5268732320242089, 0.5362328234379051, 0.5320702585356226, 0.5125105608630662, 0.5465305326136437, 0.5354698604896025, 0.5266671116747881, 0.5405084969042286, 0.5366664493840037, 0.5415202394897827, 0.5386889122438255, 0.528275952349784, 0.5366276828171186, 0.5399626457139177, 0.532547845332639, 0.5410567771578602, 0.5333548179181438, 0.5344437988249726, 0.5397495056031641, 0.5368814805092532, 0.5459237000261301, 0.5356215935634571, 0.5408269405798986, 0.5421311900440757, 0.5396472893533638, 0.5495347922945879, 0.5360151505256971, 0.5325073361591132, 0.5441378858378662, 0.5375209164628653, 0.540775667419312, 0.5409358617565206, 0.5287836881713514, 0.5227778505039926, 0.5415342714480255, 0.5367302488284602, 0.5422617501947546, 0.5365541922290389, 0.544267619356934, 0.5292655810607547, 0.5325729750628262, 0.5409739878740466, 0.532465825446898, 0.5413817802956307]}, "constant_correct": {"mean_penalty_ratio": 0.5209374999999999, "std": 0.003603925810834628, "std_err": 0.0005148465444049469, "raw": [0.525, 0.515625, 0.525, 0.521875, 0.521875, 0.5125, 0.521875, 0.51875, 0.515625, 0.515625, 0.525, 0.51875, 0.51875, 0.521875, 0.521875, 0.525, 0.525, 0.515625, 0.521875, 0.525, 0.515625, 0.525, 0.521875, 0.51875, 0.525, 0.525, 0.525, 0.51875, 0.521875, 0.525, 0.521875, 0.525, 0.515625, 0.51875, 0.525, 0.51875, 0.51875, 0.521875, 0.51875, 0.515625, 0.525, 0.521875, 0.521875, 0.521875, 0.521875, 0.5125, 0.521875, 0.521875, 0.51875, 0.525]}}, "noise_pct_97": {"correct": {"mean_penalty_ratio": 0.5300062099891343, "std": 0.0069775684562608, "std_err": 0.0009967954937515429, "raw": [0.5385215525648528, 0.5212520593080725, 0.5379171536164135, 0.5352493878077071, 0.5246096851018788, 0.531569173630455, 0.5186835106382979, 0.5293386537580951, 0.5315135817227867, 0.5057004324465993, 0.5393501805054152, 0.5356645212660076, 0.5183833468505001, 0.5348313117253264, 0.5293264795044155, 0.5332280563232005, 0.5300597213005972, 0.5206004893856226, 0.528574214940511, 0.5331728892936126, 0.5242896425297892, 0.5334925056373524, 0.5263878029710711, 0.5266279903526497, 0.5321509233426331, 0.5294351367459109, 0.5389486181650287, 0.5288266474707153, 0.539316970454695, 0.534102833158447, 0.5316915357190017, 0.5431159899484195, 0.5289120126448894, 0.5243709656171782, 0.5372582667810706, 0.5292051515545727, 0.5327027570939827, 0.5342868338557993, 0.5210810108490872, 0.5207166853303471, 0.533267716535433, 0.5287961605119318, 0.5344442986484713, 0.5285318202334128, 0.5372155551183684, 0.5217218805792502, 0.5238188334962528, 0.5402918364664125, 0.5244048410692911, 0.5333508748848835]}, "constant_correct": {"mean_penalty_ratio": 0.5180625000000001, "std": 0.0036598539929893347, "std_err": 0.0005228362847127621, "raw": [0.521875, 0.5125, 0.521875, 0.51875, 0.51875, 0.509375, 0.51875, 0.515625, 0.515625, 0.5125, 0.521875, 0.51875, 0.515625, 0.51875, 0.51875, 0.521875, 0.521875, 0.5125, 0.51875, 0.521875, 0.509375, 0.521875, 0.51875, 0.515625, 0.521875, 0.521875, 0.521875, 0.515625, 0.521875, 0.521875, 0.51875, 0.521875, 0.5125, 0.515625, 0.521875, 0.515625, 0.515625, 0.51875, 0.515625, 0.515625, 0.521875, 0.51875, 0.51875, 0.51875, 0.51875, 0.509375, 0.51875, 0.521875, 0.515625, 0.521875]}}, "noise_pct_98": {"correct": {"mean_penalty_ratio": 0.519280545262076, "std": 0.005883533227622692, "std_err": 0.0008405047468032418, "raw": [0.524459912009981, 0.5116124751161247, 0.5243406377115865, 0.5215379602476377, 0.5164695663793679, 0.5234584450402144, 0.510272592990466, 0.5206148162807573, 0.5236561304610429, 0.4982465427115728, 0.5255125738172649, 0.5285234899328859, 0.5095767159702815, 0.5209548715885469, 0.5214932126696833, 0.5190900625249435, 0.5159863261612708, 0.5185135766228568, 0.5210166819913307, 0.5198368313704849, 0.515123436362433, 0.5217129877071085, 0.5133175105485233, 0.5244511634021296, 0.5197910387783805, 0.5161548731642189, 0.5241292209518745, 0.5200632536074323, 0.5250631564951469, 0.519872813990461, 0.5181709265175719, 0.5288853269217926, 0.5199867417964866, 0.5105631456181273, 0.5230317978801413, 0.5209714473252379, 0.5230405405405405, 0.5217936036927134, 0.5121807465618861, 0.5121886416472933, 0.5204527402700556, 0.5203869147578424, 0.5256681661815295, 0.5208753989448316, 0.5271767810026385, 0.5203045685279187, 0.5098504315740924, 0.5259244506406426, 0.5093313641245972, 0.5183906519718496]}, "constant_correct": {"mean_penalty_ratio": 0.5105625, "std": 0.002329330644198011, "std_err": 0.00033276152059971584, "raw": [0.5125, 0.50625, 0.5125, 0.509375, 0.5125, 0.50625, 0.5125, 0.509375, 0.509375, 0.50625, 0.5125, 0.5125, 0.509375, 0.509375, 0.5125, 0.5125, 0.5125, 0.509375, 0.5125, 0.5125, 0.50625, 0.5125, 0.509375, 0.5125, 0.5125, 0.5125, 0.5125, 0.509375, 0.5125, 0.5125, 0.509375, 0.5125, 0.50625, 0.50625, 0.5125, 0.509375, 0.509375, 0.509375, 0.509375, 0.509375, 0.5125, 0.5125, 0.5125, 0.5125, 0.5125, 0.50625, 0.509375, 0.5125, 0.50625, 0.5125]}}, "noise_pct_99": {"correct": {"mean_penalty_ratio": 0.5100413405836884, "std": 0.0053079137671868375, "std_err": 0.0007582733953124054,