{"noise_pct_10": {"correct": {"mean_penalty_ratio": 0.9005438316962812, "std": 0.008853828602247892, "std_err": 0.004426914301123946, "raw": [0.9003963104548802, 0.8857437135956812, 0.9010014207006479, 0.9019709543568465, 0.9136067593733498]}, "constant_correct": {"mean_penalty_ratio": 0.874375, "std": 0.00892678553567855, "std_err": 0.004463392767839274, "raw": [0.875, 0.859375, 0.875, 0.875, 0.8875]}}, "noise_pct_20": {"correct": {"mean_penalty_ratio": 0.883366213634879, "std": 0.008027182524877073, "std_err": 0.0040135912624385366, "raw": [0.8853965900667161, 0.8704168383206622, 0.8791281132282486, 0.8879834103394332, 0.8939061162193351]}, "constant_correct": {"mean_penalty_ratio": 0.846875, "std": 0.007395099728874512, "std_err": 0.003697549864437256, "raw": [0.85, 0.834375, 0.84375, 0.85, 0.85625]}}, "noise_pct_30": {"correct": {"mean_penalty_ratio": 0.85998443276047, "std": 0.004777292271967062, "std_err": 0.002388646135983531, "raw": [0.8612800690656516, 0.8550216949962183, 0.8557997369031959, 0.8594680275264827, 0.8683526353108012]}, "constant_correct": {"mean_penalty_ratio": 0.8074999999999999, "std": 0.004677071733467445, "std_err": 0.0023385358667337226, "raw": [0.809375, 0.803125, 0.803125, 0.80625, 0.815625]}}, "noise_pct_40": {"correct": {"mean_penalty_ratio": 0.8256605650445582, "std": 0.007701665014229157, "std_err": 0.0038508325071145775, "raw": [0.8328902550469386, 0.8116531165311653, 0.8265461897099476, 0.8247363453568057, 0.8324769185779337]}, "constant_correct": {"mean_penalty_ratio": 0.7568750000000001, "std": 0.007499999999999987, "std_err": 0.003749999999999993, "raw": [0.7625, 0.74375, 0.75625, 0.75625, 0.765625]}}, "noise_pct_50": {"correct": {"mean_penalty_ratio": 0.7938230573240959, "std": 0.0055999176752549356, "std_err": 0.0027999588376274678, "raw": [0.796226582222419, 0.7833137059516261, 0.7998676957001103, 0.7938763872439356, 0.795830915502388]}, "constant_correct": {"mean_penalty_ratio": 0.7193750000000001, "std": 0.005376453291901654, "std_err": 0.002688226645950827, "raw": [0.721875, 0.709375, 0.721875, 0.71875, 0.725]}}, "noise_pct_60": {"correct": {"mean_penalty_ratio": 0.7547200134304858, "std": 0.010238667293474672, "std_err": 0.005119333646737336, "raw": [0.7591334505202147, 0.741501554001554, 0.771105966835168, 0.7549737237237237, 0.7468853720717687]}, "constant_correct": {"mean_penalty_ratio": 0.68, "std": 0.0072886898685566495, "std_err": 0.0036443449342783247, "raw": [0.684375, 0.66875, 0.690625, 0.678125, 0.678125]}}, "noise_pct_70": {"correct": {"mean_penalty_ratio": 0.703764342339819, "std": 0.010948515110149671, "std_err": 0.005474257555074836, "raw": [0.7010611992581908, 0.686799371398638, 0.7200469651334933, 0.7095423121562295, 0.7013718637525429]}, "constant_correct": {"mean_penalty_ratio": 0.6325000000000001, "std": 0.008052561704203211, "std_err": 0.0040262808521016056, "raw": [0.63125, 0.61875, 0.64375, 0.634375, 0.634375]}}, "noise_pct_80": {"correct": {"mean_penalty_ratio": 0.6489611507513832, "std": 0.013466994668941292, "std_err": 0.006733497334470646, "raw": [0.6389089897021987, 0.629597898103724, 0.6680257865447132, 0.6567622389123403, 0.6515108404939396]}, "constant_correct": {"mean_penalty_ratio": 0.5918749999999999, "std": 0.00852386356061617, "std_err": 0.004261931780308084, "raw": [0.5875, 0.578125, 0.603125, 0.59375, 0.596875]}}, "noise_pct_90": {"correct": {"mean_penalty_ratio": 0.587741649824364, "std": 0.011792176119436977, "std_err": 0.005896088059718488, "raw": [0.5896243729352747, 0.5668770106409304, 0.6001698822958379, 0.5973613193403299, 0.5846756639094471]}, "constant_correct": {"mean_penalty_ratio": 0.553125, "std": 0.006555055301063434, "std_err": 0.003277527650531717, "raw": [0.553125, 0.540625, 0.559375, 0.55625, 0.55625]}}, "noise_pct_100": {"correct": {"mean_penalty_ratio": 0.500804276190494, "std": 0.003584371864481708, "std_err": 0.0017921859322408537, "raw": [0.5, 0.5018627650206597, 0.5013126893301919, 0.5059872272485365, 0.49485869935308135]}, "constant_correct": {"mean_penalty_ratio": 0.5, "std": 0.0, "std_err": 0.0, "raw": [0.5, 0.5, 0.5, 0.5, 0.5]}}}