{"noise_pct_0": {"correct": {"mean_penalty_ratio": 0.9257570537894958, "std": 0.010550746835879234, "std_err": 0.005275373417939616, "raw": [0.9282624609037067, 0.9078708984768168, 0.9265646002032587, 0.9251836788244555, 0.9409036305392419]}, "constant_correct": {"mean_penalty_ratio": 0.9193749999999999, "std": 0.011075028216668325, "std_err": 0.005537514108334161, "raw": [0.921875, 0.9, 0.921875, 0.91875, 0.934375]}}}