{"noise_pct_10": {"structured_test_accuracy": {"mean": 0.5032, "std": 0.022515772249692013, "std_err": 0.011257886124846005, "raw": [0.542, 0.488, 0.495, 0.478, 0.513]}, "unstructured_test_accuracy": {"mean": 0.4992, "std": 0.014702380759591297, "std_err": 0.0073511903797956486, "raw": [0.527, 0.489, 0.492, 0.487, 0.501]}, "unstructured_test_brier_score": {"mean": 0.5125991599999999, "std": 0.002298573802687275, "std_err": 0.0011492869013436373, "raw": [0.5084561999999999, 0.5130952, 0.5153084000000001, 0.5138514, 0.5122846]}, "interpretability": {"num_predicates": {"mean": 505.6, "std": 35.7468879764379, "std_err": 17.873443988218945, "raw": [502, 549, 447, 494, 536]}, "num_rules": {"mean": 61.8, "std": 3.54400902933387, "std_err": 1.772004514666935, "raw": [57, 64, 59, 62, 67]}}, "learning_time": {"mean": 0.5017589092254638, "std": 0.12267092041366878, "std_err": 0.061335460206834384, "raw": [0.3566398620605469, 0.45268893241882324, 0.4922029972076416, 0.479280948638916, 0.7279818058013916]}}, "noise_pct_20": {"structured_test_accuracy": {"mean": 0.5062, "std": 0.017463103962354475, "std_err": 0.008731551981177237, "raw": [0.537, 0.485, 0.499, 0.499, 0.511]}, "unstructured_test_accuracy": {"mean": 0.5064, "std": 0.014880860190190633, "std_err": 0.007440430095095315, "raw": [0.527, 0.493, 0.486, 0.513, 0.513]}, "unstructured_test_brier_score": {"mean": 0.5149502, "std": 0.007061479139103952, "std_err": 0.0035307395695519756, "raw": [0.5069266, 0.5204618000000001, 0.5255724, 0.5129984000000001, 0.5087918]}, "interpretability": {"num_predicates": {"mean": 467.4, "std": 50.933682372277, "std_err": 25.466841186138495, "raw": [535, 457, 447, 389, 509]}, "num_rules": {"mean": 61.0, "std": 3.9496835316262997, "std_err": 1.97484176581315, "raw": [63, 58, 63, 55, 66]}}, "learning_time": {"mean": 0.5346764087677002, "std": 0.09695708282799673, "std_err": 0.04847854141399836, "raw": [0.6251242160797119, 0.4580860137939453, 0.675894021987915, 0.4793868064880371, 0.4348909854888916]}}, "noise_pct_30": {"structured_test_accuracy": {"mean": 0.505, "std": 0.008555699854482983, "std_err": 0.004277849927241491, "raw": [0.509, 0.5, 0.497, 0.52, 0.499]}, "unstructured_test_accuracy": {"mean": 0.49379999999999996, "std": 0.00813387976306511, "std_err": 0.004066939881532555, "raw": [0.491, 0.499, 0.48, 0.504, 0.495]}, "unstructured_test_brier_score": {"mean": 0.51707464, "std": 0.003642489026805726, "std_err": 0.001821244513402863, "raw": [0.5180966, 0.5124634, 0.5215664000000001, 0.5131994, 0.5200473999999999]}, "interpretability": {"num_predicates": {"mean": 517.4, "std": 26.695317941541735, "std_err": 13.347658970770867, "raw": [513, 559, 505, 479, 531]}, "num_rules": {"mean": 62.2, "std": 3.6551333764994136, "std_err": 1.8275666882497066, "raw": [59, 63, 66, 57, 66]}}, "learning_time": {"mean": 0.5305083751678467, "std": 0.0568548825581735, "std_err": 0.02842744127908675, "raw": [0.46863675117492676, 0.475322961807251, 0.6068360805511475, 0.5871601104736328, 0.5145859718322754]}}, "noise_pct_40": {"structured_test_accuracy": {"mean": 0.499, "std": 0.018154889148656362, "std_err": 0.009077444574328181, "raw": [0.485, 0.48, 0.53, 0.492, 0.508]}, "unstructured_test_accuracy": {"mean": 0.4946, "std": 0.0034985711369071837, "std_err": 0.0017492855684535917, "raw": [0.49, 0.493, 0.497, 0.5, 0.493]}, "unstructured_test_brier_score": {"mean": 0.5162362, "std": 0.0018718411684755746, "std_err": 0.0009359205842377873, "raw": [0.5162552, 0.5197758, 0.514476, 0.5157074, 0.5149665999999999]}, "interpretability": {"num_predicates": {"mean": 512.6, "std": 32.628821615252974, "std_err": 16.314410807626487, "raw": [544, 560, 485, 490, 484]}, "num_rules": {"mean": 61.0, "std": 2.1908902300206643, "std_err": 1.0954451150103321, "raw": [61, 61, 65, 59, 59]}}, "learning_time": {"mean": 0.8642900943756103, "std": 0.13454413525201417, "std_err": 0.06727206762600708, "raw": [1.0478971004486084, 0.9352471828460693, 0.6382012367248535, 0.8390390872955322, 0.8610658645629883]}}, "noise_pct_50": {"structured_test_accuracy": {"mean": 0.5006, "std": 0.009350935782048776, "std_err": 0.004675467891024388, "raw": [0.507, 0.515, 0.492, 0.499, 0.49]}, "unstructured_test_accuracy": {"mean": 0.4974, "std": 0.01400856880626998, "std_err": 0.007004284403134989, "raw": [0.501, 0.522, 0.481, 0.495, 0.488]}, "unstructured_test_brier_score": {"mean": 0.5156751999999999, "std": 0.004881290703082514, "std_err": 0.002440645351541257, "raw": [0.5158465999999999, 0.5082416, 0.5190853999999999, 0.5128684000000001, 0.522334]}, "interpretability": {"num_predicates": {"mean": 510.6, "std": 56.13412509338682, "std_err": 28.06706254669341, "raw": [529, 599, 425, 505, 495]}, "num_rules": {"mean": 63.2, "std": 4.707440918375928, "std_err": 2.353720459187964, "raw": [65, 67, 54, 64, 66]}}, "learning_time": {"mean": 0.5713299751281739, "std": 0.25341219658065534, "std_err": 0.12670609829032764, "raw": [0.7024388313293457, 1.010791301727295, 0.35648679733276367, 0.3675389289855957, 0.41939401626586914]}}, "noise_pct_60": {"structured_test_accuracy": {"mean": 0.507, "std": 0.01283744522870498, "std_err": 0.00641872261435249, "raw": [0.53, 0.504, 0.498, 0.493, 0.51]}, "unstructured_test_accuracy": {"mean": 0.5104, "std": 0.01036532681587996, "std_err": 0.00518266340793998, "raw": [0.523, 0.498, 0.512, 0.52, 0.499]}, "unstructured_test_brier_score": {"mean": 0.51311696, "std": 0.0024178156700625777, "std_err": 0.0012089078350312889, "raw": [0.5096217999999999, 0.5121678, 0.5150484, 0.5122258, 0.516521]}, "interpretability": {"num_predicates": {"mean": 498.8, "std": 33.996470405028816, "std_err": 16.998235202514408, "raw": [522, 481, 548, 449, 494]}, "num_rules": {"mean": 63.0, "std": 3.4641016151377544, "std_err": 1.7320508075688772, "raw": [64, 60, 67, 58, 66]}}, "learning_time": {"mean": 0.496273136138916, "std": 0.1980729301162173, "std_err": 0.09903646505810865, "raw": [0.4230329990386963, 0.8442142009735107, 0.5764737129211426, 0.30602288246154785, 0.3316218852996826]}}, "noise_pct_70": {"structured_test_accuracy": {"mean": 0.5065999999999999, "std": 0.01989572818471344, "std_err": 0.009947864092356718, "raw": [0.517, 0.521, 0.499, 0.471, 0.525]}, "unstructured_test_accuracy": {"mean": 0.5032, "std": 0.008541662601625057, "std_err": 0.004270831300812529, "raw": [0.518, 0.497, 0.505, 0.493, 0.503]}, "unstructured_test_brier_score": {"mean": 0.51222764, "std": 0.0016486504852151012, "std_err": 0.0008243252426075506, "raw": [0.5101168, 0.5130703999999999, 0.5136568, 0.5139316, 0.5103626]}, "interpretability": {"num_predicates": {"mean": 548.8, "std": 40.18656491913684, "std_err": 20.09328245956842, "raw": [600, 555, 508, 498, 583]}, "num_rules": {"mean": 63.8, "std": 4.214261501141095, "std_err": 2.107130750570548, "raw": [66, 68, 63, 56, 66]}}, "learning_time": {"mean": 0.25644397735595703, "std": 0.010165313966397076, "std_err": 0.005082656983198538, "raw": [0.2578001022338867, 0.24765396118164062, 0.24220681190490723, 0.2674381732940674, 0.2671208381652832]}}, "noise_pct_80": {"structured_test_accuracy": {"mean": 0.5065999999999999, "std": 0.008452218643646184, "std_err": 0.004226109321823092, "raw": [0.515, 0.51, 0.505, 0.491, 0.512]}, "unstructured_test_accuracy": {"mean": 0.508, "std": 0.007874007874011818, "std_err": 0.003937003937005909, "raw": [0.518, 0.499, 0.5, 0.507, 0.516]}, "unstructured_test_brier_score": {"mean": 0.5129948799999999, "std": 0.003847670768867816, "std_err": 0.0019238353844339077, "raw": [0.5082182, 0.5187035999999999, 0.5138931999999999, 0.5092394, 0.5149199999999999]}, "interpretability": {"num_predicates": {"mean": 513.6, "std": 40.13277961965754, "std_err": 20.06638980982877, "raw": [568, 511, 549, 466, 474]}, "num_rules": {"mean": 62.6, "std": 3.3823069050575527, "std_err": 1.6911534525287764, "raw": [67, 61, 64, 57, 64]}}, "learning_time": {"mean": 0.28621821403503417, "std": 0.036040160670066185, "std_err": 0.018020080335033092,