{"noise_pct_0": {"structured_test_accuracy": {"mean": 0.5072, "std": 0.011285388783732718, "std_err": 0.005642694391866358, "raw": [0.523, 0.493, 0.498, 0.505, 0.517]}, "unstructured_test_accuracy": {"mean": 0.5065999999999999, "std": 0.010403845442911971, "std_err": 0.0052019227214559855, "raw": [0.521, 0.496, 0.497, 0.502, 0.517]}, "unstructured_test_brier_score": {"mean": 0.5146110800000001, "std": 0.0027504646693967917, "std_err": 0.0013752323346983956, "raw": [0.5102298000000001, 0.5154746, 0.5181594, 0.5162226000000001, 0.512969]}, "interpretability": {"num_predicates": {"mean": 510.6, "std": 44.15699265122117, "std_err": 22.078496325610583, "raw": [520, 534, 451, 473, 575]}, "num_rules": {"mean": 62.4, "std": 3.7202150475476548, "std_err": 1.8601075237738274, "raw": [60, 64, 63, 57, 68]}}, "learning_time": {"mean": 0.4463025093078613, "std": 0.0857955603178679, "std_err": 0.042897780158933946, "raw": [0.4048891067504883, 0.5010271072387695, 0.38385009765625, 0.5870342254638672, 0.35471200942993164]}}}