{"noise_pct_10": {"accuracy": {"mean": 0.8956, "std": 0.007144228439796708, "std_err": 0.003572114219898353, "raw": [0.906, 0.895, 0.901, 0.887, 0.889]}, "brier_score": {"mean": 0.14371619441961656, "std": 0.007234547522461865, "std_err": 0.0036172737612309323, "raw": [0.13345320648907893, 0.14431162616898616, 0.13812033175585886, 0.1533740174462268, 0.1493217902379321]}}, "noise_pct_20": {"accuracy": {"mean": 0.8602000000000001, "std": 0.007110555533852477, "std_err": 0.0035552777669262386, "raw": [0.847, 0.859, 0.867, 0.863, 0.865]}, "brier_score": {"mean": 0.21516762684952564, "std": 0.007510474722621577, "std_err": 0.003755237361310788, "raw": [0.22897291053711116, 0.21661759890463333, 0.20744994224017899, 0.2122288205343713, 0.21056886203133338]}}, "noise_pct_30": {"accuracy": {"mean": 0.8086, "std": 0.0025768197453450276, "std_err": 0.0012884098726725136, "raw": [0.811, 0.809, 0.804, 0.808, 0.811]}, "brier_score": {"mean": 0.30778287903436247, "std": 0.0026654340298207973, "std_err": 0.0013327170149103986, "raw": [0.3059049571878874, 0.30553243906282357, 0.31259281221660856, 0.30877698947736676, 0.30610719722712604]}}, "noise_pct_40": {"accuracy": {"mean": 0.7646, "std": 0.007364781055808795, "std_err": 0.0036823905279043975, "raw": [0.778, 0.758, 0.767, 0.76, 0.76]}, "brier_score": {"mean": 0.3901184113834127, "std": 0.006509545290492432, "std_err": 0.003254772645246216, "raw": [0.3792108825878233, 0.39669494854807386, 0.3862633881727892, 0.393411653059554, 0.3950111845488231]}}, "noise_pct_50": {"accuracy": {"mean": 0.7314, "std": 0.0034409301068170535, "std_err": 0.0017204650534085267, "raw": [0.726, 0.734, 0.73, 0.731, 0.736]}, "brier_score": {"mean": 0.45069002083111603, "std": 0.002738384464612924, "std_err": 0.0013691922323064618, "raw": [0.4538616792404612, 0.44838254056370946, 0.45301546376511065, 0.45150512097477646, 0.44668529961152215]}}, "noise_pct_60": {"accuracy": {"mean": 0.6994, "std": 0.0030066592756745844, "std_err": 0.0015033296378372922, "raw": [0.703, 0.703, 0.698, 0.696, 0.697]}, "brier_score": {"mean": 0.5108404945734819, "std": 0.0036454919712010903, "std_err": 0.0018227459856005454, "raw": [0.50778683009557, 0.5056363029264882, 0.5114424779826567, 0.515099130114944, 0.5142377317477504]}}, "noise_pct_70": {"accuracy": {"mean": 0.6632, "std": 0.002785677655436826, "std_err": 0.001392838827718413, "raw": [0.667, 0.662, 0.666, 0.66, 0.661]}, "brier_score": {"mean": 0.5783942981097138, "std": 0.003413971618940047, "std_err": 0.0017069858094700234, "raw": [0.5729878065145179, 0.5776493257533797, 0.577228821034659, 0.5824792226582075, 0.5816263145878044]}}, "noise_pct_80": {"accuracy": {"mean": 0.6275999999999999, "std": 0.001200000000000001, "std_err": 0.0006000000000000005, "raw": [0.627, 0.627, 0.63, 0.627, 0.627]}, "brier_score": {"mean": 0.6505564954132035, "std": 0.0013844651997481118, "std_err": 0.0006922325998740558, "raw": [0.6501559917527538, 0.6499610338780296, 0.6484814055534048, 0.6522454086014344, 0.6519386372803948]}}, "noise_pct_90": {"accuracy": {"mean": 0.5683999999999999, "std": 0.03514882643844598, "std_err": 0.017574413219222988, "raw": [0.588, 0.571, 0.5, 0.596, 0.587]}, "brier_score": {"mean": 0.7865439465211879, "std": 0.10718166646117644, "std_err": 0.05359083323058822, "raw": [0.7257117487818295, 0.7521827058444244, 1.0, 0.726467346219062, 0.7283579317606236]}}, "noise_pct_100": {"accuracy": {"mean": 0.5, "std": 0.0, "std_err": 0.0, "raw": [0.5, 0.5, 0.5, 0.5, 0.5]}, "brier_score": {"mean": 1.0000006867084508, "std": 1.3734169016288435e-06, "std_err": 6.867084508144217e-07, "raw": [1.0, 1.000003433542254, 1.0, 1.0, 1.0]}}}