{"noise_pct_0": {"accuracy": {"mean": 0.9334, "std": 0.003929376540877678, "std_err": 0.0019646882704388384, "raw": [0.927, 0.935, 0.936, 0.931, 0.938]}, "brier_score": {"mean": 0.06908190303408247, "std": 0.0038613505493040622, "std_err": 0.001930675274652031, "raw": [0.07531101757978424, 0.06757501418165197, 0.06661784195404101, 0.07147817940209944, 0.06442746205283569]}}}