{"noise_pct_10": {"accuracy": {"mean": 0.958, "std": 0.0006324555320336764, "std_err": 0.0003162277660168382, "raw": [0.958, 0.957, 0.958, 0.959, 0.958]}}, "noise_pct_20": {"accuracy": {"mean": 0.9132, "std": 0.0016000000000000014, "std_err": 0.0008000000000000007, "raw": [0.913, 0.913, 0.911, 0.916, 0.913]}}, "noise_pct_30": {"accuracy": {"mean": 0.8615999999999999, "std": 0.001496662954709578, "std_err": 0.000748331477354789, "raw": [0.864, 0.86, 0.86, 0.862, 0.862]}}, "noise_pct_40": {"accuracy": {"mean": 0.8139999999999998, "std": 0.0020000000000000018, "std_err": 0.001000000000000001, "raw": [0.818, 0.813, 0.813, 0.813, 0.813]}}, "noise_pct_50": {"accuracy": {"mean": 0.7742000000000001, "std": 0.00271293199325011, "std_err": 0.001356465996625055, "raw": [0.774, 0.776, 0.776, 0.776, 0.769]}}, "noise_pct_60": {"accuracy": {"mean": 0.7388, "std": 0.0061773780845922055, "std_err": 0.0030886890422961027, "raw": [0.734, 0.741, 0.734, 0.75, 0.735]}}, "noise_pct_70": {"accuracy": {"mean": 0.6998, "std": 0.009173875952943748, "std_err": 0.004586937976471875, "raw": [0.697, 0.703, 0.697, 0.715, 0.687]}}, "noise_pct_80": {"accuracy": {"mean": 0.6488, "std": 0.010380751417888794, "std_err": 0.005190375708944397, "raw": [0.66, 0.645, 0.641, 0.662, 0.636]}}, "noise_pct_90": {"accuracy": {"mean": 0.5888, "std": 0.007909487973314082, "std_err": 0.003954743986657041, "raw": [0.581, 0.589, 0.596, 0.579, 0.599]}}, "noise_pct_100": {"accuracy": {"mean": 0.5618, "std": 0.007467261881037745, "std_err": 0.0037336309405188724, "raw": [0.568, 0.558, 0.565, 0.569, 0.549]}}}