{"noise_pct_95": {"accuracy": {"mean": 0.9697999999999999, "std": 0.07259779610979937, "std_err": 0.01037111372997134, "raw": [1.0, 1.0, 1.0, 1.0, 1.0, 1.0, 1.0, 1.0, 0.666, 1.0, 1.0, 1.0, 0.832, 0.832, 1.0, 1.0, 0.832, 1.0, 1.0, 1.0, 1.0, 1.0, 1.0, 1.0, 1.0, 1.0, 1.0, 0.832, 1.0, 1.0, 1.0, 1.0, 0.832, 1.0, 1.0, 1.0, 1.0, 1.0, 1.0, 1.0, 1.0, 0.832, 1.0, 1.0, 1.0, 0.832, 1.0, 1.0, 1.0, 1.0]}, "interpretability": {"num_rules": {"mean": 3.82, "std": 0.4331281565541544, "std_err": 0.061875450936307766, "raw": [4, 4, 4, 4, 4, 4, 4, 4, 2, 4, 4, 4, 3, 3, 4, 4, 3, 4, 4, 4, 4, 4, 4, 4, 4, 4, 4, 3, 4, 4, 4, 4, 3, 4, 4, 4, 4, 4, 4, 4, 4, 3, 4, 4, 4, 3, 4, 4, 4, 4]}, "num_predicates": {"mean": 3.82, "std": 0.4331281565541544, "std_err": 0.061875450936307766, "raw": [4, 4, 4, 4, 4, 4, 4, 4, 2, 4, 4, 4, 3, 3, 4, 4, 3, 4, 4, 4, 4, 4, 4, 4, 4, 4, 4, 3, 4, 4, 4, 4, 3, 4, 4, 4, 4, 4, 4, 4, 4, 3, 4, 4, 4, 3, 4, 4, 4, 4]}}, "learning_time": {"mean": 117.8903478050232, "std": 2.4359718550820544, "std_err": 0.34799597929743636, "raw": [117.89158797264099, 118.62184357643127, 117.71190881729126, 117.60924243927002, 116.99236750602722, 115.545175075531, 121.20890879631042, 122.07327890396118, 124.18988728523254, 120.32704949378967, 119.28727674484253, 118.18507504463196, 117.58073687553406, 120.96616697311401, 118.66361117362976, 119.91282272338867, 119.30779504776001, 118.7269172668457, 116.82657551765442, 118.74799370765686, 122.82629370689392, 121.77843952178955, 121.39849591255188, 117.09845018386841, 119.87955713272095, 119.20702695846558, 115.28584480285645, 119.14109921455383, 117.34703302383423, 120.6001181602478, 118.5022361278534, 118.30146169662476, 117.3817081451416, 114.22415518760681, 115.27517628669739, 119.17241930961609, 115.56903147697449, 117.32873058319092, 115.72120571136475, 113.31918501853943, 114.06830620765686, 115.33226561546326, 114.4605541229248, 116.7607216835022, 116.81601929664612, 115.37398171424866, 114.51049613952637, 115.88194966316223, 116.36927556991577, 115.20993113517761]}}, "noise_pct_96": {"accuracy": {"mean": 0.9331999999999999, "std": 0.12037076056916812, "std_err": 0.01719582293845259, "raw": [1.0, 1.0, 1.0, 1.0, 0.834, 1.0, 1.0, 0.834, 0.666, 0.5, 1.0, 0.834, 0.832, 0.832, 0.834, 1.0, 0.832, 0.666, 1.0, 1.0, 1.0, 1.0, 1.0, 1.0, 1.0, 1.0, 1.0, 0.832, 1.0, 1.0, 1.0, 1.0, 0.666, 1.0, 1.0, 1.0, 1.0, 1.0, 1.0, 1.0, 1.0, 0.832, 1.0, 1.0, 1.0, 0.666, 1.0, 1.0, 1.0, 1.0]}, "interpretability": {"num_rules": {"mean": 3.6, "std": 0.7211102550927979, "std_err": 0.10301575072754256, "raw": [4, 4, 4, 4, 3, 4, 4, 3, 2, 1, 4, 3, 3, 3, 3, 4, 3, 2, 4, 4, 4, 4, 4, 4, 4, 4, 4, 3, 4, 4, 4, 4, 2, 4, 4, 4, 4, 4, 4, 4, 4, 3, 4, 4, 4, 2, 4, 4, 4, 4]}, "num_predicates": {"mean": 3.6, "std": 0.7211102550927979, "std_err": 0.10301575072754256, "raw": [4, 4, 4, 4, 3, 4, 4, 3, 2, 1, 4, 3, 3, 3, 3, 4, 3, 2, 4, 4, 4, 4, 4, 4, 4, 4, 4, 3, 4, 4, 4, 4, 2, 4, 4, 4, 4, 4, 4, 4, 4, 3, 4, 4, 4, 2, 4, 4, 4, 4]}}, "learning_time": {"mean": 117.48887626171113, "std": 2.122283068064255, "std_err": 0.3031832954377507, "raw": [116.40579128265381, 118.80196118354797, 118.13969397544861, 122.47832989692688, 115.67321276664734, 113.65130972862244, 114.62680673599243, 114.34903836250305, 116.46837329864502, 115.7391185760498, 116.87408542633057, 114.76485276222229, 118.57781386375427, 125.3138222694397, 121.2069103717804, 118.97034859657288, 115.29301595687866, 117.37423324584961, 117.84876298904419, 117.32172966003418, 116.68748760223389, 118.82680010795593, 118.65985679626465, 116.24746131896973, 120.04667663574219, 116.1496570110321, 119.23869967460632, 115.83720684051514, 120.48660159111023, 117.94356775283813, 114.48910927772522, 118.79475259780884, 117.37896776199341, 116.54271936416626, 114.7515640258789, 116.76255202293396, 117.85551333427429, 117.882244348526, 116.82062339782715, 116.08712863922119, 117.35652780532837, 119.54825639724731, 119.24098610877991, 116.71689319610596, 117.99348449707031, 116.7542519569397, 118.30076885223389, 117.70812249183655, 115.31242203712463, 118.14369869232178]}}, "noise_pct_97": {"accuracy": {"mean": 0.7903600000000001, "std": 0.09921023334313853, "std_err": 0.014172890477591217, "raw": [0.834, 0.834, 0.834, 0.834, 0.834, 1.0, 0.5, 0.834, 0.666, 0.5, 0.834, 0.666, 0.832, 0.666, 0.668, 0.834, 0.666, 0.666, 0.666, 0.834, 1.0, 0.834, 0.834, 0.834, 0.834, 0.834, 0.834, 0.834, 0.834, 0.834, 0.834, 0.668, 0.666, 0.834, 0.834, 0.834, 0.834, 0.834, 0.834, 0.834, 0.834, 0.834, 0.834, 0.834, 0.834, 0.666, 0.834, 0.834, 0.666, 0.834]}, "interpretability": {"num_rules": {"mean": 2.74, "std": 0.5936328831862331, "std_err": 0.0848046975980333, "raw": [3, 3, 3, 3, 3, 4, 1, 3, 2, 1, 3, 2, 3, 2, 2, 3, 2, 2, 2, 3, 4, 3, 3, 3, 3, 3, 3, 3, 3, 3, 3, 2, 2, 3, 3, 3, 3, 3, 3, 3, 3, 3, 3, 3, 3, 2, 3, 3, 2, 3]}, "num_predicates": {"mean": 2.74, "std": 0.5936328831862331, "std_err": 0.0848046975980333, "raw": [3, 3, 3, 3, 3, 4, 1, 3, 2, 1, 3, 2, 3, 2, 2, 3, 2, 2, 2, 3, 4, 3, 3, 3, 3, 3, 3, 3, 3, 3, 3, 2, 2, 3, 3, 3, 3, 3, 3, 3, 3, 3, 3, 3, 3, 2, 3, 3, 2, 3]}}, "learning_time": {"mean": 116.98098136901855, "std": 2.4845068882469943, "std_err": 0.35492955546385635, "raw": [114.6436357498169, 117.0539755821228, 115.87086391448975, 118.63066029548645, 116.44971060752869, 111.53734636306763, 113.79940509796143, 115.21030926704407, 113.635812997818, 117.08599877357483, 114.40415835380554, 112.47091507911682, 116.41957759857178, 115.0987639427185, 115.709153175354, 116.79084706306458, 116.54326128959656, 118.87872219085693, 112.7804536819458, 116.27455854415894, 114.89199995994568, 118.1653048992157, 117.87835884094238, 116.29891419410706, 116.84274482727051, 115.77196455001831, 114.48316693305969, 113.56157684326172, 118.34183049201965, 116.47051572799683, 118.60052227973938, 118.27973747253418, 118.15530800819397, 116.55558466911316, 115.62504124641418, 121.78054618835449, 119.28587508201599, 120.1054093837738, 120.28025722503662, 117.41297507286072, 122.29006910324097, 121.63187599182129, 119.59882831573486, 114.36157751083374, 120.1204137802124, 119.07640624046326, 115.86932373046875, 121.49800634384155, 119.32503414154053, 117.20176982879639]}}, "noise_pct_98": {"accuracy": {"mean": 0.7938, "std": 0.10855505515635831, "std_err": 0.015507865022336902, "raw": [0.834, 0.834, 0.834, 0.834, 0.834, 1.0, 0.5, 0.834, 0.666, 0.5, 0.834, 0.834, 0.5, 0.666, 0.834, 0.834, 0.666, 0.834, 0.834, 0.834, 1.0, 0.834, 0.834, 0.834, 0.834, 0.834, 0.834, 0.834, 0.834, 0.834, 0.834, 0.668, 0.666, 0.834, 0.834, 0.834, 0.834, 0.834, 0.834, 0.834, 0.834, 0.834, 0.834, 0.834, 0.834, 0.834, 0.5, 0.834, 0.666, 0.834]}, "interpretability": {"num_rules": {"mean": 2.76, "std": 0.6499230723708769, "std_err": 0.09284615319583957, "raw": [3, 3, 3, 3, 3, 4, 1, 3, 2, 1, 3, 3, 1, 2, 3, 3, 2, 3, 3, 3, 4, 3, 3, 3, 3, 3, 3, 3, 3, 3, 3, 2, 2, 3, 3, 3, 3, 3, 3, 3, 3, 3, 3, 3, 3, 3, 1, 3, 2, 3]}, "num_predicates": {"mean": 2.76, "std": 0.6499230723708769, "std_err": 0.09284615319583957, "raw": [3, 3, 3, 3, 3, 4, 1, 3, 2, 1, 3, 3, 1, 2, 3, 3, 2, 3, 3, 3, 4, 3, 3, 3, 3, 3, 3, 3, 3, 3, 3, 2, 2, 3, 3, 3, 3, 3, 3, 3, 3, 3, 3, 3, 3, 3, 1, 3, 2, 3]}}, "learning_time": {"mean": 115.63874036312103, "std": 2.2334376876164885, "std_err": 0.3190625268023555,