{"noise_pct_10": {"accuracy": {"mean": 1.0, "std": 0.0, "std_err": 0.0, "raw": [1.0, 1.0, 1.0, 1.0, 1.0]}, "interpretability": {"num_rules": {"mean": 4.0, "std": 0.0, "std_err": 0.0, "raw": [4, 4, 4, 4, 4]}, "num_predicates": {"mean": 4.0, "std": 0.0, "std_err": 0.0, "raw": [4, 4, 4, 4, 4]}}, "learning_time": {"mean": 119.1699091911316, "std": 2.1095882042497025, "std_err": 1.0547941021248513, "raw": [117.75237464904785, 119.23881459236145, 118.14457273483276, 117.49608016014099, 123.2177038192749]}}, "noise_pct_20": {"accuracy": {"mean": 1.0, "std": 0.0, "std_err": 0.0, "raw": [1.0, 1.0, 1.0, 1.0, 1.0]}, "interpretability": {"num_rules": {"mean": 4.0, "std": 0.0, "std_err": 0.0, "raw": [4, 4, 4, 4, 4]}, "num_predicates": {"mean": 4.0, "std": 0.0, "std_err": 0.0, "raw": [4, 4, 4, 4, 4]}}, "learning_time": {"mean": 118.85421147346497, "std": 1.384183076504963, "std_err": 0.6920915382524815, "raw": [117.07019639015198, 120.16958904266357, 117.26991581916809, 120.03819942474365, 119.72315669059753]}}, "noise_pct_30": {"accuracy": {"mean": 1.0, "std": 0.0, "std_err": 0.0, "raw": [1.0, 1.0, 1.0, 1.0, 1.0]}, "interpretability": {"num_rules": {"mean": 4.0, "std": 0.0, "std_err": 0.0, "raw": [4, 4, 4, 4, 4]}, "num_predicates": {"mean": 4.0, "std": 0.0, "std_err": 0.0, "raw": [4, 4, 4, 4, 4]}}, "learning_time": {"mean": 117.83346123695374, "std": 2.213367058020502, "std_err": 1.106683529010251, "raw": [116.29118824005127, 116.39750146865845, 117.44881916046143, 116.84544467926025, 122.18435263633728]}}, "noise_pct_40": {"accuracy": {"mean": 1.0, "std": 0.0, "std_err": 0.0, "raw": [1.0, 1.0, 1.0, 1.0, 1.0]}, "interpretability": {"num_rules": {"mean": 4.0, "std": 0.0, "std_err": 0.0, "raw": [4, 4, 4, 4, 4]}, "num_predicates": {"mean": 4.0, "std": 0.0, "std_err": 0.0, "raw": [4, 4, 4, 4, 4]}}, "learning_time": {"mean": 116.77002115249634, "std": 2.0912286589793627, "std_err": 1.0456143294896814, "raw": [115.33424043655396, 114.86128544807434, 119.50391149520874, 119.13699126243591, 115.01367712020874]}}, "noise_pct_50": {"accuracy": {"mean": 1.0, "std": 0.0, "std_err": 0.0, "raw": [1.0, 1.0, 1.0, 1.0, 1.0]}, "interpretability": {"num_rules": {"mean": 4.0, "std": 0.0, "std_err": 0.0, "raw": [4, 4, 4, 4, 4]}, "num_predicates": {"mean": 4.0, "std": 0.0, "std_err": 0.0, "raw": [4, 4, 4, 4, 4]}}, "learning_time": {"mean": 117.06381077766419, "std": 2.2525064078549013, "std_err": 1.1262532039274507, "raw": [114.20557999610901, 116.13842391967773, 118.38022828102112, 115.89256072044373, 120.70226097106934]}}, "noise_pct_60": {"accuracy": {"mean": 1.0, "std": 0.0, "std_err": 0.0, "raw": [1.0, 1.0, 1.0, 1.0, 1.0]}, "interpretability": {"num_rules": {"mean": 4.0, "std": 0.0, "std_err": 0.0, "raw": [4, 4, 4, 4, 4]}, "num_predicates": {"mean": 4.0, "std": 0.0, "std_err": 0.0, "raw": [4, 4, 4, 4, 4]}}, "learning_time": {"mean": 118.47935256958007, "std": 2.872148352783334, "std_err": 1.4360741763916667, "raw": [116.10989999771118, 115.9597418308258, 120.48888206481934, 116.67109155654907, 123.167147397995]}}, "noise_pct_70": {"accuracy": {"mean": 1.0, "std": 0.0, "std_err": 0.0, "raw": [1.0, 1.0, 1.0, 1.0, 1.0]}, "interpretability": {"num_rules": {"mean": 4.0, "std": 0.0, "std_err": 0.0, "raw": [4, 4, 4, 4, 4]}, "num_predicates": {"mean": 4.0, "std": 0.0, "std_err": 0.0, "raw": [4, 4, 4, 4, 4]}}, "learning_time": {"mean": 117.33710508346557, "std": 2.4025968701346114, "std_err": 1.2012984350673057, "raw": [114.33625411987305, 115.58438420295715, 117.38053441047668, 118.00537252426147, 121.37898015975952]}}, "noise_pct_80": {"accuracy": {"mean": 1.0, "std": 0.0, "std_err": 0.0, "raw": [1.0, 1.0, 1.0, 1.0, 1.0]}, "interpretability": {"num_rules": {"mean": 4.0, "std": 0.0, "std_err": 0.0, "raw": [4, 4, 4, 4, 4]}, "num_predicates": {"mean": 4.0, "std": 0.0, "std_err": 0.0, "raw": [4, 4, 4, 4, 4]}}, "learning_time": {"mean": 125.461070728302, "std": 1.0227044530161544, "std_err": 0.5113522265080772, "raw": [124.83929586410522, 125.25072884559631, 127.30958914756775, 124.2951397895813, 125.61059999465942]}}, "noise_pct_90": {"accuracy": {"mean": 1.0, "std": 0.0, "std_err": 0.0, "raw": [1.0, 1.0, 1.0, 1.0, 1.0]}, "interpretability": {"num_rules": {"mean": 4.0, "std": 0.0, "std_err": 0.0, "raw": [4, 4, 4, 4, 4]}, "num_predicates": {"mean": 4.0, "std": 0.0, "std_err": 0.0, "raw": [4, 4, 4, 4, 4]}}, "learning_time": {"mean": 121.98755602836609, "std": 1.8833338397942034, "std_err": 0.9416669198971016, "raw": [120.03616452217102, 125.40349626541138, 121.91374802589417, 122.09394240379333, 120.49042892456055]}}, "noise_pct_100": {"accuracy": {"mean": 0.5336000000000001, "std": 0.06720000000000001, "std_err": 0.03360000000000001, "raw": [0.5, 0.5, 0.668, 0.5, 0.5]}, "interpretability": {"num_rules": {"mean": 1.6, "std": 0.4898979485566356, "std_err": 0.24494897427831777, "raw": [1, 2, 2, 2, 1]}, "num_predicates": {"mean": 1.6, "std": 0.4898979485566356, "std_err": 0.24494897427831777, "raw": [1, 2, 2, 2, 1]}}, "learning_time": {"mean": 120.21978359222412, "std": 2.6113038548226455, "std_err": 1.3056519274113225, "raw": [118.59767603874207, 117.12444710731506, 120.19587564468384, 124.89712572097778, 120.28379344940186]}}}