{"noise_pct_95": {"rank_dist": {"2": 0.007163461538461539, "3": 0.044182692307692305, "4": 0.006586538461538461, "5": 0.029038461538461537, "6": 0.009038461538461539, "7": 0.0714423076923077, "8": 0.005721153846153846, "9": 0.16533653846153845, "10": 0.028557692307692308, "j": 0.003798076923076923, "q": 0.010336538461538461, "k": 0.5838942307692307, "a": 0.03490384615384615}, "suit_dist": {"h": 0.24307692307692308, "s": 0.05692307692307692, "c": 0.31379807692307693, "d": 0.3862019230769231}}, "noise_pct_96": {"rank_dist": {"2": 0.006394230769230769, "3": 0.04341346153846154, "4": 0.005817307692307692, "5": 0.028317307692307694, "6": 0.007788461538461538, "7": 0.07100961538461538, "8": 0.0047115384615384615, "9": 0.16706730769230768, "10": 0.02826923076923077, "j": 0.003125, "q": 0.01, "k": 0.5892307692307692, "a": 0.03485576923076923}, "suit_dist": {"h": 0.24197115384615384, "s": 0.05504807692307692, "c": 0.31509615384615386, "d": 0.3878846153846154}}, "noise_pct_97": {"rank_dist": {"2": 0.005480769230769231, "3": 0.042596153846153846, "4": 0.0047115384615384615, "5": 0.027019230769230768, "6": 0.0064423076923076925, "7": 0.07024038461538462, "8": 0.003798076923076923, "9": 0.1689423076923077, "10": 0.028221153846153847, "j": 0.0027884615384615383, "q": 0.009759615384615384, "k": 0.5950961538461539, "a": 0.03490384615384615}, "suit_dist": {"h": 0.24177884615384615, "s": 0.052932692307692306, "c": 0.31543269230769233, "d": 0.38985576923076926}}, "noise_pct_98": {"rank_dist": {"2": 0.005048076923076923, "3": 0.041394230769230766, "4": 0.0033173076923076923, "5": 0.025576923076923077, "6": 0.005336538461538461, "7": 0.06995192307692308, "8": 0.002980769230769231, "9": 0.1700480769230769, "10": 0.028125, "j": 0.0025, "q": 0.009615384615384616, "k": 0.6009134615384616, "a": 0.03519230769230769}, "suit_dist": {"h": 0.241875, "s": 0.05100961538461538, "c": 0.3163942307692308, "d": 0.39072115384615386}}, "noise_pct_99": {"rank_dist": {"2": 0.0045673076923076926, "3": 0.040240384615384615, "4": 0.0016826923076923078, "5": 0.024278846153846154, "6": 0.004663461538461538, "7": 0.06971153846153846, "8": 0.0021634615384615386, "9": 0.17153846153846153, "10": 0.02826923076923077, "j": 0.0021153846153846153, "q": 0.009230769230769232, "k": 0.6062980769230769, "a": 0.03524038461538462}, "suit_dist": {"h": 0.24120192307692306, "s": 0.04923076923076923, "c": 0.31817307692307695, "d": 0.39139423076923074}}, "noise_pct_100": {"rank_dist": {"2": 0.0015384615384615385, "3": 0.03875, "4": 0.0, "5": 0.022403846153846153, "6": 0.003076923076923077, "7": 0.06923076923076923, "8": 0.0003365384615384615, "9": 0.1739423076923077, "10": 0.027692307692307693, "j": 0.0009615384615384616, "q": 0.00826923076923077, "k": 0.6184615384615385, "a": 0.03533653846153846}, "suit_dist": {"h": 0.23918269230769232, "s": 0.04533653846153846, "c": 0.32096153846153846, "d": 0.3945192307692308}}}