{"noise_pct_95": {"rank_dist": {"2": 0.0059134615384615384, "3": 0.006682692307692308, "4": 0.006586538461538461, "5": 0.007067307692307692, "6": 0.006298076923076923, "7": 0.005721153846153846, "8": 0.005384615384615384, "9": 0.004134615384615385, "10": 0.024423076923076922, "j": 0.0028846153846153848, "q": 0.002307692307692308, "k": 0.921875, "a": 0.0007211538461538462}, "suit_dist": {"h": 0.687548076923077, "s": 0.015528846153846153, "c": 0.18596153846153846, "d": 0.11096153846153846}}, "noise_pct_96": {"rank_dist": {"2": 0.005096153846153846, "3": 0.005673076923076923, "4": 0.005817307692307692, "5": 0.006298076923076923, "6": 0.005048076923076923, "7": 0.0047115384615384615, "8": 0.004375, "9": 0.0033173076923076923, "10": 0.024134615384615386, "j": 0.0022115384615384614, "q": 0.001971153846153846, "k": 0.9308653846153846, "a": 0.0004807692307692308}, "suit_dist": {"h": 0.6916826923076923, "s": 0.01326923076923077, "c": 0.18514423076923076, "d": 0.10990384615384616}}, "noise_pct_97": {"rank_dist": {"2": 0.004134615384615385, "3": 0.004759615384615385, "4": 0.0047115384615384615, "5": 0.00485576923076923, "6": 0.0035576923076923077, "7": 0.0035096153846153845, "8": 0.0034615384615384616, "9": 0.002980769230769231, "10": 0.023846153846153847, "j": 0.001875, "q": 0.0017307692307692308, "k": 0.9401442307692308, "a": 0.0004326923076923077}, "suit_dist": {"h": 0.6970192307692308, "s": 0.010817307692307692, "c": 0.18379807692307693, "d": 0.10836538461538461}}, "noise_pct_98": {"rank_dist": {"2": 0.003701923076923077, "3": 0.0033653846153846156, "4": 0.0033173076923076923, "5": 0.003269230769230769, "6": 0.002403846153846154, "7": 0.0026442307692307694, "8": 0.0026442307692307694, "9": 0.0022596153846153847, "10": 0.02389423076923077, "j": 0.0015865384615384615, "q": 0.0014903846153846154, "k": 0.9491826923076923, "a": 0.0002403846153846154}, "suit_dist": {"h": 0.7015865384615385, "s": 0.008605769230769231, "c": 0.18394230769230768, "d": 0.10586538461538461}}, "noise_pct_99": {"rank_dist": {"2": 0.003125, "3": 0.001971153846153846, "4": 0.0016826923076923078, "5": 0.0019230769230769232, "6": 0.0017307692307692308, "7": 0.0015865384615384615, "8": 0.001826923076923077, "9": 0.0013942307692307691, "10": 0.02389423076923077, "j": 0.001201923076923077, "q": 0.0010576923076923077, "k": 0.9584134615384615, "a": 0.0001923076923076923}, "suit_dist": {"h": 0.7057692307692308, "s": 0.00625, "c": 0.18403846153846154, "d": 0.1039423076923077}}, "noise_pct_100": {"rank_dist": {"2": 9.615384615384615e-05, "3": 0.00014423076923076924, "4": 0.0, "5": 0.0, "6": 0.0, "7": 0.0, "8": 0.0, "9": 0.0, "10": 0.023028846153846153, "j": 0.0, "q": 0.0, "k": 0.9767307692307692, "a": 0.0}, "suit_dist": {"h": 0.7139903846153847, "s": 0.0014423076923076924, "c": 0.18370192307692307, "d": 0.10086538461538462}}}