{"noise_pct_95": {"rank_dist": {"2": 0.1828846153846154, "3": 0.009807692307692307, "4": 0.006586538461538461, "5": 0.007067307692307692, "6": 0.009375, "7": 0.005721153846153846, "8": 0.005432692307692308, "9": 0.008942307692307692, "10": 0.029903846153846152, "j": 0.0028846153846153848, "q": 0.003701923076923077, "k": 0.7269711538461539, "a": 0.0007211538461538462}, "suit_dist": {"h": 0.26134615384615384, "s": 0.015192307692307692, "c": 0.6415384615384615, "d": 0.08192307692307692}}, "noise_pct_96": {"rank_dist": {"2": 0.1839903846153846, "3": 0.008798076923076922, "4": 0.005817307692307692, "5": 0.006298076923076923, "6": 0.00826923076923077, "7": 0.0047115384615384615, "8": 0.004471153846153846, "9": 0.008221153846153847, "10": 0.029759615384615384, "j": 0.0022115384615384614, "q": 0.0033653846153846156, "k": 0.7336057692307693, "a": 0.0004807692307692308}, "suit_dist": {"h": 0.2608653846153846, "s": 0.012932692307692308, "c": 0.6457692307692308, "d": 0.0804326923076923}}, "noise_pct_97": {"rank_dist": {"2": 0.18495192307692307, "3": 0.007884615384615384, "4": 0.0047115384615384615, "5": 0.00485576923076923, "6": 0.0067788461538461535, "7": 0.0035096153846153845, "8": 0.0035576923076923077, "9": 0.00798076923076923, "10": 0.02956730769230769, "j": 0.001875, "q": 0.003173076923076923, "k": 0.7407211538461539, "a": 0.0004326923076923077}, "suit_dist": {"h": 0.2614903846153846, "s": 0.010480769230769231, "c": 0.6495673076923076, "d": 0.07846153846153846}}, "noise_pct_98": {"rank_dist": {"2": 0.18658653846153847, "3": 0.006490384615384616, "4": 0.0033173076923076923, "5": 0.003269230769230769, "6": 0.005673076923076923, "7": 0.0026442307692307694, "8": 0.0027403846153846155, "9": 0.007403846153846154, "10": 0.029663461538461538, "j": 0.0015865384615384615, "q": 0.0029326923076923076, "k": 0.7474519230769231, "a": 0.0002403846153846154}, "suit_dist": {"h": 0.26134615384615384, "s": 0.00826923076923077, "c": 0.6541346153846154, "d": 0.07625}}, "noise_pct_99": {"rank_dist": {"2": 0.18798076923076923, "3": 0.005096153846153846, "4": 0.0016826923076923078, "5": 0.0019230769230769232, "6": 0.005, "7": 0.0015865384615384615, "8": 0.0019230769230769232, "9": 0.006538461538461538, "10": 0.029903846153846152, "j": 0.001201923076923077, "q": 0.0025, "k": 0.7544711538461538, "a": 0.0001923076923076923}, "suit_dist": {"h": 0.2612019230769231, "s": 0.0059134615384615384, "c": 0.6587980769230769, "d": 0.07408653846153847}}, "noise_pct_100": {"rank_dist": {"2": 0.18778846153846154, "3": 0.003269230769230769, "4": 0.0, "5": 0.0, "6": 0.0033173076923076923, "7": 0.0, "8": 9.615384615384615e-05, "9": 0.005144230769230769, "10": 0.029278846153846155, "j": 0.0, "q": 0.0014423076923076924, "k": 0.7696634615384615, "a": 0.0}, "suit_dist": {"h": 0.261875, "s": 0.0011057692307692307, "c": 0.666826923076923, "d": 0.07019230769230769}}}