{"noise_pct_95": {"rank_dist": {"2": 0.2321153846153846, "3": 0.07875, "4": 0.04591346153846154, "5": 0.012692307692307692, "6": 0.023317307692307693, "7": 0.050721153846153846, "8": 0.06326923076923077, "9": 0.06923076923076923, "10": 0.10038461538461538, "j": 0.05600961538461539, "q": 0.08716346153846154, "k": 0.09418269230769231, "a": 0.08625}, "suit_dist": {"h": 0.34725961538461536, "s": 0.19552884615384616, "c": 0.1585096153846154, "d": 0.29870192307692306}}, "noise_pct_96": {"rank_dist": {"2": 0.23375, "3": 0.07850961538461539, "4": 0.045625, "5": 0.012115384615384615, "6": 0.022403846153846153, "7": 0.05033653846153846, "8": 0.06293269230769231, "9": 0.0691826923076923, "10": 0.10129807692307692, "j": 0.05567307692307692, "q": 0.08740384615384615, "k": 0.09413461538461539, "a": 0.08663461538461538}, "suit_dist": {"h": 0.348125, "s": 0.19509615384615384, "c": 0.15778846153846154, "d": 0.29899038461538463}}, "noise_pct_97": {"rank_dist": {"2": 0.23629807692307692, "3": 0.07846153846153846, "4": 0.04495192307692308, "5": 0.010865384615384615, "6": 0.021153846153846155, "7": 0.05, "8": 0.06274038461538461, "9": 0.06913461538461538, "10": 0.10139423076923076, "j": 0.055625, "q": 0.08754807692307692, "k": 0.09442307692307693, "a": 0.08740384615384615}, "suit_dist": {"h": 0.34884615384615386, "s": 0.19490384615384615, "c": 0.15639423076923076, "d": 0.29985576923076923}}, "noise_pct_98": {"rank_dist": {"2": 0.23826923076923076, "3": 0.07802884615384616, "4": 0.04456730769230769, "5": 0.009375, "6": 0.02033653846153846, "7": 0.04980769230769231, "8": 0.06254807692307693, "9": 0.06889423076923076, "10": 0.101875, "j": 0.055721153846153844, "q": 0.08754807692307692, "k": 0.09471153846153846, "a": 0.0883173076923077}, "suit_dist": {"h": 0.349375, "s": 0.19427884615384616, "c": 0.15572115384615384, "d": 0.300625}}, "noise_pct_99": {"rank_dist": {"2": 0.24043269230769232, "3": 0.07759615384615384, "4": 0.04389423076923077, "5": 0.008221153846153847, "6": 0.01966346153846154, "7": 0.049567307692307695, "8": 0.062259615384615385, "9": 0.06831730769230769, "10": 0.1025, "j": 0.05543269230769231, "q": 0.08788461538461538, "k": 0.09504807692307693, "a": 0.08918269230769231}, "suit_dist": {"h": 0.3499519230769231, "s": 0.19379807692307693, "c": 0.15495192307692307, "d": 0.3012980769230769}}, "noise_pct_100": {"rank_dist": {"2": 0.24394230769230768, "3": 0.07716346153846154, "4": 0.04346153846153846, "5": 0.006538461538461538, "6": 0.01826923076923077, "7": 0.04875, "8": 0.06139423076923077, "9": 0.06783653846153846, "10": 0.10370192307692308, "j": 0.054759615384615386, "q": 0.0883173076923077, "k": 0.09576923076923077, "a": 0.09009615384615384}, "suit_dist": {"h": 0.35086538461538463, "s": 0.19375, "c": 0.15322115384615384, "d": 0.3021634615384615}}}