{"noise_pct_95": {"rank_dist": {"2": 0.005865384615384615, "3": 0.04875, "4": 0.006586538461538461, "5": 0.012451923076923077, "6": 0.043701923076923076, "7": 0.05264423076923077, "8": 0.06548076923076923, "9": 0.06985576923076924, "10": 0.44211538461538463, "j": 0.05485576923076923, "q": 0.043173076923076925, "k": 0.055817307692307694, "a": 0.09870192307692308}, "suit_dist": {"h": 0.3035576923076923, "s": 0.3428846153846154, "c": 0.10293269230769231, "d": 0.250625}}, "noise_pct_96": {"rank_dist": {"2": 0.005048076923076923, "3": 0.04798076923076923, "4": 0.005817307692307692, "5": 0.011682692307692307, "6": 0.043076923076923075, "7": 0.051923076923076926, "8": 0.06519230769230769, "9": 0.06947115384615385, "10": 0.4469711538461538, "j": 0.05447115384615384, "q": 0.043028846153846154, "k": 0.05600961538461539, "a": 0.09932692307692308}, "suit_dist": {"h": 0.3033653846153846, "s": 0.34418269230769233, "c": 0.1010576923076923, "d": 0.2513942307692308}}, "noise_pct_97": {"rank_dist": {"2": 0.0040384615384615385, "3": 0.04740384615384615, "4": 0.0047115384615384615, "5": 0.010240384615384615, "6": 0.04177884615384615, "7": 0.05091346153846154, "8": 0.0648076923076923, "9": 0.06985576923076924, "10": 0.45259615384615387, "j": 0.05423076923076923, "q": 0.043173076923076925, "k": 0.05620192307692308, "a": 0.10004807692307692}, "suit_dist": {"h": 0.3038942307692308, "s": 0.3457692307692308, "c": 0.09899038461538462, "d": 0.25134615384615383}}, "noise_pct_98": {"rank_dist": {"2": 0.003605769230769231, "3": 0.046490384615384614, "4": 0.0033173076923076923, "5": 0.008653846153846154, "6": 0.040865384615384616, "7": 0.05038461538461538, "8": 0.064375, "9": 0.06995192307692308, "10": 0.4576923076923077, "j": 0.05423076923076923, "q": 0.04322115384615385, "k": 0.05668269230769231, "a": 0.10052884615384615}, "suit_dist": {"h": 0.30427884615384615, "s": 0.3465865384615385, "c": 0.0979326923076923, "d": 0.2512019230769231}}, "noise_pct_99": {"rank_dist": {"2": 0.0030288461538461537, "3": 0.045384615384615384, "4": 0.0016826923076923078, "5": 0.007307692307692308, "6": 0.04052884615384615, "7": 0.049471153846153845, "8": 0.06408653846153846, "9": 0.06990384615384615, "10": 0.46298076923076925, "j": 0.05423076923076923, "q": 0.043076923076923075, "k": 0.057067307692307695, "a": 0.10125}, "suit_dist": {"h": 0.30403846153846154, "s": 0.3473557692307692, "c": 0.09706730769230769, "d": 0.25153846153846154}}, "noise_pct_100": {"rank_dist": {"2": 0.0, "3": 0.04447115384615385, "4": 0.0, "5": 0.005384615384615384, "6": 0.039615384615384615, "7": 0.04841346153846154, "8": 0.06341346153846154, "9": 0.07048076923076924, "10": 0.471875, "j": 0.054086538461538464, "q": 0.042451923076923075, "k": 0.05730769230769231, "a": 0.1025}, "suit_dist": {"h": 0.3044230769230769, "s": 0.3493269230769231, "c": 0.09471153846153846, "d": 0.25153846153846154}}}