{"noise_pct_0": {"rank_dist": {"2": 0.07711538461538461, "3": 0.07692307692307693, "4": 0.07673076923076923, "5": 0.07692307692307693, "6": 0.07692307692307693, "7": 0.07692307692307693, "8": 0.07692307692307693, "9": 0.07692307692307693, "10": 0.07692307692307693, "j": 0.07692307692307693, "q": 0.07692307692307693, "k": 0.07692307692307693, "a": 0.07692307692307693}, "suit_dist": {"h": 0.2501923076923077, "s": 0.24990384615384614, "c": 0.25009615384615386, "d": 0.24980769230769231}}}