{"noise_pct_10": {"accuracy": {"mean": 0.666, "std": 0.0, "std_err": 0.0, "raw": [0.666, 0.666, 0.666, 0.666, 0.666]}, "interpretability": {"num_rules": {"mean": 2.0, "std": 0.0, "std_err": 0.0, "raw": [2, 2, 2, 2, 2]}, "num_predicates": {"mean": 2.0, "std": 0.0, "std_err": 0.0, "raw": [2, 2, 2, 2, 2]}}, "learning_time": {"mean": 22.700086164474488, "std": 0.3667020021638817, "std_err": 0.18335100108194086, "raw": [22.729429006576538, 22.850833892822266, 22.012053966522217, 22.80178213119507, 23.106331825256348]}}, "noise_pct_20": {"accuracy": {"mean": 0.666, "std": 0.0, "std_err": 0.0, "raw": [0.666, 0.666, 0.666, 0.666, 0.666]}, "interpretability": {"num_rules": {"mean": 2.0, "std": 0.0, "std_err": 0.0, "raw": [2, 2, 2, 2, 2]}, "num_predicates": {"mean": 2.0, "std": 0.0, "std_err": 0.0, "raw": [2, 2, 2, 2, 2]}}, "learning_time": {"mean": 22.239978075027466, "std": 0.8551036312121659, "std_err": 0.42755181560608296, "raw": [20.55382800102234, 22.58765172958374, 22.487100839614868, 22.918763875961304, 22.652545928955078]}}, "noise_pct_30": {"accuracy": {"mean": 0.666, "std": 0.0, "std_err": 0.0, "raw": [0.666, 0.666, 0.666, 0.666, 0.666]}, "interpretability": {"num_rules": {"mean": 2.0, "std": 0.0, "std_err": 0.0, "raw": [2, 2, 2, 2, 2]}, "num_predicates": {"mean": 2.0, "std": 0.0, "std_err": 0.0, "raw": [2, 2, 2, 2, 2]}}, "learning_time": {"mean": 22.37208318710327, "std": 0.25096615940090694, "std_err": 0.12548307970045344, "raw": [21.944256067276, 22.553174018859863, 22.231446981430054, 22.51949381828308, 22.61204504966736]}}, "noise_pct_40": {"accuracy": {"mean": 0.666, "std": 0.0, "std_err": 0.0, "raw": [0.666, 0.666, 0.666, 0.666, 0.666]}, "interpretability": {"num_rules": {"mean": 2.0, "std": 0.0, "std_err": 0.0, "raw": [2, 2, 2, 2, 2]}, "num_predicates": {"mean": 2.0, "std": 0.0, "std_err": 0.0, "raw": [2, 2, 2, 2, 2]}}, "learning_time": {"mean": 22.341603183746336, "std": 0.26152736749245853, "std_err": 0.13076368374622926, "raw": [21.820693969726562, 22.511355876922607, 22.46660614013672, 22.437045097351074, 22.472314834594727]}}, "noise_pct_50": {"accuracy": {"mean": 0.666, "std": 0.0, "std_err": 0.0, "raw": [0.666, 0.666, 0.666, 0.666, 0.666]}, "interpretability": {"num_rules": {"mean": 2.0, "std": 0.0, "std_err": 0.0, "raw": [2, 2, 2, 2, 2]}, "num_predicates": {"mean": 2.0, "std": 0.0, "std_err": 0.0, "raw": [2, 2, 2, 2, 2]}}, "learning_time": {"mean": 21.722496366500856, "std": 1.7518597489930816, "std_err": 0.8759298744965407, "raw": [22.856899738311768, 24.63480496406555, 20.621891260147095, 20.136425018310547, 20.36246085166931]}}, "noise_pct_60": {"accuracy": {"mean": 0.666, "std": 0.0, "std_err": 0.0, "raw": [0.666, 0.666, 0.666, 0.666, 0.666]}, "interpretability": {"num_rules": {"mean": 2.0, "std": 0.0, "std_err": 0.0, "raw": [2, 2, 2, 2, 2]}, "num_predicates": {"mean": 2.0, "std": 0.0, "std_err": 0.0, "raw": [2, 2, 2, 2, 2]}}, "learning_time": {"mean": 20.018686628341676, "std": 0.8493674823426621, "std_err": 0.42468374117133106, "raw": [18.328965187072754, 20.35226011276245, 20.5335910320282, 20.54352903366089, 20.335087776184082]}}, "noise_pct_70": {"accuracy": {"mean": 0.666, "std": 0.0, "std_err": 0.0, "raw": [0.666, 0.666, 0.666, 0.666, 0.666]}, "interpretability": {"num_rules": {"mean": 2.0, "std": 0.0, "std_err": 0.0, "raw": [2, 2, 2, 2, 2]}, "num_predicates": {"mean": 2.0, "std": 0.0, "std_err": 0.0, "raw": [2, 2, 2, 2, 2]}}, "learning_time": {"mean": 20.035361337661744, "std": 0.6634765227882378, "std_err": 0.3317382613941188, "raw": [19.667505741119385, 19.768963098526, 19.657146692276, 19.723326921463013, 21.359864234924316]}}, "noise_pct_80": {"accuracy": {"mean": 0.666, "std": 0.0, "std_err": 0.0, "raw": [0.666, 0.666, 0.666, 0.666, 0.666]}, "interpretability": {"num_rules": {"mean": 2.0, "std": 0.0, "std_err": 0.0, "raw": [2, 2, 2, 2, 2]}, "num_predicates": {"mean": 2.0, "std": 0.0, "std_err": 0.0, "raw": [2, 2, 2, 2, 2]}}, "learning_time": {"mean": 19.28591732978821, "std": 0.757351975155086, "std_err": 0.378675987577543, "raw": [19.597052335739136, 19.661957025527954, 17.775604963302612, 19.62720823287964, 19.7677640914917]}}, "noise_pct_90": {"accuracy": {"mean": 0.666, "std": 0.0, "std_err": 0.0, "raw": [0.666, 0.666, 0.666, 0.666, 0.666]}, "interpretability": {"num_rules": {"mean": 2.0, "std": 0.0, "std_err": 0.0, "raw": [2, 2, 2, 2, 2]}, "num_predicates": {"mean": 2.0, "std": 0.0, "std_err": 0.0, "raw": [2, 2, 2, 2, 2]}}, "learning_time": {"mean": 18.541930532455446, "std": 1.043538799011633, "std_err": 0.5217693995058165, "raw": [17.555274963378906, 19.36454200744629, 19.46991991996765, 17.010671854019165, 19.30924391746521]}}}