{"noise_pct_0": {"accuracy": {"mean": 0.666, "std": 0.0, "std_err": 0.0, "raw": [0.666, 0.666, 0.666, 0.666, 0.666]}, "interpretability": {"num_rules": {"mean": 2.0, "std": 0.0, "std_err": 0.0, "raw": [2, 2, 2, 2, 2]}, "num_predicates": {"mean": 2.0, "std": 0.0, "std_err": 0.0, "raw": [2, 2, 2, 2, 2]}}, "learning_time": {"mean": 22.856010723114014, "std": 0.21686788663654025, "std_err": 0.10843394331827012, "raw": [22.580025672912598, 22.71500301361084, 22.762452125549316, 23.1146719455719, 23.107900857925415]}}}