{"noise_pct_10": {"structured_test_accuracy": {"mean": 0.6585414585414584, "std": 0.03382116369820949, "std_err": 0.016910581849104746, "raw": [0.6533466533466533, 0.6033966033966034, 0.6883116883116883, 0.6483516483516484, 0.6993006993006993]}, "unstructured_test_accuracy": {"mean": 0.6155844155844156, "std": 0.0329300794918443, "std_err": 0.01646503974592215, "raw": [0.6163836163836164, 0.5594405594405595, 0.6333666333666333, 0.6093906093906094, 0.6593406593406593]}, "unstructured_test_brier_score": {"mean": 0.542008481990232, "std": 0.02199357511608731, "std_err": 0.010996787558043654, "raw": [0.5585580234210233, 0.5642223105794433, 0.5398123876123877, 0.5458363748184922, 0.5016133135198135]}, "interpretability": {"num_predicates": {"mean": 266.6, "std": 19.03260360539251, "std_err": 9.516301802696255, "raw": [249, 249, 269, 301, 265]}, "num_rules": {"mean": 40.2, "std": 1.7204650534085253, "std_err": 0.8602325267042625, "raw": [38, 39, 40, 43, 41]}}, "learning_time": {"mean": 0.19680509567260743, "std": 0.006021081885705496, "std_err": 0.003010540942852748, "raw": [0.20553922653198242, 0.1894538402557373, 0.20012426376342773, 0.19825339317321777, 0.19065475463867188]}}, "noise_pct_20": {"structured_test_accuracy": {"mean": 0.6339660339660339, "std": 0.03677952121636452, "std_err": 0.01838976060818226, "raw": [0.6653346653346653, 0.5694305694305695, 0.6443556443556444, 0.6203796203796204, 0.6703296703296703]}, "unstructured_test_accuracy": {"mean": 0.5576423576423577, "std": 0.03502720318793238, "std_err": 0.01751360159396619, "raw": [0.5674325674325674, 0.4945054945054945, 0.5764235764235764, 0.5514485514485514, 0.5984015984015985]}, "unstructured_test_brier_score": {"mean": 0.5954014150713725, "std": 0.02551693180018819, "std_err": 0.012758465900094095, "raw": [0.6028663398856434, 0.6309147620248425, 0.5811798446175895, 0.6067419205976983, 0.555304208231089]}, "interpretability": {"num_predicates": {"mean": 281.2, "std": 22.719154913860685, "std_err": 11.359577456930342, "raw": [260, 253, 315, 295, 283]}, "num_rules": {"mean": 40.6, "std": 1.7435595774162693, "std_err": 0.8717797887081347, "raw": [40, 40, 43, 42, 38]}}, "learning_time": {"mean": 0.18183579444885253, "std": 0.0057778551614206634, "std_err": 0.0028889275807103313, "raw": [0.18340277671813965, 0.1713569164276123, 0.1884765625, 0.18097424507141113, 0.1849684715270996]}}, "noise_pct_30": {"structured_test_accuracy": {"mean": 0.6115884115884116, "std": 0.04133208933070661, "std_err": 0.020666044665353305, "raw": [0.6063936063936064, 0.5424575424575424, 0.6413586413586414, 0.6033966033966034, 0.6643356643356644]}, "unstructured_test_accuracy": {"mean": 0.5056943056943057, "std": 0.039776802658666253, "std_err": 0.019888401329333123, "raw": [0.4945054945054945, 0.44955044955044954, 0.5304695304695305, 0.4875124875124875, 0.5664335664335665]}, "unstructured_test_brier_score": {"mean": 0.6540677931183779, "std": 0.033386341089897215, "std_err": 0.016693170544948604, "raw": [0.6665843092941932, 0.7018006008722475, 0.6319375912505361, 0.6660072254220246, 0.6040092387528883]}, "interpretability": {"num_predicates": {"mean": 238.2, "std": 42.480112994200006, "std_err": 21.2400564971, "raw": [225, 243, 316, 217, 190]}, "num_rules": {"mean": 36.8, "std": 3.919183588453085, "std_err": 1.9595917942265422, "raw": [38, 37, 43, 35, 31]}}, "learning_time": {"mean": 0.18710169792175294, "std": 0.008513636474048623, "std_err": 0.0042568182370243115, "raw": [0.18184351921081543, 0.18763184547424316, 0.17537164688110352, 0.20087385177612305, 0.1897876262664795]}}, "noise_pct_40": {"structured_test_accuracy": {"mean": 0.5892107892107892, "std": 0.028448910517631622, "std_err": 0.01422445525881581, "raw": [0.6163836163836164, 0.5354645354645354, 0.5894105894105894, 0.5964035964035964, 0.6083916083916084]}, "unstructured_test_accuracy": {"mean": 0.4623376623376624, "std": 0.026107396004802372, "std_err": 0.013053698002401186, "raw": [0.4805194805194805, 0.42157842157842157, 0.4755244755244755, 0.44255744255744256, 0.4915084915084915]}, "unstructured_test_brier_score": {"mean": 0.7065564569342552, "std": 0.02939686285303561, "std_err": 0.014698431426517805, "raw": [0.677709736878303, 0.7592092013849719, 0.6873394002104013, 0.7172351837760342, 0.6912887624215653]}, "interpretability": {"num_predicates": {"mean": 270.6, "std": 40.62806911483734, "std_err": 20.31403455741867, "raw": [277, 265, 344, 238, 229]}, "num_rules": {"mean": 40.4, "std": 3.006659275674582, "std_err": 1.5033296378372907, "raw": [42, 40, 45, 36, 39]}}, "learning_time": {"mean": 0.19068217277526855, "std": 0.006751643094208841, "std_err": 0.00337582154710442, "raw": [0.1864013671875, 0.18066048622131348, 0.19862604141235352, 0.19026684761047363, 0.19745612144470215]}}, "noise_pct_50": {"structured_test_accuracy": {"mean": 0.5768231768231769, "std": 0.028210769382174296, "std_err": 0.014105384691087146, "raw": [0.6013986013986014, 0.5294705294705294, 0.6003996003996004, 0.5594405594405595, 0.5934065934065934]}, "unstructured_test_accuracy": {"mean": 0.4385614385614386, "std": 0.028291313203808774, "std_err": 0.014145656601904385, "raw": [0.4385614385614386, 0.38461538461538464, 0.4515484515484515, 0.45254745254745254, 0.46553446553446554]}, "unstructured_test_brier_score": {"mean": 0.7386475272142761, "std": 0.025741641692046537, "std_err": 0.012870820846023267, "raw": [0.7259568765997586, 0.78659491523671, 0.7097914794679129, 0.7354520917011765, 0.7354422730658222]}, "interpretability": {"num_predicates": {"mean": 240.0, "std": 33.94112549695428, "std_err": 16.97056274847714, "raw": [243, 210, 297, 249, 201]}, "num_rules": {"mean": 36.0, "std": 2.5298221281347035, "std_err": 1.2649110640673518, "raw": [35, 33, 39, 39, 34]}}, "learning_time": {"mean": 0.1948361873626709, "std": 0.006148267515614155, "std_err": 0.0030741337578070777, "raw": [0.20223164558410645, 0.2008810043334961, 0.18584609031677246, 0.194488525390625, 0.1907336711883545]}}, "noise_pct_60": {"structured_test_accuracy": {"mean": 0.5314685314685315, "std": 0.007064003808057408, "std_err": 0.003532001904028704, "raw": [0.5424575424575424, 0.5364635364635365, 0.5234765234765235, 0.5254745254745254, 0.5294705294705294]}, "unstructured_test_accuracy": {"mean": 0.39820179820179813, "std": 0.02445900480242876, "std_err": 0.01222950240121438, "raw": [0.36363636363636365, 0.37462537462537465, 0.4095904095904096, 0.41858141858141856, 0.4245754245754246]}, "unstructured_test_brier_score": {"mean": 0.785102633673535, "std": 0.01478717279985752, "std_err": 0.00739358639992876, "raw": [0.8088350892595308, 0.7897786376828849, 0.7631462710156824, 0.7835062012360919, 0.780246969173485]}, "interpretability": {"num_predicates": {"mean": 262.4, "std": 47.48726144978251, "std_err": 23.743630724891254, "raw": [329, 273, 291, 222, 197]}, "num_rules": {"mean": 38.2, "std": 3.54400902933387, "std_err": 1.7720045146669348, "raw": [44, 39, 39, 34, 35]}}, "learning_time": {"mean": 0.19256839752197266, "std": 0.010073046032776981, "std_err": 0.0050365230163884915, "raw": [0.19375061988830566, 0.19616985321044922, 0.18816328048706055, 0.2077655792236328, 0.17699265480041504]}}, "noise_pct_70": {"structured_test_accuracy": {"mean": 0.46473526473526466, "std": 0.017502771199261347, "std_err": 0.008751385599630672, "raw": [0.4485514485514486, 0.4675324675324675, 0.45454545454545453, 0.45554445554445555, 0.4975024975024975]}, "unstructured_test_accuracy": {"mean": 0.36063936063936064, "std": 0.022613640466606848, "std_err": 0.011306820233303426, "raw": [0.3336663336663337, 0.3436563436563437, 0.35264735264735264, 0.3786213786213786, 0.3946053946053946]}, "unstructured_test_brier_score": {"mean": 0.8144119148953811, "std": 0.00582225683170407, "std_err": 0.002911128415852035, "raw": [0.8181332938214081, 0.8104046034760264, 0.8142505129117419, 0.8062851311735456, 0.8229860330941839]}, "interpretability": {"num_predicates": {"mean": 249.2, "std": 34.83331738436637, "std_err": 17.41665869218318,