{"noise_pct_10": {"structured_test_accuracy": {"mean": 0.6677322677322677, "std": 0.03974768751507117, "std_err": 0.019873843757535585, "raw": [0.6863136863136863, 0.5954045954045954, 0.6883116883116883, 0.6583416583416584, 0.7102897102897103]}, "unstructured_test_accuracy": {"mean": 0.6247752247752247, "std": 0.031366722391438416, "std_err": 0.015683361195719205, "raw": [0.6443556443556444, 0.5674325674325674, 0.6343656343656343, 0.6193806193806194, 0.6583416583416584]}, "unstructured_test_brier_score": {"mean": 0.5350861006381373, "std": 0.016552256916868978, "std_err": 0.008276128458434489, "raw": [0.5405673663275501, 0.5598707292707292, 0.5244923076923078, 0.5397386613386613, 0.5107614385614385]}, "interpretability": {"num_predicates": {"mean": 260.4, "std": 24.81612379079376, "std_err": 12.408061895396878, "raw": [279, 250, 255, 295, 223]}, "num_rules": {"mean": 39.8, "std": 3.54400902933387, "std_err": 1.772004514666935, "raw": [43, 39, 39, 44, 34]}}, "learning_time": {"mean": 0.187644100189209, "std": 0.006810479894404037, "std_err": 0.0034052399472020182, "raw": [0.17954230308532715, 0.19046401977539062, 0.17995095252990723, 0.19139647483825684, 0.19686675071716309]}}, "noise_pct_20": {"structured_test_accuracy": {"mean": 0.630969030969031, "std": 0.029068010880307357, "std_err": 0.014534005440153678, "raw": [0.6403596403596403, 0.5854145854145855, 0.6413586413586414, 0.6153846153846154, 0.6723276723276723]}, "unstructured_test_accuracy": {"mean": 0.5586413586413587, "std": 0.023440574427272678, "std_err": 0.011720287213636337, "raw": [0.5624375624375625, 0.5244755244755245, 0.5624375624375625, 0.5474525474525475, 0.5964035964035964]}, "unstructured_test_brier_score": {"mean": 0.5925754381472269, "std": 0.021975990555075764, "std_err": 0.010987995277537882, "raw": [0.5988803453609882, 0.6157841740640312, 0.5828493506493506, 0.6104841158841159, 0.5548792047776486]}, "interpretability": {"num_predicates": {"mean": 289.4, "std": 48.09823281576985, "std_err": 24.049116407884924, "raw": [294, 238, 378, 259, 278]}, "num_rules": {"mean": 43.0, "std": 2.449489742783178, "std_err": 1.224744871391589, "raw": [43, 40, 47, 41, 44]}}, "learning_time": {"mean": 0.19291505813598633, "std": 0.003921844643954721, "std_err": 0.0019609223219773605, "raw": [0.19156336784362793, 0.1893010139465332, 0.18865513801574707, 0.19833803176879883, 0.1967177391052246]}}, "noise_pct_30": {"structured_test_accuracy": {"mean": 0.5948051948051948, "std": 0.03400479659241069, "std_err": 0.017002398296205343, "raw": [0.5814185814185814, 0.5584415584415584, 0.6003996003996004, 0.5764235764235764, 0.6573426573426573]}, "unstructured_test_accuracy": {"mean": 0.4991008991008991, "std": 0.02735585068178987, "std_err": 0.013677925340894933, "raw": [0.4915084915084915, 0.47952047952047955, 0.4935064935064935, 0.4785214785214785, 0.5524475524475524]}, "unstructured_test_brier_score": {"mean": 0.646723747439874, "std": 0.02654035755688984, "std_err": 0.013270178778444918, "raw": [0.6610631155884932, 0.6754327160220731, 0.6485896039617978, 0.6514696537906538, 0.5970636478363524]}, "interpretability": {"num_predicates": {"mean": 285.8, "std": 20.76920797719547, "std_err": 10.384603988597735, "raw": [308, 304, 294, 268, 255]}, "num_rules": {"mean": 41.6, "std": 1.8547236990991407, "std_err": 0.9273618495495702, "raw": [45, 42, 40, 41, 40]}}, "learning_time": {"mean": 0.19202618598937987, "std": 0.006615517736007308, "std_err": 0.0033077588680036534, "raw": [0.19757890701293945, 0.18430590629577637, 0.2015066146850586, 0.1907958984375, 0.185943603515625]}}, "noise_pct_40": {"structured_test_accuracy": {"mean": 0.5886113886113886, "std": 0.03384476205699621, "std_err": 0.016922381028498103, "raw": [0.5964035964035964, 0.5494505494505495, 0.6033966033966034, 0.5534465534465535, 0.6403596403596403]}, "unstructured_test_accuracy": {"mean": 0.46893106893106895, "std": 0.028729573575254654, "std_err": 0.014364786787627324, "raw": [0.4755244755244755, 0.44955044955044954, 0.4675324675324675, 0.43356643356643354, 0.5184815184815185]}, "unstructured_test_brier_score": {"mean": 0.6921076381201247, "std": 0.02344727520343984, "std_err": 0.01172363760171992, "raw": [0.6975086898634246, 0.7209081106118937, 0.6744536843975815, 0.7106821476856477, 0.6569855580420759]}, "interpretability": {"num_predicates": {"mean": 302.0, "std": 32.76583586603583, "std_err": 16.382917933017914, "raw": [329, 259, 316, 267, 339]}, "num_rules": {"mean": 44.2, "std": 3.1874754901018454, "std_err": 1.5937377450509227, "raw": [47, 40, 45, 41, 48]}}, "learning_time": {"mean": 0.20467910766601563, "std": 0.013721974560036, "std_err": 0.006860987280018, "raw": [0.2012028694152832, 0.20514464378356934, 0.21191859245300293, 0.22339510917663574, 0.18173432350158691]}}, "noise_pct_50": {"structured_test_accuracy": {"mean": 0.5732267732267733, "std": 0.029839208315835298, "std_err": 0.01491960415791765, "raw": [0.5604395604395604, 0.5204795204795205, 0.5964035964035964, 0.5884115884115884, 0.6003996003996004]}, "unstructured_test_accuracy": {"mean": 0.4395604395604396, "std": 0.015757637684819477, "std_err": 0.007878818842409738, "raw": [0.44455544455544455, 0.41058941058941056, 0.4435564435564436, 0.4405594405594406, 0.45854145854145856]}, "unstructured_test_brier_score": {"mean": 0.7371142788715619, "std": 0.02117545578975333, "std_err": 0.010587727894876666, "raw": [0.733389387365878, 0.775428344359722, 0.7259072554749672, 0.7388619042624043, 0.7119845028948383]}, "interpretability": {"num_predicates": {"mean": 291.6, "std": 46.6887566765276, "std_err": 23.344378338263798, "raw": [332, 222, 352, 264, 288]}, "num_rules": {"mean": 42.2, "std": 3.762977544445356, "std_err": 1.8814887722226779, "raw": [47, 36, 45, 41, 42]}}, "learning_time": {"mean": 0.1942437171936035, "std": 0.01677829054854744, "std_err": 0.008389145274273719, "raw": [0.2219831943511963, 0.18088102340698242, 0.20354199409484863, 0.18921804428100586, 0.17559432983398438]}}, "noise_pct_60": {"structured_test_accuracy": {"mean": 0.5050949050949051, "std": 0.014346711745067917, "std_err": 0.007173355872533958, "raw": [0.5084915084915085, 0.4885114885114885, 0.5084915084915085, 0.4915084915084915, 0.5284715284715285]}, "unstructured_test_accuracy": {"mean": 0.3828171828171828, "std": 0.01928253085545621, "std_err": 0.009641265427728104, "raw": [0.3626373626373626, 0.3936063936063936, 0.3836163836163836, 0.36163836163836166, 0.4125874125874126]}, "unstructured_test_brier_score": {"mean": 0.7931863782672985, "std": 0.014230377150380146, "std_err": 0.007115188575190073, "raw": [0.8147473228389147, 0.7970626617028096, 0.7841008920235093, 0.797587917204111, 0.7724330975671484]}, "interpretability": {"num_predicates": {"mean": 317.8, "std": 28.63843571147, "std_err": 14.319217855735, "raw": [312, 266, 324, 340, 347]}, "num_rules": {"mean": 45.4, "std": 3.7202150475476548, "std_err": 1.8601075237738274, "raw": [47, 40, 42, 49, 49]}}, "learning_time": {"mean": 0.18922696113586426, "std": 0.0050208103170619476, "std_err": 0.002510405158530974, "raw": [0.18732333183288574, 0.18797731399536133, 0.19441461563110352, 0.19498753547668457, 0.18143200874328613]}}, "noise_pct_70": {"structured_test_accuracy": {"mean": 0.4543456543456544, "std": 0.026853622563694602, "std_err": 0.013426811281847301, "raw": [0.44655344655344653, 0.4155844155844156, 0.4885114885114885, 0.4405594405594406, 0.4805194805194805]}, "unstructured_test_accuracy": {"mean": 0.35044955044955045, "std": 0.01890620937811567, "std_err": 0.009453104689057835, "raw": [0.3246753246753247, 0.36163836163836166, 0.34765234765234765, 0.3386613386613387, 0.37962037962037964]}, "unstructured_test_brier_score": {"mean": 0.8315051731667358, "std": 0.019697918599134584, "std_err": 0.00984895929956729, "raw": [0.8677790784686151, 0.8166101274450289, 0.8214316846919458, 0.8367382699658619, 0.8149667052622271]}, "interpretability": {"num_predicates": {"mean": 350.0, "std": 38.80721582386451, "std_err": 19.40360791193225,