{"noise_pct_95": {"structured_test_accuracy": {"mean": 0.2983016983016983, "std": 0.0259939983152885, "std_err": 0.012996999157644249, "raw": [0.2857142857142857, 0.3226773226773227, 0.26573426573426573, 0.33466533466533466, 0.2827172827172827]}, "unstructured_test_accuracy": {"mean": 0.3348651348651349, "std": 0.01861897743412068, "std_err": 0.00930948871706034, "raw": [0.3146853146853147, 0.34865134865134867, 0.3116883116883117, 0.35864135864135865, 0.34065934065934067]}, "unstructured_test_brier_score": {"mean": 0.8607258975192051, "std": 0.009788448946976934, "std_err": 0.004894224473488467, "raw": [0.8692228210789712, 0.855279867056221, 0.8542964527071841, 0.8495666979864037, 0.8752636487672459]}, "interpretability": {"num_predicates": {"mean": 190.0, "std": 32.08114711166046, "std_err": 16.04057355583023, "raw": [242, 171, 189, 146, 202]}, "num_rules": {"mean": 29.4, "std": 3.0724582991474434, "std_err": 1.5362291495737215, "raw": [32, 28, 32, 24, 31]}}, "learning_time": {"mean": 0.126698637008667, "std": 0.0012271612722191255, "std_err": 0.0006135806361095628, "raw": [0.12638211250305176, 0.12707304954528809, 0.1287841796875, 0.12619376182556152, 0.1250600814819336]}}, "noise_pct_96": {"structured_test_accuracy": {"mean": 0.30889110889110893, "std": 0.05302954763170276, "std_err": 0.02651477381585138, "raw": [0.3166833166833167, 0.34965034965034963, 0.21478521478521478, 0.36663336663336665, 0.2967032967032967]}, "unstructured_test_accuracy": {"mean": 0.3362637362637363, "std": 0.017112977506784286, "std_err": 0.008556488753392143, "raw": [0.3226773226773227, 0.35264735264735264, 0.3106893106893107, 0.3546453546453546, 0.34065934065934067]}, "unstructured_test_brier_score": {"mean": 0.8615530018659561, "std": 0.0073211732644181925, "std_err": 0.003660586632209096, "raw": [0.8703615506348024, 0.8574885345830697, 0.8567307665682933, 0.8529136440956636, 0.8702705134479515]}, "interpretability": {"num_predicates": {"mean": 190.0, "std": 32.08114711166046, "std_err": 16.04057355583023, "raw": [242, 171, 189, 146, 202]}, "num_rules": {"mean": 29.4, "std": 3.0724582991474434, "std_err": 1.5362291495737215, "raw": [32, 28, 32, 24, 31]}}, "learning_time": {"mean": 0.12771158218383788, "std": 0.0022043587775439576, "std_err": 0.0011021793887719788, "raw": [0.12713408470153809, 0.12764596939086914, 0.12659788131713867, 0.1253361701965332, 0.13184380531311035]}}, "noise_pct_97": {"structured_test_accuracy": {"mean": 0.3040959040959041, "std": 0.043740275072996666, "std_err": 0.02187013753649833, "raw": [0.2867132867132867, 0.34965034965034963, 0.22677322677322678, 0.32967032967032966, 0.3276723276723277]}, "unstructured_test_accuracy": {"mean": 0.33606393606393603, "std": 0.01944950013768306, "std_err": 0.00972475006884153, "raw": [0.3166833166833167, 0.34965034965034963, 0.3086913086913087, 0.35664335664335667, 0.34865134865134867]}, "unstructured_test_brier_score": {"mean": 0.8632727334439334, "std": 0.007134893562610288, "std_err": 0.003567446781305144, "raw": [0.8748910966469882, 0.8612658689684927, 0.8600555131354408, 0.8535669170475703, 0.8665842714211756]}, "interpretability": {"num_predicates": {"mean": 190.2, "std": 29.714642854996598, "std_err": 14.857321427498295, "raw": [237, 180, 190, 145, 199]}, "num_rules": {"mean": 30.2, "std": 2.7129319932501073, "std_err": 1.3564659966250534, "raw": [32, 30, 32, 25, 32]}}, "learning_time": {"mean": 0.12808675765991212, "std": 0.0026563927772609124, "std_err": 0.0013281963886304564, "raw": [0.1323409080505371, 0.12574195861816406, 0.130079984664917, 0.1259138584136963, 0.1263570785522461]}}, "noise_pct_98": {"structured_test_accuracy": {"mean": 0.3050949050949051, "std": 0.048828977846927864, "std_err": 0.02441448892346393, "raw": [0.24575424575424576, 0.38161838161838163, 0.2987012987012987, 0.33466533466533466, 0.2647352647352647]}, "unstructured_test_accuracy": {"mean": 0.3354645354645355, "std": 0.017897459082164786, "std_err": 0.008948729541082393, "raw": [0.3106893106893107, 0.34865134865134867, 0.3166833166833167, 0.35064935064935066, 0.35064935064935066]}, "unstructured_test_brier_score": {"mean": 0.8669903153065617, "std": 0.006377489140211016, "std_err": 0.003188744570105508, "raw": [0.8769310536553847, 0.8660725175185385, 0.8602507653042843, 0.8605726018073966, 0.8711246382472043]}, "interpretability": {"num_predicates": {"mean": 190.2, "std": 29.714642854996598, "std_err": 14.857321427498295, "raw": [237, 180, 190, 145, 199]}, "num_rules": {"mean": 30.2, "std": 2.7129319932501073, "std_err": 1.3564659966250534, "raw": [32, 30, 32, 25, 32]}}, "learning_time": {"mean": 0.12758145332336426, "std": 0.0013598378388844064, "std_err": 0.0006799189194422032, "raw": [0.1298980712890625, 0.12717318534851074, 0.12682795524597168, 0.12589097023010254, 0.12811708450317383]}}, "noise_pct_99": {"structured_test_accuracy": {"mean": 0.3258741258741259, "std": 0.03996703235525191, "std_err": 0.019983516177625952, "raw": [0.26673326673326675, 0.33966033966033965, 0.2997002997002997, 0.38461538461538464, 0.3386613386613387]}, "unstructured_test_accuracy": {"mean": 0.32987012987012987, "std": 0.016899364998034367, "std_err": 0.008449682499017184, "raw": [0.3086913086913087, 0.35064935064935066, 0.3126873126873127, 0.34565434565434566, 0.33166833166833165]}, "unstructured_test_brier_score": {"mean": 0.8673459040218429, "std": 0.007026446324073314, "std_err": 0.003513223162036657, "raw": [0.8795004262132228, 0.8593094550125021, 0.8628384003966442, 0.8648812583823581, 0.8701999801044877]}, "interpretability": {"num_predicates": {"mean": 181.8, "std": 29.075075236360092, "std_err": 14.537537618180046, "raw": [226, 167, 193, 138, 185]}, "num_rules": {"mean": 29.6, "std": 3.2619012860600183, "std_err": 1.6309506430300091, "raw": [33, 28, 32, 24, 31]}}, "learning_time": {"mean": 0.13001937866210939, "std": 0.004345007451929155, "std_err": 0.0021725037259645776, "raw": [0.13052105903625488, 0.12445998191833496, 0.13698101043701172, 0.13161301612854004, 0.12652182579040527]}}, "noise_pct_100": {"structured_test_accuracy": {"mean": 0.2877122877122877, "std": 0.05226599086083481, "std_err": 0.026132995430417406, "raw": [0.23976023976023977, 0.33166833166833165, 0.22677322677322678, 0.3626373626373626, 0.2777222777222777]}, "unstructured_test_accuracy": {"mean": 0.3302697302697303, "std": 0.01834030887890177, "std_err": 0.009170154439450883, "raw": [0.3066933066933067, 0.34965034965034963, 0.3106893106893107, 0.34865134865134867, 0.3356643356643357]}, "unstructured_test_brier_score": {"mean": 0.871693554281413, "std": 0.0106553028901603, "std_err": 0.005327651445080149, "raw": [0.8918988831403828, 0.864838326865043, 0.8695028185051904, 0.8613513670179459, 0.8708763758785036]}, "interpretability": {"num_predicates": {"mean": 170.4, "std": 24.038302768706444, "std_err": 12.019151384353222, "raw": [204, 174, 176, 129, 169]}, "num_rules": {"mean": 27.8, "std": 2.993325909419153, "std_err": 1.4966629547095764, "raw": [30, 28, 30, 22, 29]}}, "learning_time": {"mean": 0.13121275901794432, "std": 0.006601380455090111, "std_err": 0.003300690227545055, "raw": [0.12751483917236328, 0.14064598083496094, 0.13762617111206055, 0.12552785873413086, 0.12474894523620605]}}}