{"noise_pct_10": {"structured_test_accuracy": {"mean": 0.6563436563436563, "std": 0.0370196935983276, "std_err": 0.018509846799163798, "raw": [0.6623376623376623, 0.5894105894105894, 0.6843156843156843, 0.6503496503496503, 0.6953046953046953]}, "unstructured_test_accuracy": {"mean": 0.6163836163836164, "std": 0.030843094134537802, "std_err": 0.0154215470672689, "raw": [0.6273726273726273, 0.5564435564435565, 0.6313686313686314, 0.6223776223776224, 0.6443556443556444]}, "unstructured_test_brier_score": {"mean": 0.5336539460539461, "std": 0.017628298273035112, "std_err": 0.008814149136517554, "raw": [0.5344035964035964, 0.5644391608391608, 0.5280197802197801, 0.5316197802197802, 0.5097874125874127]}, "interpretability": {"num_predicates": {"mean": 242.2, "std": 31.352192905760198, "std_err": 15.676096452880095, "raw": [264, 243, 209, 288, 207]}, "num_rules": {"mean": 37.8, "std": 3.6, "std_err": 1.7999999999999998, "raw": [42, 40, 33, 40, 34]}}, "learning_time": {"mean": 0.18346357345581055, "std": 0.00506617442381005, "std_err": 0.0025330872119050246, "raw": [0.18073296546936035, 0.1767587661743164, 0.18830609321594238, 0.1903383731842041, 0.1811816692352295]}}, "noise_pct_20": {"structured_test_accuracy": {"mean": 0.6127872127872128, "std": 0.02955827706113147, "std_err": 0.014779138530565734, "raw": [0.6203796203796204, 0.5754245754245755, 0.5844155844155844, 0.6273726273726273, 0.6563436563436563]}, "unstructured_test_accuracy": {"mean": 0.5564435564435564, "std": 0.02800055630985791, "std_err": 0.014000278154928953, "raw": [0.5674325674325674, 0.5194805194805194, 0.5274725274725275, 0.5774225774225774, 0.5904095904095904]}, "unstructured_test_brier_score": {"mean": 0.5808235130823824, "std": 0.01775626890067545, "std_err": 0.008878134450337725, "raw": [0.5704071928071929, 0.6045864964808434, 0.5869998001998002, 0.5894267732267733, 0.5526973026973027]}, "interpretability": {"num_predicates": {"mean": 267.2, "std": 32.20807352202239, "std_err": 16.104036761011194, "raw": [293, 244, 309, 270, 220]}, "num_rules": {"mean": 40.2, "std": 4.308131845707603, "std_err": 2.1540659228538015, "raw": [44, 39, 46, 38, 34]}}, "learning_time": {"mean": 0.183870267868042, "std": 0.0059900728144954085, "std_err": 0.0029950364072477043, "raw": [0.18925237655639648, 0.1860826015472412, 0.19016098976135254, 0.17474007606506348, 0.17911529541015625]}}, "noise_pct_30": {"structured_test_accuracy": {"mean": 0.5822177822177823, "std": 0.041457458190293825, "std_err": 0.02072872909514691, "raw": [0.5694305694305695, 0.5524475524475524, 0.5524475524475524, 0.5734265734265734, 0.6633366633366633]}, "unstructured_test_accuracy": {"mean": 0.4947052947052947, "std": 0.03969140472915571, "std_err": 0.01984570236457785, "raw": [0.4855144855144855, 0.4565434565434565, 0.47052947052947053, 0.4905094905094905, 0.5704295704295704]}, "unstructured_test_brier_score": {"mean": 0.6353371712285447, "std": 0.025119298402506457, "std_err": 0.012559649201253227, "raw": [0.6386567432567433, 0.6633389619258293, 0.6418935441780442, 0.6446775224775225, 0.5881190843045844]}, "interpretability": {"num_predicates": {"mean": 254.2, "std": 15.458331087151679, "std_err": 7.7291655435758395, "raw": [238, 245, 282, 247, 259]}, "num_rules": {"mean": 38.8, "std": 1.4696938456699067, "std_err": 0.7348469228349533, "raw": [36, 40, 40, 39, 39]}}, "learning_time": {"mean": 0.18970108032226562, "std": 0.007509764897224055, "std_err": 0.0037548824486120275, "raw": [0.19922208786010742, 0.18120360374450684, 0.1835803985595703, 0.19810938835144043, 0.18638992309570312]}}, "noise_pct_40": {"structured_test_accuracy": {"mean": 0.5762237762237763, "std": 0.039771784326933034, "std_err": 0.019885892163466517, "raw": [0.5794205794205795, 0.5554445554445554, 0.5654345654345654, 0.5314685314685315, 0.6493506493506493]}, "unstructured_test_accuracy": {"mean": 0.4765234765234766, "std": 0.03699812034847785, "std_err": 0.018499060174238927, "raw": [0.47952047952047955, 0.45854145854145856, 0.4565434565434565, 0.44155844155844154, 0.5464535464535465]}, "unstructured_test_brier_score": {"mean": 0.6637217538549887, "std": 0.023418481470777637, "std_err": 0.011709240735388817, "raw": [0.6604017982017982, 0.6858002351390107, 0.6659079183628164, 0.6850261738261738, 0.6214726437451438]}, "interpretability": {"num_predicates": {"mean": 305.2, "std": 40.36533165972999, "std_err": 20.18266582986499, "raw": [271, 348, 351, 250, 306]}, "num_rules": {"mean": 42.4, "std": 3.0724582991474434, "std_err": 1.5362291495737215, "raw": [39, 44, 47, 39, 43]}}, "learning_time": {"mean": 0.19146575927734374, "std": 0.003613046948702352, "std_err": 0.001806523474351176, "raw": [0.19562578201293945, 0.19189715385437012, 0.18527984619140625, 0.1902329921722412, 0.19429302215576172]}}, "noise_pct_50": {"structured_test_accuracy": {"mean": 0.5482517482517482, "std": 0.02487010930422411, "std_err": 0.012435054652112055, "raw": [0.5734265734265734, 0.5274725274725275, 0.5304695304695305, 0.5264735264735265, 0.5834165834165834]}, "unstructured_test_accuracy": {"mean": 0.4477522477522478, "std": 0.021429910374092982, "std_err": 0.01071495518704649, "raw": [0.45354645354645357, 0.42157842157842157, 0.4305694305694306, 0.44955044955044954, 0.4835164835164835]}, "unstructured_test_brier_score": {"mean": 0.6975881964856006, "std": 0.012432955347092666, "std_err": 0.006216477673546333, "raw": [0.6948683316683317, 0.715650754577622, 0.698898213975367, 0.7014861138861138, 0.6770375683205683]}, "interpretability": {"num_predicates": {"mean": 302.2, "std": 31.14096979864307, "std_err": 15.570484899321535, "raw": [316, 294, 280, 266, 355]}, "num_rules": {"mean": 44.0, "std": 3.5777087639996634, "std_err": 1.7888543819998317, "raw": [47, 39, 42, 43, 49]}}, "learning_time": {"mean": 0.1836317539215088, "std": 0.009743419673602675, "std_err": 0.0048717098368013375, "raw": [0.16960573196411133, 0.17441749572753906, 0.19342327117919922, 0.1885216236114502, 0.19219064712524414]}}, "noise_pct_60": {"structured_test_accuracy": {"mean": 0.4881118881118881, "std": 0.027811728497590924, "std_err": 0.013905864248795462, "raw": [0.5184815184815185, 0.5164835164835165, 0.44455544455544455, 0.4725274725274725, 0.4885114885114885]}, "unstructured_test_accuracy": {"mean": 0.4085914085914085, "std": 0.026843214470618187, "std_err": 0.013421607235309094, "raw": [0.3786213786213786, 0.4195804195804196, 0.37662337662337664, 0.4225774225774226, 0.44555444555444557]}, "unstructured_test_brier_score": {"mean": 0.7372304511198552, "std": 0.01424154773175277, "std_err": 0.007120773865876384, "raw": [0.7571916083916084, 0.7349536299256298, 0.7484843601749724, 0.7284672557306641, 0.7170554013764014]}, "interpretability": {"num_predicates": {"mean": 297.8, "std": 31.795597179483828, "std_err": 15.897798589741912, "raw": [317, 252, 283, 291, 346]}, "num_rules": {"mean": 43.8, "std": 1.9390719429665315, "std_err": 0.9695359714832658, "raw": [43, 42, 42, 45, 47]}}, "learning_time": {"mean": 0.1829298973083496, "std": 0.005463054953636207, "std_err": 0.0027315274768181033, "raw": [0.1874074935913086, 0.18627381324768066, 0.18533062934875488, 0.17234230041503906, 0.18329524993896484]}}, "noise_pct_70": {"structured_test_accuracy": {"mean": 0.4237762237762238, "std": 0.024498144453765528, "std_err": 0.012249072226882764, "raw": [0.4255744255744256, 0.43456543456543456, 0.4355644355644356, 0.37662337662337664, 0.44655344655344653]}, "unstructured_test_accuracy": {"mean": 0.38521478521478525, "std": 0.02670604540296091, "std_err": 0.013353022701480454, "raw": [0.37162837162837165, 0.38961038961038963, 0.34465534465534464, 0.3946053946053946, 0.4255744255744256]}, "unstructured_test_brier_score": {"mean": 0.76402820448078, "std": 0.014927316259231849, "std_err": 0.007463658129615924, "raw": [0.7836957042957043, 0.7685857400071584, 0.7743565319601033, 0.7479557624246502, 0.7455472837162836]}, "interpretability": {"num_predicates": {"mean": 329.0, "std": 43.136991086537314,