{"noise_pct_95": {"structured_test_accuracy": {"mean": 0.2515484515484515, "std": 0.03604940472848149, "std_err": 0.018024702364240745, "raw": [0.29270729270729273, 0.1938061938061938, 0.27172827172827174, 0.22677322677322678, 0.2727272727272727]}, "unstructured_test_accuracy": {"mean": 0.3814185814185814, "std": 0.02353405495580673, "std_err": 0.011767027477903364, "raw": [0.36063936063936064, 0.36663336663336665, 0.3596403596403596, 0.41058941058941056, 0.4095904095904096]}, "unstructured_test_brier_score": {"mean": 0.7682782539009743, "std": 0.012883763390022436, "std_err": 0.006441881695011218, "raw": [0.7905530880910472, 0.7749029087930209, 0.7614071345593183, 0.7570828411384533, 0.7574452969230316]}, "interpretability": {"num_predicates": {"mean": 347.6, "std": 55.88416591486358, "std_err": 27.942082957431786, "raw": [294, 279, 421, 345, 399]}, "num_rules": {"mean": 49.6, "std": 5.083306010855534, "std_err": 2.541653005427767, "raw": [43, 46, 56, 48, 55]}}, "learning_time": {"mean": 0.13117008209228515, "std": 0.004890747903665401, "std_err": 0.0024453739518327006, "raw": [0.1383528709411621, 0.12758898735046387, 0.1270132064819336, 0.12710332870483398, 0.13579201698303223]}}, "noise_pct_96": {"structured_test_accuracy": {"mean": 0.25334665334665335, "std": 0.03291310334781059, "std_err": 0.016456551673905296, "raw": [0.2937062937062937, 0.2097902097902098, 0.23976023976023977, 0.23376623376623376, 0.2897102897102897]}, "unstructured_test_accuracy": {"mean": 0.3838161838161838, "std": 0.029346833993336815, "std_err": 0.014673416996668406, "raw": [0.35264735264735264, 0.36663336663336665, 0.36163836163836166, 0.4245754245754246, 0.41358641358641357]}, "unstructured_test_brier_score": {"mean": 0.7649013590010896, "std": 0.01416968728502831, "std_err": 0.007084843642514154, "raw": [0.7853399477189478, 0.7783533087026352, 0.7570818233863642, 0.7533176837550205, 0.7504140314424803]}, "interpretability": {"num_predicates": {"mean": 347.6, "std": 55.88416591486358, "std_err": 27.942082957431786, "raw": [294, 279, 421, 345, 399]}, "num_rules": {"mean": 49.6, "std": 5.083306010855534, "std_err": 2.541653005427767, "raw": [43, 46, 56, 48, 55]}}, "learning_time": {"mean": 0.12883338928222657, "std": 0.001450559589603313, "std_err": 0.0007252797948016565, "raw": [0.12869620323181152, 0.1275789737701416, 0.1279890537261963, 0.12826085090637207, 0.13164186477661133]}}, "noise_pct_97": {"structured_test_accuracy": {"mean": 0.24315684315684316, "std": 0.042278402121707304, "std_err": 0.02113920106085365, "raw": [0.2817182817182817, 0.21978021978021978, 0.24675324675324675, 0.17582417582417584, 0.2917082917082917]}, "unstructured_test_accuracy": {"mean": 0.385014985014985, "std": 0.029571779540964675, "std_err": 0.01478588977048234, "raw": [0.34665334665334663, 0.3776223776223776, 0.3626373626373626, 0.4225774225774226, 0.4155844155844156]}, "unstructured_test_brier_score": {"mean": 0.7653096877218021, "std": 0.01570374049338988, "std_err": 0.00785187024669494, "raw": [0.7882336808701503, 0.7800796744740519, 0.7553369259504668, 0.7531352595873515, 0.7497628977269896]}, "interpretability": {"num_predicates": {"mean": 363.8, "std": 40.37523993736756, "std_err": 20.187619968683777, "raw": [361, 326, 379, 321, 432]}, "num_rules": {"mean": 51.8, "std": 3.370459909270543, "std_err": 1.6852299546352716, "raw": [51, 50, 52, 48, 58]}}, "learning_time": {"mean": 0.1299234390258789, "std": 0.0016077579395275912, "std_err": 0.0008038789697637956, "raw": [0.13265013694763184, 0.12878084182739258, 0.12949204444885254, 0.12805604934692383, 0.13063812255859375]}}, "noise_pct_98": {"structured_test_accuracy": {"mean": 0.22877122877122877, "std": 0.03449086214112302, "std_err": 0.01724543107056151, "raw": [0.27172827172827174, 0.22977022977022976, 0.2177822177822178, 0.17082917082917082, 0.25374625374625376]}, "unstructured_test_accuracy": {"mean": 0.3902097902097902, "std": 0.024815474379002337, "std_err": 0.012407737189501169, "raw": [0.3516483516483517, 0.3786213786213786, 0.3906093906093906, 0.4255744255744256, 0.4045954045954046]}, "unstructured_test_brier_score": {"mean": 0.7614991047150129, "std": 0.014666495276360682, "std_err": 0.00733324763818034, "raw": [0.7873209754383939, 0.7667088634041695, 0.7480721118507344, 0.747881494454525, 0.7575120784272417]}, "interpretability": {"num_predicates": {"mean": 363.8, "std": 40.37523993736756, "std_err": 20.187619968683777, "raw": [361, 326, 379, 321, 432]}, "num_rules": {"mean": 51.8, "std": 3.370459909270543, "std_err": 1.6852299546352716, "raw": [51, 50, 52, 48, 58]}}, "learning_time": {"mean": 0.1313093662261963, "std": 0.0025286047742666402, "std_err": 0.0012643023871333201, "raw": [0.13551998138427734, 0.13054895401000977, 0.12777280807495117, 0.1321110725402832, 0.13059401512145996]}}, "noise_pct_99": {"structured_test_accuracy": {"mean": 0.2157842157842158, "std": 0.04576689511006051, "std_err": 0.022883447555030256, "raw": [0.2817182817182817, 0.16683316683316685, 0.21878121878121878, 0.16383616383616384, 0.24775224775224775]}, "unstructured_test_accuracy": {"mean": 0.3916083916083916, "std": 0.02674637447461581, "std_err": 0.013373187237307904, "raw": [0.34465534465534464, 0.3826173826173826, 0.39760239760239763, 0.4145854145854146, 0.41858141858141856]}, "unstructured_test_brier_score": {"mean": 0.762382393444424, "std": 0.017766381579796507, "std_err": 0.008883190789898252, "raw": [0.7941073405460752, 0.7674357935035486, 0.7424217408668429, 0.7521892571396857, 0.7557578351659678]}, "interpretability": {"num_predicates": {"mean": 351.8, "std": 60.33373848851072, "std_err": 30.16686924425536, "raw": [323, 270, 366, 346, 454]}, "num_rules": {"mean": 49.0, "std": 6.099180272790763, "std_err": 3.049590136395381, "raw": [45, 42, 49, 49, 60]}}, "learning_time": {"mean": 0.13129916191101074, "std": 0.0022765931660139274, "std_err": 0.0011382965830069637, "raw": [0.1317138671875, 0.12845730781555176, 0.12930774688720703, 0.13491177558898926, 0.13210511207580566]}}, "noise_pct_100": {"structured_test_accuracy": {"mean": 0.21758241758241756, "std": 0.03359021088298503, "std_err": 0.01679510544149251, "raw": [0.25074925074925075, 0.18981018981018982, 0.24375624375624375, 0.16583416583416583, 0.23776223776223776]}, "unstructured_test_accuracy": {"mean": 0.3968031968031968, "std": 0.021954396528954555, "std_err": 0.010977198264477277, "raw": [0.36563436563436563, 0.38461538461538464, 0.3916083916083916, 0.4275724275724276, 0.4145854145854146]}, "unstructured_test_brier_score": {"mean": 0.7606641035171178, "std": 0.016485992313633416, "std_err": 0.008242996156816708, "raw": [0.7854749181974489, 0.7650791653720429, 0.7391178026531292, 0.7460972612308328, 0.7675513701321355]}, "interpretability": {"num_predicates": {"mean": 361.4, "std": 28.330901856453494, "std_err": 14.165450928226745, "raw": [392, 321, 390, 337, 367]}, "num_rules": {"mean": 49.2, "std": 1.8330302779823362, "std_err": 0.916515138991168, "raw": [51, 47, 51, 47, 50]}}, "learning_time": {"mean": 0.13270225524902343, "std": 0.007145481149942236, "std_err": 0.0035727405749711185, "raw": [0.13046717643737793, 0.12673211097717285, 0.14675593376159668, 0.12963104248046875, 0.12992501258850098]}}}