{"noise_pct_95": {"structured_test_accuracy": {"mean": 0.33686313686313685, "std": 0.04439612592321567, "std_err": 0.022198062961607836, "raw": [0.3106893106893107, 0.2897102897102897, 0.38961038961038963, 0.3916083916083916, 0.3026973026973027]}, "unstructured_test_accuracy": {"mean": 0.3064935064935065, "std": 0.01834901334492523, "std_err": 0.009174506672462614, "raw": [0.2997002997002997, 0.31368631368631367, 0.27472527472527475, 0.3156843156843157, 0.32867132867132864]}, "unstructured_test_brier_score": {"mean": 0.9002735106537273, "std": 0.011264412295569643, "std_err": 0.005632206147784821, "raw": [0.9187887735342258, 0.8970615801297099, 0.8976646432798746, 0.9037731699315423, 0.8840793863932842]}, "interpretability": {"num_predicates": {"mean": 329.4, "std": 30.994193004496825, "std_err": 15.497096502248413, "raw": [384, 288, 330, 325, 320]}, "num_rules": {"mean": 47.0, "std": 3.8987177379235853, "std_err": 1.949358868961793, "raw": [54, 42, 47, 46, 46]}}, "learning_time": {"mean": 0.12823400497436524, "std": 0.0015571511372710664, "std_err": 0.0007785755686355332, "raw": [0.12711119651794434, 0.12803292274475098, 0.12912368774414062, 0.13068008422851562, 0.1262221336364746]}}, "noise_pct_96": {"structured_test_accuracy": {"mean": 0.34685314685314683, "std": 0.029859269189165046, "std_err": 0.014929634594582521, "raw": [0.33766233766233766, 0.3106893106893107, 0.36363636363636365, 0.3956043956043956, 0.32667332667332666]}, "unstructured_test_accuracy": {"mean": 0.3030969030969031, "std": 0.02684023998842495, "std_err": 0.013420119994212474, "raw": [0.2887112887112887, 0.3126873126873127, 0.2597402597402597, 0.3156843156843157, 0.3386613386613387]}, "unstructured_test_brier_score": {"mean": 0.9029588863204641, "std": 0.014509647427623859, "std_err": 0.007254823713811929, "raw": [0.926649060439875, 0.9006803901554957, 0.8997031717578214, 0.9063471443770389, 0.881414664872089]}, "interpretability": {"num_predicates": {"mean": 329.4, "std": 30.994193004496825, "std_err": 15.497096502248413, "raw": [384, 288, 330, 325, 320]}, "num_rules": {"mean": 47.0, "std": 3.8987177379235853, "std_err": 1.949358868961793, "raw": [54, 42, 47, 46, 46]}}, "learning_time": {"mean": 0.12864351272583008, "std": 0.0020021910546929133, "std_err": 0.0010010955273464565, "raw": [0.1324610710144043, 0.12778592109680176, 0.12810683250427246, 0.12830090522766113, 0.12656283378601074]}}, "noise_pct_97": {"structured_test_accuracy": {"mean": 0.35584415584415585, "std": 0.025698997307993646, "std_err": 0.012849498653996823, "raw": [0.3256743256743257, 0.32967032967032966, 0.3946053946053946, 0.3596403596403596, 0.3696303696303696]}, "unstructured_test_accuracy": {"mean": 0.29790209790209793, "std": 0.02629024448180768, "std_err": 0.01314512224090384, "raw": [0.2807192807192807, 0.3046953046953047, 0.2597402597402597, 0.3066933066933067, 0.33766233766233766]}, "unstructured_test_brier_score": {"mean": 0.9064187860203093, "std": 0.015902868245788085, "std_err": 0.007951434122894042, "raw": [0.9317351355735786, 0.8988072253144552, 0.9037132715191083, 0.9138497174391808, 0.8839885802552238]}, "interpretability": {"num_predicates": {"mean": 334.6, "std": 43.79771683546986, "std_err": 21.89885841773493, "raw": [386, 264, 322, 325, 376]}, "num_rules": {"mean": 46.6, "std": 4.31740662898458, "std_err": 2.15870331449229, "raw": [53, 40, 45, 46, 49]}}, "learning_time": {"mean": 0.12753052711486818, "std": 0.0006878613330707037, "std_err": 0.00034393066653535186, "raw": [0.1265716552734375, 0.12683391571044922, 0.12798595428466797, 0.12826013565063477, 0.12800097465515137]}}, "noise_pct_98": {"structured_test_accuracy": {"mean": 0.36123876123876125, "std": 0.05406653951769494, "std_err": 0.02703326975884747, "raw": [0.2807192807192807, 0.3306693306693307, 0.4435564435564436, 0.3776223776223776, 0.37362637362637363]}, "unstructured_test_accuracy": {"mean": 0.2961038961038961, "std": 0.02993404432971135, "std_err": 0.014967022164855672, "raw": [0.26973026973026976, 0.3106893106893107, 0.2547452547452547, 0.3076923076923077, 0.33766233766233766]}, "unstructured_test_brier_score": {"mean": 0.9086730829709019, "std": 0.01753651850408746, "std_err": 0.00876825925204373, "raw": [0.9340998195834462, 0.8999096171158231, 0.9152096567001593, 0.9129238223768548, 0.881222499078226]}, "interpretability": {"num_predicates": {"mean": 334.6, "std": 43.79771683546986, "std_err": 21.89885841773493, "raw": [386, 264, 322, 325, 376]}, "num_rules": {"mean": 46.6, "std": 4.31740662898458, "std_err": 2.15870331449229, "raw": [53, 40, 45, 46, 49]}}, "learning_time": {"mean": 0.12962932586669923, "std": 0.005209212237686869, "std_err": 0.0026046061188434344, "raw": [0.1399068832397461, 0.1284959316253662, 0.12710809707641602, 0.12582874298095703, 0.12680697441101074]}}, "noise_pct_99": {"structured_test_accuracy": {"mean": 0.34325674325674327, "std": 0.043575686114150206, "std_err": 0.0217878430570751, "raw": [0.2757242757242757, 0.3076923076923077, 0.37462537462537465, 0.3866133866133866, 0.37162837162837165]}, "unstructured_test_accuracy": {"mean": 0.2993006993006993, "std": 0.025544750515671625, "std_err": 0.012772375257835812, "raw": [0.2827172827172827, 0.3076923076923077, 0.26073926073926074, 0.3096903096903097, 0.3356643356643357]}, "unstructured_test_brier_score": {"mean": 0.9114479299266918, "std": 0.01226313947042305, "std_err": 0.006131569735211524, "raw": [0.9279417582138194, 0.9065124097138568, 0.9156011188972907, 0.9161389472962475, 0.891045415512245]}, "interpretability": {"num_predicates": {"mean": 346.2, "std": 53.52158443095645, "std_err": 26.760792215478226, "raw": [415, 259, 370, 317, 370]}, "num_rules": {"mean": 46.4, "std": 3.9293765408777, "std_err": 1.9646882704388497, "raw": [50, 39, 49, 46, 48]}}, "learning_time": {"mean": 0.12793307304382323, "std": 0.0016744914879388523, "std_err": 0.0008372457439694261, "raw": [0.12704014778137207, 0.12860417366027832, 0.12685513496398926, 0.12626290321350098, 0.13090300559997559]}}, "noise_pct_100": {"structured_test_accuracy": {"mean": 0.3444555444555445, "std": 0.01662548976041136, "std_err": 0.00831274488020568, "raw": [0.33466533466533466, 0.3226773226773227, 0.3546453546453546, 0.3706293706293706, 0.33966033966033965]}, "unstructured_test_accuracy": {"mean": 0.2963036963036963, "std": 0.026810477016320257, "std_err": 0.013405238508160127, "raw": [0.27472527472527475, 0.31368631368631367, 0.25874125874125875, 0.3006993006993007, 0.3336663336663337]}, "unstructured_test_brier_score": {"mean": 0.9124330404527866, "std": 0.013910597067188467, "std_err": 0.006955298533594233, "raw": [0.9294817467152977, 0.9091779550488237, 0.9160201697190439, 0.9195912750106722, 0.8878940557700957]}, "interpretability": {"num_predicates": {"mean": 345.2, "std": 25.59218630754317, "std_err": 12.796093153771583, "raw": [358, 299, 343, 350, 376]}, "num_rules": {"mean": 47.4, "std": 2.8, "std_err": 1.4, "raw": [50, 42, 48, 49, 48]}}, "learning_time": {"mean": 0.1287330150604248, "std": 0.0018444563171931042, "std_err": 0.0009222281585965521, "raw": [0.12946510314941406, 0.12720990180969238, 0.12610793113708496, 0.12959599494934082, 0.1312861442565918]}}}