{"noise_pct_10": {"structured_test_accuracy": {"mean": 0.6641358641358641, "std": 0.0485781634506037, "std_err": 0.02428908172530185, "raw": [0.6753246753246753, 0.5734265734265734, 0.7002997002997003, 0.6613386613386614, 0.7102897102897103]}, "unstructured_test_accuracy": {"mean": 0.6317682317682318, "std": 0.04216967700138972, "std_err": 0.02108483850069486, "raw": [0.6453546453546454, 0.5534465534465535, 0.6603396603396603, 0.6263736263736264, 0.6733266733266733]}, "unstructured_test_brier_score": {"mean": 0.5179402597402597, "std": 0.026406699739874813, "std_err": 0.013203349869937406, "raw": [0.5227444555444556, 0.5593952047952048, 0.492830969030969, 0.5284703296703296, 0.48626033966033966]}, "interpretability": {"num_predicates": {"mean": 232.6, "std": 31.651856185696282, "std_err": 15.825928092848141, "raw": [246, 223, 227, 282, 185]}, "num_rules": {"mean": 36.6, "std": 3.3823069050575527, "std_err": 1.6911534525287764, "raw": [40, 35, 37, 40, 31]}}, "learning_time": {"mean": 0.18902368545532228, "std": 0.015460463053281786, "std_err": 0.007730231526640893, "raw": [0.2177741527557373, 0.1724076271057129, 0.1899428367614746, 0.18070745468139648, 0.18428635597229004]}}, "noise_pct_20": {"structured_test_accuracy": {"mean": 0.6201798201798201, "std": 0.0363746127399809, "std_err": 0.01818730636999045, "raw": [0.6093906093906094, 0.5634365634365635, 0.6353646353646354, 0.6173826173826173, 0.6753246753246753]}, "unstructured_test_accuracy": {"mean": 0.5752247752247752, "std": 0.029919371104631193, "std_err": 0.014959685552315596, "raw": [0.5724275724275725, 0.5254745254745254, 0.5814185814185814, 0.5774225774225774, 0.6193806193806194]}, "unstructured_test_brier_score": {"mean": 0.5732002397602398, "std": 0.021035255628911943, "std_err": 0.01051762781445597, "raw": [0.5789282717282718, 0.598623976023976, 0.5573218781218782, 0.5896931068931068, 0.5414339660339661]}, "interpretability": {"num_predicates": {"mean": 234.8, "std": 25.96459127350169, "std_err": 12.982295636750845, "raw": [227, 240, 246, 270, 191]}, "num_rules": {"mean": 36.4, "std": 2.727636339397171, "std_err": 1.3638181696985856, "raw": [35, 38, 37, 40, 32]}}, "learning_time": {"mean": 0.1910146713256836, "std": 0.014183071521458196, "std_err": 0.007091535760729097, "raw": [0.17716622352600098, 0.1834251880645752, 0.18123555183410645, 0.21593809127807617, 0.19730830192565918]}}, "noise_pct_30": {"structured_test_accuracy": {"mean": 0.5826173826173827, "std": 0.03588291439286674, "std_err": 0.01794145719643337, "raw": [0.5594405594405595, 0.5494505494505495, 0.5764235764235764, 0.5764235764235764, 0.6513486513486514]}, "unstructured_test_accuracy": {"mean": 0.5192807192807193, "std": 0.027557945493812838, "std_err": 0.013778972746906419, "raw": [0.4935064935064935, 0.5004995004995005, 0.5114885114885115, 0.5194805194805194, 0.5714285714285714]}, "unstructured_test_brier_score": {"mean": 0.6101905694305694, "std": 0.018520374688998063, "std_err": 0.009260187344499031, "raw": [0.6274253746253746, 0.6262085914085914, 0.604762037962038, 0.6155766233766233, 0.5769802197802197]}, "interpretability": {"num_predicates": {"mean": 254.4, "std": 27.709926019388792, "std_err": 13.854963009694394, "raw": [261, 239, 265, 295, 212]}, "num_rules": {"mean": 39.2, "std": 2.9257477676655586, "std_err": 1.4628738838327793, "raw": [41, 38, 41, 42, 34]}}, "learning_time": {"mean": 0.18475813865661622, "std": 0.008904402766031869, "std_err": 0.004452201383015934, "raw": [0.17479443550109863, 0.18761038780212402, 0.17415142059326172, 0.19674468040466309, 0.1904897689819336]}}, "noise_pct_40": {"structured_test_accuracy": {"mean": 0.5638361638361639, "std": 0.03715746580154719, "std_err": 0.01857873290077359, "raw": [0.5574425574425574, 0.5084915084915085, 0.6023976023976024, 0.5434565434565435, 0.6073926073926074]}, "unstructured_test_accuracy": {"mean": 0.48351648351648346, "std": 0.02397602397602397, "std_err": 0.011988011988011985, "raw": [0.4745254745254745, 0.4565434565434565, 0.4925074925074925, 0.46853146853146854, 0.5254745254745254]}, "unstructured_test_brier_score": {"mean": 0.6445373426573426, "std": 0.018612909969537676, "std_err": 0.009306454984768838, "raw": [0.6494431568431569, 0.6686319680319681, 0.626456943056943, 0.6583264735264734, 0.6198281718281718]}, "interpretability": {"num_predicates": {"mean": 254.8, "std": 26.70880004792428, "std_err": 13.354400023962139, "raw": [279, 230, 281, 216, 268]}, "num_rules": {"mean": 40.0, "std": 2.6832815729997477, "std_err": 1.3416407864998738, "raw": [43, 37, 43, 37, 40]}}, "learning_time": {"mean": 0.18822264671325684, "std": 0.005593375949797436, "std_err": 0.002796687974898718, "raw": [0.18303799629211426, 0.18714070320129395, 0.18172788619995117, 0.19614768028259277, 0.19305896759033203]}}, "noise_pct_50": {"structured_test_accuracy": {"mean": 0.544055944055944, "std": 0.043096676155883945, "std_err": 0.02154833807794197, "raw": [0.5204795204795205, 0.4985014985014985, 0.6023976023976024, 0.5094905094905094, 0.5894105894105894]}, "unstructured_test_accuracy": {"mean": 0.46293706293706294, "std": 0.02170937435379929, "std_err": 0.010854687176899644, "raw": [0.45454545454545453, 0.43756243756243757, 0.48451548451548454, 0.44555444555444557, 0.4925074925074925]}, "unstructured_test_brier_score": {"mean": 0.6701004195804197, "std": 0.020758756202756204, "std_err": 0.0103793781013781, "raw": [0.6840063936063937, 0.691666933066933, 0.6399576423576424, 0.6843670329670329, 0.650504095904096]}, "interpretability": {"num_predicates": {"mean": 257.8, "std": 14.190137420053409, "std_err": 7.0950687100267045, "raw": [271, 243, 258, 276, 241]}, "num_rules": {"mean": 40.0, "std": 2.449489742783178, "std_err": 1.224744871391589, "raw": [42, 40, 39, 43, 36]}}, "learning_time": {"mean": 0.19233813285827636, "std": 0.008236455388017818, "std_err": 0.004118227694008909, "raw": [0.1882176399230957, 0.19931650161743164, 0.20450568199157715, 0.18231654167175293, 0.18733429908752441]}}, "noise_pct_60": {"structured_test_accuracy": {"mean": 0.5220779220779221, "std": 0.02214629974412643, "std_err": 0.011073149872063212, "raw": [0.5044955044955045, 0.5234765234765235, 0.5474525474525475, 0.4905094905094905, 0.5444555444555444]}, "unstructured_test_accuracy": {"mean": 0.4465534465534466, "std": 0.01687099447159604, "std_err": 0.00843549723579802, "raw": [0.4275724275724276, 0.4565434565434565, 0.46153846153846156, 0.4245754245754246, 0.46253746253746253]}, "unstructured_test_brier_score": {"mean": 0.6878999800199802, "std": 0.0178868238816729, "std_err": 0.00894341194083645, "raw": [0.700083116883117, 0.696667132867133, 0.658362037962038, 0.7074423576423576, 0.6769452547452548]}, "interpretability": {"num_predicates": {"mean": 283.4, "std": 32.68394101083895, "std_err": 16.341970505419475, "raw": [309, 242, 332, 273, 261]}, "num_rules": {"mean": 43.2, "std": 3.867815921162743, "std_err": 1.9339079605813716, "raw": [48, 40, 47, 43, 38]}}, "learning_time": {"mean": 0.1950141429901123, "std": 0.008066509944514045, "std_err": 0.004033254972257022, "raw": [0.18057513236999512, 0.1941237449645996, 0.1979532241821289, 0.19729351997375488, 0.205125093460083]}}, "noise_pct_70": {"structured_test_accuracy": {"mean": 0.5058941058941058, "std": 0.025847690915158796, "std_err": 0.012923845457579398, "raw": [0.4825174825174825, 0.5294705294705294, 0.5444555444555444, 0.4865134865134865, 0.4865134865134865]}, "unstructured_test_accuracy": {"mean": 0.4233766233766233, "std": 0.012815278889769893, "std_err": 0.006407639444884946, "raw": [0.41358641358641357, 0.4385614385614386, 0.43956043956043955, 0.4125874125874126, 0.4125874125874126]}, "unstructured_test_brier_score": {"mean": 0.709635924075924, "std": 0.00922050969602501, "std_err": 0.004610254848012505, "raw": [0.7208897102897103, 0.7139700299700299, 0.7015580419580421, 0.7155298701298701, 0.6962319680319681]}, "interpretability": {"num_predicates": {"mean": 276.4, "std": 34.66756409094818, "std_err": 17.33378204547409,