{"noise_pct_95": {"structured_test_accuracy": {"mean": 0.42857142857142855, "std": 0.03392487369162868, "std_err": 0.01696243684581434, "raw": [0.4075924075924076, 0.4275724275724276, 0.4945054945054945, 0.4065934065934066, 0.4065934065934066]}, "unstructured_test_accuracy": {"mean": 0.37382617382617384, "std": 0.01588882745420263, "std_err": 0.007944413727101316, "raw": [0.34965034965034963, 0.38161838161838163, 0.36163836163836166, 0.3826173826173826, 0.3936063936063936]}, "unstructured_test_brier_score": {"mean": 0.7434569430569431, "std": 0.00899369042399431, "std_err": 0.004496845211997155, "raw": [0.7473006993006993, 0.7582451548451549, 0.7415544455544456, 0.7387942057942058, 0.7313902097902099]}, "interpretability": {"num_predicates": {"mean": 276.2, "std": 22.03088740836374, "std_err": 11.01544370418187, "raw": [237, 268, 289, 288, 299]}, "num_rules": {"mean": 43.8, "std": 3.4871191548325386, "std_err": 1.7435595774162693, "raw": [38, 44, 44, 44, 49]}}, "learning_time": {"mean": 0.13152680397033692, "std": 0.002341403853467256, "std_err": 0.0011707019267336279, "raw": [0.12911581993103027, 0.13050389289855957, 0.1339588165283203, 0.12936925888061523, 0.13468623161315918]}}, "noise_pct_96": {"structured_test_accuracy": {"mean": 0.4221778221778222, "std": 0.028464341767845142, "std_err": 0.014232170883922571, "raw": [0.3996003996003996, 0.41358641358641357, 0.4775224775224775, 0.4025974025974026, 0.4175824175824176]}, "unstructured_test_accuracy": {"mean": 0.373026973026973, "std": 0.016103449893794114, "std_err": 0.008051724946897057, "raw": [0.3626373626373626, 0.3826173826173826, 0.34665334665334663, 0.3826173826173826, 0.3906093906093906]}, "unstructured_test_brier_score": {"mean": 0.7459327072927073, "std": 0.006566353612916387, "std_err": 0.0032831768064581933, "raw": [0.7469854145854146, 0.7554751248751249, 0.7463888111888112, 0.7459814185814185, 0.7348327672327674]}, "interpretability": {"num_predicates": {"mean": 276.2, "std": 22.03088740836374, "std_err": 11.01544370418187, "raw": [237, 268, 289, 288, 299]}, "num_rules": {"mean": 43.8, "std": 3.4871191548325386, "std_err": 1.7435595774162693, "raw": [38, 44, 44, 44, 49]}}, "learning_time": {"mean": 0.14687108993530273, "std": 0.005067996992452443, "std_err": 0.002533998496226221, "raw": [0.15340900421142578, 0.14585399627685547, 0.14738821983337402, 0.14960312843322754, 0.13810110092163086]}}, "noise_pct_97": {"structured_test_accuracy": {"mean": 0.4247752247752247, "std": 0.03164421410102598, "std_err": 0.015822107050512988, "raw": [0.40559440559440557, 0.4145854145854146, 0.4865134865134865, 0.3986013986013986, 0.41858141858141856]}, "unstructured_test_accuracy": {"mean": 0.37122877122877124, "std": 0.020045845612282124, "std_err": 0.010022922806141062, "raw": [0.34565434565434566, 0.3876123876123876, 0.35064935064935066, 0.3756243756243756, 0.3966033966033966]}, "unstructured_test_brier_score": {"mean": 0.7462796003996004, "std": 0.007436185886840943, "std_err": 0.003718092943420471, "raw": [0.7506689310689312, 0.7562097902097902, 0.7477016983016983, 0.7424515484515484, 0.734366033966034]}, "interpretability": {"num_predicates": {"mean": 290.8, "std": 18.540765895722863, "std_err": 9.270382947861432, "raw": [284, 268, 323, 282, 297]}, "num_rules": {"mean": 45.6, "std": 2.154065922853802, "std_err": 1.0770329614269007, "raw": [45, 44, 49, 43, 47]}}, "learning_time": {"mean": 0.14883775711059571, "std": 0.001905745574111485, "std_err": 0.0009528727870557424, "raw": [0.14576482772827148, 0.14792513847351074, 0.15132594108581543, 0.15012097358703613, 0.14905190467834473]}}, "noise_pct_98": {"structured_test_accuracy": {"mean": 0.4185814185814186, "std": 0.030056485356470413, "std_err": 0.015028242678235205, "raw": [0.4005994005994006, 0.4225774225774226, 0.4755244755244755, 0.3946053946053946, 0.3996003996003996]}, "unstructured_test_accuracy": {"mean": 0.3678321678321678, "std": 0.01989392038025036, "std_err": 0.009946960190125182, "raw": [0.35064935064935066, 0.37962037962037964, 0.33766233766233766, 0.38461538461538464, 0.3866133866133866]}, "unstructured_test_brier_score": {"mean": 0.7466318481518481, "std": 0.0074600602816792564, "std_err": 0.0037300301408396282, "raw": [0.7501062937062937, 0.7574133866133868, 0.7491228771228772, 0.7395836163836165, 0.7369330669330669]}, "interpretability": {"num_predicates": {"mean": 290.8, "std": 18.540765895722863, "std_err": 9.270382947861432, "raw": [284, 268, 323, 282, 297]}, "num_rules": {"mean": 45.6, "std": 2.154065922853802, "std_err": 1.0770329614269007, "raw": [45, 44, 49, 43, 47]}}, "learning_time": {"mean": 0.14655117988586425, "std": 0.006971379584362373, "std_err": 0.0034856897921811862, "raw": [0.13448596000671387, 0.1430649757385254, 0.14997315406799316, 0.15266990661621094, 0.15256190299987793]}}, "noise_pct_99": {"structured_test_accuracy": {"mean": 0.40979020979020986, "std": 0.017639087675798793, "std_err": 0.008819543837899397, "raw": [0.3876123876123876, 0.4085914085914086, 0.44155844155844154, 0.4085914085914086, 0.4025974025974026]}, "unstructured_test_accuracy": {"mean": 0.3702297702297702, "std": 0.02276845792417296, "std_err": 0.01138422896208648, "raw": [0.34665334665334663, 0.38461538461538464, 0.3386613386613387, 0.38961038961038963, 0.3916083916083916]}, "unstructured_test_brier_score": {"mean": 0.7475558041958041, "std": 0.009798576855925972, "std_err": 0.004899288427962986, "raw": [0.7525442557442557, 0.7618283716283717, 0.7498243756243756, 0.7394893106893108, 0.7340927072927074]}, "interpretability": {"num_predicates": {"mean": 278.2, "std": 19.772708463940898, "std_err": 9.886354231970449, "raw": [260, 275, 284, 313, 259]}, "num_rules": {"mean": 44.6, "std": 2.0591260281974, "std_err": 1.0295630140987, "raw": [42, 45, 45, 48, 43]}}, "learning_time": {"mean": 0.14493069648742676, "std": 0.007781367903818613, "std_err": 0.0038906839519093064, "raw": [0.14947032928466797, 0.14399218559265137, 0.1520099639892578, 0.14892077445983887, 0.13026022911071777]}}, "noise_pct_100": {"structured_test_accuracy": {"mean": 0.4081918081918082, "std": 0.016937118443574622, "std_err": 0.008468559221787311, "raw": [0.3926073926073926, 0.4075924075924076, 0.4405594405594406, 0.39760239760239763, 0.4025974025974026]}, "unstructured_test_accuracy": {"mean": 0.3702297702297702, "std": 0.019926000901601577, "std_err": 0.009963000450800789, "raw": [0.34965034965034963, 0.3836163836163836, 0.34265734265734266, 0.3906093906093906, 0.38461538461538464]}, "unstructured_test_brier_score": {"mean": 0.7469145654345655, "std": 0.00598549617112953, "std_err": 0.0029927480855647644, "raw": [0.7510895104895104, 0.7561682317682318, 0.7455568431568432, 0.7417078921078921, 0.7400503496503497]}, "interpretability": {"num_predicates": {"mean": 286.4, "std": 24.90461804565571, "std_err": 12.452309022827853, "raw": [246, 274, 320, 297, 295]}, "num_rules": {"mean": 44.4, "std": 2.939387691339814, "std_err": 1.469693845669907, "raw": [40, 43, 49, 45, 45]}}, "learning_time": {"mean": 0.13666095733642578, "std": 0.010355985954549321, "std_err": 0.005177992977274661, "raw": [0.1557767391204834, 0.12784934043884277, 0.13855314254760742, 0.12780427932739258, 0.13332128524780273]}}}