{"noise_pct_10": {"structured_test_accuracy": {"mean": 0.6561438561438562, "std": 0.04064547009774677, "std_err": 0.020322735048873386, "raw": [0.6523476523476524, 0.5844155844155844, 0.7052947052947053, 0.6563436563436563, 0.6823176823176823]}, "unstructured_test_accuracy": {"mean": 0.628971028971029, "std": 0.03607818492537496, "std_err": 0.018039092462687478, "raw": [0.6293706293706294, 0.5644355644355644, 0.6733266733266733, 0.6293706293706294, 0.6483516483516484]}, "unstructured_test_brier_score": {"mean": 0.5250086313686314, "std": 0.024642239877617496, "std_err": 0.012321119938808748, "raw": [0.5349098901098901, 0.5647086913086914, 0.4966395604395605, 0.5272739260739261, 0.501511088911089]}, "interpretability": {"num_predicates": {"mean": 251.2, "std": 14.74313399518569, "std_err": 7.371566997592844, "raw": [256, 237, 232, 259, 272]}, "num_rules": {"mean": 39.8, "std": 2.1354156504062622, "std_err": 1.0677078252031311, "raw": [40, 37, 38, 41, 43]}}, "learning_time": {"mean": 0.19386653900146483, "std": 0.008826822015158229, "std_err": 0.004413411007579115, "raw": [0.1818087100982666, 0.1894969940185547, 0.19030308723449707, 0.20636844635009766, 0.2013554573059082]}}, "noise_pct_20": {"structured_test_accuracy": {"mean": 0.6343656343656344, "std": 0.025138327252829745, "std_err": 0.012569163626414871, "raw": [0.6423576423576424, 0.5964035964035964, 0.6313686313686314, 0.6273726273726273, 0.6743256743256744]}, "unstructured_test_accuracy": {"mean": 0.5912087912087912, "std": 0.023474610417941272, "std_err": 0.011737305208970634, "raw": [0.5984015984015985, 0.5534465534465535, 0.5794205794205795, 0.6013986013986014, 0.6233766233766234]}, "unstructured_test_brier_score": {"mean": 0.5573969102120102, "std": 0.01729135324697732, "std_err": 0.008645676623488661, "raw": [0.557713086913087, 0.5795768231768232, 0.5624277722277722, 0.5609356000111, 0.5263312687312688]}, "interpretability": {"num_predicates": {"mean": 274.0, "std": 43.05810028322197, "std_err": 21.529050141610984, "raw": [357, 234, 250, 261, 268]}, "num_rules": {"mean": 41.4, "std": 3.0724582991474434, "std_err": 1.5362291495737215, "raw": [47, 38, 40, 40, 42]}}, "learning_time": {"mean": 0.19586544036865233, "std": 0.005396690578419434, "std_err": 0.002698345289209717, "raw": [0.20167803764343262, 0.2028675079345703, 0.18945765495300293, 0.1918802261352539, 0.19344377517700195]}}, "noise_pct_30": {"structured_test_accuracy": {"mean": 0.6135864135864135, "std": 0.036060476753291375, "std_err": 0.018030238376645687, "raw": [0.6053946053946054, 0.5844155844155844, 0.6303696303696303, 0.5734265734265734, 0.6743256743256744]}, "unstructured_test_accuracy": {"mean": 0.5594405594405594, "std": 0.027263760405060056, "std_err": 0.013631880202530026, "raw": [0.5644355644355644, 0.5304695304695305, 0.5554445554445554, 0.5384615384615384, 0.6083916083916084]}, "unstructured_test_brier_score": {"mean": 0.5910467678099678, "std": 0.025545583720253215, "std_err": 0.012772791860126606, "raw": [0.5996661338661339, 0.6201706293706294, 0.5768627372627373, 0.609776895992896, 0.5487574425574425]}, "interpretability": {"num_predicates": {"mean": 251.8, "std": 18.236227680087786, "std_err": 9.118113840043893, "raw": [251, 243, 247, 286, 232]}, "num_rules": {"mean": 39.4, "std": 1.9595917942265424, "std_err": 0.9797958971132711, "raw": [39, 39, 39, 43, 37]}}, "learning_time": {"mean": 0.19073209762573243, "std": 0.005457681437042729, "std_err": 0.0027288407185213645, "raw": [0.18683791160583496, 0.19966864585876465, 0.19442296028137207, 0.18532919883728027, 0.18740177154541016]}}, "noise_pct_40": {"structured_test_accuracy": {"mean": 0.5868131868131867, "std": 0.0423962653535053, "std_err": 0.021198132676752645, "raw": [0.5774225774225774, 0.5514485514485514, 0.5884115884115884, 0.5504495504495505, 0.6663336663336663]}, "unstructured_test_accuracy": {"mean": 0.5196803196803197, "std": 0.03030383534808682, "std_err": 0.01515191767404341, "raw": [0.5124875124875125, 0.4975024975024975, 0.5074925074925075, 0.5014985014985015, 0.5794205794205795]}, "unstructured_test_brier_score": {"mean": 0.6269865357531358, "std": 0.021190950838819764, "std_err": 0.010595475419409882, "raw": [0.6335092907092907, 0.6356116869241869, 0.6317844155844156, 0.6478876252081252, 0.5861396603396604]}, "interpretability": {"num_predicates": {"mean": 270.4, "std": 31.283222340417556, "std_err": 15.641611170208776, "raw": [253, 220, 306, 275, 298]}, "num_rules": {"mean": 40.2, "std": 2.7129319932501077, "std_err": 1.3564659966250536, "raw": [37, 37, 43, 41, 43]}}, "learning_time": {"mean": 0.18729104995727539, "std": 0.010400712387818464, "std_err": 0.005200356193909231, "raw": [0.18594813346862793, 0.1884918212890625, 0.18144655227661133, 0.20586562156677246, 0.17470312118530273]}}, "noise_pct_50": {"structured_test_accuracy": {"mean": 0.5492507492507492, "std": 0.0518457457205508, "std_err": 0.025922872860275396, "raw": [0.5124875124875125, 0.5174825174825175, 0.5694305694305695, 0.5044955044955045, 0.6423576423576424]}, "unstructured_test_accuracy": {"mean": 0.4827172827172827, "std": 0.029052900266603048, "std_err": 0.014526450133301522, "raw": [0.46553446553446554, 0.46253746253746253, 0.48451548451548454, 0.46253746253746253, 0.5384615384615384]}, "unstructured_test_brier_score": {"mean": 0.6576741608946609, "std": 0.024123745781022575, "std_err": 0.012061872890511287, "raw": [0.66499000999001, 0.6766189508269508, 0.6487908091908091, 0.6826563491508492, 0.6153146853146853]}, "interpretability": {"num_predicates": {"mean": 269.2, "std": 37.91253090997751, "std_err": 18.956265454988756, "raw": [336, 241, 286, 249, 234]}, "num_rules": {"mean": 40.6, "std": 2.4166091947189146, "std_err": 1.2083045973594573, "raw": [45, 40, 41, 39, 38]}}, "learning_time": {"mean": 0.18923416137695312, "std": 0.0093283958507195, "std_err": 0.00466419792535975, "raw": [0.17837166786193848, 0.17879605293273926, 0.20164871215820312, 0.19637393951416016, 0.1909804344177246]}}, "noise_pct_60": {"structured_test_accuracy": {"mean": 0.5172827172827172, "std": 0.027193387062296227, "std_err": 0.013596693531148112, "raw": [0.4875124875124875, 0.5164835164835165, 0.5214785214785215, 0.4955044955044955, 0.5654345654345654]}, "unstructured_test_accuracy": {"mean": 0.4601398601398602, "std": 0.015039527885361685, "std_err": 0.007519763942680842, "raw": [0.45454545454545453, 0.45054945054945056, 0.44255744255744256, 0.4675324675324675, 0.4855144855144855]}, "unstructured_test_brier_score": {"mean": 0.6819398777111776, "std": 0.015961188985881242, "std_err": 0.00798059449294062, "raw": [0.6763888111888112, 0.6991495165945166, 0.6795950049950049, 0.69847194988345, 0.6560941058941059]}, "interpretability": {"num_predicates": {"mean": 285.4, "std": 8.2365041127896, "std_err": 4.1182520563948, "raw": [279, 279, 299, 279, 291]}, "num_rules": {"mean": 42.6, "std": 1.3564659966250536, "std_err": 0.6782329983125267, "raw": [41, 42, 45, 43, 42]}}, "learning_time": {"mean": 0.19352116584777831, "std": 0.008211680236132436, "std_err": 0.004105840118066218, "raw": [0.19251036643981934, 0.20913147926330566, 0.1918027400970459, 0.1888890266418457, 0.185272216796875]}}, "noise_pct_70": {"structured_test_accuracy": {"mean": 0.4849150849150849, "std": 0.05328563074370095, "std_err": 0.02664281537185047, "raw": [0.4065934065934066, 0.5084915084915085, 0.4835164835164835, 0.45854145854145856, 0.5674325674325674]}, "unstructured_test_accuracy": {"mean": 0.43876123876123874, "std": 0.0172616272259382, "std_err": 0.008630813612969102, "raw": [0.44255744255744256, 0.42857142857142855, 0.41858141858141856, 0.43456543456543456, 0.4695304695304695]}, "unstructured_test_brier_score": {"mean": 0.7012099273060273, "std": 0.01561455514819174, "std_err": 0.00780727757409587, "raw": [0.694525074925075, 0.7218817077922078, 0.6983852147852149, 0.7140242723942724, 0.6772333666333665]}, "interpretability": {"num_predicates": {"mean": 296.6, "std": 34.71944700020437, "std_err": 17.35972350010218,