{"noise_pct_95": {"structured_test_accuracy": {"mean": 0.3962037962037962, "std": 0.025529118208647575, "std_err": 0.012764559104323787, "raw": [0.35664335664335667, 0.42157842157842157, 0.3826173826173826, 0.4255744255744256, 0.3946053946053946]}, "unstructured_test_accuracy": {"mean": 0.4035964035964036, "std": 0.020109470753384425, "std_err": 0.010054735376692213, "raw": [0.4195804195804196, 0.3776223776223776, 0.38161838161838163, 0.4125874125874126, 0.42657342657342656]}, "unstructured_test_brier_score": {"mean": 0.7297644883483864, "std": 0.023751574694160584, "std_err": 0.011875787347080292, "raw": [0.7041293371798271, 0.7652058144078144, 0.7348393606393607, 0.7419576198246198, 0.7026903096903098]}, "interpretability": {"num_predicates": {"mean": 329.2, "std": 25.222212432695112, "std_err": 12.611106216347556, "raw": [338, 350, 350, 282, 326]}, "num_rules": {"mean": 47.0, "std": 2.8284271247461903, "std_err": 1.4142135623730951, "raw": [49, 48, 50, 42, 46]}}, "learning_time": {"mean": 0.12906365394592284, "std": 0.0009075437007932829, "std_err": 0.0004537718503966414, "raw": [0.12829089164733887, 0.1277329921722412, 0.1297740936279297, 0.12938904762268066, 0.13013124465942383]}}, "noise_pct_96": {"structured_test_accuracy": {"mean": 0.3932067932067932, "std": 0.0384665980039416, "std_err": 0.0192332990019708, "raw": [0.33766233766233766, 0.42157842157842157, 0.35564435564435565, 0.4245754245754246, 0.42657342657342656]}, "unstructured_test_accuracy": {"mean": 0.4023976023976024, "std": 0.021790133211601437, "std_err": 0.010895066605800719, "raw": [0.4155844155844156, 0.37162837162837165, 0.38461538461538464, 0.4075924075924076, 0.4325674325674326]}, "unstructured_test_brier_score": {"mean": 0.731747365066906, "std": 0.025972662068304342, "std_err": 0.012986331034152171, "raw": [0.7052592914794955, 0.7693695198135198, 0.7345684315684315, 0.7487543676878677, 0.7007852147852149]}, "interpretability": {"num_predicates": {"mean": 329.2, "std": 25.222212432695112, "std_err": 12.611106216347556, "raw": [338, 350, 350, 282, 326]}, "num_rules": {"mean": 47.0, "std": 2.8284271247461903, "std_err": 1.4142135623730951, "raw": [49, 48, 50, 42, 46]}}, "learning_time": {"mean": 0.12952842712402343, "std": 0.0012238382670183643, "std_err": 0.0006119191335091822, "raw": [0.12842392921447754, 0.12822413444519043, 0.12930798530578613, 0.13011407852172852, 0.13157200813293457]}}, "noise_pct_97": {"structured_test_accuracy": {"mean": 0.3864135864135864, "std": 0.036336180916474524, "std_err": 0.018168090458237262, "raw": [0.32967032967032966, 0.4255744255744256, 0.36163836163836166, 0.3946053946053946, 0.4205794205794206]}, "unstructured_test_accuracy": {"mean": 0.4081918081918082, "std": 0.02385584264791097, "std_err": 0.011927921323955485, "raw": [0.4305694305694306, 0.3806193806193806, 0.3806193806193806, 0.4125874125874126, 0.43656343656343655]}, "unstructured_test_brier_score": {"mean": 0.7304225068806478, "std": 0.02135570225247468, "std_err": 0.010677851126237339, "raw": [0.7068673673480714, 0.758861876012876, 0.7388719280719281, 0.7432030712620713, 0.7043082917082917]}, "interpretability": {"num_predicates": {"mean": 325.0, "std": 18.022208521710095, "std_err": 9.01110426085505, "raw": [348, 338, 330, 299, 310]}, "num_rules": {"mean": 47.0, "std": 2.1908902300206643, "std_err": 1.0954451150103321, "raw": [50, 48, 48, 44, 45]}}, "learning_time": {"mean": 0.13133039474487304, "std": 0.006732812687424657, "std_err": 0.0033664063437123283, "raw": [0.12763500213623047, 0.1447451114654541, 0.1285550594329834, 0.1270737648010254, 0.12864303588867188]}}, "noise_pct_98": {"structured_test_accuracy": {"mean": 0.3958041958041958, "std": 0.04496348017210275, "std_err": 0.022481740086051374, "raw": [0.3116883116883117, 0.4405594405594406, 0.3936063936063936, 0.4075924075924076, 0.4255744255744256]}, "unstructured_test_accuracy": {"mean": 0.4031968031968032, "std": 0.024959835540847568, "std_err": 0.012479917770423784, "raw": [0.4095904095904096, 0.3756243756243756, 0.3726273726273726, 0.4245754245754246, 0.43356643356643354]}, "unstructured_test_brier_score": {"mean": 0.7295978954428791, "std": 0.0194749788016059, "std_err": 0.009737489400802948, "raw": [0.7159144666693851, 0.7565417369297369, 0.7347178821178821, 0.7402575493395492, 0.7005578421578421]}, "interpretability": {"num_predicates": {"mean": 325.0, "std": 18.022208521710095, "std_err": 9.01110426085505, "raw": [348, 338, 330, 299, 310]}, "num_rules": {"mean": 47.0, "std": 2.1908902300206643, "std_err": 1.0954451150103321, "raw": [50, 48, 48, 44, 45]}}, "learning_time": {"mean": 0.132822847366333, "std": 0.005137477961032446, "std_err": 0.002568738980516223, "raw": [0.14144301414489746, 0.12894511222839355, 0.13153815269470215, 0.12691092491149902, 0.13527703285217285]}}, "noise_pct_99": {"structured_test_accuracy": {"mean": 0.38321678321678326, "std": 0.042433912446439, "std_err": 0.021216956223219497, "raw": [0.3046953046953047, 0.4195804195804196, 0.4025974025974026, 0.37362637362637363, 0.4155844155844156]}, "unstructured_test_accuracy": {"mean": 0.3968031968031968, "std": 0.01830544962405013, "std_err": 0.009152724812025064, "raw": [0.4015984015984016, 0.3906093906093906, 0.36563436563436563, 0.40559440559440557, 0.4205794205794206]}, "unstructured_test_brier_score": {"mean": 0.7318196214551889, "std": 0.01803736571624512, "std_err": 0.00901868285812256, "raw": [0.7183104227167391, 0.7513766990786991, 0.7354627249632454, 0.749351856920857, 0.7045964035964035]}, "interpretability": {"num_predicates": {"mean": 327.6, "std": 12.563439019631527, "std_err": 6.281719509815763, "raw": [343, 314, 326, 314, 341]}, "num_rules": {"mean": 47.6, "std": 2.0591260281974, "std_err": 1.0295630140987, "raw": [51, 45, 48, 46, 48]}}, "learning_time": {"mean": 0.1295301914215088, "std": 0.001958897433519697, "std_err": 0.0009794487167598483, "raw": [0.13294315338134766, 0.12761902809143066, 0.12845087051391602, 0.1281719207763672, 0.13046598434448242]}}, "noise_pct_100": {"structured_test_accuracy": {"mean": 0.3866133866133866, "std": 0.0369549360672324, "std_err": 0.018477468033616197, "raw": [0.3196803196803197, 0.4305694305694306, 0.3906093906093906, 0.3856143856143856, 0.4065934065934066]}, "unstructured_test_accuracy": {"mean": 0.3984015984015984, "std": 0.01752556424342728, "std_err": 0.008762782121713638, "raw": [0.4065934065934066, 0.37962037962037964, 0.3756243756243756, 0.41058941058941056, 0.4195804195804196]}, "unstructured_test_brier_score": {"mean": 0.732269122676643, "std": 0.018479972122391407, "std_err": 0.009239986061195702, "raw": [0.7137610060630979, 0.7601977455877456, 0.7334524216724319, 0.7432055689310688, 0.7107288711288711]}, "interpretability": {"num_predicates": {"mean": 320.8, "std": 14.824304368165137, "std_err": 7.412152184082568, "raw": [324, 331, 338, 295, 316]}, "num_rules": {"mean": 47.0, "std": 2.449489742783178, "std_err": 1.224744871391589, "raw": [50, 47, 49, 43, 46]}}, "learning_time": {"mean": 0.12955546379089355, "std": 0.0013656456709308584, "std_err": 0.0006828228354654292, "raw": [0.1288299560546875, 0.13087010383605957, 0.12805509567260742, 0.13149499893188477, 0.12852716445922852]}}}