{"noise_pct_0": {"structured_test_accuracy": {"mean": 0.6867132867132867, "std": 0.039707493665661266, "std_err": 0.019853746832830633, "raw": [0.6613386613386614, 0.6293706293706294, 0.7262737262737263, 0.6813186813186813, 0.7352647352647352]}, "unstructured_test_accuracy": {"mean": 0.6867132867132867, "std": 0.039707493665661266, "std_err": 0.019853746832830633, "raw": [0.6613386613386614, 0.6293706293706294, 0.7262737262737263, 0.6813186813186813, 0.7352647352647352]}, "unstructured_test_brier_score": {"mean": 0.47323300699300697, "std": 0.026073015166729593, "std_err": 0.013036507583364795, "raw": [0.4877020979020979, 0.5093334665334666, 0.45556323676323685, 0.4795096903096903, 0.43405654345654343]}, "interpretability": {"num_predicates": {"mean": 240.0, "std": 41.4680599980274, "std_err": 20.7340299990137, "raw": [290, 218, 225, 285, 182]}, "num_rules": {"mean": 36.6, "std": 4.923413450036469, "std_err": 2.461706725018234, "raw": [44, 35, 36, 39, 29]}}, "learning_time": {"mean": 0.12979793548583984, "std": 0.0019083967905136393, "std_err": 0.0009541983952568195, "raw": [0.13284683227539062, 0.12982511520385742, 0.130645751953125, 0.12833404541015625, 0.12733793258666992]}}}