{"noise_pct_95": 0.1915384615384615, "noise_pct_96": 0.1846153846153846, "noise_pct_97": 0.17999999999999997, "noise_pct_98": 0.1771153846153846, "noise_pct_99": 0.17403846153846153, "noise_pct_100": 0.17038461538461536}