{"noise_pct_95": 0.22634615384615384, "noise_pct_96": 0.21980769230769226, "noise_pct_97": 0.21365384615384617, "noise_pct_98": 0.2094230769230769, "noise_pct_99": 0.20576923076923076, "noise_pct_100": 0.2019230769230769}