{"noise_pct_95": 0.195, "noise_pct_96": 0.18846153846153846, "noise_pct_97": 0.1832692307692308, "noise_pct_98": 0.17826923076923076, "noise_pct_99": 0.17519230769230767, "noise_pct_100": 0.17153846153846156}