{"noise_pct_95": 0.3721153846153846, "noise_pct_96": 0.36769230769230765, "noise_pct_97": 0.36307692307692313, "noise_pct_98": 0.3603846153846154, "noise_pct_99": 0.35826923076923073, "noise_pct_100": 0.3548076923076923}