{"noise_pct_95": 0.3667307692307692, "noise_pct_96": 0.3596153846153846, "noise_pct_97": 0.35384615384615387, "noise_pct_98": 0.34980769230769226, "noise_pct_99": 0.34692307692307695, "noise_pct_100": 0.3440384615384616}