{"noise_pct_10": {"accuracy": {"mean": 1.0, "std": 0.0, "std_err": 0.0, "raw": [1.0, 1.0, 1.0, 1.0, 1.0]}, "interpretability": {"num_rules": {"mean": 4.2, "std": 0.39999999999999997, "std_err": 0.19999999999999998, "raw": [4, 4, 5, 4, 4]}, "num_predicates": {"mean": 4.2, "std": 0.39999999999999997, "std_err": 0.19999999999999998, "raw": [4, 4, 5, 4, 4]}}, "learning_time": {"mean": 110.57623734474183, "std": 6.109563210463167, "std_err": 3.0547816052315837, "raw": [98.51858496665955, 113.39513611793518, 112.89251852035522, 115.44729113578796, 112.62765598297119]}}, "noise_pct_20": {"accuracy": {"mean": 1.0, "std": 0.0, "std_err": 0.0, "raw": [1.0, 1.0, 1.0, 1.0, 1.0]}, "interpretability": {"num_rules": {"mean": 4.0, "std": 0.0, "std_err": 0.0, "raw": [4, 4, 4, 4, 4]}, "num_predicates": {"mean": 4.0, "std": 0.0, "std_err": 0.0, "raw": [4, 4, 4, 4, 4]}}, "learning_time": {"mean": 104.37811756134033, "std": 4.831321135690851, "std_err": 2.4156605678454257, "raw": [99.51973342895508, 113.48698353767395, 101.3154890537262, 103.62960648536682, 103.93877530097961]}}, "noise_pct_30": {"accuracy": {"mean": 1.0, "std": 0.0, "std_err": 0.0, "raw": [1.0, 1.0, 1.0, 1.0, 1.0]}, "interpretability": {"num_rules": {"mean": 4.0, "std": 0.0, "std_err": 0.0, "raw": [4, 4, 4, 4, 4]}, "num_predicates": {"mean": 4.0, "std": 0.0, "std_err": 0.0, "raw": [4, 4, 4, 4, 4]}}, "learning_time": {"mean": 107.81483263969422, "std": 4.147392885867009, "std_err": 2.0736964429335045, "raw": [106.83397674560547, 106.98603653907776, 109.7388699054718, 114.10771465301514, 101.4075653553009]}}, "noise_pct_40": {"accuracy": {"mean": 1.0, "std": 0.0, "std_err": 0.0, "raw": [1.0, 1.0, 1.0, 1.0, 1.0]}, "interpretability": {"num_rules": {"mean": 4.0, "std": 0.0, "std_err": 0.0, "raw": [4, 4, 4, 4, 4]}, "num_predicates": {"mean": 4.0, "std": 0.0, "std_err": 0.0, "raw": [4, 4, 4, 4, 4]}}, "learning_time": {"mean": 108.41588950157166, "std": 3.008305067979027, "std_err": 1.5041525339895134, "raw": [103.14374589920044, 108.17181730270386, 111.52424812316895, 111.1744315624237, 108.06520462036133]}}, "noise_pct_50": {"accuracy": {"mean": 1.0, "std": 0.0, "std_err": 0.0, "raw": [1.0, 1.0, 1.0, 1.0, 1.0]}, "interpretability": {"num_rules": {"mean": 4.0, "std": 0.0, "std_err": 0.0, "raw": [4, 4, 4, 4, 4]}, "num_predicates": {"mean": 4.0, "std": 0.0, "std_err": 0.0, "raw": [4, 4, 4, 4, 4]}}, "learning_time": {"mean": 111.30928544998169, "std": 3.945616001034453, "std_err": 1.9728080005172266, "raw": [112.81820368766785, 103.68985986709595, 112.48003673553467, 115.18196320533752, 112.37636375427246]}}, "noise_pct_60": {"accuracy": {"mean": 1.0, "std": 0.0, "std_err": 0.0, "raw": [1.0, 1.0, 1.0, 1.0, 1.0]}, "interpretability": {"num_rules": {"mean": 4.0, "std": 0.0, "std_err": 0.0, "raw": [4, 4, 4, 4, 4]}, "num_predicates": {"mean": 4.0, "std": 0.0, "std_err": 0.0, "raw": [4, 4, 4, 4, 4]}}, "learning_time": {"mean": 105.53481998443604, "std": 4.187427141331178, "std_err": 2.0937135706655887, "raw": [103.1523027420044, 100.38384938240051, 109.28269028663635, 103.28927993774414, 111.56597757339478]}}, "noise_pct_70": {"accuracy": {"mean": 1.0, "std": 0.0, "std_err": 0.0, "raw": [1.0, 1.0, 1.0, 1.0, 1.0]}, "interpretability": {"num_rules": {"mean": 4.0, "std": 0.0, "std_err": 0.0, "raw": [4, 4, 4, 4, 4]}, "num_predicates": {"mean": 4.0, "std": 0.0, "std_err": 0.0, "raw": [4, 4, 4, 4, 4]}}, "learning_time": {"mean": 109.16679773330688, "std": 5.668172928784969, "std_err": 2.834086464392484, "raw": [115.11485505104065, 102.78840136528015, 113.74422311782837, 112.33851957321167, 101.84798955917358]}}, "noise_pct_80": {"accuracy": {"mean": 1.0, "std": 0.0, "std_err": 0.0, "raw": [1.0, 1.0, 1.0, 1.0, 1.0]}, "interpretability": {"num_rules": {"mean": 4.0, "std": 0.0, "std_err": 0.0, "raw": [4, 4, 4, 4, 4]}, "num_predicates": {"mean": 4.0, "std": 0.0, "std_err": 0.0, "raw": [4, 4, 4, 4, 4]}}, "learning_time": {"mean": 107.92276544570923, "std": 4.381572285628271, "std_err": 2.190786142814135, "raw": [114.80377554893494, 110.97703957557678, 105.2203278541565, 106.0171582698822, 102.59552597999573]}}, "noise_pct_90": {"accuracy": {"mean": 0.7, "std": 0.2449489742783178, "std_err": 0.12247448713915889, "raw": [1.0, 0.5, 0.5, 0.5, 1.0]}, "interpretability": {"num_rules": {"mean": 3.6, "std": 0.4898979485566356, "std_err": 0.24494897427831777, "raw": [4, 4, 3, 3, 4]}, "num_predicates": {"mean": 3.6, "std": 0.4898979485566356, "std_err": 0.24494897427831777, "raw": [4, 4, 3, 3, 4]}}, "learning_time": {"mean": 110.02848396301269, "std": 5.373051374717344, "std_err": 2.6865256873586714, "raw": [116.14503502845764, 114.16818261146545, 108.94390034675598, 110.26774430274963, 100.61755752563477]}}, "noise_pct_100": {"accuracy": {"mean": 0.5, "std": 0.0, "std_err": 0.0, "raw": [0.5, 0.5, 0.5, 0.5, 0.5]}, "interpretability": {"num_rules": {"mean": 3.0, "std": 0.8944271909999159, "std_err": 0.4472135954999579, "raw": [4, 4, 3, 2, 2]}, "num_predicates": {"mean": 3.0, "std": 0.8944271909999159, "std_err": 0.4472135954999579, "raw": [4, 4, 3, 2, 2]}}, "learning_time": {"mean": 109.00377717018128, "std": 1.3028801033487265, "std_err": 0.6514400516743633, "raw": [109.86112236976624, 108.40957236289978, 108.5646698474884, 107.19557166099548, 110.98794960975647]}}}