{"noise_pct_80": {"accuracy": {"mean": 0.98, "std": 0.09797958971132714, "std_err": 0.013997084244475303, "raw": [1.0, 1.0, 1.0, 1.0, 1.0, 1.0, 1.0, 0.5, 1.0, 1.0, 1.0, 1.0, 1.0, 1.0, 1.0, 1.0, 1.0, 1.0, 1.0, 1.0, 1.0, 1.0, 1.0, 1.0, 1.0, 1.0, 1.0, 1.0, 1.0, 1.0, 1.0, 1.0, 1.0, 0.5, 1.0, 1.0, 1.0, 1.0, 1.0, 1.0, 1.0, 1.0, 1.0, 1.0, 1.0, 1.0, 1.0, 1.0, 1.0, 1.0]}, "interpretability": {"num_rules": {"mean": 3.96, "std": 0.44542114902640173, "std_err": 0.06363159271805739, "raw": [4, 4, 4, 4, 4, 4, 4, 5, 4, 4, 4, 4, 4, 4, 4, 4, 4, 4, 4, 4, 4, 4, 4, 4, 4, 4, 4, 4, 4, 4, 4, 4, 4, 1, 4, 4, 4, 4, 4, 4, 4, 4, 4, 4, 4, 4, 4, 4, 4, 4]}, "num_predicates": {"mean": 3.96, "std": 0.44542114902640173, "std_err": 0.06363159271805739, "raw": [4, 4, 4, 4, 4, 4, 4, 5, 4, 4, 4, 4, 4, 4, 4, 4, 4, 4, 4, 4, 4, 4, 4, 4, 4, 4, 4, 4, 4, 4, 4, 4, 4, 1, 4, 4, 4, 4, 4, 4, 4, 4, 4, 4, 4, 4, 4, 4, 4, 4]}}, "learning_time": {"mean": 98.14726912021636, "std": 15.183199691506944, "std_err": 2.169028527358135, "raw": [114.80377554893494, 110.97703957557678, 105.2203278541565, 106.0171582698822, 102.59552597999573, 96.5397355556488, 87.60051894187927, 101.53998184204102, 102.08915114402771, 89.8292772769928, 114.29324650764465, 94.51987910270691, 98.2722315788269, 105.03795409202576, 100.33467864990234, 107.84217929840088, 97.46261858940125, 94.79879760742188, 100.60171222686768, 103.70161390304565, 94.10049700737, 101.01045632362366, 100.85294795036316, 99.02560019493103, 98.4453284740448, 105.82957601547241, 100.31955862045288, 104.86243939399719, 97.23316192626953, 92.90908551216125, 103.7013726234436, 103.18387961387634, 104.10486030578613, 0.3242523670196533, 101.46866273880005, 103.90139651298523, 99.6205096244812, 97.11197781562805, 97.6451256275177, 92.91125583648682, 100.6952395439148, 95.42080736160278, 101.2960593700409, 94.89571857452393, 100.9382312297821, 99.08392524719238, 101.9165427684784, 81.88801956176758, 94.62024164199829, 103.969322681427]}}, "noise_pct_85": {"accuracy": {"mean": 0.98, "std": 0.09797958971132714, "std_err": 0.013997084244475306, "raw": [1.0, 1.0, 1.0, 1.0, 1.0, 1.0, 1.0, 0.5, 1.0, 1.0, 0.5, 1.0, 1.0, 1.0, 1.0, 1.0, 1.0, 1.0, 1.0, 1.0, 1.0, 1.0, 1.0, 1.0, 1.0, 1.0, 1.0, 1.0, 1.0, 1.0, 1.0, 1.0, 1.0, 1.0, 1.0, 1.0, 1.0, 1.0, 1.0, 1.0, 1.0, 1.0, 1.0, 1.0, 1.0, 1.0, 1.0, 1.0, 1.0, 1.0]}, "interpretability": {"num_rules": {"mean": 3.96, "std": 0.44542114902640173, "std_err": 0.06363159271805739, "raw": [4, 4, 4, 4, 4, 4, 4, 5, 4, 4, 1, 4, 4, 4, 4, 4, 4, 4, 4, 4, 4, 4, 4, 4, 4, 4, 4, 4, 4, 4, 4, 4, 4, 4, 4, 4, 4, 4, 4, 4, 4, 4, 4, 4, 4, 4, 4, 4, 4, 4]}, "num_predicates": {"mean": 3.96, "std": 0.44542114902640173, "std_err": 0.06363159271805739, "raw": [4, 4, 4, 4, 4, 4, 4, 5, 4, 4, 1, 4, 4, 4, 4, 4, 4, 4, 4, 4, 4, 4, 4, 4, 4, 4, 4, 4, 4, 4, 4, 4, 4, 4, 4, 4, 4, 4, 4, 4, 4, 4, 4, 4, 4, 4, 4, 4, 4, 4]}}, "learning_time": {"mean": 96.19468124389648, "std": 14.364554670991778, "std_err": 2.052079238713111, "raw": [100.74662852287292, 104.39486289024353, 103.1806526184082, 104.1355984210968, 104.81294250488281, 92.79318237304688, 98.30407905578613, 100.21291875839233, 100.78907608985901, 93.07996916770935, 0.37902259826660156, 100.53495740890503, 93.11685991287231, 99.00960278511047, 103.85637831687927, 89.93300414085388, 91.76697778701782, 90.60018754005432, 92.72036075592041, 104.50418019294739, 97.31909584999084, 95.41239333152771, 96.93177127838135, 94.17894172668457, 96.10851788520813, 103.44045233726501, 96.18560075759888, 101.07906246185303, 97.03909873962402, 101.94422912597656, 102.48513007164001, 104.22719216346741, 99.12135410308838, 101.17747950553894, 93.41104078292847, 96.20596361160278, 100.65115547180176, 101.26556491851807, 97.40138840675354, 97.01338219642639, 102.0408787727356, 90.02030444145203, 90.17713379859924, 97.52971386909485, 96.6048412322998, 98.22696733474731, 98.7975423336029, 100.06065821647644, 90.90852236747742, 103.89724326133728]}}, "noise_pct_90": {"accuracy": {"mean": 0.8233199999999999, "std": 0.23667551119623678, "std_err": 0.033810787313748106, "raw": [1.0, 0.5, 0.5, 0.5, 1.0, 0.5, 0.5, 0.5, 1.0, 1.0, 1.0, 1.0, 0.5, 1.0, 0.5, 0.5, 1.0, 1.0, 0.5, 1.0, 0.5, 1.0, 1.0, 1.0, 0.666, 1.0, 1.0, 1.0, 1.0, 1.0, 1.0, 1.0, 1.0, 1.0, 1.0, 1.0, 1.0, 0.5, 1.0, 1.0, 1.0, 0.5, 1.0, 1.0, 1.0, 1.0, 0.5, 0.5, 0.5, 0.5]}, "interpretability": {"num_rules": {"mean": 3.62, "std": 0.66, "std_err": 0.09428571428571428, "raw": [4, 4, 3, 3, 4, 3, 3, 4, 4, 4, 4, 4, 2, 4, 3, 3, 4, 4, 3, 4, 4, 4, 4, 4, 2, 4, 4, 4, 4, 4, 4, 4, 4, 4, 4, 4, 4, 4, 4, 4, 4, 3, 4, 4, 4, 4, 2, 2, 2, 3]}, "num_predicates": {"mean": 3.62, "std": 0.66, "std_err": 0.09428571428571428, "raw": [4, 4, 3, 3, 4, 3, 3, 4, 4, 4, 4, 4, 2, 4, 3, 3, 4, 4, 3, 4, 4, 4, 4, 4, 2, 4, 4, 4, 4, 4, 4, 4, 4, 4, 4, 4, 4, 4, 4, 4, 4, 3, 4, 4, 4, 4, 2, 2, 2, 3]}}, "learning_time": {"mean": 102.31957008361816, "std": 6.535473174858868, "std_err": 0.9336390249798383, "raw": [116.14503502845764, 114.16818261146545, 108.94390034675598, 110.26774430274963, 100.61755752563477, 104.49982714653015, 104.03827786445618, 102.96825623512268, 90.24657607078552, 100.13199758529663, 111.19772672653198, 100.18830370903015, 99.39454984664917, 102.52156114578247, 96.12182354927063, 104.5404851436615, 95.22158908843994, 105.8743417263031, 98.58242678642273, 105.10594940185547, 95.26710247993469, 98.8564338684082, 103.81916570663452, 95.68827819824219, 89.57608032226562, 100.10782194137573, 96.2556962966919, 98.73527145385742, 91.49021863937378, 91.37620115280151, 96.50225114822388, 100.30509352684021, 100.07910251617432, 97.55361247062683, 103.87623023986816, 103.34789395332336, 100.23627281188965, 104.11502838134766, 106.59159135818481, 102.76108956336975, 96.5681381225586, 107.31632280349731, 112.21189379692078, 107.96061420440674, 112.22917175292969, 108.70461750030518, 108.60583567619324, 91.60661506652832, 111.32410287857056, 112.13464450836182]}}, "noise_pct_95": {"accuracy": {"mean": 0.52, "std": 0.09797958971132713, "std_err": 0.013997084244475303, "raw": [0.5, 0.5, 0.5, 0.5, 0.5, 0.5, 0.5, 0.5, 0.5, 0.5, 0.5, 0.5, 0.5, 0.5, 0.5, 0.5, 0.5, 0.5, 0.5, 0.5, 0.5, 0.5, 0.5, 0.5, 0.5, 0.5, 1.0, 0.5, 0.5, 0.5, 0.5, 0.5, 1.0, 0.5, 0.5, 0.5, 0.5, 0.5, 0.5, 0.5, 0.5, 0.5, 0.5, 0.5, 0.5, 0.5, 0.5, 0.5, 0.5, 0.5]}, "interpretability": {"num_rules": {"mean": 3.4, "std": 0.6633249580710799, "std_err": 0.09476070829586855, "raw": [4, 4, 3, 2, 2, 3, 3, 4, 4, 4, 3, 3, 3, 4, 3, 3, 3, 2, 3, 3, 4, 4, 4, 4, 3, 4, 4, 3, 4, 3, 4, 4, 4, 4, 4, 3, 4, 4, 4, 4, 4, 3, 4, 4, 3, 2, 2, 3, 3, 3]}, "num_predicates": {"mean": 3.4, "std": 0.6633249580710799, "std_err": 0.09476070829586855, "raw": [4, 4, 3, 2, 2, 3, 3, 4, 4, 4, 3, 3, 3, 4, 3, 3, 3, 2, 3, 3, 4, 4, 4, 4, 3, 4, 4, 3, 4, 3, 4, 4, 4, 4, 4, 3, 4, 4, 4, 4, 4, 3, 4, 4, 3, 2, 2, 3, 3, 3]}}, "learning_time": {"mean": 102.25726896762848, "std": 7.754638746144533, "std_err": 1.1078055351635046, "raw": [115.45141696929932, 99.02493071556091, 110.89833760261536, 109.54354429244995, 110.7978904247284, 110.8501980304718, 109.60680365562439, 113.60180735588074, 101.74245381355286, 108.79080557823181, 121.93888711929321, 107.06695413589478, 103.28112149238586, 109.95101952552795, 108.43137240409851, 112.6303219795227, 102.37669610977173, 101.7022750377655, 102.76663017272949, 101.83640193939209, 102.57494330406189, 107.42046403884888, 107.91306805610657, 104.73705816268921, 110.02693104743958, 107.66861701011658, 98.87990951538086, 102.87123394012451, 91.44523096084595, 90.99233841896057, 98.3841495513916, 96.87067532539368, 100.31824016571045, 97.89736294746399, 93.79379320144653, 94.58666610717773, 107.28355813026428, 93.92147397994995, 96.63852167129517, 92.21422076225281, 101.93275213241577, 89.02312088012695, 102.72271037101746, 91.21397995948792, 97.69412207603455, 101.59654593467712, 97.46909856796265, 81.31616234779358, 94.88337111473083, 96.28326034545898]}}, "noise_pct_96": {"accuracy": {"mean": 0.52, "std": 0.09797958971132713, "std_err": 0.013997084244475303,