{"noise_pct_0": {"accuracy": {"mean": 1.0, "std": 0.0, "std_err": 0.0, "raw": [1.0, 1.0, 1.0, 1.0, 1.0]}, "interpretability": {"num_rules": {"mean": 4.2, "std": 0.39999999999999997, "std_err": 0.19999999999999998, "raw": [4, 4, 5, 4, 4]}, "num_predicates": {"mean": 4.2, "std": 0.39999999999999997, "std_err": 0.19999999999999998, "raw": [4, 4, 5, 4, 4]}}, "learning_time": {"mean": 110.15572233200074, "std": 2.6524205023136815, "std_err": 1.3262102511568408, "raw": [106.92741847038269, 110.41319298744202, 112.90759348869324, 113.18852925300598, 107.34187746047974]}}}