{"noise_pct_95": {"accuracy": {"mean": 0.9129199999999998, "std": 0.12169089366094736, "std_err": 0.017384413380135338, "raw": [1.0, 1.0, 1.0, 1.0, 1.0, 1.0, 1.0, 0.666, 0.666, 0.666, 1.0, 0.666, 0.832, 0.832, 1.0, 1.0, 0.832, 0.832, 1.0, 1.0, 1.0, 1.0, 0.832, 1.0, 1.0, 1.0, 1.0, 0.832, 1.0, 1.0, 0.832, 1.0, 0.666, 1.0, 1.0, 1.0, 0.832, 1.0, 1.0, 0.832, 1.0, 0.832, 1.0, 1.0, 0.832, 0.832, 0.666, 1.0, 0.666, 1.0]}, "interpretability": {"num_rules": {"mean": 3.48, "std": 0.72773621594641, "std_err": 0.10396231656377286, "raw": [4, 4, 4, 4, 4, 4, 4, 2, 2, 2, 4, 2, 3, 3, 4, 4, 3, 3, 4, 4, 4, 4, 3, 4, 4, 4, 4, 3, 4, 4, 3, 4, 2, 4, 4, 4, 3, 4, 4, 3, 4, 3, 4, 4, 3, 3, 2, 4, 2, 4]}, "num_predicates": {"mean": 3.48, "std": 0.72773621594641, "std_err": 0.10396231656377286, "raw": [4, 4, 4, 4, 4, 4, 4, 2, 2, 2, 4, 2, 3, 3, 4, 4, 3, 3, 4, 4, 4, 4, 3, 4, 4, 4, 4, 3, 4, 4, 3, 4, 2, 4, 4, 4, 3, 4, 4, 3, 4, 3, 4, 4, 3, 3, 2, 4, 2, 4]}}, "learning_time": {"mean": 109.37280360221862, "std": 1.6053828362503448, "std_err": 0.22934040517862067, "raw": [107.0935070514679, 109.95560431480408, 110.86393666267395, 112.17075157165527, 109.84611105918884, 107.2614951133728, 109.17525172233582, 109.74066495895386, 109.48961997032166, 112.9696638584137, 109.70155310630798, 107.59850716590881, 110.82409262657166, 108.73085451126099, 108.18531489372253, 109.28186178207397, 108.74380469322205, 110.33423089981079, 108.05756258964539, 105.2253839969635, 109.8992280960083, 108.31033134460449, 110.86474561691284, 106.71364521980286, 108.18239259719849, 108.87478303909302, 108.69462704658508, 108.57863092422485, 112.36387658119202, 110.90307879447937, 107.63837003707886, 111.94593620300293, 109.67787981033325, 108.34449291229248, 108.38754177093506, 110.37874674797058, 111.91806316375732, 108.69880247116089, 108.33868193626404, 111.51300263404846, 111.73668551445007, 108.21883654594421, 108.95784878730774, 108.75109124183655, 108.52580404281616, 106.79395699501038, 109.35109543800354, 110.60708594322205, 110.59759187698364, 109.62355422973633]}}, "noise_pct_96": {"accuracy": {"mean": 0.85976, "std": 0.14301476287432707, "std_err": 0.02043068041061815, "raw": [1.0, 0.834, 1.0, 1.0, 0.834, 1.0, 0.666, 0.666, 0.666, 0.666, 1.0, 0.666, 0.832, 0.666, 0.668, 1.0, 0.832, 0.666, 0.666, 1.0, 1.0, 1.0, 0.832, 1.0, 1.0, 1.0, 1.0, 0.834, 1.0, 1.0, 0.832, 0.668, 0.666, 1.0, 1.0, 0.666, 0.832, 1.0, 0.834, 0.832, 1.0, 0.834, 1.0, 1.0, 0.832, 0.666, 0.666, 1.0, 0.666, 1.0]}, "interpretability": {"num_rules": {"mean": 3.16, "std": 0.8569714114251419, "std_err": 0.12242448734644884, "raw": [4, 3, 4, 4, 3, 4, 2, 2, 2, 2, 4, 2, 3, 2, 2, 4, 3, 2, 2, 4, 4, 4, 3, 4, 4, 4, 4, 3, 4, 4, 3, 2, 2, 4, 4, 2, 3, 4, 3, 3, 4, 3, 4, 4, 3, 2, 2, 4, 2, 4]}, "num_predicates": {"mean": 3.16, "std": 0.8569714114251419, "std_err": 0.12242448734644884, "raw": [4, 3, 4, 4, 3, 4, 2, 2, 2, 2, 4, 2, 3, 2, 2, 4, 3, 2, 2, 4, 4, 4, 3, 4, 4, 4, 4, 3, 4, 4, 3, 2, 2, 4, 4, 2, 3, 4, 3, 3, 4, 3, 4, 4, 3, 2, 2, 4, 2, 4]}}, "learning_time": {"mean": 109.21938623905181, "std": 1.7911671349798046, "std_err": 0.25588101928282925, "raw": [108.67631649971008, 110.751948595047, 110.50416421890259, 111.32273268699646, 110.50811553001404, 109.19235587120056, 109.77067613601685, 110.49156999588013, 108.82399582862854, 108.95798826217651, 108.52548241615295, 109.45893383026123, 109.10617589950562, 109.38738965988159, 110.1355550289154, 109.19076943397522, 110.19982504844666, 111.23087501525879, 113.40121531486511, 113.93482279777527, 111.87346529960632, 112.27029156684875, 109.13446187973022, 106.64387392997742, 107.30853772163391, 107.90297341346741, 106.69896960258484, 111.43864560127258, 107.81715440750122, 107.07149171829224, 107.78881287574768, 109.65737295150757, 107.83158898353577, 107.63440442085266, 108.59682774543762, 110.84379434585571, 111.02336883544922, 111.51802086830139, 106.4339668750763, 108.03023624420166, 106.37656927108765, 108.86291027069092, 108.85609173774719, 107.40816187858582, 109.04372525215149, 108.71440839767456, 108.13447308540344, 107.56342577934265, 109.20273208618164, 105.7176468372345]}}, "noise_pct_97": {"accuracy": {"mean": 0.75348, "std": 0.09592648018143891, "std_err": 0.013703782883062702, "raw": [0.834, 0.668, 0.668, 0.668, 0.666, 1.0, 0.666, 0.666, 0.666, 0.666, 0.834, 0.666, 0.832, 0.666, 0.668, 0.666, 0.666, 0.666, 0.666, 0.834, 1.0, 0.834, 0.666, 0.834, 0.834, 0.834, 0.668, 0.834, 0.834, 0.834, 0.666, 0.668, 0.666, 0.834, 0.834, 0.834, 0.834, 0.666, 0.668, 0.834, 0.834, 0.834, 0.666, 0.834, 0.832, 0.666, 0.666, 0.834, 0.666, 0.834]}, "interpretability": {"num_rules": {"mean": 2.52, "std": 0.5741080037762929, "std_err": 0.08201542911089899, "raw": [3, 2, 2, 2, 2, 4, 2, 2, 2, 2, 3, 2, 3, 2, 2, 2, 2, 2, 2, 3, 4, 3, 2, 3, 3, 3, 2, 3, 3, 3, 2, 2, 2, 3, 3, 3, 3, 2, 2, 3, 3, 3, 2, 3, 3, 2, 2, 3, 2, 3]}, "num_predicates": {"mean": 2.52, "std": 0.5741080037762929, "std_err": 0.08201542911089899, "raw": [3, 2, 2, 2, 2, 4, 2, 2, 2, 2, 3, 2, 3, 2, 2, 2, 2, 2, 2, 3, 4, 3, 2, 3, 3, 3, 2, 3, 3, 3, 2, 2, 2, 3, 3, 3, 3, 2, 2, 3, 3, 3, 2, 3, 3, 2, 2, 3, 2, 3]}}, "learning_time": {"mean": 108.68680953025817, "std": 1.5912287307254878, "std_err": 0.22731839010364113, "raw": [108.38750886917114, 108.93533420562744, 108.59703421592712, 109.33898448944092, 109.47435092926025, 110.44801139831543, 107.60020709037781, 108.72281074523926, 109.07726287841797, 108.8061876296997, 109.49576091766357, 108.45628023147583, 105.46492671966553, 110.63136959075928, 107.64787912368774, 107.04616165161133, 106.75560975074768, 109.73262429237366, 107.04014921188354, 108.14749550819397, 107.84763789176941, 108.49427580833435, 106.14193797111511, 107.13822364807129, 109.66863322257996, 107.0790421962738, 106.03982734680176, 107.73454928398132, 109.15036368370056, 109.16247963905334, 106.71447682380676, 107.18491077423096, 109.88668608665466, 106.89321851730347, 106.43781757354736, 108.56824707984924, 109.07656931877136, 108.95295143127441, 110.37872076034546, 108.95935797691345, 108.81538605690002, 107.1224193572998, 110.69291472434998, 111.99393439292908, 112.76852583885193, 109.14199304580688, 110.69716453552246, 111.16716694831848, 111.75353932380676, 108.8715558052063]}}, "noise_pct_98": {"accuracy": {"mean": 0.77024, "std": 0.09386683333318534, "std_err": 0.013409547619026478, "raw": [0.834, 0.834, 0.668, 0.668, 0.666, 1.0, 0.834, 0.666, 0.666, 0.668, 0.834, 0.666, 0.832, 0.666, 0.668, 0.666, 0.666, 0.666, 0.666, 0.834, 1.0, 0.834, 0.666, 0.834, 0.834, 0.834, 0.668, 0.834, 0.834, 0.834, 0.666, 0.668, 0.666, 0.834, 0.834, 0.834, 0.834, 0.666, 0.834, 0.834, 0.834, 0.832, 0.834, 0.834, 0.834, 0.834, 0.666, 0.834, 0.666, 0.834]}, "interpretability": {"num_rules": {"mean": 2.62, "std": 0.5617828762075255, "std_err": 0.08025469660107508, "raw": [3, 3, 2, 2, 2, 4, 3, 2, 2, 2, 3, 2, 3, 2, 2, 2, 2, 2, 2, 3, 4, 3, 2, 3, 3, 3, 2, 3, 3, 3, 2, 2, 2, 3, 3, 3, 3, 2, 3, 3, 3, 3, 3, 3, 3, 3, 2, 3, 2, 3]}, "num_predicates": {"mean": 2.62, "std": 0.5617828762075255, "std_err": 0.08025469660107508, "raw": [3, 3, 2, 2, 2, 4, 3, 2, 2, 2, 3, 2, 3, 2, 2, 2, 2, 2, 2, 3, 4, 3, 2, 3, 3, 3, 2, 3, 3, 3, 2, 2, 2, 3, 3, 3, 3, 2, 3, 3, 3, 3, 3, 3, 3, 3, 2, 3, 2, 3]}}, "learning_time": {"mean": 111.22756290435791, "std": 1.3514359380982381, "std_err": 0.19306227687117686,