{"noise_pct_10": {"accuracy": {"mean": 1.0, "std": 0.0, "std_err": 0.0, "raw": [1.0, 1.0, 1.0, 1.0, 1.0]}, "interpretability": {"num_rules": {"mean": 4.0, "std": 0.0, "std_err": 0.0, "raw": [4, 4, 4, 4, 4]}, "num_predicates": {"mean": 4.0, "std": 0.0, "std_err": 0.0, "raw": [4, 4, 4, 4, 4]}}, "learning_time": {"mean": 175.1190273284912, "std": 2.487692991014083, "std_err": 1.2438464955070412, "raw": [179.6995725631714, 175.41561794281006, 174.45987057685852, 172.4887125492096, 173.5313630104065]}}, "noise_pct_20": {"accuracy": {"mean": 1.0, "std": 0.0, "std_err": 0.0, "raw": [1.0, 1.0, 1.0, 1.0, 1.0]}, "interpretability": {"num_rules": {"mean": 4.0, "std": 0.0, "std_err": 0.0, "raw": [4, 4, 4, 4, 4]}, "num_predicates": {"mean": 4.0, "std": 0.0, "std_err": 0.0, "raw": [4, 4, 4, 4, 4]}}, "learning_time": {"mean": 172.23968448638917, "std": 3.054730570348074, "std_err": 1.527365285174037, "raw": [170.52378010749817, 177.28367233276367, 172.81658291816711, 172.55804133415222, 168.01634573936462]}}, "noise_pct_30": {"accuracy": {"mean": 1.0, "std": 0.0, "std_err": 0.0, "raw": [1.0, 1.0, 1.0, 1.0, 1.0]}, "interpretability": {"num_rules": {"mean": 4.0, "std": 0.0, "std_err": 0.0, "raw": [4, 4, 4, 4, 4]}, "num_predicates": {"mean": 4.0, "std": 0.0, "std_err": 0.0, "raw": [4, 4, 4, 4, 4]}}, "learning_time": {"mean": 174.35232095718385, "std": 5.867398291390024, "std_err": 2.9336991456950114, "raw": [166.50497174263, 168.41356921195984, 177.26519441604614, 177.82886052131653, 181.74900889396667]}}, "noise_pct_40": {"accuracy": {"mean": 1.0, "std": 0.0, "std_err": 0.0, "raw": [1.0, 1.0, 1.0, 1.0, 1.0]}, "interpretability": {"num_rules": {"mean": 4.0, "std": 0.0, "std_err": 0.0, "raw": [4, 4, 4, 4, 4]}, "num_predicates": {"mean": 4.0, "std": 0.0, "std_err": 0.0, "raw": [4, 4, 4, 4, 4]}}, "learning_time": {"mean": 167.28458380699158, "std": 3.7203078651250965, "std_err": 1.860153932562548, "raw": [161.48074173927307, 166.28084063529968, 167.93572807312012, 167.61175918579102, 173.113849401474]}}, "noise_pct_50": {"accuracy": {"mean": 1.0, "std": 0.0, "std_err": 0.0, "raw": [1.0, 1.0, 1.0, 1.0, 1.0]}, "interpretability": {"num_rules": {"mean": 4.0, "std": 0.0, "std_err": 0.0, "raw": [4, 4, 4, 4, 4]}, "num_predicates": {"mean": 4.0, "std": 0.0, "std_err": 0.0, "raw": [4, 4, 4, 4, 4]}}, "learning_time": {"mean": 166.51620178222657, "std": 3.9419480023660265, "std_err": 1.970974001183013, "raw": [169.78123140335083, 167.6103436946869, 169.74259495735168, 166.37425470352173, 159.07258415222168]}}, "noise_pct_60": {"accuracy": {"mean": 1.0, "std": 0.0, "std_err": 0.0, "raw": [1.0, 1.0, 1.0, 1.0, 1.0]}, "interpretability": {"num_rules": {"mean": 4.0, "std": 0.0, "std_err": 0.0, "raw": [4, 4, 4, 4, 4]}, "num_predicates": {"mean": 4.0, "std": 0.0, "std_err": 0.0, "raw": [4, 4, 4, 4, 4]}}, "learning_time": {"mean": 166.17461380958557, "std": 6.242354860625439, "std_err": 3.1211774303127195, "raw": [162.56385612487793, 158.81079244613647, 165.86065888404846, 166.17275524139404, 177.46500635147095]}}, "noise_pct_70": {"accuracy": {"mean": 1.0, "std": 0.0, "std_err": 0.0, "raw": [1.0, 1.0, 1.0, 1.0, 1.0]}, "interpretability": {"num_rules": {"mean": 4.0, "std": 0.0, "std_err": 0.0, "raw": [4, 4, 4, 4, 4]}, "num_predicates": {"mean": 4.0, "std": 0.0, "std_err": 0.0, "raw": [4, 4, 4, 4, 4]}}, "learning_time": {"mean": 167.37204489707946, "std": 2.893568261462196, "std_err": 1.446784130731098, "raw": [172.17572331428528, 163.91092705726624, 168.0048224925995, 167.87729835510254, 164.8914532661438]}}, "noise_pct_80": {"accuracy": {"mean": 1.0, "std": 0.0, "std_err": 0.0, "raw": [1.0, 1.0, 1.0, 1.0, 1.0]}, "interpretability": {"num_rules": {"mean": 4.0, "std": 0.0, "std_err": 0.0, "raw": [4, 4, 4, 4, 4]}, "num_predicates": {"mean": 4.0, "std": 0.0, "std_err": 0.0, "raw": [4, 4, 4, 4, 4]}}, "learning_time": {"mean": 170.28894782066345, "std": 2.892111512919791, "std_err": 1.4460557564598955, "raw": [167.1934072971344, 173.84048867225647, 172.0845742225647, 171.7962453365326, 166.5300235748291]}}, "noise_pct_90": {"accuracy": {"mean": 1.0, "std": 0.0, "std_err": 0.0, "raw": [1.0, 1.0, 1.0, 1.0, 1.0]}, "interpretability": {"num_rules": {"mean": 4.0, "std": 0.0, "std_err": 0.0, "raw": [4, 4, 4, 4, 4]}, "num_predicates": {"mean": 4.0, "std": 0.0, "std_err": 0.0, "raw": [4, 4, 4, 4, 4]}}, "learning_time": {"mean": 162.83502807617188, "std": 3.0433377288740338, "std_err": 1.5216688644370167, "raw": [157.36705446243286, 163.42534112930298, 162.79053139686584, 163.89137864112854, 166.70083475112915]}}, "noise_pct_95": {"accuracy": {"mean": 1.0, "std": 0.0, "std_err": 0.0, "raw": [1.0, 1.0, 1.0, 1.0, 1.0]}, "interpretability": {"num_rules": {"mean": 4.0, "std": 0.0, "std_err": 0.0, "raw": [4, 4, 4, 4, 4]}, "num_predicates": {"mean": 4.0, "std": 0.0, "std_err": 0.0, "raw": [4, 4, 4, 4, 4]}}, "learning_time": {"mean": 158.1522753238678, "std": 2.65577682895341, "std_err": 1.3278884144767047, "raw": [161.09565329551697, 159.8785421848297, 153.30109167099, 158.43254494667053, 158.0535445213318]}}, "noise_pct_96": {"accuracy": {"mean": 0.9336, "std": 0.08132305946040153, "std_err": 0.04066152973020076, "raw": [1.0, 0.834, 1.0, 1.0, 0.834]}, "interpretability": {"num_rules": {"mean": 3.6, "std": 0.4898979485566356, "std_err": 0.24494897427831777, "raw": [4, 3, 4, 4, 3]}, "num_predicates": {"mean": 3.6, "std": 0.4898979485566356, "std_err": 0.24494897427831777, "raw": [4, 3, 4, 4, 3]}}, "learning_time": {"mean": 161.80226821899413, "std": 4.386289708548101, "std_err": 2.1931448542740504, "raw": [160.2805676460266, 163.26800513267517, 165.1217896938324, 166.3100781440735, 154.03090047836304]}}, "noise_pct_97": {"accuracy": {"mean": 0.7008, "std": 0.06660450435218324, "std_err": 0.03330225217609161, "raw": [0.834, 0.668, 0.668, 0.668, 0.666]}, "interpretability": {"num_rules": {"mean": 2.2, "std": 0.39999999999999997, "std_err": 0.19999999999999996, "raw": [3, 2, 2, 2, 2]}, "num_predicates": {"mean": 2.2, "std": 0.39999999999999997, "std_err": 0.19999999999999996, "raw": [3, 2, 2, 2, 2]}}, "learning_time": {"mean": 156.53793501853943, "std": 3.073727869890812, "std_err": 1.5368639349454059, "raw": [152.50455403327942, 157.25555181503296, 153.6159737110138, 160.76662015914917, 158.5469753742218]}}, "noise_pct_98": {"accuracy": {"mean": 0.734, "std": 0.08165292401377916, "std_err": 0.04082646200688958, "raw": [0.834, 0.834, 0.668, 0.668, 0.666]}, "interpretability": {"num_rules": {"mean": 2.4, "std": 0.4898979485566356, "std_err": 0.24494897427831777, "raw": [3, 3, 2, 2, 2]}, "num_predicates": {"mean": 2.4, "std": 0.4898979485566356, "std_err": 0.24494897427831777, "raw": [3, 3, 2, 2, 2]}}, "learning_time": {"mean": 159.5783438205719, "std": 2.9302559920658733, "std_err": 1.4651279960329366, "raw": [160.91017055511475, 159.00499892234802, 159.72119903564453, 163.62227773666382, 154.63307285308838]}}, "noise_pct_99": {"accuracy": {"mean": 0.7008, "std": 0.06660450435218324, "std_err": 0.03330225217609161, "raw": [0.834, 0.668, 0.668, 0.668, 0.666]}, "interpretability": {"num_rules": {"mean": 2.2, "std": 0.39999999999999997, "std_err": 0.19999999999999996, "raw": [3, 2, 2, 2, 2]}, "num_predicates": {"mean": 2.2, "std": 0.39999999999999997, "std_err": 0.19999999999999996, "raw": [3, 2, 2, 2, 2]}}, "learning_time": {"mean": 154.58419094085693, "std": 2.7424044515913577, "std_err": 1.3712022257956786, "raw": [150.48214292526245, 156.94653844833374, 153.45958042144775, 153.79941844940186, 158.23327445983887]}}, "noise_pct_100": {"accuracy": {"mean": 0.6004, "std": 0.08197950963503016, "std_err": 0.04098975481751508, "raw": [0.5, 0.5, 0.668, 0.668, 0.666]}, "interpretability": {"num_rules": {"mean": 1.6, "std": 0.4898979485566356, "std_err": 0.24494897427831777, "raw": [1, 1, 2, 2, 2]}, "num_predicates": {"mean": 1.6, "std": 0.4898979485566356, "std_err": 0.24494897427831777, "raw": [1, 1, 2, 2, 2]}}, "learning_time": {"mean": 158.8426330089569, "std": 2.8022980664558976, "std_err": 1.4011490332279486,