{"noise_pct_10": {"interpretability": {"num_rules": {"mean": 4.8, "std": 0.39999999999999997, "std_err": 0.19999999999999998, "raw": [5, 5, 5, 4, 5]}, "num_predicates": {"mean": 44.8, "std": 3.4871191548325386, "std_err": 1.7435595774162693, "raw": [47, 45, 47, 38, 47]}}}, "noise_pct_20": {"interpretability": {"num_rules": {"mean": 5.2, "std": 0.7483314773547882, "std_err": 0.3741657386773941, "raw": [6, 5, 6, 4, 5]}, "num_predicates": {"mean": 49.0, "std": 6.957010852370434, "std_err": 3.478505426185217, "raw": [57, 47, 56, 38, 47]}}}, "noise_pct_30": {"interpretability": {"num_rules": {"mean": 5.4, "std": 0.48989794855663565, "std_err": 0.24494897427831783, "raw": [5, 6, 6, 5, 5]}, "num_predicates": {"mean": 50.6, "std": 4.409081537009721, "std_err": 2.2045407685048604, "raw": [47, 56, 56, 47, 47]}}}, "noise_pct_40": {"interpretability": {"num_rules": {"mean": 6.4, "std": 1.0198039027185568, "std_err": 0.5099019513592784, "raw": [5, 6, 7, 6, 8]}, "num_predicates": {"mean": 59.8, "std": 9.303762679690404, "std_err": 4.651881339845202, "raw": [47, 56, 66, 56, 74]}}}, "noise_pct_50": {"interpretability": {"num_rules": {"mean": 7.0, "std": 1.0954451150103321, "std_err": 0.5477225575051661, "raw": [6, 6, 7, 7, 9]}, "num_predicates": {"mean": 66.8, "std": 10.833282051160673, "std_err": 5.416641025580336, "raw": [59, 56, 66, 66, 87]}}}, "noise_pct_60": {"interpretability": {"num_rules": {"mean": 7.0, "std": 1.0954451150103321, "std_err": 0.5477225575051661, "raw": [7, 6, 7, 6, 9]}, "num_predicates": {"mean": 67.0, "std": 10.807404868885037, "std_err": 5.403702434442518, "raw": [68, 56, 68, 57, 86]}}}, "noise_pct_70": {"interpretability": {"num_rules": {"mean": 6.4, "std": 0.48989794855663565, "std_err": 0.24494897427831783, "raw": [7, 6, 7, 6, 6]}, "num_predicates": {"mean": 61.2, "std": 5.564171097297422, "std_err": 2.782085548648711, "raw": [68, 56, 68, 57, 57]}}}, "noise_pct_80": {"interpretability": {"num_rules": {"mean": 6.2, "std": 0.7483314773547882, "std_err": 0.3741657386773941, "raw": [7, 7, 6, 5, 6]}, "num_predicates": {"mean": 60.2, "std": 7.704544113703289, "std_err": 3.852272056851645, "raw": [69, 68, 58, 48, 58]}}}, "noise_pct_90": {"interpretability": {"num_rules": {"mean": 7.0, "std": 0.8944271909999159, "std_err": 0.4472135954999579, "raw": [8, 8, 6, 7, 6]}, "num_predicates": {"mean": 70.8, "std": 11.889491158161478, "std_err": 5.944745579080739, "raw": [84, 84, 59, 71, 56]}}}, "noise_pct_100": {"interpretability": {"num_rules": {"mean": 6.6, "std": 1.3564659966250536, "std_err": 0.6782329983125267, "raw": [6, 7, 9, 6, 5]}, "num_predicates": {"mean": 71.0, "std": 17.204650534085253, "std_err": 8.602325267042625, "raw": [63, 73, 103, 63, 53]}}}}