{"noise_pct_10": {"accuracy": {"mean": 1.0, "std": 0.0, "std_err": 0.0, "raw": [1.0, 1.0, 1.0, 1.0, 1.0]}, "interpretability": {"num_rules": {"mean": 5.8, "std": 0.39999999999999997, "std_err": 0.19999999999999998, "raw": [6, 6, 6, 5, 6]}, "num_predicates": {"mean": 5.8, "std": 0.39999999999999997, "std_err": 0.19999999999999998, "raw": [6, 6, 6, 5, 6]}}, "learning_time": {"mean": 355.0170882225037, "std": 89.11369173095012, "std_err": 44.55684586547506, "raw": [337.5049569606781, 511.1820170879364, 384.51781010627747, 269.5270218849182, 272.35363507270813]}}, "noise_pct_20": {"accuracy": {"mean": 1.0, "std": 0.0, "std_err": 0.0, "raw": [1.0, 1.0, 1.0, 1.0, 1.0]}, "interpretability": {"num_rules": {"mean": 6.2, "std": 0.7483314773547882, "std_err": 0.3741657386773941, "raw": [7, 6, 7, 5, 6]}, "num_predicates": {"mean": 6.2, "std": 0.7483314773547882, "std_err": 0.3741657386773941, "raw": [7, 6, 7, 5, 6]}}, "learning_time": {"mean": 312.5685447692871, "std": 27.504507516050104, "std_err": 13.752253758025052, "raw": [297.57356786727905, 309.4793040752411, 289.3307499885559, 300.40922594070435, 366.04987597465515]}}, "noise_pct_30": {"accuracy": {"mean": 1.0, "std": 0.0, "std_err": 0.0, "raw": [1.0, 1.0, 1.0, 1.0, 1.0]}, "interpretability": {"num_rules": {"mean": 6.6, "std": 0.48989794855663565, "std_err": 0.24494897427831783, "raw": [7, 7, 7, 6, 6]}, "num_predicates": {"mean": 6.6, "std": 0.48989794855663565, "std_err": 0.24494897427831783, "raw": [7, 7, 7, 6, 6]}}, "learning_time": {"mean": 533.1692175865173, "std": 36.93793368374153, "std_err": 18.46896684187076, "raw": [468.64415407180786, 570.0557169914246, 568.7151370048523, 530.4767978191376, 527.9542820453644]}}, "noise_pct_40": {"accuracy": {"mean": 1.0, "std": 0.0, "std_err": 0.0, "raw": [1.0, 1.0, 1.0, 1.0, 1.0]}, "interpretability": {"num_rules": {"mean": 7.4, "std": 1.0198039027185568, "std_err": 0.5099019513592784, "raw": [6, 7, 8, 7, 9]}, "num_predicates": {"mean": 7.4, "std": 1.0198039027185568, "std_err": 0.5099019513592784, "raw": [6, 7, 8, 7, 9]}}, "learning_time": {"mean": 644.0249205589295, "std": 69.21604209389426, "std_err": 34.60802104694713, "raw": [588.6633150577545, 564.5270500183105, 761.3043930530548, 670.9874386787415, 634.6424059867859]}}, "noise_pct_50": {"accuracy": {"mean": 0.9912000000000001, "std": 0.011070682002478448, "std_err": 0.005535341001239224, "raw": [0.982, 1.0, 1.0, 1.0, 0.974]}, "interpretability": {"num_rules": {"mean": 8.0, "std": 1.0954451150103321, "std_err": 0.5477225575051661, "raw": [7, 7, 8, 8, 10]}, "num_predicates": {"mean": 8.0, "std": 1.0954451150103321, "std_err": 0.5477225575051661, "raw": [7, 7, 8, 8, 10]}}, "learning_time": {"mean": 626.4981802463532, "std": 16.283866904882913, "std_err": 8.141933452441458, "raw": [617.2202060222626, 655.036728143692, 610.6520719528198, 633.9660129547119, 615.6158821582794]}}, "noise_pct_60": {"accuracy": {"mean": 0.9875999999999999, "std": 0.010537551897855603, "std_err": 0.005268775948927801, "raw": [0.982, 1.0, 0.982, 1.0, 0.974]}, "interpretability": {"num_rules": {"mean": 8.0, "std": 1.0954451150103321, "std_err": 0.5477225575051661, "raw": [8, 7, 8, 7, 10]}, "num_predicates": {"mean": 8.0, "std": 1.0954451150103321, "std_err": 0.5477225575051661, "raw": [8, 7, 8, 7, 10]}}, "learning_time": {"mean": 634.9632878303528, "std": 42.46344728508701, "std_err": 21.231723642543503, "raw": [675.3000979423523, 665.6717028617859, 635.1237921714783, 643.5786492824554, 555.142196893692]}}, "noise_pct_70": {"accuracy": {"mean": 0.983, "std": 0.017910890541790507, "std_err": 0.008955445270895252, "raw": [0.982, 1.0, 0.982, 1.0, 0.951]}, "interpretability": {"num_rules": {"mean": 7.4, "std": 0.48989794855663565, "std_err": 0.24494897427831783, "raw": [8, 7, 8, 7, 7]}, "num_predicates": {"mean": 7.4, "std": 0.48989794855663565, "std_err": 0.24494897427831783, "raw": [8, 7, 8, 7, 7]}}, "learning_time": {"mean": 650.8926120281219, "std": 8.828001714514937, "std_err": 4.414000857257468, "raw": [637.6842060089111, 646.3128349781036, 664.4932491779327, 652.4931190013885, 653.4796509742737]}}, "noise_pct_80": {"accuracy": {"mean": 0.9468, "std": 0.023077261535979495, "std_err": 0.011538630767989748, "raw": [0.982, 0.951, 0.922, 0.958, 0.921]}, "interpretability": {"num_rules": {"mean": 7.4, "std": 0.48989794855663565, "std_err": 0.24494897427831783, "raw": [8, 8, 7, 7, 7]}, "num_predicates": {"mean": 7.4, "std": 0.48989794855663565, "std_err": 0.24494897427831783, "raw": [8, 8, 7, 7, 7]}}, "learning_time": {"mean": 9630.493111515045, "std": 14504.373958080281, "std_err": 7252.18697904014, "raw": [545.8436727523804, 476.79751801490784, 1001.5495040416718, 38067.12136673927, 8061.153496026993]}}}