{"noise_pct_10": {"accuracy": {"mean": 1.0, "std": 0.0, "std_err": 0.0, "raw": [1.0, 1.0, 1.0, 1.0, 1.0]}, "interpretability": {"num_rules": {"mean": 5.8, "std": 0.39999999999999997, "std_err": 0.19999999999999998, "raw": [6, 6, 6, 5, 6]}, "num_predicates": {"mean": 5.8, "std": 0.39999999999999997, "std_err": 0.19999999999999998, "raw": [6, 6, 6, 5, 6]}}, "learning_time": {"mean": 151.11569418907166, "std": 4.296114193878076, "std_err": 2.148057096939038, "raw": [154.918194770813, 157.5792784690857, 148.26751136779785, 146.94779181480408, 147.86569452285767]}}, "noise_pct_20": {"accuracy": {"mean": 1.0, "std": 0.0, "std_err": 0.0, "raw": [1.0, 1.0, 1.0, 1.0, 1.0]}, "interpretability": {"num_rules": {"mean": 6.2, "std": 0.7483314773547882, "std_err": 0.3741657386773941, "raw": [7, 6, 7, 5, 6]}, "num_predicates": {"mean": 6.2, "std": 0.7483314773547882, "std_err": 0.3741657386773941, "raw": [7, 6, 7, 5, 6]}}, "learning_time": {"mean": 160.1462323665619, "std": 4.916883628308006, "std_err": 2.4584418141540025, "raw": [160.94424510002136, 166.70655393600464, 152.78242254257202, 163.5385401248932, 156.75940012931824]}}, "noise_pct_30": {"accuracy": {"mean": 1.0, "std": 0.0, "std_err": 0.0, "raw": [1.0, 1.0, 1.0, 1.0, 1.0]}, "interpretability": {"num_rules": {"mean": 6.4, "std": 0.48989794855663565, "std_err": 0.24494897427831783, "raw": [6, 7, 7, 6, 6]}, "num_predicates": {"mean": 6.4, "std": 0.48989794855663565, "std_err": 0.24494897427831783, "raw": [6, 7, 7, 6, 6]}}, "learning_time": {"mean": 162.81065349578859, "std": 5.542845332073542, "std_err": 2.771422666036771, "raw": [170.33357501029968, 165.04829216003418, 163.3996925354004, 162.0010702610016, 153.27063751220703]}}, "noise_pct_40": {"accuracy": {"mean": 1.0, "std": 0.0, "std_err": 0.0, "raw": [1.0, 1.0, 1.0, 1.0, 1.0]}, "interpretability": {"num_rules": {"mean": 7.4, "std": 1.0198039027185568, "std_err": 0.5099019513592784, "raw": [6, 7, 8, 7, 9]}, "num_predicates": {"mean": 7.4, "std": 1.0198039027185568, "std_err": 0.5099019513592784, "raw": [6, 7, 8, 7, 9]}}, "learning_time": {"mean": 167.7157135486603, "std": 4.129219430563827, "std_err": 2.0646097152819136, "raw": [172.15128540992737, 169.805260181427, 165.2847671508789, 170.51223874092102, 160.8250162601471]}}, "noise_pct_50": {"accuracy": {"mean": 0.9912000000000001, "std": 0.011070682002478448, "std_err": 0.005535341001239224, "raw": [0.982, 1.0, 1.0, 1.0, 0.974]}, "interpretability": {"num_rules": {"mean": 8.0, "std": 1.0954451150103321, "std_err": 0.5477225575051661, "raw": [7, 7, 8, 8, 10]}, "num_predicates": {"mean": 8.0, "std": 1.0954451150103321, "std_err": 0.5477225575051661, "raw": [7, 7, 8, 8, 10]}}, "learning_time": {"mean": 170.24836802482605, "std": 3.9535881873148093, "std_err": 1.9767940936574049, "raw": [174.90004992485046, 173.36023712158203, 168.57363510131836, 170.7740318775177, 163.6338860988617]}}, "noise_pct_60": {"accuracy": {"mean": 0.9875999999999999, "std": 0.010537551897855603, "std_err": 0.005268775948927801, "raw": [0.982, 1.0, 0.982, 1.0, 0.974]}, "interpretability": {"num_rules": {"mean": 8.0, "std": 1.0954451150103321, "std_err": 0.5477225575051661, "raw": [8, 7, 8, 7, 10]}, "num_predicates": {"mean": 8.0, "std": 1.0954451150103321, "std_err": 0.5477225575051661, "raw": [8, 7, 8, 7, 10]}}, "learning_time": {"mean": 172.33524670600892, "std": 5.839454009346944, "std_err": 2.9197270046734713, "raw": [166.8855264186859, 176.4361870288849, 178.9003086090088, 175.5268521308899, 163.92735934257507]}}, "noise_pct_70": {"accuracy": {"mean": 0.983, "std": 0.017910890541790507, "std_err": 0.008955445270895252, "raw": [0.982, 1.0, 0.982, 1.0, 0.951]}, "interpretability": {"num_rules": {"mean": 7.4, "std": 0.48989794855663565, "std_err": 0.24494897427831783, "raw": [8, 7, 8, 7, 7]}, "num_predicates": {"mean": 7.4, "std": 0.48989794855663565, "std_err": 0.24494897427831783, "raw": [8, 7, 8, 7, 7]}}, "learning_time": {"mean": 171.60639057159423, "std": 3.536849996934189, "std_err": 1.7684249984670943, "raw": [175.13146996498108, 174.46037316322327, 172.6811637878418, 170.43291878700256, 165.32602715492249]}}, "noise_pct_80": {"accuracy": {"mean": 0.9468, "std": 0.023077261535979495, "std_err": 0.011538630767989748, "raw": [0.982, 0.951, 0.922, 0.958, 0.921]}, "interpretability": {"num_rules": {"mean": 7.2, "std": 0.7483314773547882, "std_err": 0.3741657386773941, "raw": [8, 8, 7, 6, 7]}, "num_predicates": {"mean": 7.2, "std": 0.7483314773547882, "std_err": 0.3741657386773941, "raw": [8, 8, 7, 6, 7]}}, "learning_time": {"mean": 170.7693358898163, "std": 0.7468138414618499, "std_err": 0.37340692073092496, "raw": [170.51652884483337, 169.50803017616272, 171.62385153770447, 171.40419173240662, 170.79407715797424]}}, "noise_pct_90": {"accuracy": {"mean": 0.8732, "std": 0.03643844123998723, "std_err": 0.018219220619993617, "raw": [0.832, 0.862, 0.911, 0.84, 0.921]}, "interpretability": {"num_rules": {"mean": 8.0, "std": 0.8944271909999159, "std_err": 0.4472135954999579, "raw": [9, 9, 7, 8, 7]}, "num_predicates": {"mean": 8.0, "std": 0.8944271909999159, "std_err": 0.4472135954999579, "raw": [9, 9, 7, 8, 7]}}, "learning_time": {"mean": 191.26493320465087, "std": 17.019793396997674, "std_err": 8.509896698498837, "raw": [188.97451448440552, 171.5768165588379, 178.63635993003845, 196.3784909248352, 220.75848412513733]}}, "noise_pct_100": {"accuracy": {"mean": 0.8215999999999999, "std": 0.029574313178838137, "std_err": 0.014787156589419068, "raw": [0.832, 0.832, 0.849, 0.831, 0.764]}, "interpretability": {"num_rules": {"mean": 7.6, "std": 1.3564659966250536, "std_err": 0.6782329983125267, "raw": [7, 8, 10, 7, 6]}, "num_predicates": {"mean": 7.6, "std": 1.3564659966250536, "std_err": 0.6782329983125267, "raw": [7, 8, 10, 7, 6]}}, "learning_time": {"mean": 227.0005687713623, "std": 23.64271303642647, "std_err": 11.821356518213234, "raw": [221.91238260269165, 235.3440456390381, 264.390554189682, 191.2611231803894, 222.09473824501038]}}}