{"noise_pct_0": {"interpretability": {"num_rules": {"mean": 4.2, "std": 0.39999999999999997, "std_err": 0.19999999999999998, "raw": [4, 4, 5, 4, 4]}, "num_predicates": {"mean": 37.0, "std": 4.2895221179054435, "std_err": 2.1447610589527213, "raw": [34, 38, 45, 34, 34]}}}}