{"noise_pct_0": {"accuracy": {"mean": 1.0, "std": 0.0, "std_err": 0.0, "raw": [1.0, 1.0, 1.0, 1.0, 1.0]}, "interpretability": {"num_rules": {"mean": 5.2, "std": 0.39999999999999997, "std_err": 0.19999999999999998, "raw": [5, 5, 6, 5, 5]}, "num_predicates": {"mean": 5.2, "std": 0.39999999999999997, "std_err": 0.19999999999999998, "raw": [5, 5, 6, 5, 5]}}, "learning_time": {"mean": 135.189616727829, "std": 1.2305356552882758, "std_err": 0.6152678276441379, "raw": [135.60571479797363, 134.68759083747864, 133.5046558380127, 134.90484619140625, 137.24527597427368]}}}