{"noise_pct_10": {"accuracy": {"mean": 0.9548, "std": 0.0007483314773547889, "std_err": 0.00037416573867739446, "raw": [0.956, 0.954, 0.954, 0.955, 0.955]}, "brier_score": {"mean": 0.08592766748390739, "std": 0.0008409309169623762, "std_err": 0.0004204654584811881, "raw": [0.08470683471445448, 0.08686989062211625, 0.08688897910297393, 0.0855713847900094, 0.08560124818998291]}}, "noise_pct_20": {"accuracy": {"mean": 0.9128000000000001, "std": 0.001326649916142161, "std_err": 0.0006633249580710806, "raw": [0.913, 0.912, 0.913, 0.911, 0.915]}, "brier_score": {"mean": 0.16378142679926339, "std": 0.001265274180081012, "std_err": 0.0006326370900405059, "raw": [0.16370892720789842, 0.16448339139851134, 0.16342708515464702, 0.16556000431285264, 0.1617277259224076]}}, "noise_pct_30": {"accuracy": {"mean": 0.8576, "std": 0.0016248076809271936, "std_err": 0.0008124038404635967, "raw": [0.86, 0.857, 0.856, 0.856, 0.859]}, "brier_score": {"mean": 0.2647550848116652, "std": 0.0014666113884691497, "std_err": 0.0007333056942345748, "raw": [0.2625631174986831, 0.26550911752674516, 0.26640196616075307, 0.2658011354986099, 0.26350008737353503]}}, "noise_pct_40": {"accuracy": {"mean": 0.8072000000000001, "std": 0.001166190378969061, "std_err": 0.0005830951894845306, "raw": [0.807, 0.806, 0.806, 0.809, 0.808]}, "brier_score": {"mean": 0.3609642848827926, "std": 0.0012101370427636932, "std_err": 0.0006050685213818466, "raw": [0.3613572219027578, 0.3617536512916032, 0.3624304271888619, 0.35897374609350163, 0.36030637793723846]}}, "noise_pct_50": {"accuracy": {"mean": 0.7666, "std": 0.001019803902718558, "std_err": 0.0005099019513592789, "raw": [0.768, 0.766, 0.765, 0.767, 0.767]}, "brier_score": {"mean": 0.4366815009497028, "std": 0.000774008667152009, "std_err": 0.0003870043335760044, "raw": [0.43609365809090467, 0.43663042997384743, 0.4381505767149208, 0.4365352243682083, 0.43599761560063266]}}, "noise_pct_60": {"accuracy": {"mean": 0.7316, "std": 0.0021540659228538035, "std_err": 0.0010770329614269018, "raw": [0.729, 0.733, 0.733, 0.734, 0.729]}, "brier_score": {"mean": 0.5055261428883095, "std": 0.0025311366579309196, "std_err": 0.0012655683289654596, "raw": [0.5092774416903972, 0.5036004063978488, 0.504810018293657, 0.5024097546802202, 0.5075330933794246]}}, "noise_pct_70": {"accuracy": {"mean": 0.6926, "std": 0.001200000000000001, "std_err": 0.0006000000000000005, "raw": [0.694, 0.692, 0.694, 0.692, 0.691]}, "brier_score": {"mean": 0.576402141856682, "std": 0.0009389028022631997, "std_err": 0.0004694514011315998, "raw": [0.5750954755629781, 0.5759947880181654, 0.5759954950317092, 0.5772171158075381, 0.5777078348630192]}}, "noise_pct_80": {"accuracy": {"mean": 0.6498, "std": 0.0017204650534085267, "std_err": 0.0008602325267042634, "raw": [0.649, 0.653, 0.648, 0.649, 0.65]}, "brier_score": {"mean": 0.6632406436726664, "std": 0.002502428322205893, "std_err": 0.0012512141611029466, "raw": [0.6642042122405546, 0.658498877504669, 0.6658873658394927, 0.6641618178853747, 0.6634509448932414]}}, "noise_pct_90": {"accuracy": {"mean": 0.5206, "std": 0.041199999999999994, "std_err": 0.020599999999999993, "raw": [0.5, 0.5, 0.5, 0.5, 0.603]}, "brier_score": {"mean": 0.9500944421269342, "std": 0.09981111574613154, "std_err": 0.04990555787306577, "raw": [1.0, 1.0, 1.0, 1.0, 0.7504722106346712]}}, "noise_pct_100": {"accuracy": {"mean": 0.5, "std": 0.0, "std_err": 0.0, "raw": [0.5, 0.5, 0.5, 0.5, 0.5]}, "brier_score": {"mean": 1.0, "std": 0.0, "std_err": 0.0, "raw": [1.0, 1.0, 1.0, 1.0, 1.0]}}}