{"noise_pct_0": {"accuracy": {"mean": 0.9987999999999999, "std": 0.00040000000000000034, "std_err": 0.00020000000000000017, "raw": [0.999, 0.999, 0.998, 0.999, 0.999]}, "brier_score": {"mean": 0.0014503329549900048, "std": 0.00046579498052564896, "std_err": 0.00023289749026282445, "raw": [0.0012785493850617285, 0.0011650390625, 0.0023749656361283693, 0.0012861005939210383, 0.0011470100973388886]}}}