{"noise_pct_10": {"structured_test_accuracy": {"mean": 0.9681999999999998, "std": 0.00823164625090268, "std_err": 0.00411582312545134, "raw": [0.97, 0.975, 0.977, 0.965, 0.954]}, "unstructured_test_accuracy": {"mean": 0.9372, "std": 0.007626270385975004, "std_err": 0.0038131351929875015, "raw": [0.942, 0.94, 0.947, 0.931, 0.926]}, "unstructured_test_brier_score": {"mean": 0.10029900307273161, "std": 0.009122009809901003, "std_err": 0.004561004904950501, "raw": [0.09312563701607765, 0.10364045727161332, 0.08655707137074321, 0.10683069288227194, 0.11134115682295193]}, "interpretability": {"num_predicates": {"mean": 83334.6, "std": 644.0824791903595, "std_err": 322.0412395951798, "raw": [83711, 83211, 82427, 82999, 84325]}, "num_rules": {"mean": 5416.6, "std": 116.71777927976525, "std_err": 58.35888963988262, "raw": [5266, 5410, 5325, 5486, 5596]}}, "learning_time": {"mean": 3.688824415206909, "std": 1.2589080259357563, "std_err": 0.6294540129678781, "raw": [2.0910158157348633, 2.318826198577881, 4.513978958129883, 4.251230001449585, 5.269071102142334]}}, "noise_pct_20": {"structured_test_accuracy": {"mean": 0.9578, "std": 0.014076931483814196, "std_err": 0.007038465741907099, "raw": [0.968, 0.963, 0.974, 0.949, 0.935]}, "unstructured_test_accuracy": {"mean": 0.9006000000000001, "std": 0.013410443691392179, "std_err": 0.0067052218456960895, "raw": [0.91, 0.898, 0.92, 0.894, 0.881]}, "unstructured_test_brier_score": {"mean": 0.15230111846076913, "std": 0.014222087921463136, "std_err": 0.007111043960731568, "raw": [0.14194733338689894, 0.16039725700520013, 0.13203530130964067, 0.154229200247223, 0.17289650035488296]}, "interpretability": {"num_predicates": {"mean": 90156.6, "std": 764.4963309264472, "std_err": 382.2481654632236, "raw": [89838, 91394, 89853, 89139, 90559]}, "num_rules": {"mean": 5908.2, "std": 110.30394371916174, "std_err": 55.15197185958086, "raw": [5725, 5874, 5903, 6045, 5994]}}, "learning_time": {"mean": 4.971361875534058, "std": 1.065958511306615, "std_err": 0.5329792556533075, "raw": [5.3866472244262695, 4.3331990242004395, 6.873582124710083, 4.322852849960327, 3.940528154373169]}}, "noise_pct_30": {"structured_test_accuracy": {"mean": 0.9437999999999999, "std": 0.01361469794009397, "std_err": 0.006807348970046985, "raw": [0.957, 0.943, 0.961, 0.932, 0.926]}, "unstructured_test_accuracy": {"mean": 0.8507999999999999, "std": 0.008997777503361603, "std_err": 0.0044988887516808004, "raw": [0.862, 0.85, 0.86, 0.84, 0.842]}, "unstructured_test_brier_score": {"mean": 0.2138382755392249, "std": 0.012820266359898903, "std_err": 0.006410133179949451, "raw": [0.20444056511824515, 0.20363389290363665, 0.20253782618132687, 0.22581348273422133, 0.23276561075869462]}, "interpretability": {"num_predicates": {"mean": 95469.6, "std": 1657.1342251006706, "std_err": 828.5671125503352, "raw": [93478, 93634, 97747, 96185, 96304]}, "num_rules": {"mean": 6199.6, "std": 82.9640886167021, "std_err": 41.48204430835105, "raw": [6137, 6081, 6201, 6301, 6278]}}, "learning_time": {"mean": 4.1884876728057865, "std": 0.7742982915756992, "std_err": 0.3871491457878496, "raw": [4.212087154388428, 4.806849956512451, 3.891282081604004, 5.126740217208862, 2.9054789543151855]}}, "noise_pct_40": {"structured_test_accuracy": {"mean": 0.9292, "std": 0.018203296404772376, "std_err": 0.009101648202386188, "raw": [0.943, 0.93, 0.953, 0.919, 0.901]}, "unstructured_test_accuracy": {"mean": 0.8052000000000001, "std": 0.012874781551544834, "std_err": 0.006437390775772417, "raw": [0.817, 0.811, 0.817, 0.797, 0.784]}, "unstructured_test_brier_score": {"mean": 0.2669761382714863, "std": 0.011932511947743828, "std_err": 0.005966255973871913, "raw": [0.256486244186943, 0.2585180351758703, 0.26098377501708586, 0.2698695858946435, 0.2890230510828891]}, "interpretability": {"num_predicates": {"mean": 99569.2, "std": 1615.0921212116664, "std_err": 807.5460606058331, "raw": [98441, 97208, 101269, 101387, 99541]}, "num_rules": {"mean": 6401.6, "std": 105.53596543359046, "std_err": 52.767982716795224, "raw": [6378, 6263, 6382, 6590, 6395]}}, "learning_time": {"mean": 3.1788944721221926, "std": 0.8154553472604914, "std_err": 0.4077276736302457, "raw": [2.112593173980713, 2.322230100631714, 3.5360379219055176, 4.185986042022705, 3.7376251220703125]}}, "noise_pct_50": {"structured_test_accuracy": {"mean": 0.9022, "std": 0.023659247663440176, "std_err": 0.011829623831720088, "raw": [0.912, 0.905, 0.938, 0.889, 0.867]}, "unstructured_test_accuracy": {"mean": 0.7638, "std": 0.014288456879593415, "std_err": 0.007144228439796706, "raw": [0.775, 0.765, 0.777, 0.765, 0.737]}, "unstructured_test_brier_score": {"mean": 0.31834740880266577, "std": 0.014410866577279503, "std_err": 0.007205433288639751, "raw": [0.3052056847016245, 0.31115281416272844, 0.3062784277518236, 0.3260887868599171, 0.34301133053723537]}, "interpretability": {"num_predicates": {"mean": 101586.2, "std": 1780.6363356957536, "std_err": 890.3181678478768, "raw": [102143, 100840, 104568, 99142, 101238]}, "num_rules": {"mean": 6490.8, "std": 28.322429274340152, "std_err": 14.161214637170076, "raw": [6478, 6449, 6510, 6485, 6532]}}, "learning_time": {"mean": 3.8142201900482178, "std": 0.2312158332999494, "std_err": 0.1156079166499747, "raw": [3.788300037384033, 3.5999538898468018, 4.255615949630737, 3.7667620182037354, 3.6604690551757812]}}, "noise_pct_60": {"structured_test_accuracy": {"mean": 0.8737999999999999, "std": 0.0220581050863396, "std_err": 0.011029052543169798, "raw": [0.884, 0.885, 0.898, 0.868, 0.834]}, "unstructured_test_accuracy": {"mean": 0.7314, "std": 0.016341358572652412, "std_err": 0.008170679286326206, "raw": [0.746, 0.736, 0.742, 0.733, 0.7]}, "unstructured_test_brier_score": {"mean": 0.3543618781782185, "std": 0.017586253444866317, "std_err": 0.008793126722433159, "raw": [0.3484207431949853, 0.3450433230402501, 0.3323407525942238, 0.36194811454267367, 0.38405645751895945]}, "interpretability": {"num_predicates": {"mean": 99598.6, "std": 2150.8266875785225, "std_err": 1075.4133437892613, "raw": [103141, 96389, 99890, 99301, 99272]}, "num_rules": {"mean": 6439.6, "std": 57.94687221930102, "std_err": 28.97343610965051, "raw": [6484, 6366, 6381, 6516, 6451]}}, "learning_time": {"mean": 3.8461297512054444, "std": 0.7304788832647443, "std_err": 0.36523944163237215, "raw": [3.7734179496765137, 3.861056089401245, 4.727719783782959, 4.313420057296753, 2.555034875869751]}}, "noise_pct_70": {"structured_test_accuracy": {"mean": 0.8382, "std": 0.021766028576660445, "std_err": 0.01088301428833022, "raw": [0.854, 0.858, 0.851, 0.828, 0.8]}, "unstructured_test_accuracy": {"mean": 0.6961999999999999, "std": 0.017588632692736497, "std_err": 0.008794316346368247, "raw": [0.698, 0.711, 0.711, 0.698, 0.663]}, "unstructured_test_brier_score": {"mean": 0.38612458751301926, "std": 0.022708649329061508, "std_err": 0.011354324664530754, "raw": [0.38650484167749927, 0.3720063903929765, 0.35715750067681734, 0.38975714495878855, 0.4251970598590145]}, "interpretability": {"num_predicates": {"mean": 97374.8, "std": 1082.2656605473537, "std_err": 541.1328302736769, "raw": [98932, 96026, 98335, 96852, 96729]}, "num_rules": {"mean": 6220.0, "std": 67.00746227100382, "std_err": 33.50373113550191, "raw": [6140, 6136, 6272, 6279, 6273]}}, "learning_time": {"mean": 3.0513703346252443, "std": 0.795106775378669, "std_err": 0.3975533876893345, "raw": [2.106588840484619, 2.1491787433624268, 4.12380313873291, 3.485243797302246, 3.3920371532440186]}}, "noise_pct_80": {"structured_test_accuracy": {"mean": 0.7876000000000001, "std": 0.020293841430345332, "std_err": 0.010146920715172666, "raw": [0.79, 0.804, 0.798, 0.798, 0.748]}, "unstructured_test_accuracy": {"mean": 0.6616, "std": 0.019053608582103303, "std_err": 0.00952680429105165, "raw": [0.667, 0.677, 0.676, 0.663, 0.625]}, "unstructured_test_brier_score": {"mean": 0.42002336821531305, "std": 0.01832154295469427, "std_err": 0.009160771477347136,