{"noise_pct_80": {"correct": {"mean_penalty_ratio": 0.7288644150017689, "std": 0.014481784813731009, "std_err": 0.0020688264019615727, "raw": [0.7318717356978015, 0.7505142165759225, 0.7094382835101254, 0.7469674915089762, 0.7174686497521143, 0.6996411483253588, 0.7287597363690833, 0.7076959704779477, 0.7108132260947274, 0.739021329987453, 0.7249343518739556, 0.7407563785511792, 0.6843152626183441, 0.733268553382728, 0.7176689249955033, 0.7310948568795715, 0.7144867209943132, 0.7518235083104149, 0.7381010199125789, 0.7287789650618322, 0.7110290670417253, 0.7265171898355754, 0.7229763079960513, 0.733121387283237, 0.7394892649961127, 0.7468748130869071, 0.7499849206827914, 0.7294683123664847, 0.7430436905052478, 0.7206054916686224, 0.7271121398550283, 0.732202380952381, 0.7503734241500867, 0.7320230390119351, 0.742576642775402, 0.7196037050064485, 0.7220157919182536, 0.7268374293296411, 0.721305741766249, 0.7213254553207041, 0.7549390243902439, 0.7128539515788203, 0.7498356540966952, 0.7168498596819457, 0.738887235941684, 0.7335957198204293, 0.739077962828868, 0.7194787797600926, 0.7224531598289053, 0.7293428757319453]}, "constant_correct": {"mean_penalty_ratio": 0.6549375000000001, "std": 0.01376547424718814, "std_err": 0.001966496321026877, "raw": [0.65625, 0.671875, 0.634375, 0.675, 0.653125, 0.628125, 0.659375, 0.634375, 0.640625, 0.653125, 0.653125, 0.671875, 0.61875, 0.6375, 0.64375, 0.6625, 0.653125, 0.6625, 0.659375, 0.653125, 0.628125, 0.665625, 0.646875, 0.678125, 0.66875, 0.66875, 0.68125, 0.65, 0.6625, 0.65, 0.65625, 0.659375, 0.671875, 0.64375, 0.65625, 0.6375, 0.65625, 0.653125, 0.6625, 0.65, 0.6625, 0.646875, 0.671875, 0.640625, 0.665625, 0.665625, 0.6625, 0.64375, 0.646875, 0.671875]}}, "noise_pct_85": {"correct": {"mean_penalty_ratio": 0.6984606532587307, "std": 0.01556026832568607, "std_err": 0.00222289547509801, "raw": [0.6951988672930879, 0.7225831350099697, 0.6724782856780575, 0.7106602254428341, 0.6829734731647131, 0.6745931626088053, 0.6985210466439136, 0.6732691944916054, 0.6859903381642513, 0.7156758114131458, 0.6998548804340968, 0.7113501056270405, 0.6506477758631694, 0.697980572597137, 0.6820849814980222, 0.6956653164863068, 0.681175664736285, 0.726444922220817, 0.7079262374636041, 0.7050487156775908, 0.680153427369463, 0.7018223379262175, 0.6881868131868132, 0.7062077443146896, 0.7223587223587223, 0.715080971659919, 0.7201993100804907, 0.7038272692937177, 0.7145062721132197, 0.6969174921552944, 0.6972952234797621, 0.701946857758894, 0.7170969374841812, 0.6958186840783526, 0.713403767820774, 0.6935333870667741, 0.6889816975801498, 0.6959467708460505, 0.692439757189282, 0.6920885666191894, 0.7214100905562743, 0.6784755083770303, 0.7129817444219066, 0.6870627224745305, 0.7059567471860377, 0.7055486731433788, 0.7123612803900186, 0.6881239465836899, 0.6823257604928764, 0.7008514664143803]}, "constant_correct": {"mean_penalty_ratio": 0.6361249999999999, "std": 0.014485445281385033, "std_err": 0.0020693493259121474, "raw": [0.628125, 0.65625, 0.6125, 0.653125, 0.634375, 0.615625, 0.64375, 0.615625, 0.625, 0.640625, 0.634375, 0.653125, 0.603125, 0.615625, 0.61875, 0.634375, 0.63125, 0.646875, 0.640625, 0.6375, 0.6125, 0.653125, 0.625, 0.6625, 0.659375, 0.65, 0.6625, 0.634375, 0.64375, 0.6375, 0.640625, 0.64375, 0.646875, 0.615625, 0.6375, 0.61875, 0.634375, 0.63125, 0.640625, 0.63125, 0.64375, 0.628125, 0.646875, 0.621875, 0.64375, 0.65, 0.65, 0.625, 0.61875, 0.65625]}}, "noise_pct_90": {"correct": {"mean_penalty_ratio": 0.6608593875701823, "std": 0.018192359748651576, "std_err": 0.0025989085355216535, "raw": [0.6621566494424803, 0.6963512677798392, 0.6269857364969919, 0.6829933829047001, 0.6479161171194935, 0.6328021248339973, 0.6635125159385277, 0.627717753768174, 0.6446937821411874, 0.6788691071547643, 0.6613022692074608, 0.6789027833803953, 0.6048518619189998, 0.6653165924125827, 0.6463539184312658, 0.6599270586729797, 0.6403444849287844, 0.6979531376245623, 0.6703319502074688, 0.6684108137116791, 0.6412273800157356, 0.6659700687609545, 0.6522311529933481, 0.6641751901389982, 0.6822192513368984, 0.6739321141777448, 0.6821893770668827, 0.6640255676143552, 0.6780411388094265, 0.6645994832041343, 0.6595585229595313, 0.6612914018066243, 0.6796358732299393, 0.6524931580001335, 0.6716851201728329, 0.6527777777777778, 0.6485890366526111, 0.657519138445569, 0.6580901511203752, 0.6550176117135161, 0.6833333333333333, 0.6356300013563, 0.6811749714975521, 0.649435724477883, 0.6613326161500706, 0.6740997229916897, 0.6750068362045393, 0.6476346956938455, 0.6424263193968471, 0.6699333333333334]}, "constant_correct": {"mean_penalty_ratio": 0.614625, "std": 0.01603755358525732, "std_err": 0.0022910790836081886, "raw": [0.6125, 0.646875, 0.584375, 0.6375, 0.615625, 0.59375, 0.621875, 0.584375, 0.603125, 0.621875, 0.6125, 0.634375, 0.575, 0.596875, 0.603125, 0.6125, 0.609375, 0.634375, 0.61875, 0.61875, 0.590625, 0.63125, 0.603125, 0.63125, 0.634375, 0.625, 0.6375, 0.6125, 0.625, 0.61875, 0.615625, 0.61875, 0.625, 0.590625, 0.615625, 0.59375, 0.6125, 0.60625, 0.621875, 0.615625, 0.621875, 0.603125, 0.63125, 0.6, 0.61875, 0.63125, 0.628125, 0.603125, 0.59375, 0.6375]}}, "noise_pct_95": {"correct": {"mean_penalty_ratio": 0.6135281046992374, "std": 0.018421566648616553, "std_err": 0.002631652378373793, "raw": [0.6163416763678696, 0.6529174311926605, 0.5805337745485937, 0.6357712863313566, 0.6019465060915838, 0.6089174645328115, 0.6112971009331148, 0.5739464146116126, 0.6033240602040089, 0.6271186440677966, 0.6101987899740708, 0.635655591282601, 0.5626655214372629, 0.6171617161716172, 0.5937045652806048, 0.6125807548452907, 0.585832801531589, 0.6538078999715828, 0.6215676115757531, 0.620937073975748, 0.6078773091669571, 0.623124196084036, 0.6035137348321298, 0.6255564830272676, 0.6296850505914209, 0.6262597178232076, 0.6420886529909625, 0.616809824661035, 0.6219274850428891, 0.6143691990374699, 0.6182533323621531, 0.6063206063206064, 0.6295084351367074, 0.6035326665247925, 0.6235158667338274, 0.6099762137959983, 0.6008400468222819, 0.6172112988091941, 0.610879822370247, 0.6079695282742456, 0.6273070774596715, 0.5836965063942273, 0.6335883320225925, 0.6028217481073641, 0.6076572080422074, 0.6208401124094068, 0.6295974514914567, 0.5921081637151885, 0.585873388042204, 0.6274690919425892]}, "constant_correct": {"mean_penalty_ratio": 0.5867500000000001, "std": 0.016148239068084172, "std_err": 0.002306891295440596, "raw": [0.584375, 0.621875, 0.559375, 0.609375, 0.590625, 0.5875, 0.59375, 0.55, 0.58125, 0.5875, 0.584375, 0.609375, 0.553125, 0.56875, 0.571875, 0.5875, 0.575, 0.609375, 0.5875, 0.590625, 0.578125, 0.60625, 0.575, 0.609375, 0.596875, 0.596875, 0.609375, 0.5875, 0.590625, 0.5875, 0.590625, 0.58125, 0.590625, 0.559375, 0.5875, 0.571875, 0.584375, 0.58125, 0.59375, 0.5875, 0.590625, 0.575, 0.603125, 0.571875, 0.584375, 0.6, 0.603125, 0.571875, 0.553125, 0.615625]}}, "noise_pct_96": {"correct": {"mean_penalty_ratio": 0.6057437551383166, "std": 0.018442578329129197, "std_err": 0.0026346540470184566,