{"noise_pct_10": {"correct": {"mean_penalty_ratio": 0.9778550375780011, "std": 0.00394192279754145, "std_err": 0.001970961398770725, "raw": [0.9817533129459735, 0.9782867644556376, 0.9746544569057173, 0.9722193641321124, 0.9823612894505643]}, "constant_correct": {"mean_penalty_ratio": 0.95625, "std": 0.008149003006503315, "std_err": 0.004074501503251658, "raw": [0.959375, 0.95625, 0.953125, 0.94375, 0.96875]}}, "noise_pct_20": {"correct": {"mean_penalty_ratio": 0.9629908500473654, "std": 0.004000376765301492, "std_err": 0.002000188382650746, "raw": [0.96825974593237, 0.9665395095367847, 0.9580296001767175, 0.9591118927236756, 0.9630135018672795]}, "constant_correct": {"mean_penalty_ratio": 0.925, "std": 0.007905694150420972, "std_err": 0.003952847075210486, "raw": [0.93125, 0.93125, 0.91875, 0.9125, 0.93125]}}, "noise_pct_30": {"correct": {"mean_penalty_ratio": 0.9390810951436732, "std": 0.006206546382426153, "std_err": 0.003103273191213076, "raw": [0.939333645443196, 0.9475877107589268, 0.9283176758506355, 0.9411602753195674, 0.9390061683460403]}, "constant_correct": {"mean_penalty_ratio": 0.88125, "std": 0.009882117688026163, "std_err": 0.0049410588440130816, "raw": [0.878125, 0.896875, 0.86875, 0.875, 0.8875]}}, "noise_pct_40": {"correct": {"mean_penalty_ratio": 0.9030964783914722, "std": 0.00687589419748679, "std_err": 0.0034379470987433948, "raw": [0.9074891720280897, 0.9121068324024693, 0.891549415155111, 0.9015164279696715, 0.90282054440202]}, "constant_correct": {"mean_penalty_ratio": 0.8293750000000001, "std": 0.010000000000000012, "std_err": 0.005000000000000006, "raw": [0.828125, 0.84375, 0.81875, 0.81875, 0.8375]}}, "noise_pct_50": {"correct": {"mean_penalty_ratio": 0.8754372465275221, "std": 0.007952366007548268, "std_err": 0.003976183003774134, "raw": [0.8751916313463793, 0.8877890799616841, 0.8627264061010487, 0.8747845023137646, 0.8766946129147342]}, "constant_correct": {"mean_penalty_ratio": 0.79375, "std": 0.011692679333668585, "std_err": 0.0058463396668342925, "raw": [0.7875, 0.8125, 0.778125, 0.790625, 0.8]}}, "noise_pct_60": {"correct": {"mean_penalty_ratio": 0.8390700446289052, "std": 0.011305274438646509, "std_err": 0.005652637219323253, "raw": [0.8386523948108321, 0.85357266822036, 0.8216157421141106, 0.8484429065743945, 0.833066511424829]}, "constant_correct": {"mean_penalty_ratio": 0.7537499999999999, "std": 0.012405895775799477, "std_err": 0.006202947887899738, "raw": [0.74375, 0.771875, 0.7375, 0.7625, 0.753125]}}, "noise_pct_70": {"correct": {"mean_penalty_ratio": 0.7902233288073062, "std": 0.013406395222260068, "std_err": 0.006703197611130033, "raw": [0.7903067350725903, 0.8045501551189245, 0.7768720791218345, 0.8057340316397603, 0.7736536430834213]}, "constant_correct": {"mean_penalty_ratio": 0.7056250000000001, "std": 0.012405895775799506, "std_err": 0.006202947887899753, "raw": [0.696875, 0.71875, 0.690625, 0.721875, 0.7]}}, "noise_pct_80": {"correct": {"mean_penalty_ratio": 0.7312520754089882, "std": 0.016026307773468373, "std_err": 0.008013153886734186, "raw": [0.7318717356978015, 0.7505142165759225, 0.7094382835101254, 0.7469674915089762, 0.7174686497521143]}, "constant_correct": {"mean_penalty_ratio": 0.6581250000000001, "std": 0.01460415180693491, "std_err": 0.007302075903467455, "raw": [0.65625, 0.671875, 0.634375, 0.675, 0.653125]}}, "noise_pct_90": {"correct": {"mean_penalty_ratio": 0.663280630748701, "std": 0.02464512362716295, "std_err": 0.012322561813581476, "raw": [0.6621566494424803, 0.6963512677798392, 0.6269857364969919, 0.6829933829047001, 0.6479161171194935]}, "constant_correct": {"mean_penalty_ratio": 0.619375, "std": 0.021776564237730424, "std_err": 0.010888282118865212, "raw": [0.6125, 0.646875, 0.584375, 0.6375, 0.615625]}}, "noise_pct_100": {"correct": {"mean_penalty_ratio": 0.5645290881771012, "std": 0.026308938310632975, "std_err": 0.013154469155316487, "raw": [0.5645820238843494, 0.6008285133656401, 0.5252401075681905, 0.5832486913040081, 0.548746104763318]}, "constant_correct": {"mean_penalty_ratio": 0.5668749999999999, "std": 0.020213702035995283, "std_err": 0.010106851017997642, "raw": [0.559375, 0.59375, 0.534375, 0.58125, 0.565625]}}}