{"noise_pct_0": {"correct": {"mean_penalty_ratio": 0.9957959067019132, "std": 0.0030448019563443173, "std_err": 0.0015224009781721586, "raw": [0.9985313836919737, 0.9944902693646088, 0.9916332859542577, 0.9943245944987262, 1.0]}, "constant_correct": {"mean_penalty_ratio": 0.9943750000000001, "std": 0.003644344934278315, "std_err": 0.0018221724671391574, "raw": [0.996875, 0.99375, 0.990625, 0.990625, 1.0]}}}