{"noise_pct_85": {"pct_incorrect_examples": 0.363875, "std": 0.014485445281385031, "std_err": 0.0020693493259121474, "raw": [0.37187499999999996, 0.34375, 0.38749999999999996, 0.34687500000000004, 0.365625, 0.384375, 0.35624999999999996, 0.384375, 0.375, 0.359375, 0.365625, 0.34687500000000004, 0.396875, 0.384375, 0.38125, 0.365625, 0.36875, 0.353125, 0.359375, 0.36250000000000004, 0.38749999999999996, 0.34687500000000004, 0.375, 0.3375, 0.34062499999999996, 0.35, 0.3375, 0.365625, 0.35624999999999996, 0.36250000000000004, 0.359375, 0.35624999999999996, 0.353125, 0.384375, 0.36250000000000004, 0.38125, 0.365625, 0.36875, 0.359375, 0.36875, 0.35624999999999996, 0.37187499999999996, 0.353125, 0.37812500000000004, 0.35624999999999996, 0.35, 0.35, 0.375, 0.38125, 0.34375]}}