{"noise_pct_80": {"pct_incorrect_examples": 0.34506249999999994, "std": 0.01376547424718814, "std_err": 0.001966496321026877, "raw": [0.34375, 0.328125, 0.365625, 0.32499999999999996, 0.34687500000000004, 0.37187499999999996, 0.34062499999999996, 0.365625, 0.359375, 0.34687500000000004, 0.34687500000000004, 0.328125, 0.38125, 0.36250000000000004, 0.35624999999999996, 0.3375, 0.34687500000000004, 0.3375, 0.34062499999999996, 0.34687500000000004, 0.37187499999999996, 0.334375, 0.353125, 0.321875, 0.33125000000000004, 0.33125000000000004, 0.31875, 0.35, 0.3375, 0.35, 0.34375, 0.34062499999999996, 0.328125, 0.35624999999999996, 0.34375, 0.36250000000000004, 0.34375, 0.34687500000000004, 0.3375, 0.35, 0.3375, 0.353125, 0.328125, 0.359375, 0.334375, 0.334375, 0.3375, 0.35624999999999996, 0.353125, 0.328125]}, "noise_pct_85": {"pct_incorrect_examples": 0.363875, "std": 0.014485445281385031, "std_err": 0.0020693493259121474, "raw": [0.37187499999999996, 0.34375, 0.38749999999999996, 0.34687500000000004, 0.365625, 0.384375, 0.35624999999999996, 0.384375, 0.375, 0.359375, 0.365625, 0.34687500000000004, 0.396875, 0.384375, 0.38125, 0.365625, 0.36875, 0.353125, 0.359375, 0.36250000000000004, 0.38749999999999996, 0.34687500000000004, 0.375, 0.3375, 0.34062499999999996, 0.35, 0.3375, 0.365625, 0.35624999999999996, 0.36250000000000004, 0.359375, 0.35624999999999996, 0.353125, 0.384375, 0.36250000000000004, 0.38125, 0.365625, 0.36875, 0.359375, 0.36875, 0.35624999999999996, 0.37187499999999996, 0.353125, 0.37812500000000004, 0.35624999999999996, 0.35, 0.35, 0.375, 0.38125, 0.34375]}, "noise_pct_90": {"pct_incorrect_examples": 0.385375, "std": 0.01603755358525732, "std_err": 0.0022910790836081886, "raw": [0.38749999999999996, 0.353125, 0.415625, 0.36250000000000004, 0.384375, 0.40625, 0.37812500000000004, 0.415625, 0.396875, 0.37812500000000004, 0.38749999999999996, 0.365625, 0.42500000000000004, 0.40312499999999996, 0.396875, 0.38749999999999996, 0.390625, 0.365625, 0.38125, 0.38125, 0.40937500000000004, 0.36875, 0.396875, 0.36875, 0.365625, 0.375, 0.36250000000000004, 0.38749999999999996, 0.375, 0.38125, 0.384375, 0.38125, 0.375, 0.40937500000000004, 0.384375, 0.40625, 0.38749999999999996, 0.39375000000000004, 0.37812500000000004, 0.384375, 0.37812500000000004, 0.396875, 0.36875, 0.4, 0.38125, 0.36875, 0.37187499999999996, 0.396875, 0.40625, 0.36250000000000004]}, "noise_pct_95": {"pct_incorrect_examples": 0.41324999999999995, "std": 0.016148239068084175, "std_err": 0.002306891295440596, "raw": [0.415625, 0.37812500000000004, 0.44062500000000004, 0.390625, 0.40937500000000004, 0.4125, 0.40625, 0.44999999999999996, 0.41874999999999996, 0.4125, 0.415625, 0.390625, 0.446875, 0.43125, 0.428125, 0.4125, 0.42500000000000004, 0.390625, 0.4125, 0.40937500000000004, 0.421875, 0.39375000000000004, 0.42500000000000004, 0.390625, 0.40312499999999996, 0.40312499999999996, 0.390625, 0.4125, 0.40937500000000004, 0.4125, 0.40937500000000004, 0.41874999999999996, 0.40937500000000004, 0.44062500000000004, 0.4125, 0.428125, 0.415625, 0.41874999999999996, 0.40625, 0.4125, 0.40937500000000004, 0.42500000000000004, 0.396875, 0.428125, 0.415625, 0.4, 0.396875, 0.428125, 0.446875, 0.384375]}, "noise_pct_96": {"pct_incorrect_examples": 0.41662499999999997, "std": 0.01595207666731826, "std_err": 0.0022788680953311803, "raw": [0.41874999999999996, 0.384375, 0.44375, 0.396875, 0.4125, 0.415625, 0.4125, 0.44999999999999996, 0.421875, 0.415625, 0.41874999999999996, 0.390625, 0.44999999999999996, 0.4375, 0.43125, 0.415625, 0.428125, 0.39375000000000004, 0.415625, 0.4125, 0.42500000000000004, 0.4, 0.428125, 0.39375000000000004, 0.40625, 0.40625, 0.39375000000000004, 0.415625, 0.4125, 0.415625, 0.415625, 0.421875, 0.4125, 0.44375, 0.415625, 0.43125, 0.421875, 0.421875, 0.40937500000000004, 0.4125, 0.4125, 0.428125, 0.4, 0.43125, 0.415625, 0.40312499999999996, 0.4, 0.43437499999999996, 0.44999999999999996, 0.38749999999999996]}}