{"noise_pct_0": {"pct_incorrect_examples": 0.005625000000000014, "std": 0.003644344934278315, "std_err": 0.0018221724671391574, "raw": [0.0031250000000000444, 0.006249999999999978, 0.009375000000000022, 0.009375000000000022, 0.0]}}