{"noise_pct_10": {"accuracy": {"mean": 0.8939999999999999, "std": 1.1102230246251565e-16, "std_err": 5.551115123125783e-17, "raw": [0.894, 0.894, 0.894, 0.894, 0.894]}}, "noise_pct_20": {"accuracy": {"mean": 0.845, "std": 0.0, "std_err": 0.0, "raw": [0.845, 0.845, 0.845, 0.845, 0.845]}}, "noise_pct_30": {"accuracy": {"mean": 0.791, "std": 0.0, "std_err": 0.0, "raw": [0.791, 0.791, 0.791, 0.791, 0.791]}}, "noise_pct_40": {"accuracy": {"mean": 0.742, "std": 0.0, "std_err": 0.0, "raw": [0.742, 0.742, 0.742, 0.742, 0.742]}}, "noise_pct_50": {"accuracy": {"mean": 0.709, "std": 0.0, "std_err": 0.0, "raw": [0.709, 0.709, 0.709, 0.709, 0.709]}}, "noise_pct_60": {"accuracy": {"mean": 0.668, "std": 0.0, "std_err": 0.0, "raw": [0.668, 0.668, 0.668, 0.668, 0.668]}}, "noise_pct_70": {"accuracy": {"mean": 0.626, "std": 0.0, "std_err": 0.0, "raw": [0.626, 0.626, 0.626, 0.626, 0.626]}}, "noise_pct_80": {"accuracy": {"mean": 0.585, "std": 0.0, "std_err": 0.0, "raw": [0.585, 0.585, 0.585, 0.585, 0.585]}}, "noise_pct_90": {"accuracy": {"mean": 0.538, "std": 0.0, "std_err": 0.0, "raw": [0.538, 0.538, 0.538, 0.538, 0.538]}}, "noise_pct_100": {"accuracy": {"mean": 0.5, "std": 0.0, "std_err": 0.0, "raw": [0.5, 0.5, 0.5, 0.5, 0.5]}}}