{"noise_pct_10": {"digit_accuracy": 0.9120495931809376}, "noise_pct_20": {"digit_accuracy": 0.8227431228206121}, "noise_pct_30": {"digit_accuracy": 0.7384734598992638}, "noise_pct_40": {"digit_accuracy": 0.6487795428128632}, "noise_pct_50": {"digit_accuracy": 0.5648973266175901}, "noise_pct_60": {"digit_accuracy": 0.47985277024409145}, "noise_pct_70": {"digit_accuracy": 0.3915149166989539}, "noise_pct_80": {"digit_accuracy": 0.30511429678419216}, "noise_pct_90": {"digit_accuracy": 0.22239442076714452}, "noise_pct_100": {"digit_accuracy": 0.13560635412630764}}