{"noise_pct_10": {"digit_accuracy": {"mean": 0.9149459371484273, "std": 0.003480233412009851, "std_err": 0.0017401167060049254, "raw": [0.9165651644336176, 0.9210526315789473, 0.9125295508274232, 0.9116945107398569, 0.9128878281622912]}, "digit_confidence_dist": {">0%": 0.0, ">25%": 0.0003589375448671931, ">50%": 0.00957166786312515, ">75%": 0.006221584111031347, ">90%": 0.006460875807609476, ">95%": 0.9773869346733668}}, "noise_pct_20": {"digit_accuracy": {"mean": 0.8269078401175095, "std": 0.006641036012665219, "std_err": 0.00332051800633261, "raw": [0.8319123020706456, 0.8367224880382775, 0.8215130023640662, 0.8186157517899761, 0.8257756563245824]}, "digit_confidence_dist": {">0%": 0.0, ">25%": 0.001316104331179708, ">50%": 0.019382627422828428, ">75%": 0.01399856424982053, ">90%": 0.012443168222062694, ">95%": 0.9528595357741086}}, "noise_pct_30": {"digit_accuracy": {"mean": 0.740272242243857, "std": 0.008464641053560307, "std_err": 0.004232320526780153, "raw": [0.743605359317905, 0.7547846889952153, 0.7387706855791962, 0.7315035799522673, 0.7326968973747017]}, "digit_confidence_dist": {">0%": 0.0, ">25%": 0.0020339794209140944, ">50%": 0.026920315865039485, ">75%": 0.021177315147164394, ">90%": 0.01806652309164872, ">95%": 0.9318018664752333}}, "noise_pct_40": {"digit_accuracy": {"mean": 0.6515008310429213, "std": 0.0082936375928146, "std_err": 0.0041468187964073, "raw": [0.6571254567600487, 0.6638755980861244, 0.6513002364066194, 0.6431980906921241, 0.6420047732696897]}, "digit_confidence_dist": {">0%": 0.0, ">25%": 0.002273271117492223, ">50%": 0.03720985881789902, ">75%": 0.03218473318975831, ">90%": 0.02357023211294568, ">95%": 0.9047619047619048}}, "noise_pct_50": {"digit_accuracy": {"mean": 0.5648971858563404, "std": 0.009728930186550076, "std_err": 0.004864465093275038, "raw": [0.5730816077953715, 0.5795454545454546, 0.5602836879432624, 0.5542959427207638, 0.5572792362768496]}, "digit_confidence_dist": {">0%": 0.0, ">25%": 0.002512562814070352, ">50%": 0.04474754726011007, ">75%": 0.03936348408710218, ">90%": 0.030509691313711413, ">95%": 0.882866714525006}}, "noise_pct_60": {"digit_accuracy": {"mean": 0.47957322438081196, "std": 0.008828189880095927, "std_err": 0.004414094940047963, "raw": [0.48599269183922045, 0.4922248803827751, 0.4793144208037825, 0.47255369928400953, 0.4677804295942721]}, "digit_confidence_dist": {">0%": 0.0, ">25%": 0.002632208662359416, ">50%": 0.05479779851639148, ">75%": 0.04797798516391481, ">90%": 0.03685092127303183, ">95%": 0.8577410863843025}}, "noise_pct_70": {"digit_accuracy": {"mean": 0.39496151132678686, "std": 0.006632460968244038, "std_err": 0.003316230484122019, "raw": [0.39707673568818513, 0.4055023923444976, 0.3965721040189125, 0.38782816229116945, 0.38782816229116945]}, "digit_confidence_dist": {">0%": 0.0, ">25%": 0.003230437903804738, ">50%": 0.06293371620004785, ">75%": 0.05659248624072745, ">90%": 0.04271356783919598, ">95%": 0.834529791816224}}, "noise_pct_80": {"digit_accuracy": {"mean": 0.3086777843804948, "std": 0.004364576725043255, "std_err": 0.0021822883625216274, "raw": [0.30755176613885504, 0.31399521531100477, 0.3120567375886525, 0.308472553699284, 0.3013126491646778]}, "digit_confidence_dist": {">0%": 0.0, ">25%": 0.00382866714525006, ">50%": 0.07059105049054798, ">75%": 0.06353194544149318, ">90%": 0.04785833931562575, ">95%": 0.814189997607083}}, "noise_pct_90": {"digit_accuracy": {"mean": 0.22111318721961873, "std": 0.004760976922782326, "std_err": 0.002380488461391163, "raw": [0.2241169305724726, 0.22547846889952153, 0.22458628841607564, 0.21837708830548927, 0.21300715990453462]}, "digit_confidence_dist": {">0%": 0.0, ">25%": 0.004067958841828189, ">50%": 0.08004307250538406, ">75%": 0.07071069633883705, ">90%": 0.054558506819813356, ">95%": 0.7906197654941374}}, "noise_pct_100": {"digit_accuracy": {"mean": 0.13698932725982627, "std": 0.005418018379366604, "std_err": 0.002709009189683302, "raw": [0.13702801461632155, 0.14055023923444976, 0.14066193853427897, 0.14021479713603818, 0.12649164677804295]}, "digit_confidence_dist": {">0%": 0.0, ">25%": 0.004785833931562575, ">50%": 0.08722182340272792, ">75%": 0.07980378080880593, ">90%": 0.06125867432400096, ">95%": 0.7669298875329026}}}