{"noise_pct_0": {"digit_accuracy": {"mean": 0.9989252292822213, "std": 0.0004434598759934587, "std_err": 0.00022172993799672935, "raw": [0.9993909866017052, 0.9988038277511961, 0.9988179669030733, 0.9982100238663485, 0.9994033412887828]}, "digit_confidence_dist": {">0%": 0.0, ">25%": 0.0, ">50%": 0.000957166786312515, ">75%": 0.0005982292414453219, ">90%": 0.00023929169657812874, ">95%": 0.998205312275664}}}