{"noise_pct_10": {"card_accuracy": {"mean": 0.9091346153846154, "std": 0.0031890622984186425, "std_err": 0.0015945311492093213, "raw": [0.9086538461538461, 0.9134615384615384, 0.9038461538461539, 0.9110576923076923, 0.9086538461538461]}, "card_confidence_dist": {">0%": 0.0, ">25%": 0.0, ">50%": 0.0009615384615384616, ">75%": 0.002403846153846154, ">90%": 0.0009615384615384616, ">95%": 0.9956730769230769}}, "noise_pct_20": {"card_accuracy": {"mean": 0.8177884615384615, "std": 0.0038461538461538325, "std_err": 0.001923076923076916, "raw": [0.8149038461538461, 0.8221153846153846, 0.8125, 0.8221153846153846, 0.8173076923076923]}, "card_confidence_dist": {">0%": 0.0, ">25%": 0.0, ">50%": 0.0014423076923076924, ">75%": 0.0038461538461538464, ">90%": 0.0014423076923076924, ">95%": 0.9932692307692308}}, "noise_pct_30": {"card_accuracy": {"mean": 0.7173076923076922, "std": 0.005396621230923935, "std_err": 0.002698310615461967, "raw": [0.7115384615384616, 0.7235576923076923, 0.7115384615384616, 0.7235576923076923, 0.7163461538461539]}, "card_confidence_dist": {">0%": 0.0, ">25%": 0.0, ">50%": 0.0038461538461538464, ">75%": 0.007211538461538462, ">90%": 0.002403846153846154, ">95%": 0.9865384615384616}}, "noise_pct_40": {"card_accuracy": {"mean": 0.625, "std": 0.005888196497074926, "std_err": 0.0029440982485374628, "raw": [0.6225961538461539, 0.6322115384615384, 0.6153846153846154, 0.6298076923076923, 0.625]}, "card_confidence_dist": {">0%": 0.0, ">25%": 0.0, ">50%": 0.0038461538461538464, ">75%": 0.008653846153846154, ">90%": 0.0033653846153846156, ">95%": 0.9841346153846153}}, "noise_pct_50": {"card_accuracy": {"mean": 0.5201923076923076, "std": 0.006194278234002481, "std_err": 0.00309713911700124, "raw": [0.5192307692307693, 0.5264423076923077, 0.5096153846153846, 0.5264423076923077, 0.5192307692307693]}, "card_confidence_dist": {">0%": 0.0, ">25%": 0.0, ">50%": 0.0038461538461538464, ">75%": 0.010576923076923078, ">90%": 0.004326923076923077, ">95%": 0.98125}}, "noise_pct_60": {"card_accuracy": {"mean": 0.4278846153846153, "std": 0.004807692307692313, "std_err": 0.0024038461538461566, "raw": [0.42788461538461536, 0.43028846153846156, 0.4206730769230769, 0.43509615384615385, 0.4254807692307692]}, "card_confidence_dist": {">0%": 0.0, ">25%": 0.0, ">50%": 0.004807692307692308, ">75%": 0.012980769230769231, ">90%": 0.007211538461538462, ">95%": 0.975}}, "noise_pct_70": {"card_accuracy": {"mean": 0.33653846153846156, "std": 0.004807692307692313, "std_err": 0.0024038461538461566, "raw": [0.33413461538461536, 0.33653846153846156, 0.3293269230769231, 0.34375, 0.3389423076923077]}, "card_confidence_dist": {">0%": 0.0, ">25%": 0.0, ">50%": 0.00625, ">75%": 0.014903846153846155, ">90%": 0.007692307692307693, ">95%": 0.9711538461538461}}, "noise_pct_80": {"card_accuracy": {"mean": 0.23557692307692307, "std": 0.007752170911825527, "std_err": 0.0038760854559127633, "raw": [0.23317307692307693, 0.23557692307692307, 0.22355769230769232, 0.24759615384615385, 0.23798076923076922]}, "card_confidence_dist": {">0%": 0.0, ">25%": 0.0, ">50%": 0.007211538461538462, ">75%": 0.016826923076923076, ">90%": 0.008173076923076924, ">95%": 0.9677884615384615}}, "noise_pct_90": {"card_accuracy": {"mean": 0.14182692307692307, "std": 0.008464815798874528, "std_err": 0.004232407899437264, "raw": [0.14182692307692307, 0.14423076923076922, 0.12740384615384615, 0.15384615384615385, 0.14182692307692307]}, "card_confidence_dist": {">0%": 0.0, ">25%": 0.0, ">50%": 0.008653846153846154, ">75%": 0.01826923076923077, ">90%": 0.009134615384615385, ">95%": 0.9639423076923077}}, "noise_pct_100": {"card_accuracy": {"mean": 0.04230769230769231, "std": 0.006900336583849675, "std_err": 0.0034501682919248376, "raw": [0.040865384615384616, 0.04326923076923077, 0.03125, 0.052884615384615384, 0.04326923076923077]}, "card_confidence_dist": {">0%": 0.0, ">25%": 0.0, ">50%": 0.010576923076923078, ">75%": 0.021634615384615384, ">90%": 0.011538461538461539, ">95%": 0.95625}}}