{"noise_pct_10": {"card_accuracy": 0.9028471528471529}, "noise_pct_20": {"card_accuracy": 0.8056943056943057}, "noise_pct_30": {"card_accuracy": 0.7085414585414586}, "noise_pct_40": {"card_accuracy": 0.6111388611388612}, "noise_pct_50": {"card_accuracy": 0.5144855144855145}, "noise_pct_60": {"card_accuracy": 0.4165834165834166}, "noise_pct_70": {"card_accuracy": 0.31868131868131866}, "noise_pct_80": {"card_accuracy": 0.22202797202797203}, "noise_pct_90": {"card_accuracy": 0.12312687312687312}, "noise_pct_100": {"card_accuracy": 0.025724275724275724}}