{"noise_pct_10": {"card_accuracy": 0.9043456543456544}, "noise_pct_20": {"card_accuracy": 0.8091908091908092}, "noise_pct_30": {"card_accuracy": 0.712037962037962}, "noise_pct_40": {"card_accuracy": 0.6158841158841158}, "noise_pct_50": {"card_accuracy": 0.5204795204795205}, "noise_pct_60": {"card_accuracy": 0.4245754245754246}, "noise_pct_70": {"card_accuracy": 0.3276723276723277}, "noise_pct_80": {"card_accuracy": 0.23101898101898102}, "noise_pct_90": {"card_accuracy": 0.13386613386613386}, "noise_pct_100": {"card_accuracy": 0.03671328671328671}}