{"noise_pct_10": {"card_accuracy": {"mean": 0.9052884615384615, "std": 0.0019230769230769162, "std_err": 0.000961538461538458, "raw": [0.90625, 0.9086538461538461, 0.9038461538461539, 0.9038461538461539, 0.9038461538461539]}, "card_confidence_dist": {">0%": 0.0, ">25%": 0.0004807692307692308, ">50%": 0.0019230769230769232, ">75%": 0.0033653846153846156, ">90%": 0.0019230769230769232, ">95%": 0.9923076923076923}}, "noise_pct_20": {"card_accuracy": {"mean": 0.8110576923076923, "std": 0.0011776392994149853, "std_err": 0.0005888196497074926, "raw": [0.8100961538461539, 0.8125, 0.8125, 0.8100961538461539, 0.8100961538461539]}, "card_confidence_dist": {">0%": 0.0, ">25%": 0.0004807692307692308, ">50%": 0.0033653846153846156, ">75%": 0.0038461538461538464, ">90%": 0.0038461538461538464, ">95%": 0.9884615384615385}}, "noise_pct_30": {"card_accuracy": {"mean": 0.70625, "std": 0.0017988737436413116, "std_err": 0.0008994368718206557, "raw": [0.7043269230769231, 0.7067307692307693, 0.7067307692307693, 0.7091346153846154, 0.7043269230769231]}, "card_confidence_dist": {">0%": 0.0, ">25%": 0.0004807692307692308, ">50%": 0.004807692307692308, ">75%": 0.0057692307692307696, ">90%": 0.0038461538461538464, ">95%": 0.9850961538461539}}, "noise_pct_40": {"card_accuracy": {"mean": 0.6120192307692308, "std": 0.0019230769230769607, "std_err": 0.0009615384615384803, "raw": [0.6129807692307693, 0.6129807692307693, 0.6129807692307693, 0.6129807692307693, 0.6081730769230769]}, "card_confidence_dist": {">0%": 0.0, ">25%": 0.0004807692307692308, ">50%": 0.0057692307692307696, ">75%": 0.007211538461538462, ">90%": 0.004807692307692308, ">95%": 0.9817307692307692}}, "noise_pct_50": {"card_accuracy": {"mean": 0.5091346153846154, "std": 0.0023552785988299706, "std_err": 0.0011776392994149853, "raw": [0.5120192307692307, 0.5096153846153846, 0.5096153846153846, 0.5096153846153846, 0.5048076923076923]}, "card_confidence_dist": {">0%": 0.0, ">25%": 0.0004807692307692308, ">50%": 0.008173076923076924, ">75%": 0.008653846153846154, ">90%": 0.005288461538461539, ">95%": 0.9774038461538461}}, "noise_pct_60": {"card_accuracy": {"mean": 0.4158653846153847, "std": 0.003040651596315765, "std_err": 0.0015203257981578823, "raw": [0.4182692307692308, 0.4182692307692308, 0.4182692307692308, 0.41346153846153844, 0.4110576923076923]}, "card_confidence_dist": {">0%": 0.0, ">25%": 0.0004807692307692308, ">50%": 0.009615384615384616, ">75%": 0.009615384615384616, ">90%": 0.007692307692307693, ">95%": 0.9725961538461538}}, "noise_pct_70": {"card_accuracy": {"mean": 0.3206730769230769, "std": 0.003260735568810236, "std_err": 0.0016303677844051179, "raw": [0.32211538461538464, 0.32211538461538464, 0.3245192307692308, 0.31971153846153844, 0.31490384615384615]}, "card_confidence_dist": {">0%": 0.0, ">25%": 0.0004807692307692308, ">50%": 0.010096153846153847, ">75%": 0.010576923076923078, ">90%": 0.009134615384615385, ">95%": 0.9697115384615385}}, "noise_pct_80": {"card_accuracy": {"mean": 0.21730769230769234, "std": 0.0011776392994149853, "std_err": 0.0005888196497074926, "raw": [0.21634615384615385, 0.21634615384615385, 0.21875, 0.21875, 0.21634615384615385]}, "card_confidence_dist": {">0%": 0.0, ">25%": 0.0004807692307692308, ">50%": 0.012980769230769231, ">75%": 0.011057692307692308, ">90%": 0.009615384615384616, ">95%": 0.9658653846153846}}, "noise_pct_90": {"card_accuracy": {"mean": 0.12259615384615385, "std": 0.0015203257981578737, "std_err": 0.0007601628990789368, "raw": [0.125, 0.12259615384615384, 0.12259615384615384, 0.12259615384615384, 0.1201923076923077]}, "card_confidence_dist": {">0%": 0.0, ">25%": 0.0009615384615384616, ">50%": 0.014903846153846155, ">75%": 0.011057692307692308, ">90%": 0.010576923076923078, ">95%": 0.9625}}, "noise_pct_100": {"card_accuracy": {"mean": 0.01923076923076923, "std": 0.0015203257981578748, "std_err": 0.0007601628990789374, "raw": [0.021634615384615384, 0.019230769230769232, 0.019230769230769232, 0.019230769230769232, 0.016826923076923076]}, "card_confidence_dist": {">0%": 0.0, ">25%": 0.0009615384615384616, ">50%": 0.01875, ">75%": 0.013461538461538462, ">90%": 0.01201923076923077, ">95%": 0.9548076923076924}}}