{"noise_pct_10": {"card_accuracy": {"mean": 0.9072115384615385, "std": 0.0011776392994149853, "std_err": 0.0005888196497074926, "raw": [0.9086538461538461, 0.90625, 0.90625, 0.90625, 0.9086538461538461]}, "card_confidence_dist": {">0%": 0.0, ">25%": 0.0, ">50%": 0.002403846153846154, ">75%": 0.0014423076923076924, ">90%": 0.0004807692307692308, ">95%": 0.9956730769230769}}, "noise_pct_20": {"card_accuracy": {"mean": 0.8144230769230768, "std": 0.0023552785988299706, "std_err": 0.0011776392994149853, "raw": [0.8149038461538461, 0.8173076923076923, 0.8100961538461539, 0.8149038461538461, 0.8149038461538461]}, "card_confidence_dist": {">0%": 0.0, ">25%": 0.0, ">50%": 0.004326923076923077, ">75%": 0.0019230769230769232, ">90%": 0.0019230769230769232, ">95%": 0.9918269230769231}}, "noise_pct_30": {"card_accuracy": {"mean": 0.7134615384615385, "std": 0.0017988737436413114, "std_err": 0.0008994368718206557, "raw": [0.7163461538461539, 0.7139423076923077, 0.7139423076923077, 0.7115384615384616, 0.7115384615384616]}, "card_confidence_dist": {">0%": 0.0, ">25%": 0.0, ">50%": 0.006730769230769231, ">75%": 0.0028846153846153848, ">90%": 0.0033653846153846156, ">95%": 0.9870192307692308}}, "noise_pct_40": {"card_accuracy": {"mean": 0.6197115384615385, "std": 0.0017988737436413114, "std_err": 0.0008994368718206557, "raw": [0.6225961538461539, 0.6201923076923077, 0.6201923076923077, 0.6177884615384616, 0.6177884615384616]}, "card_confidence_dist": {">0%": 0.0, ">25%": 0.0, ">50%": 0.008653846153846154, ">75%": 0.004807692307692308, ">90%": 0.004326923076923077, ">95%": 0.9822115384615384}}, "noise_pct_50": {"card_accuracy": {"mean": 0.5173076923076924, "std": 0.0017988737436413472, "std_err": 0.0008994368718206736, "raw": [0.5192307692307693, 0.5168269230769231, 0.5144230769230769, 0.5192307692307693, 0.5168269230769231]}, "card_confidence_dist": {">0%": 0.0, ">25%": 0.0, ">50%": 0.009134615384615385, ">75%": 0.007211538461538462, ">90%": 0.00625, ">95%": 0.9774038461538461}}, "noise_pct_60": {"card_accuracy": {"mean": 0.4240384615384615, "std": 0.0011776392994149853, "std_err": 0.0005888196497074926, "raw": [0.4230769230769231, 0.4230769230769231, 0.4230769230769231, 0.4254807692307692, 0.4254807692307692]}, "card_confidence_dist": {">0%": 0.0, ">25%": 0.0, ">50%": 0.011057692307692308, ">75%": 0.009134615384615385, ">90%": 0.007211538461538462, ">95%": 0.9725961538461538}}, "noise_pct_70": {"card_accuracy": {"mean": 0.3317307692307692, "std": 0.002633281526467156, "std_err": 0.0013166407632335777, "raw": [0.33653846153846156, 0.3293269230769231, 0.3317307692307692, 0.3293269230769231, 0.3317307692307692]}, "card_confidence_dist": {">0%": 0.0, ">25%": 0.0, ">50%": 0.011538461538461539, ">75%": 0.011057692307692308, ">90%": 0.008653846153846154, ">95%": 0.96875}}, "noise_pct_80": {"card_accuracy": {"mean": 0.23028846153846158, "std": 0.0038461538461538416, "std_err": 0.0019230769230769208, "raw": [0.23557692307692307, 0.22355769230769232, 0.23076923076923078, 0.23076923076923078, 0.23076923076923078]}, "card_confidence_dist": {">0%": 0.0, ">25%": 0.0, ">50%": 0.014903846153846155, ">75%": 0.013942307692307693, ">90%": 0.009615384615384616, ">95%": 0.9615384615384616}}, "noise_pct_90": {"card_accuracy": {"mean": 0.13605769230769232, "std": 0.003597747487282635, "std_err": 0.0017988737436413172, "raw": [0.13942307692307693, 0.12980769230769232, 0.13701923076923078, 0.1346153846153846, 0.13942307692307693]}, "card_confidence_dist": {">0%": 0.0, ">25%": 0.0, ">50%": 0.016346153846153847, ">75%": 0.015384615384615385, ">90%": 0.009615384615384616, ">95%": 0.9586538461538462}}, "noise_pct_100": {"card_accuracy": {"mean": 0.03317307692307693, "std": 0.003532917898244968, "std_err": 0.0017664589491224838, "raw": [0.038461538461538464, 0.028846153846153848, 0.03125, 0.03125, 0.036057692307692304]}, "card_confidence_dist": {">0%": 0.0, ">25%": 0.0, ">50%": 0.01826923076923077, ">75%": 0.01875, ">90%": 0.0125, ">95%": 0.9504807692307692}}}