{"noise_pct_10": {"card_accuracy": 0.9043456543456544}, "noise_pct_20": {"card_accuracy": 0.8086913086913087}, "noise_pct_30": {"card_accuracy": 0.7135364635364635}, "noise_pct_40": {"card_accuracy": 0.6181318681318682}, "noise_pct_50": {"card_accuracy": 0.5232267732267732}, "noise_pct_60": {"card_accuracy": 0.4288211788211788}, "noise_pct_70": {"card_accuracy": 0.3324175824175824}, "noise_pct_80": {"card_accuracy": 0.23751248751248752}, "noise_pct_90": {"card_accuracy": 0.14185814185814186}, "noise_pct_100": {"card_accuracy": 0.046703296703296704}}