{"noise_pct_10": {"card_accuracy": 0.9165834165834166}, "noise_pct_20": {"card_accuracy": 0.8336663336663337}, "noise_pct_30": {"card_accuracy": 0.7514985014985015}, "noise_pct_40": {"card_accuracy": 0.6685814185814186}, "noise_pct_50": {"card_accuracy": 0.5886613386613386}, "noise_pct_60": {"card_accuracy": 0.50999000999001}, "noise_pct_70": {"card_accuracy": 0.43006993006993005}, "noise_pct_80": {"card_accuracy": 0.3489010989010989}, "noise_pct_90": {"card_accuracy": 0.26723276723276723}, "noise_pct_100": {"card_accuracy": 0.18556443556443555}}