{"noise_pct_10": {"card_accuracy": {"mean": 0.9225961538461538, "std": 0.005133210698092006, "std_err": 0.002566605349046003, "raw": [0.9134615384615384, 0.9206730769230769, 0.9254807692307693, 0.9254807692307693, 0.9278846153846154]}, "card_confidence_dist": {">0%": 0.010576923076923078, ">25%": 0.014423076923076924, ">50%": 0.010096153846153847, ">75%": 0.007211538461538462, ">90%": 0.0028846153846153848, ">95%": 0.9548076923076924}}, "noise_pct_20": {"card_accuracy": {"mean": 0.8418269230769232, "std": 0.004661230632131069, "std_err": 0.0023306153160655347, "raw": [0.8365384615384616, 0.84375, 0.8365384615384616, 0.84375, 0.8485576923076923]}, "card_confidence_dist": {">0%": 0.01826923076923077, ">25%": 0.03125, ">50%": 0.022115384615384617, ">75%": 0.014903846153846155, ">90%": 0.007692307692307693, ">95%": 0.9057692307692308}}, "noise_pct_30": {"card_accuracy": {"mean": 0.75625, "std": 0.004191248984173709, "std_err": 0.0020956244920868547, "raw": [0.75, 0.7596153846153846, 0.7548076923076923, 0.7620192307692307, 0.7548076923076923]}, "card_confidence_dist": {">0%": 0.025961538461538463, ">25%": 0.04807692307692308, ">50%": 0.03413461538461538, ">75%": 0.022596153846153846, ">90%": 0.014423076923076924, ">95%": 0.8548076923076923}}, "noise_pct_40": {"card_accuracy": {"mean": 0.6802884615384615, "std": 0.006799103665255272, "std_err": 0.0033995518326276355, "raw": [0.6706730769230769, 0.6802884615384616, 0.6850961538461539, 0.6899038461538461, 0.6754807692307693]}, "card_confidence_dist": {">0%": 0.032692307692307694, ">25%": 0.06634615384615385, ">50%": 0.04567307692307692, ">75%": 0.02980769230769231, ">90%": 0.017788461538461538, ">95%": 0.8076923076923077}}, "noise_pct_50": {"card_accuracy": {"mean": 0.5927884615384615, "std": 0.006378124596837285, "std_err": 0.003189062298418642, "raw": [0.5817307692307693, 0.59375, 0.5961538461538461, 0.6009615384615384, 0.5913461538461539]}, "card_confidence_dist": {">0%": 0.04471153846153846, ">25%": 0.08653846153846154, ">50%": 0.05721153846153846, ">75%": 0.0375, ">90%": 0.021153846153846155, ">95%": 0.7528846153846154}}, "noise_pct_60": {"card_accuracy": {"mean": 0.5129807692307693, "std": 0.004710557197659982, "std_err": 0.002355278598829991, "raw": [0.5072115384615384, 0.5120192307692307, 0.5120192307692307, 0.5216346153846154, 0.5120192307692307]}, "card_confidence_dist": {">0%": 0.05384615384615385, ">25%": 0.10480769230769231, ">50%": 0.06971153846153846, ">75%": 0.04278846153846154, ">90%": 0.02403846153846154, ">95%": 0.7048076923076924}}, "noise_pct_70": {"card_accuracy": {"mean": 0.44375, "std": 0.003597747487282644, "std_err": 0.001798873743641322, "raw": [0.4375, 0.44711538461538464, 0.4423076923076923, 0.44471153846153844, 0.44711538461538464]}, "card_confidence_dist": {">0%": 0.06057692307692308, ">25%": 0.11586538461538462, ">50%": 0.0798076923076923, ">75%": 0.05048076923076923, ">90%": 0.026442307692307692, ">95%": 0.666826923076923}}, "noise_pct_80": {"card_accuracy": {"mean": 0.3591346153846154, "std": 0.008130545444849879, "std_err": 0.004065272722424939, "raw": [0.35336538461538464, 0.3581730769230769, 0.3557692307692308, 0.375, 0.35336538461538464]}, "card_confidence_dist": {">0%": 0.06826923076923076, ">25%": 0.12884615384615383, ">50%": 0.09230769230769231, ">75%": 0.06346153846153846, ">90%": 0.03221153846153846, ">95%": 0.6149038461538462}}, "noise_pct_90": {"card_accuracy": {"mean": 0.2798076923076923, "std": 0.005809156718074314, "std_err": 0.002904578359037157, "raw": [0.27884615384615385, 0.27884615384615385, 0.27403846153846156, 0.29086538461538464, 0.2764423076923077]}, "card_confidence_dist": {">0%": 0.07788461538461539, ">25%": 0.14807692307692308, ">50%": 0.10480769230769231, ">75%": 0.0673076923076923, ">90%": 0.038461538461538464, ">95%": 0.5634615384615385}}, "noise_pct_100": {"card_accuracy": {"mean": 0.19855769230769232, "std": 0.008410026771411488, "std_err": 0.004205013385705744, "raw": [0.19230769230769232, 0.19951923076923078, 0.18990384615384615, 0.21394230769230768, 0.1971153846153846]}, "card_confidence_dist": {">0%": 0.0875, ">25%": 0.16682692307692307, ">50%": 0.11682692307692308, ">75%": 0.0798076923076923, ">90%": 0.04471153846153846, ">95%": 0.5043269230769231}}}