{"noise_pct_10": {"card_accuracy": {"mean": 0.9120192307692306, "std": 0.0019230769230769162, "std_err": 0.000961538461538458, "raw": [0.9134615384615384, 0.9134615384615384, 0.9134615384615384, 0.9110576923076923, 0.9086538461538461]}, "card_confidence_dist": {">0%": 0.0, ">25%": 0.0, ">50%": 0.002403846153846154, ">75%": 0.0004807692307692308, ">90%": 0.0009615384615384616, ">95%": 0.9961538461538462}}, "noise_pct_20": {"card_accuracy": {"mean": 0.8211538461538461, "std": 0.0011776392994149853, "std_err": 0.0005888196497074926, "raw": [0.8197115384615384, 0.8221153846153846, 0.8221153846153846, 0.8221153846153846, 0.8197115384615384]}, "card_confidence_dist": {">0%": 0.0, ">25%": 0.0, ">50%": 0.0028846153846153848, ">75%": 0.0033653846153846156, ">90%": 0.002403846153846154, ">95%": 0.9913461538461539}}, "noise_pct_30": {"card_accuracy": {"mean": 0.725, "std": 0.004191248984173709, "std_err": 0.0020956244920868547, "raw": [0.7235576923076923, 0.7283653846153846, 0.7307692307692307, 0.7235576923076923, 0.71875]}, "card_confidence_dist": {">0%": 0.0, ">25%": 0.0, ">50%": 0.004807692307692308, ">75%": 0.0057692307692307696, ">90%": 0.002403846153846154, ">95%": 0.9870192307692308}}, "noise_pct_40": {"card_accuracy": {"mean": 0.6336538461538461, "std": 0.0039057876945365055, "std_err": 0.0019528938472682526, "raw": [0.6322115384615384, 0.6346153846153846, 0.6394230769230769, 0.6346153846153846, 0.6274038461538461]}, "card_confidence_dist": {">0%": 0.0, ">25%": 0.0004807692307692308, ">50%": 0.005288461538461539, ">75%": 0.007211538461538462, ">90%": 0.0028846153846153848, ">95%": 0.9841346153846153}}, "noise_pct_50": {"card_accuracy": {"mean": 0.5346153846153846, "std": 0.003260735568810213, "std_err": 0.0016303677844051066, "raw": [0.5336538461538461, 0.5336538461538461, 0.5408653846153846, 0.5336538461538461, 0.53125]}, "card_confidence_dist": {">0%": 0.0, ">25%": 0.0004807692307692308, ">50%": 0.00625, ">75%": 0.007692307692307693, ">90%": 0.0028846153846153848, ">95%": 0.9826923076923076}}, "noise_pct_60": {"card_accuracy": {"mean": 0.44423076923076915, "std": 0.004135733301462807, "std_err": 0.0020678666507314035, "raw": [0.4423076923076923, 0.44471153846153844, 0.4519230769230769, 0.43990384615384615, 0.4423076923076923]}, "card_confidence_dist": {">0%": 0.0, ">25%": 0.0004807692307692308, ">50%": 0.007211538461538462, ">75%": 0.009615384615384616, ">90%": 0.0038461538461538464, ">95%": 0.9788461538461538}}, "noise_pct_70": {"card_accuracy": {"mean": 0.35625, "std": 0.00596618925288023, "std_err": 0.002983094626440115, "raw": [0.35336538461538464, 0.35336538461538464, 0.36778846153846156, 0.3557692307692308, 0.35096153846153844]}, "card_confidence_dist": {">0%": 0.0, ">25%": 0.0004807692307692308, ">50%": 0.008173076923076924, ">75%": 0.011538461538461539, ">90%": 0.0057692307692307696, ">95%": 0.9740384615384615}}, "noise_pct_80": {"card_accuracy": {"mean": 0.25913461538461535, "std": 0.007195494974565267, "std_err": 0.003597747487282633, "raw": [0.2548076923076923, 0.25961538461538464, 0.27163461538461536, 0.25961538461538464, 0.25]}, "card_confidence_dist": {">0%": 0.0, ">25%": 0.0004807692307692308, ">50%": 0.011538461538461539, ">75%": 0.014423076923076924, ">90%": 0.0057692307692307696, ">95%": 0.9677884615384615}}, "noise_pct_90": {"card_accuracy": {"mean": 0.16923076923076924, "std": 0.005606684514274327, "std_err": 0.0028033422571371635, "raw": [0.16346153846153846, 0.16826923076923078, 0.1778846153846154, 0.17307692307692307, 0.16346153846153846]}, "card_confidence_dist": {">0%": 0.0, ">25%": 0.0004807692307692308, ">50%": 0.01201923076923077, ">75%": 0.014903846153846155, ">90%": 0.007692307692307693, ">95%": 0.9649038461538462}}, "noise_pct_100": {"card_accuracy": {"mean": 0.06971153846153846, "std": 0.006268463851156392, "std_err": 0.0031342319255781956, "raw": [0.06490384615384616, 0.0673076923076923, 0.08173076923076923, 0.06971153846153846, 0.06490384615384616]}, "card_confidence_dist": {">0%": 0.0, ">25%": 0.0004807692307692308, ">50%": 0.013942307692307693, ">75%": 0.015865384615384615, ">90%": 0.009134615384615385, ">95%": 0.9605769230769231}}}