{"noise_pct_10": {"card_accuracy": 0.9048451548451548}, "noise_pct_20": {"card_accuracy": 0.8104395604395604}, "noise_pct_30": {"card_accuracy": 0.7162837162837162}, "noise_pct_40": {"card_accuracy": 0.6223776223776224}, "noise_pct_50": {"card_accuracy": 0.5284715284715285}, "noise_pct_60": {"card_accuracy": 0.43456543456543456}, "noise_pct_70": {"card_accuracy": 0.3414085914085914}, "noise_pct_80": {"card_accuracy": 0.24825174825174826}, "noise_pct_90": {"card_accuracy": 0.1545954045954046}, "noise_pct_100": {"card_accuracy": 0.06018981018981019}}