{"noise_pct_95": {"pct_incorrect_examples": 0.7442307692307693, "std": 0.040016638551316944, "std_err": 0.005716662650188135, "raw": [0.7980769230769231, 0.6923076923076923, 0.7692307692307692, 0.7403846153846154, 0.75, 0.7980769230769231, 0.8173076923076923, 0.7403846153846154, 0.8461538461538461, 0.7211538461538461, 0.7788461538461539, 0.7211538461538461, 0.7403846153846154, 0.7403846153846154, 0.6923076923076923, 0.7980769230769231, 0.75, 0.6634615384615384, 0.7019230769230769, 0.75, 0.7403846153846154, 0.6826923076923077, 0.7692307692307692, 0.7692307692307692, 0.7788461538461539, 0.7596153846153846, 0.7403846153846154, 0.75, 0.7788461538461539, 0.8173076923076923, 0.6730769230769231, 0.7307692307692308, 0.7403846153846154, 0.7019230769230769, 0.7980769230769231, 0.7596153846153846, 0.7115384615384616, 0.7307692307692308, 0.7307692307692308, 0.6634615384615384, 0.7307692307692308, 0.7211538461538461, 0.75, 0.6923076923076923, 0.7692307692307692, 0.7692307692307692, 0.7788461538461539, 0.7307692307692308, 0.7211538461538461, 0.7115384615384616]}, "noise_pct_96": {"pct_incorrect_examples": 0.7519230769230769, "std": 0.04052174520327976, "std_err": 0.00578882074332568, "raw": [0.8076923076923077, 0.7019230769230769, 0.7788461538461539, 0.75, 0.7596153846153846, 0.8076923076923077, 0.8269230769230769, 0.75, 0.8557692307692308, 0.7211538461538461, 0.7788461538461539, 0.7307692307692308, 0.7403846153846154, 0.75, 0.7019230769230769, 0.8076923076923077, 0.7596153846153846, 0.6730769230769231, 0.7115384615384616, 0.7596153846153846, 0.75, 0.6923076923076923, 0.7788461538461539, 0.7788461538461539, 0.7884615384615384, 0.7692307692307692, 0.75, 0.7596153846153846, 0.7884615384615384, 0.8269230769230769, 0.6826923076923077, 0.7307692307692308, 0.7403846153846154, 0.7115384615384616, 0.8076923076923077, 0.7692307692307692, 0.7211538461538461, 0.7403846153846154, 0.7307692307692308, 0.6634615384615384, 0.7403846153846154, 0.7307692307692308, 0.7596153846153846, 0.7019230769230769, 0.7788461538461539, 0.7692307692307692, 0.7788461538461539, 0.7403846153846154, 0.7211538461538461, 0.7211538461538461]}, "noise_pct_97": {"pct_incorrect_examples": 0.7580769230769232, "std": 0.04076560216072647, "std_err": 0.005823657451532353, "raw": [0.8173076923076923, 0.7115384615384616, 0.7884615384615384, 0.7596153846153846, 0.7692307692307692, 0.8076923076923077, 0.8365384615384616, 0.7596153846153846, 0.8653846153846154, 0.7307692307692308, 0.7788461538461539, 0.7307692307692308, 0.7403846153846154, 0.75, 0.7019230769230769, 0.8173076923076923, 0.7596153846153846, 0.6826923076923077, 0.7115384615384616, 0.7692307692307692, 0.7596153846153846, 0.7019230769230769, 0.7884615384615384, 0.7788461538461539, 0.7980769230769231, 0.7788461538461539, 0.7596153846153846, 0.7692307692307692, 0.7980769230769231, 0.8269230769230769, 0.6923076923076923, 0.7403846153846154, 0.75, 0.7211538461538461, 0.8173076923076923, 0.7788461538461539, 0.7307692307692308, 0.7403846153846154, 0.7307692307692308, 0.6730769230769231, 0.75, 0.7307692307692308, 0.7596153846153846, 0.7019230769230769, 0.7788461538461539, 0.7692307692307692, 0.7884615384615384, 0.7403846153846154, 0.7307692307692308, 0.7307692307692308]}, "noise_pct_98": {"pct_incorrect_examples": 0.7659615384615384, "std": 0.04091275534959553, "std_err": 0.005844679335656504, "raw": [0.8269230769230769, 0.7211538461538461, 0.7980769230769231, 0.7692307692307692, 0.7788461538461539, 0.8076923076923077, 0.8461538461538461, 0.7692307692307692, 0.875, 0.7403846153846154, 0.7884615384615384, 0.7307692307692308, 0.7403846153846154, 0.7596153846153846, 0.7115384615384616, 0.8269230769230769, 0.7692307692307692, 0.6923076923076923, 0.7211538461538461, 0.7788461538461539, 0.7692307692307692, 0.7115384615384616, 0.7980769230769231, 0.7788461538461539, 0.7980769230769231, 0.7884615384615384, 0.7692307692307692, 0.7788461538461539, 0.8076923076923077, 0.8269230769230769, 0.7019230769230769, 0.75, 0.7596153846153846, 0.7307692307692308, 0.8269230769230769, 0.7884615384615384, 0.7307692307692308, 0.75, 0.7403846153846154, 0.6730769230769231, 0.7596153846153846, 0.7403846153846154, 0.7692307692307692, 0.7115384615384616, 0.7884615384615384, 0.7788461538461539, 0.7980769230769231, 0.7403846153846154, 0.7403846153846154, 0.7403846153846154]}, "noise_pct_99": {"pct_incorrect_examples": 0.7736538461538461, "std": 0.0402566654409681, "std_err": 0.005750952205852586, "raw": [0.8365384615384616, 0.7307692307692308, 0.8076923076923077, 0.7788461538461539, 0.7788461538461539, 0.8173076923076923, 0.8461538461538461, 0.7788461538461539, 0.8846153846153846, 0.75, 0.7980769230769231, 0.7403846153846154, 0.75, 0.7596153846153846, 0.7211538461538461, 0.8365384615384616, 0.7788461538461539, 0.7019230769230769, 0.7307692307692308, 0.7884615384615384, 0.7788461538461539, 0.7211538461538461, 0.8076923076923077, 0.7884615384615384, 0.7980769230769231, 0.7884615384615384, 0.7788461538461539, 0.7884615384615384, 0.8076923076923077, 0.8365384615384616, 0.7115384615384616, 0.7596153846153846, 0.7692307692307692, 0.7403846153846154, 0.8365384615384616, 0.7980769230769231, 0.7403846153846154, 0.7596153846153846, 0.75, 0.6826923076923077, 0.7692307692307692, 0.75, 0.7788461538461539, 0.7211538461538461, 0.7980769230769231, 0.7788461538461539, 0.7980769230769231, 0.7403846153846154, 0.7403846153846154, 0.75]}, "noise_pct_100": {"pct_incorrect_examples": 0.7888461538461539, "std": 0.040245180533984674, "std_err": 0.005749311504854953, "raw": [0.8557692307692308, 0.75, 0.8173076923076923, 0.7980769230769231, 0.7980769230769231, 0.8365384615384616, 0.8557692307692308, 0.7884615384615384, 0.8942307692307693, 0.7692307692307692, 0.8173076923076923, 0.75, 0.7692307692307692, 0.7788461538461539, 0.7403846153846154, 0.8461538461538461, 0.7980769230769231, 0.7115384615384616, 0.75, 0.8076923076923077, 0.7980769230769231, 0.7307692307692308, 0.8269230769230769, 0.7980769230769231, 0.8173076923076923, 0.8076923076923077, 0.7884615384615384, 0.7980769230769231, 0.8173076923076923, 0.8557692307692308, 0.7211538461538461, 0.7692307692307692, 0.7884615384615384, 0.7596153846153846, 0.8461538461538461, 0.8076923076923077, 0.7596153846153846, 0.7692307692307692, 0.7596153846153846, 0.7019230769230769, 0.7884615384615384, 0.7692307692307692, 0.7980769230769231, 0.7307692307692308, 0.8173076923076923, 0.7980769230769231, 0.8173076923076923, 0.7596153846153846, 0.75, 0.7596153846153846]}}