{"noise_pct_95": {"pct_incorrect_examples": 0.7478846153846155, "std": 0.04080776480817165, "std_err": 0.005829680686881665, "raw": [0.6923076923076923, 0.7403846153846154, 0.7692307692307692, 0.6730769230769231, 0.7884615384615384, 0.7596153846153846, 0.7692307692307692, 0.7788461538461539, 0.7788461538461539, 0.7403846153846154, 0.7307692307692308, 0.6923076923076923, 0.6923076923076923, 0.7980769230769231, 0.7307692307692308, 0.7019230769230769, 0.75, 0.7403846153846154, 0.7596153846153846, 0.7884615384615384, 0.7211538461538461, 0.7403846153846154, 0.7980769230769231, 0.6730769230769231, 0.7788461538461539, 0.7307692307692308, 0.7596153846153846, 0.6538461538461539, 0.75, 0.7692307692307692, 0.7211538461538461, 0.7692307692307692, 0.7692307692307692, 0.7596153846153846, 0.7115384615384616, 0.7307692307692308, 0.7884615384615384, 0.7019230769230769, 0.75, 0.7788461538461539, 0.7115384615384616, 0.7884615384615384, 0.7980769230769231, 0.6634615384615384, 0.8461538461538461, 0.8076923076923077, 0.7980769230769231, 0.7307692307692308, 0.7596153846153846, 0.7596153846153846]}, "noise_pct_96": {"pct_incorrect_examples": 0.7551923076923077, "std": 0.04152287813102584, "std_err": 0.005931839733003691, "raw": [0.7019230769230769, 0.7403846153846154, 0.7692307692307692, 0.6730769230769231, 0.7980769230769231, 0.7692307692307692, 0.7788461538461539, 0.7788461538461539, 0.7884615384615384, 0.75, 0.7403846153846154, 0.6923076923076923, 0.7019230769230769, 0.8076923076923077, 0.7403846153846154, 0.7115384615384616, 0.7596153846153846, 0.75, 0.7692307692307692, 0.7980769230769231, 0.7307692307692308, 0.75, 0.8076923076923077, 0.6826923076923077, 0.7884615384615384, 0.7403846153846154, 0.7692307692307692, 0.6634615384615384, 0.7596153846153846, 0.7788461538461539, 0.7211538461538461, 0.7788461538461539, 0.7788461538461539, 0.7692307692307692, 0.7211538461538461, 0.7403846153846154, 0.7980769230769231, 0.7019230769230769, 0.7596153846153846, 0.7884615384615384, 0.7211538461538461, 0.7980769230769231, 0.7980769230769231, 0.6634615384615384, 0.8557692307692308, 0.8076923076923077, 0.8076923076923077, 0.7403846153846154, 0.7596153846153846, 0.7596153846153846]}, "noise_pct_97": {"pct_incorrect_examples": 0.7630769230769229, "std": 0.04150283372374219, "std_err": 0.005928976246248884, "raw": [0.7115384615384616, 0.75, 0.7788461538461539, 0.6826923076923077, 0.8076923076923077, 0.7788461538461539, 0.7884615384615384, 0.7884615384615384, 0.7884615384615384, 0.7596153846153846, 0.7403846153846154, 0.7019230769230769, 0.7019230769230769, 0.8173076923076923, 0.75, 0.7211538461538461, 0.7692307692307692, 0.7596153846153846, 0.7788461538461539, 0.8076923076923077, 0.7403846153846154, 0.7596153846153846, 0.8076923076923077, 0.6923076923076923, 0.7980769230769231, 0.75, 0.7692307692307692, 0.6634615384615384, 0.7692307692307692, 0.7884615384615384, 0.7307692307692308, 0.7884615384615384, 0.7788461538461539, 0.7788461538461539, 0.7307692307692308, 0.75, 0.8076923076923077, 0.7115384615384616, 0.7692307692307692, 0.7980769230769231, 0.7307692307692308, 0.7884615384615384, 0.8076923076923077, 0.6730769230769231, 0.8653846153846154, 0.8173076923076923, 0.8173076923076923, 0.75, 0.7692307692307692, 0.7692307692307692]}, "noise_pct_98": {"pct_incorrect_examples": 0.7715384615384615, "std": 0.04149392199021655, "std_err": 0.005927703141459508, "raw": [0.7115384615384616, 0.7596153846153846, 0.7884615384615384, 0.6923076923076923, 0.8173076923076923, 0.7884615384615384, 0.7884615384615384, 0.7980769230769231, 0.7980769230769231, 0.7596153846153846, 0.75, 0.7115384615384616, 0.7115384615384616, 0.8173076923076923, 0.7596153846153846, 0.7307692307692308, 0.7788461538461539, 0.7692307692307692, 0.7884615384615384, 0.8173076923076923, 0.75, 0.7692307692307692, 0.8173076923076923, 0.7019230769230769, 0.8076923076923077, 0.7596153846153846, 0.7788461538461539, 0.6730769230769231, 0.7788461538461539, 0.7980769230769231, 0.7403846153846154, 0.7980769230769231, 0.7884615384615384, 0.7788461538461539, 0.7403846153846154, 0.75, 0.8173076923076923, 0.7211538461538461, 0.7788461538461539, 0.8076923076923077, 0.7403846153846154, 0.7980769230769231, 0.8173076923076923, 0.6826923076923077, 0.875, 0.8269230769230769, 0.8269230769230769, 0.7596153846153846, 0.7788461538461539, 0.7788461538461539]}, "noise_pct_99": {"pct_incorrect_examples": 0.7790384615384616, "std": 0.0420661813036013, "std_err": 0.006009454471943042, "raw": [0.7211538461538461, 0.7692307692307692, 0.7980769230769231, 0.7019230769230769, 0.8269230769230769, 0.7884615384615384, 0.7980769230769231, 0.7980769230769231, 0.7980769230769231, 0.7692307692307692, 0.7596153846153846, 0.7211538461538461, 0.7115384615384616, 0.8269230769230769, 0.7596153846153846, 0.7307692307692308, 0.7788461538461539, 0.7692307692307692, 0.7884615384615384, 0.8269230769230769, 0.7596153846153846, 0.7788461538461539, 0.8269230769230769, 0.7115384615384616, 0.8173076923076923, 0.7692307692307692, 0.7884615384615384, 0.6826923076923077, 0.7884615384615384, 0.8076923076923077, 0.75, 0.8076923076923077, 0.7980769230769231, 0.7884615384615384, 0.75, 0.7596153846153846, 0.8269230769230769, 0.7307692307692308, 0.7884615384615384, 0.8173076923076923, 0.75, 0.7980769230769231, 0.8269230769230769, 0.6826923076923077, 0.8846153846153846, 0.8365384615384616, 0.8365384615384616, 0.7692307692307692, 0.7884615384615384, 0.7884615384615384]}, "noise_pct_100": {"pct_incorrect_examples": 0.7948076923076922, "std": 0.042246896878445274, "std_err": 0.006035270982635038, "raw": [0.7403846153846154, 0.7884615384615384, 0.8173076923076923, 0.7211538461538461, 0.8461538461538461, 0.8076923076923077, 0.8173076923076923, 0.8173076923076923, 0.8173076923076923, 0.7788461538461539, 0.7788461538461539, 0.7403846153846154, 0.7307692307692308, 0.8461538461538461, 0.7692307692307692, 0.7403846153846154, 0.7884615384615384, 0.7788461538461539, 0.8076923076923077, 0.8365384615384616, 0.7692307692307692, 0.7980769230769231, 0.8365384615384616, 0.7307692307692308, 0.8365384615384616, 0.7884615384615384, 0.7980769230769231, 0.7019230769230769, 0.8076923076923077, 0.8269230769230769, 0.7596153846153846, 0.8269230769230769, 0.8076923076923077, 0.8076923076923077, 0.7692307692307692, 0.7788461538461539, 0.8365384615384616, 0.75, 0.7980769230769231, 0.8365384615384616, 0.75, 0.8076923076923077, 0.8461538461538461, 0.7019230769230769, 0.9038461538461539, 0.8557692307692308, 0.8557692307692308, 0.7884615384615384, 0.7980769230769231, 0.7980769230769231]}}