{"noise_pct_10": {"pct_incorrect_examples": 0.07884615384615386, "std": 0.014131671592979875, "std_err": 0.007065835796489937, "raw": [0.09615384615384615, 0.06730769230769229, 0.08653846153846156, 0.05769230769230771, 0.08653846153846156]}, "noise_pct_20": {"pct_incorrect_examples": 0.15384615384615385, "std": 0.013598207330510544, "std_err": 0.006799103665255271, "raw": [0.17307692307692313, 0.14423076923076927, 0.15384615384615385, 0.13461538461538458, 0.16346153846153844]}, "noise_pct_30": {"pct_incorrect_examples": 0.23846153846153842, "std": 0.01762529113444553, "std_err": 0.008812645567222764, "raw": [0.2596153846153846, 0.23076923076923073, 0.22115384615384615, 0.22115384615384615, 0.2596153846153846]}, "noise_pct_40": {"pct_incorrect_examples": 0.31923076923076926, "std": 0.015384615384615379, "std_err": 0.007692307692307689, "raw": [0.33653846153846156, 0.3076923076923077, 0.29807692307692313, 0.3173076923076923, 0.33653846153846156]}, "noise_pct_50": {"pct_incorrect_examples": 0.3942307692307692, "std": 0.025800784355766847, "std_err": 0.012900392177883422, "raw": [0.42307692307692313, 0.3557692307692307, 0.3846153846153846, 0.3846153846153846, 0.42307692307692313]}, "noise_pct_60": {"pct_incorrect_examples": 0.4673076923076923, "std": 0.02477711293600985, "std_err": 0.012388556468004925, "raw": [0.4903846153846154, 0.42307692307692313, 0.47115384615384615, 0.46153846153846156, 0.4903846153846154]}, "noise_pct_70": {"pct_incorrect_examples": 0.548076923076923, "std": 0.03159937831760572, "std_err": 0.015799689158802855, "raw": [0.5769230769230769, 0.4903846153846154, 0.5673076923076923, 0.5384615384615384, 0.5673076923076923]}, "noise_pct_80": {"pct_incorrect_examples": 0.6288461538461538, "std": 0.035771298534112074, "std_err": 0.017885649267056034, "raw": [0.6730769230769231, 0.5673076923076923, 0.6442307692307692, 0.6153846153846154, 0.6442307692307692]}, "noise_pct_90": {"pct_incorrect_examples": 0.7096153846153846, "std": 0.038171987002460044, "std_err": 0.019085993501230022, "raw": [0.7596153846153846, 0.6442307692307692, 0.7307692307692308, 0.7019230769230769, 0.7115384615384616]}, "noise_pct_100": {"pct_incorrect_examples": 0.803846153846154, "std": 0.03418536314352151, "std_err": 0.017092681571760752, "raw": [0.8557692307692308, 0.75, 0.8173076923076923, 0.7980769230769231, 0.7980769230769231]}}