{"noise_pct_95": {"pct_incorrect_examples": 0.7617307692307692, "std": 0.04152644056829563, "std_err": 0.0059323486526136615, "raw": [0.7884615384615384, 0.8365384615384616, 0.8076923076923077, 0.7788461538461539, 0.7596153846153846, 0.75, 0.7980769230769231, 0.75, 0.7788461538461539, 0.6923076923076923, 0.7980769230769231, 0.7211538461538461, 0.8173076923076923, 0.7788461538461539, 0.7307692307692308, 0.7596153846153846, 0.7692307692307692, 0.7307692307692308, 0.75, 0.7403846153846154, 0.7788461538461539, 0.7403846153846154, 0.75, 0.7788461538461539, 0.7307692307692308, 0.7788461538461539, 0.75, 0.8653846153846154, 0.7788461538461539, 0.8076923076923077, 0.6826923076923077, 0.7596153846153846, 0.7980769230769231, 0.7884615384615384, 0.75, 0.7211538461538461, 0.75, 0.7692307692307692, 0.7115384615384616, 0.7307692307692308, 0.6923076923076923, 0.7884615384615384, 0.6730769230769231, 0.8076923076923077, 0.7884615384615384, 0.7884615384615384, 0.7788461538461539, 0.7403846153846154, 0.8173076923076923, 0.6538461538461539]}, "noise_pct_96": {"pct_incorrect_examples": 0.7688461538461537, "std": 0.041422559099684605, "std_err": 0.005917508442812087, "raw": [0.7980769230769231, 0.8461538461538461, 0.8173076923076923, 0.7788461538461539, 0.7692307692307692, 0.7596153846153846, 0.8076923076923077, 0.7596153846153846, 0.7788461538461539, 0.6923076923076923, 0.8076923076923077, 0.7307692307692308, 0.8173076923076923, 0.7788461538461539, 0.7403846153846154, 0.7692307692307692, 0.7692307692307692, 0.7403846153846154, 0.7596153846153846, 0.75, 0.7884615384615384, 0.75, 0.7596153846153846, 0.7884615384615384, 0.7403846153846154, 0.7884615384615384, 0.7596153846153846, 0.8653846153846154, 0.7884615384615384, 0.8173076923076923, 0.6923076923076923, 0.7692307692307692, 0.7980769230769231, 0.7980769230769231, 0.7596153846153846, 0.7211538461538461, 0.7596153846153846, 0.7788461538461539, 0.7115384615384616, 0.7403846153846154, 0.7019230769230769, 0.7884615384615384, 0.6826923076923077, 0.8173076923076923, 0.7980769230769231, 0.7980769230769231, 0.7884615384615384, 0.75, 0.8173076923076923, 0.6538461538461539]}, "noise_pct_97": {"pct_incorrect_examples": 0.7751923076923078, "std": 0.0410607321879512, "std_err": 0.005865818883993029, "raw": [0.8076923076923077, 0.8557692307692308, 0.8173076923076923, 0.7884615384615384, 0.7692307692307692, 0.7692307692307692, 0.8076923076923077, 0.7692307692307692, 0.7788461538461539, 0.7019230769230769, 0.8173076923076923, 0.7307692307692308, 0.8173076923076923, 0.7788461538461539, 0.75, 0.7788461538461539, 0.7692307692307692, 0.75, 0.7692307692307692, 0.7596153846153846, 0.7884615384615384, 0.7596153846153846, 0.7596153846153846, 0.7884615384615384, 0.75, 0.7884615384615384, 0.7692307692307692, 0.875, 0.7980769230769231, 0.8173076923076923, 0.7019230769230769, 0.7788461538461539, 0.8076923076923077, 0.8076923076923077, 0.7692307692307692, 0.7211538461538461, 0.7692307692307692, 0.7884615384615384, 0.7211538461538461, 0.75, 0.7019230769230769, 0.7788461538461539, 0.6923076923076923, 0.8269230769230769, 0.8076923076923077, 0.8076923076923077, 0.7980769230769231, 0.7596153846153846, 0.8269230769230769, 0.6634615384615384]}, "noise_pct_98": {"pct_incorrect_examples": 0.7838461538461537, "std": 0.041121482601688214, "std_err": 0.0058744975145268875, "raw": [0.8173076923076923, 0.8653846153846154, 0.8269230769230769, 0.7980769230769231, 0.7788461538461539, 0.7692307692307692, 0.8173076923076923, 0.7788461538461539, 0.7884615384615384, 0.7115384615384616, 0.8269230769230769, 0.7307692307692308, 0.8173076923076923, 0.7884615384615384, 0.7596153846153846, 0.7884615384615384, 0.7788461538461539, 0.7596153846153846, 0.7788461538461539, 0.7692307692307692, 0.7980769230769231, 0.7692307692307692, 0.7692307692307692, 0.7980769230769231, 0.7596153846153846, 0.7980769230769231, 0.7788461538461539, 0.8846153846153846, 0.8076923076923077, 0.8269230769230769, 0.7115384615384616, 0.7884615384615384, 0.8173076923076923, 0.8173076923076923, 0.7788461538461539, 0.7307692307692308, 0.7692307692307692, 0.7980769230769231, 0.7307692307692308, 0.7596153846153846, 0.7115384615384616, 0.7884615384615384, 0.7019230769230769, 0.8365384615384616, 0.8173076923076923, 0.8173076923076923, 0.7980769230769231, 0.7692307692307692, 0.8365384615384616, 0.6730769230769231]}, "noise_pct_99": {"pct_incorrect_examples": 0.7917307692307692, "std": 0.041895280128451465, "std_err": 0.005985040018350209, "raw": [0.8269230769230769, 0.875, 0.8365384615384616, 0.8076923076923077, 0.7884615384615384, 0.7692307692307692, 0.8269230769230769, 0.7884615384615384, 0.7980769230769231, 0.7211538461538461, 0.8365384615384616, 0.7307692307692308, 0.8269230769230769, 0.7884615384615384, 0.7692307692307692, 0.7980769230769231, 0.7788461538461539, 0.7692307692307692, 0.7884615384615384, 0.7788461538461539, 0.7980769230769231, 0.7692307692307692, 0.7788461538461539, 0.8076923076923077, 0.7692307692307692, 0.8076923076923077, 0.7884615384615384, 0.8942307692307693, 0.8173076923076923, 0.8365384615384616, 0.7211538461538461, 0.7884615384615384, 0.8269230769230769, 0.8269230769230769, 0.7884615384615384, 0.7403846153846154, 0.7692307692307692, 0.8076923076923077, 0.7307692307692308, 0.7692307692307692, 0.7211538461538461, 0.7980769230769231, 0.7115384615384616, 0.8461538461538461, 0.8269230769230769, 0.8269230769230769, 0.8076923076923077, 0.7788461538461539, 0.8461538461538461, 0.6826923076923077]}, "noise_pct_100": {"pct_incorrect_examples": 0.8069230769230767, "std": 0.04282204818374393, "std_err": 0.0061174354548205615, "raw": [0.8461538461538461, 0.8846153846153846, 0.8557692307692308, 0.8269230769230769, 0.8076923076923077, 0.7884615384615384, 0.8461538461538461, 0.8076923076923077, 0.8173076923076923, 0.7403846153846154, 0.8557692307692308, 0.75, 0.8461538461538461, 0.8076923076923077, 0.7884615384615384, 0.8173076923076923, 0.7884615384615384, 0.7788461538461539, 0.8076923076923077, 0.7980769230769231, 0.8173076923076923, 0.7884615384615384, 0.7884615384615384, 0.8076923076923077, 0.7788461538461539, 0.8269230769230769, 0.7980769230769231, 0.9038461538461539, 0.8269230769230769, 0.8557692307692308, 0.7403846153846154, 0.8076923076923077, 0.8461538461538461, 0.8365384615384616, 0.8076923076923077, 0.7403846153846154, 0.7788461538461539, 0.8173076923076923, 0.7403846153846154, 0.7884615384615384, 0.7403846153846154, 0.8076923076923077, 0.7307692307692308, 0.8653846153846154, 0.8461538461538461, 0.8269230769230769, 0.8269230769230769, 0.7980769230769231, 0.8653846153846154, 0.6826923076923077]}}