{"noise_pct_10": {"pct_incorrect_examples": 0.07884615384615386, "std": 0.009421114395319938, "std_err": 0.004710557197659968, "raw": [0.06730769230769229, 0.08653846153846156, 0.08653846153846156, 0.06730769230769229, 0.08653846153846156]}, "noise_pct_20": {"pct_incorrect_examples": 0.15384615384615385, "std": 0.026507786061711988, "std_err": 0.013253893030855994, "raw": [0.15384615384615385, 0.17307692307692313, 0.15384615384615385, 0.10576923076923073, 0.1826923076923077]}, "noise_pct_30": {"pct_incorrect_examples": 0.24423076923076925, "std": 0.03472205785628419, "std_err": 0.017361028928142095, "raw": [0.24038461538461542, 0.2596153846153846, 0.25, 0.1826923076923077, 0.28846153846153844]}, "noise_pct_40": {"pct_incorrect_examples": 0.3230769230769231, "std": 0.03136443544288479, "std_err": 0.01568221772144239, "raw": [0.32692307692307687, 0.33653846153846156, 0.3173076923076923, 0.2692307692307693, 0.3653846153846154]}, "noise_pct_50": {"pct_incorrect_examples": 0.39615384615384613, "std": 0.037190537703487896, "std_err": 0.018595268851743948, "raw": [0.3846153846153846, 0.40384615384615385, 0.40384615384615385, 0.33653846153846156, 0.45192307692307687]}, "noise_pct_60": {"pct_incorrect_examples": 0.46730769230769226, "std": 0.04575145097450122, "std_err": 0.02287572548725061, "raw": [0.4423076923076923, 0.4903846153846154, 0.4807692307692307, 0.3942307692307693, 0.5288461538461539]}, "noise_pct_70": {"pct_incorrect_examples": 0.5403846153846155, "std": 0.049925980714412205, "std_err": 0.0249629903572061, "raw": [0.5096153846153846, 0.5673076923076923, 0.5576923076923077, 0.46153846153846156, 0.6057692307692308]}, "noise_pct_80": {"pct_incorrect_examples": 0.623076923076923, "std": 0.04880222130942122, "std_err": 0.024401110654710605, "raw": [0.5865384615384616, 0.6442307692307692, 0.6538461538461539, 0.5480769230769231, 0.6826923076923077]}, "noise_pct_90": {"pct_incorrect_examples": 0.7019230769230769, "std": 0.0482688476846582, "std_err": 0.024134423842329104, "raw": [0.6538461538461539, 0.7019230769230769, 0.7403846153846154, 0.6442307692307692, 0.7692307692307692]}, "noise_pct_100": {"pct_incorrect_examples": 0.7826923076923077, "std": 0.04655276321888539, "std_err": 0.023276381609442696, "raw": [0.7403846153846154, 0.7884615384615384, 0.8173076923076923, 0.7211538461538461, 0.8461538461538461]}}