{"noise_pct_10": {"pct_incorrect_examples": 0.0942307692307692, "std": 0.011213369028548649, "std_err": 0.005606684514274324, "raw": [0.10576923076923073, 0.10576923076923073, 0.09615384615384615, 0.07692307692307687, 0.08653846153846156]}, "noise_pct_20": {"pct_incorrect_examples": 0.18269230769230768, "std": 0.01216260638526299, "std_err": 0.006081303192631495, "raw": [0.1923076923076923, 0.1923076923076923, 0.1923076923076923, 0.16346153846153844, 0.17307692307692313]}, "noise_pct_30": {"pct_incorrect_examples": 0.26730769230769236, "std": 0.02386475701152087, "std_err": 0.011932378505760436, "raw": [0.2692307692307693, 0.28846153846153844, 0.29807692307692313, 0.24038461538461542, 0.24038461538461542]}, "noise_pct_40": {"pct_incorrect_examples": 0.3365384615384615, "std": 0.03440104580768908, "std_err": 0.01720052290384454, "raw": [0.32692307692307687, 0.3846153846153846, 0.3653846153846154, 0.3173076923076923, 0.28846153846153844]}, "noise_pct_50": {"pct_incorrect_examples": 0.4269230769230769, "std": 0.03472205785628421, "std_err": 0.017361028928142105, "raw": [0.42307692307692313, 0.46153846153846156, 0.47115384615384615, 0.3942307692307693, 0.3846153846153846]}, "noise_pct_60": {"pct_incorrect_examples": 0.5076923076923077, "std": 0.03959857746533464, "std_err": 0.019799288732667317, "raw": [0.5096153846153846, 0.5480769230769231, 0.5480769230769231, 0.4903846153846154, 0.4423076923076923]}, "noise_pct_70": {"pct_incorrect_examples": 0.5826923076923076, "std": 0.040155025034271374, "std_err": 0.020077512517135684, "raw": [0.5769230769230769, 0.6346153846153846, 0.6153846153846154, 0.5673076923076923, 0.5192307692307692]}, "noise_pct_80": {"pct_incorrect_examples": 0.6653846153846154, "std": 0.03352999187338979, "std_err": 0.016764995936694897, "raw": [0.6538461538461539, 0.7115384615384616, 0.6923076923076923, 0.6538461538461539, 0.6153846153846154]}, "noise_pct_90": {"pct_incorrect_examples": 0.7538461538461538, "std": 0.027601346335398683, "std_err": 0.013800673167699342, "raw": [0.75, 0.7884615384615384, 0.7788461538461539, 0.7403846153846154, 0.7115384615384616]}, "noise_pct_100": {"pct_incorrect_examples": 0.8442307692307691, "std": 0.0260858845504818, "std_err": 0.013042942275240898, "raw": [0.8461538461538461, 0.8846153846153846, 0.8557692307692308, 0.8269230769230769, 0.8076923076923077]}}