{"noise_pct_95": {"pct_incorrect_examples": 0.5473076923076923, "std": 0.04132781346358011, "std_err": 0.005903973351940016, "raw": [0.5288461538461539, 0.5096153846153846, 0.5576923076923077, 0.5480769230769231, 0.5096153846153846, 0.5480769230769231, 0.5961538461538461, 0.5384615384615384, 0.6057692307692308, 0.5288461538461539, 0.5480769230769231, 0.5769230769230769, 0.5576923076923077, 0.4903846153846154, 0.4903846153846154, 0.4903846153846154, 0.5576923076923077, 0.5096153846153846, 0.5480769230769231, 0.5384615384615384, 0.5576923076923077, 0.5, 0.6346153846153846, 0.5096153846153846, 0.5769230769230769, 0.5576923076923077, 0.5096153846153846, 0.5288461538461539, 0.5288461538461539, 0.5576923076923077, 0.4807692307692307, 0.4903846153846154, 0.5961538461538461, 0.5673076923076923, 0.625, 0.5384615384615384, 0.5384615384615384, 0.6057692307692308, 0.5673076923076923, 0.4903846153846154, 0.5384615384615384, 0.5769230769230769, 0.6153846153846154, 0.6538461538461539, 0.5769230769230769, 0.5576923076923077, 0.5769230769230769, 0.5288461538461539, 0.5288461538461539, 0.47115384615384615]}, "noise_pct_96": {"pct_incorrect_examples": 0.5528846153846154, "std": 0.04183521138039826, "std_err": 0.005976458768628322, "raw": [0.5384615384615384, 0.5192307692307692, 0.5576923076923077, 0.5576923076923077, 0.5192307692307692, 0.5576923076923077, 0.6057692307692308, 0.5384615384615384, 0.6153846153846154, 0.5288461538461539, 0.5576923076923077, 0.5769230769230769, 0.5576923076923077, 0.5, 0.4903846153846154, 0.4903846153846154, 0.5673076923076923, 0.5192307692307692, 0.5576923076923077, 0.5384615384615384, 0.5673076923076923, 0.5, 0.6442307692307692, 0.5096153846153846, 0.5769230769230769, 0.5673076923076923, 0.5192307692307692, 0.5384615384615384, 0.5288461538461539, 0.5576923076923077, 0.4903846153846154, 0.4903846153846154, 0.5961538461538461, 0.5673076923076923, 0.6346153846153846, 0.5480769230769231, 0.5480769230769231, 0.6057692307692308, 0.5769230769230769, 0.4903846153846154, 0.5480769230769231, 0.5865384615384616, 0.625, 0.6538461538461539, 0.5865384615384616, 0.5576923076923077, 0.5865384615384616, 0.5384615384615384, 0.5288461538461539, 0.4807692307692307]}, "noise_pct_97": {"pct_incorrect_examples": 0.5590384615384616, "std": 0.04313054698053615, "std_err": 0.006161506711505164, "raw": [0.5480769230769231, 0.5192307692307692, 0.5673076923076923, 0.5673076923076923, 0.5288461538461539, 0.5673076923076923, 0.6153846153846154, 0.5480769230769231, 0.625, 0.5288461538461539, 0.5673076923076923, 0.5865384615384616, 0.5576923076923077, 0.5096153846153846, 0.4903846153846154, 0.4903846153846154, 0.5769230769230769, 0.5192307692307692, 0.5576923076923077, 0.5384615384615384, 0.5673076923076923, 0.5096153846153846, 0.6538461538461539, 0.5096153846153846, 0.5769230769230769, 0.5769230769230769, 0.5288461538461539, 0.5480769230769231, 0.5288461538461539, 0.5673076923076923, 0.5, 0.5, 0.5961538461538461, 0.5769230769230769, 0.6442307692307692, 0.5576923076923077, 0.5576923076923077, 0.6153846153846154, 0.5865384615384616, 0.4903846153846154, 0.5480769230769231, 0.5769230769230769, 0.6346153846153846, 0.6634615384615384, 0.5961538461538461, 0.5673076923076923, 0.5961538461538461, 0.5384615384615384, 0.5384615384615384, 0.4903846153846154]}, "noise_pct_98": {"pct_incorrect_examples": 0.5663461538461538, "std": 0.04288289061726492, "std_err": 0.006126127231037846, "raw": [0.5480769230769231, 0.5288461538461539, 0.5769230769230769, 0.5769230769230769, 0.5384615384615384, 0.5769230769230769, 0.6153846153846154, 0.5576923076923077, 0.6346153846153846, 0.5384615384615384, 0.5673076923076923, 0.5961538461538461, 0.5673076923076923, 0.5192307692307692, 0.5, 0.5, 0.5865384615384616, 0.5288461538461539, 0.5673076923076923, 0.5480769230769231, 0.5673076923076923, 0.5192307692307692, 0.6538461538461539, 0.5096153846153846, 0.5769230769230769, 0.5865384615384616, 0.5384615384615384, 0.5576923076923077, 0.5384615384615384, 0.5769230769230769, 0.5096153846153846, 0.5, 0.6057692307692308, 0.5865384615384616, 0.6442307692307692, 0.5673076923076923, 0.5673076923076923, 0.625, 0.5961538461538461, 0.4903846153846154, 0.5576923076923077, 0.5865384615384616, 0.6442307692307692, 0.6730769230769231, 0.5961538461538461, 0.5769230769230769, 0.6057692307692308, 0.5384615384615384, 0.5480769230769231, 0.5]}, "noise_pct_99": {"pct_incorrect_examples": 0.5721153846153846, "std": 0.0433119447290585, "std_err": 0.006187420675579786, "raw": [0.5576923076923077, 0.5288461538461539, 0.5865384615384616, 0.5865384615384616, 0.5480769230769231, 0.5865384615384616, 0.625, 0.5673076923076923, 0.6346153846153846, 0.5480769230769231, 0.5673076923076923, 0.6057692307692308, 0.5673076923076923, 0.5192307692307692, 0.5096153846153846, 0.5, 0.5961538461538461, 0.5384615384615384, 0.5769230769230769, 0.5480769230769231, 0.5769230769230769, 0.5288461538461539, 0.6538461538461539, 0.5192307692307692, 0.5769230769230769, 0.5961538461538461, 0.5384615384615384, 0.5673076923076923, 0.5480769230769231, 0.5769230769230769, 0.5096153846153846, 0.5096153846153846, 0.6057692307692308, 0.5961538461538461, 0.6538461538461539, 0.5769230769230769, 0.5769230769230769, 0.625, 0.6057692307692308, 0.4903846153846154, 0.5576923076923077, 0.5961538461538461, 0.6442307692307692, 0.6826923076923077, 0.6057692307692308, 0.5865384615384616, 0.6057692307692308, 0.5384615384615384, 0.5576923076923077, 0.5]}, "noise_pct_100": {"pct_incorrect_examples": 0.5840384615384615, "std": 0.044264619154305844, "std_err": 0.006323517022043691, "raw": [0.5673076923076923, 0.5480769230769231, 0.6057692307692308, 0.5961538461538461, 0.5480769230769231, 0.5961538461538461, 0.6442307692307692, 0.5865384615384616, 0.6538461538461539, 0.5576923076923077, 0.5769230769230769, 0.625, 0.5769230769230769, 0.5288461538461539, 0.5288461538461539, 0.5192307692307692, 0.5961538461538461, 0.5480769230769231, 0.5961538461538461, 0.5673076923076923, 0.5865384615384616, 0.5288461538461539, 0.6634615384615384, 0.5192307692307692, 0.5961538461538461, 0.6153846153846154, 0.5480769230769231, 0.5673076923076923, 0.5673076923076923, 0.5769230769230769, 0.5192307692307692, 0.5192307692307692, 0.6153846153846154, 0.6057692307692308, 0.6730769230769231, 0.5769230769230769, 0.5961538461538461, 0.6346153846153846, 0.6153846153846154, 0.5096153846153846, 0.5769230769230769, 0.6057692307692308, 0.6442307692307692, 0.7019230769230769, 0.625, 0.6057692307692308, 0.6057692307692308, 0.5480769230769231, 0.5769230769230769, 0.5096153846153846]}}