{"noise_pct_10": {"pct_incorrect_examples": 0.06538461538461537, "std": 0.0038461538461538325, "std_err": 0.001923076923076916, "raw": [0.06730769230769229, 0.06730769230769229, 0.06730769230769229, 0.06730769230769229, 0.05769230769230771]}, "noise_pct_20": {"pct_incorrect_examples": 0.13076923076923078, "std": 0.009805806756909197, "std_err": 0.0049029033784545985, "raw": [0.125, 0.13461538461538458, 0.13461538461538458, 0.14423076923076927, 0.11538461538461542]}, "noise_pct_30": {"pct_incorrect_examples": 0.19615384615384615, "std": 0.02071217233513271, "std_err": 0.010356086167566355, "raw": [0.1826923076923077, 0.21153846153846156, 0.22115384615384615, 0.20192307692307687, 0.16346153846153844]}, "noise_pct_40": {"pct_incorrect_examples": 0.23269230769230767, "std": 0.021414478318577016, "std_err": 0.010707239159288508, "raw": [0.23076923076923073, 0.24038461538461542, 0.25, 0.25, 0.1923076923076923]}, "noise_pct_50": {"pct_incorrect_examples": 0.2903846153846154, "std": 0.01961161351381842, "std_err": 0.00980580675690921, "raw": [0.29807692307692313, 0.27884615384615385, 0.3173076923076923, 0.29807692307692313, 0.2596153846153846]}, "noise_pct_60": {"pct_incorrect_examples": 0.33269230769230773, "std": 0.026227272494203552, "std_err": 0.013113636247101776, "raw": [0.33653846153846156, 0.3076923076923077, 0.3653846153846154, 0.3557692307692307, 0.29807692307692313]}, "noise_pct_70": {"pct_incorrect_examples": 0.37884615384615383, "std": 0.017833881722107137, "std_err": 0.008916940861053569, "raw": [0.375, 0.3653846153846154, 0.40384615384615385, 0.3942307692307693, 0.3557692307692307]}, "noise_pct_80": {"pct_incorrect_examples": 0.4384615384615384, "std": 0.02551249838734922, "std_err": 0.012756249193674608, "raw": [0.45192307692307687, 0.40384615384615385, 0.47115384615384615, 0.45192307692307687, 0.41346153846153844]}, "noise_pct_90": {"pct_incorrect_examples": 0.5038461538461538, "std": 0.028263343185959723, "std_err": 0.014131671592979862, "raw": [0.5192307692307692, 0.46153846153846156, 0.5384615384615384, 0.5192307692307692, 0.4807692307692307]}, "noise_pct_100": {"pct_incorrect_examples": 0.5730769230769232, "std": 0.024019223070763065, "std_err": 0.012009611535381532, "raw": [0.5673076923076923, 0.5480769230769231, 0.6057692307692308, 0.5961538461538461, 0.5480769230769231]}}