{"noise_pct_10": {"pct_incorrect_examples": 0.07307692307692307, "std": 0.007692307692307704, "std_err": 0.0038461538461538524, "raw": [0.06730769230769229, 0.08653846153846156, 0.07692307692307687, 0.06730769230769229, 0.06730769230769229]}, "noise_pct_20": {"pct_incorrect_examples": 0.13846153846153847, "std": 0.007692307692307714, "std_err": 0.0038461538461538568, "raw": [0.14423076923076927, 0.13461538461538458, 0.14423076923076927, 0.14423076923076927, 0.125]}, "noise_pct_30": {"pct_incorrect_examples": 0.2, "std": 0.01864492252852436, "std_err": 0.00932246126426218, "raw": [0.21153846153846156, 0.21153846153846156, 0.20192307692307687, 0.21153846153846156, 0.16346153846153844]}, "noise_pct_40": {"pct_incorrect_examples": 0.2538461538461539, "std": 0.03826874758102385, "std_err": 0.019134373790511923, "raw": [0.2596153846153846, 0.2596153846153846, 0.2692307692307693, 0.29807692307692313, 0.1826923076923077]}, "noise_pct_50": {"pct_incorrect_examples": 0.325, "std": 0.029417420270727582, "std_err": 0.014708710135363791, "raw": [0.3557692307692307, 0.32692307692307687, 0.33653846153846156, 0.33653846153846156, 0.2692307692307693]}, "noise_pct_60": {"pct_incorrect_examples": 0.3884615384615385, "std": 0.028263343185959754, "std_err": 0.014131671592979875, "raw": [0.42307692307692313, 0.3942307692307693, 0.3942307692307693, 0.3942307692307693, 0.33653846153846156]}, "noise_pct_70": {"pct_incorrect_examples": 0.45, "std": 0.03124630155629215, "std_err": 0.015623150778146074, "raw": [0.4903846153846154, 0.45192307692307687, 0.46153846153846156, 0.45192307692307687, 0.3942307692307693]}, "noise_pct_80": {"pct_incorrect_examples": 0.5038461538461538, "std": 0.040612907849890134, "std_err": 0.020306453924945067, "raw": [0.5576923076923077, 0.5192307692307692, 0.5096153846153846, 0.5, 0.4326923076923077]}, "noise_pct_90": {"pct_incorrect_examples": 0.5711538461538461, "std": 0.04061290784989014, "std_err": 0.020306453924945074, "raw": [0.625, 0.5865384615384616, 0.5769230769230769, 0.5673076923076923, 0.5]}, "noise_pct_100": {"pct_incorrect_examples": 0.6384615384615384, "std": 0.024777112936009867, "std_err": 0.012388556468004934, "raw": [0.6730769230769231, 0.6442307692307692, 0.6442307692307692, 0.6346153846153846, 0.5961538461538461]}}