{"noise_pct_95": {"pct_incorrect_examples": 0.5905769230769231, "std": 0.04695183544943697, "std_err": 0.0067074050642052805, "raw": [0.625, 0.6057692307692308, 0.5961538461538461, 0.6057692307692308, 0.5384615384615384, 0.625, 0.5961538461538461, 0.5480769230769231, 0.5384615384615384, 0.5865384615384616, 0.5961538461538461, 0.6346153846153846, 0.5673076923076923, 0.625, 0.4903846153846154, 0.6153846153846154, 0.5384615384615384, 0.6057692307692308, 0.6153846153846154, 0.5576923076923077, 0.6826923076923077, 0.5096153846153846, 0.5961538461538461, 0.5576923076923077, 0.5576923076923077, 0.5673076923076923, 0.5384615384615384, 0.5769230769230769, 0.5865384615384616, 0.6153846153846154, 0.5865384615384616, 0.5288461538461539, 0.6153846153846154, 0.625, 0.625, 0.6538461538461539, 0.7019230769230769, 0.5865384615384616, 0.6538461538461539, 0.5576923076923077, 0.5384615384615384, 0.6057692307692308, 0.5576923076923077, 0.6538461538461539, 0.6826923076923077, 0.5096153846153846, 0.6538461538461539, 0.5673076923076923, 0.5961538461538461, 0.5288461538461539]}, "noise_pct_96": {"pct_incorrect_examples": 0.5976923076923076, "std": 0.04751050958167108, "std_err": 0.006787215654524439, "raw": [0.6346153846153846, 0.6153846153846154, 0.5961538461538461, 0.6153846153846154, 0.5480769230769231, 0.6346153846153846, 0.6057692307692308, 0.5576923076923077, 0.5384615384615384, 0.5865384615384616, 0.5961538461538461, 0.6442307692307692, 0.5673076923076923, 0.6346153846153846, 0.5, 0.625, 0.5480769230769231, 0.6153846153846154, 0.625, 0.5673076923076923, 0.6923076923076923, 0.5192307692307692, 0.6057692307692308, 0.5673076923076923, 0.5673076923076923, 0.5769230769230769, 0.5384615384615384, 0.5769230769230769, 0.5865384615384616, 0.625, 0.5961538461538461, 0.5288461538461539, 0.625, 0.6346153846153846, 0.6346153846153846, 0.6634615384615384, 0.7019230769230769, 0.5961538461538461, 0.6538461538461539, 0.5673076923076923, 0.5480769230769231, 0.6057692307692308, 0.5673076923076923, 0.6634615384615384, 0.6923076923076923, 0.5096153846153846, 0.6634615384615384, 0.5769230769230769, 0.6057692307692308, 0.5384615384615384]}, "noise_pct_97": {"pct_incorrect_examples": 0.604423076923077, "std": 0.047923215828913394, "std_err": 0.00684617368984477, "raw": [0.6346153846153846, 0.625, 0.6057692307692308, 0.6153846153846154, 0.5576923076923077, 0.6442307692307692, 0.6057692307692308, 0.5673076923076923, 0.5480769230769231, 0.5961538461538461, 0.6057692307692308, 0.6538461538461539, 0.5673076923076923, 0.6442307692307692, 0.5096153846153846, 0.6346153846153846, 0.5480769230769231, 0.625, 0.625, 0.5769230769230769, 0.6923076923076923, 0.5288461538461539, 0.6153846153846154, 0.5673076923076923, 0.5673076923076923, 0.5865384615384616, 0.5480769230769231, 0.5865384615384616, 0.5865384615384616, 0.625, 0.6057692307692308, 0.5384615384615384, 0.6346153846153846, 0.6442307692307692, 0.6442307692307692, 0.6730769230769231, 0.7115384615384616, 0.5961538461538461, 0.6634615384615384, 0.5673076923076923, 0.5576923076923077, 0.6057692307692308, 0.5769230769230769, 0.6730769230769231, 0.7019230769230769, 0.5096153846153846, 0.6730769230769231, 0.5865384615384616, 0.6153846153846154, 0.5480769230769231]}, "noise_pct_98": {"pct_incorrect_examples": 0.6101923076923077, "std": 0.048084999321652416, "std_err": 0.006869285617378916, "raw": [0.6442307692307692, 0.6346153846153846, 0.6153846153846154, 0.6153846153846154, 0.5673076923076923, 0.6442307692307692, 0.6057692307692308, 0.5769230769230769, 0.5576923076923077, 0.6057692307692308, 0.6153846153846154, 0.6538461538461539, 0.5769230769230769, 0.6442307692307692, 0.5096153846153846, 0.6346153846153846, 0.5480769230769231, 0.6346153846153846, 0.6346153846153846, 0.5769230769230769, 0.6923076923076923, 0.5288461538461539, 0.6153846153846154, 0.5673076923076923, 0.5673076923076923, 0.5961538461538461, 0.5576923076923077, 0.5961538461538461, 0.5865384615384616, 0.6346153846153846, 0.6153846153846154, 0.5384615384615384, 0.6442307692307692, 0.6538461538461539, 0.6442307692307692, 0.6826923076923077, 0.7115384615384616, 0.6057692307692308, 0.6730769230769231, 0.5769230769230769, 0.5673076923076923, 0.6153846153846154, 0.5865384615384616, 0.6826923076923077, 0.7115384615384616, 0.5192307692307692, 0.6730769230769231, 0.5961538461538461, 0.625, 0.5480769230769231]}, "noise_pct_99": {"pct_incorrect_examples": 0.6175, "std": 0.04862343226964211, "std_err": 0.006946204609948872, "raw": [0.6538461538461539, 0.6442307692307692, 0.625, 0.625, 0.5769230769230769, 0.6538461538461539, 0.6153846153846154, 0.5865384615384616, 0.5576923076923077, 0.6153846153846154, 0.625, 0.6634615384615384, 0.5865384615384616, 0.6442307692307692, 0.5096153846153846, 0.6442307692307692, 0.5576923076923077, 0.6442307692307692, 0.6442307692307692, 0.5769230769230769, 0.7019230769230769, 0.5384615384615384, 0.6153846153846154, 0.5769230769230769, 0.5769230769230769, 0.6057692307692308, 0.5673076923076923, 0.6057692307692308, 0.5865384615384616, 0.6442307692307692, 0.6153846153846154, 0.5384615384615384, 0.6538461538461539, 0.6634615384615384, 0.6538461538461539, 0.6923076923076923, 0.7115384615384616, 0.6153846153846154, 0.6826923076923077, 0.5769230769230769, 0.5769230769230769, 0.625, 0.5961538461538461, 0.6923076923076923, 0.7211538461538461, 0.5288461538461539, 0.6730769230769231, 0.6057692307692308, 0.625, 0.5576923076923077]}, "noise_pct_100": {"pct_incorrect_examples": 0.6311538461538462, "std": 0.04890668569148235, "std_err": 0.006986669384497478, "raw": [0.6730769230769231, 0.6442307692307692, 0.6442307692307692, 0.6346153846153846, 0.5961538461538461, 0.6634615384615384, 0.625, 0.6057692307692308, 0.5769230769230769, 0.6346153846153846, 0.6346153846153846, 0.6730769230769231, 0.5961538461538461, 0.6538461538461539, 0.5288461538461539, 0.6634615384615384, 0.5576923076923077, 0.6634615384615384, 0.6634615384615384, 0.5961538461538461, 0.7019230769230769, 0.5384615384615384, 0.6346153846153846, 0.5865384615384616, 0.5769230769230769, 0.625, 0.5673076923076923, 0.6153846153846154, 0.6057692307692308, 0.6538461538461539, 0.6346153846153846, 0.5576923076923077, 0.6730769230769231, 0.6826923076923077, 0.6730769230769231, 0.7019230769230769, 0.7307692307692308, 0.6153846153846154, 0.6923076923076923, 0.5961538461538461, 0.5961538461538461, 0.6346153846153846, 0.6057692307692308, 0.7115384615384616, 0.7307692307692308, 0.5480769230769231, 0.6923076923076923, 0.625, 0.6442307692307692, 0.5769230769230769]}}