{"noise_pct_0": {"pct_incorrect_examples": 0.0038461538461538325, "std": 0.004710557197659941, "std_err": 0.0023552785988299706, "raw": [0.009615384615384581, 0.009615384615384581, 0.0, 0.0, 0.0]}}