{"noise_pct_0": {"pct_incorrect_examples": 0.00326923076923076, "std": 0.004944215435454774, "std_err": 0.0007063164907792534, "raw": [0.009615384615384581, 0.009615384615384581, 0.0, 0.0, 0.0, 0.009615384615384581, 0.0, 0.0, 0.009615384615384581, 0.0, 0.0, 0.0, 0.009615384615384581, 0.0, 0.009615384615384581, 0.0, 0.0, 0.0, 0.0, 0.0, 0.0, 0.0, 0.009615384615384581, 0.0, 0.0, 0.0, 0.0, 0.0, 0.0, 0.0, 0.009615384615384581, 0.0, 0.0, 0.0, 0.009615384615384581, 0.0, 0.009615384615384581, 0.0, 0.009615384615384581, 0.009615384615384581, 0.009615384615384581, 0.019230769230769273, 0.009615384615384581, 0.0, 0.0, 0.009615384615384581, 0.0, 0.0, 0.0, 0.0]}}