{"noise_pct_95": {"pct_incorrect_examples": 0.4790625, "std": 0.0044743190822738544, "std_err": 0.0006391884403248363, "raw": [0.47187500000000004, 0.475, 0.478125, 0.478125, 0.478125, 0.484375, 0.475, 0.48124999999999996, 0.484375, 0.475, 0.475, 0.48750000000000004, 0.484375, 0.478125, 0.475, 0.478125, 0.47187500000000004, 0.48124999999999996, 0.478125, 0.475, 0.490625, 0.478125, 0.484375, 0.48124999999999996, 0.478125, 0.478125, 0.478125, 0.48124999999999996, 0.478125, 0.475, 0.478125, 0.478125, 0.478125, 0.478125, 0.478125, 0.48124999999999996, 0.48124999999999996, 0.484375, 0.478125, 0.48750000000000004, 0.475, 0.484375, 0.48124999999999996, 0.478125, 0.47187500000000004, 0.490625, 0.475, 0.47187500000000004, 0.478125, 0.475]}, "noise_pct_96": {"pct_incorrect_examples": 0.48162499999999997, "std": 0.0043138584816843515, "std_err": 0.0006162654973834788, "raw": [0.475, 0.478125, 0.478125, 0.48124999999999996, 0.48124999999999996, 0.48750000000000004, 0.478125, 0.484375, 0.484375, 0.478125, 0.478125, 0.490625, 0.48750000000000004, 0.48124999999999996, 0.478125, 0.48124999999999996, 0.475, 0.484375, 0.48124999999999996, 0.478125, 0.49375, 0.478125, 0.48124999999999996, 0.484375, 0.48124999999999996, 0.48124999999999996, 0.478125, 0.484375, 0.48124999999999996, 0.478125, 0.48124999999999996, 0.48124999999999996, 0.48124999999999996, 0.48124999999999996, 0.48124999999999996, 0.484375, 0.48124999999999996, 0.48750000000000004, 0.478125, 0.490625, 0.478125, 0.48750000000000004, 0.484375, 0.48124999999999996, 0.475, 0.490625, 0.478125, 0.475, 0.48124999999999996, 0.478125]}, "noise_pct_97": {"pct_incorrect_examples": 0.48424999999999996, "std": 0.004505205322735031, "std_err": 0.0006436007603907187, "raw": [0.478125, 0.48124999999999996, 0.48124999999999996, 0.484375, 0.484375, 0.49375, 0.48124999999999996, 0.48750000000000004, 0.484375, 0.48124999999999996, 0.48124999999999996, 0.49375, 0.490625, 0.484375, 0.48124999999999996, 0.484375, 0.478125, 0.48750000000000004, 0.484375, 0.48124999999999996, 0.49687499999999996, 0.48124999999999996, 0.484375, 0.48750000000000004, 0.48124999999999996, 0.484375, 0.48124999999999996, 0.484375, 0.48124999999999996, 0.48124999999999996, 0.484375, 0.48124999999999996, 0.484375, 0.484375, 0.484375, 0.48750000000000004, 0.48124999999999996, 0.490625, 0.48124999999999996, 0.490625, 0.48124999999999996, 0.490625, 0.48750000000000004, 0.484375, 0.478125, 0.49375, 0.478125, 0.478125, 0.484375, 0.478125]}, "noise_pct_98": {"pct_incorrect_examples": 0.49131250000000004, "std": 0.003143072740170023, "std_err": 0.00044901039145286043, "raw": [0.48750000000000004, 0.490625, 0.48750000000000004, 0.49375, 0.490625, 0.49687499999999996, 0.48750000000000004, 0.49375, 0.490625, 0.490625, 0.490625, 0.5, 0.49375, 0.49375, 0.48750000000000004, 0.49375, 0.48750000000000004, 0.49375, 0.49375, 0.490625, 0.49687499999999996, 0.490625, 0.490625, 0.49375, 0.490625, 0.490625, 0.490625, 0.490625, 0.48750000000000004, 0.490625, 0.490625, 0.48750000000000004, 0.490625, 0.49375, 0.490625, 0.490625, 0.490625, 0.49687499999999996, 0.48750000000000004, 0.49687499999999996, 0.490625, 0.49375, 0.49375, 0.48750000000000004, 0.48750000000000004, 0.49687499999999996, 0.48750000000000004, 0.48750000000000004, 0.490625, 0.48750000000000004]}, "noise_pct_99": {"pct_incorrect_examples": 0.4958125, "std": 0.0019374999999999777, "std_err": 0.0002767857142857111, "raw": [0.49375, 0.49687499999999996, 0.49375, 0.49687499999999996, 0.49687499999999996, 0.49687499999999996, 0.49375, 0.49687499999999996, 0.49687499999999996, 0.49687499999999996, 0.49375, 0.5, 0.49687499999999996, 0.5, 0.49375, 0.49687499999999996, 0.49375, 0.49687499999999996, 0.49687499999999996, 0.49687499999999996, 0.49687499999999996, 0.49687499999999996, 0.49375, 0.49687499999999996, 0.49375, 0.49687499999999996, 0.49687499999999996, 0.49687499999999996, 0.49375, 0.49375, 0.49687499999999996, 0.49375, 0.49687499999999996, 0.49687499999999996, 0.49375, 0.49687499999999996, 0.49375, 0.49687499999999996, 0.49375, 0.49375, 0.49687499999999996, 0.5, 0.49687499999999996, 0.49375, 0.49375, 0.5, 0.49375, 0.49375, 0.49375, 0.49375]}}