{"noise_pct_95": {"pct_incorrect_examples": 0.476125, "std": 0.0036848507432459044, "std_err": 0.0005264072490351292, "raw": [0.47187500000000004, 0.48124999999999996, 0.475, 0.475, 0.475, 0.484375, 0.475, 0.478125, 0.48124999999999996, 0.48124999999999996, 0.47187500000000004, 0.478125, 0.478125, 0.475, 0.475, 0.47187500000000004, 0.47187500000000004, 0.48124999999999996, 0.475, 0.47187500000000004, 0.48124999999999996, 0.475, 0.475, 0.478125, 0.47187500000000004, 0.47187500000000004, 0.47187500000000004, 0.478125, 0.475, 0.47187500000000004, 0.475, 0.47187500000000004, 0.48124999999999996, 0.478125, 0.47187500000000004, 0.478125, 0.478125, 0.475, 0.478125, 0.48124999999999996, 0.47187500000000004, 0.475, 0.475, 0.475, 0.475, 0.48750000000000004, 0.475, 0.475, 0.478125, 0.47187500000000004]}, "noise_pct_96": {"pct_incorrect_examples": 0.47906249999999995, "std": 0.0036039258108346277, "std_err": 0.0005148465444049468, "raw": [0.475, 0.484375, 0.475, 0.478125, 0.478125, 0.48750000000000004, 0.478125, 0.48124999999999996, 0.484375, 0.484375, 0.475, 0.48124999999999996, 0.48124999999999996, 0.478125, 0.478125, 0.475, 0.475, 0.484375, 0.478125, 0.475, 0.484375, 0.475, 0.478125, 0.48124999999999996, 0.475, 0.475, 0.475, 0.48124999999999996, 0.478125, 0.475, 0.478125, 0.475, 0.484375, 0.48124999999999996, 0.475, 0.48124999999999996, 0.48124999999999996, 0.478125, 0.48124999999999996, 0.484375, 0.475, 0.478125, 0.478125, 0.478125, 0.478125, 0.48750000000000004, 0.478125, 0.478125, 0.48124999999999996, 0.475]}, "noise_pct_97": {"pct_incorrect_examples": 0.48193749999999996, "std": 0.0036598539929893347, "std_err": 0.0005228362847127621, "raw": [0.478125, 0.48750000000000004, 0.478125, 0.48124999999999996, 0.48124999999999996, 0.490625, 0.48124999999999996, 0.484375, 0.484375, 0.48750000000000004, 0.478125, 0.48124999999999996, 0.484375, 0.48124999999999996, 0.48124999999999996, 0.478125, 0.478125, 0.48750000000000004, 0.48124999999999996, 0.478125, 0.490625, 0.478125, 0.48124999999999996, 0.484375, 0.478125, 0.478125, 0.478125, 0.484375, 0.478125, 0.478125, 0.48124999999999996, 0.478125, 0.48750000000000004, 0.484375, 0.478125, 0.484375, 0.484375, 0.48124999999999996, 0.484375, 0.484375, 0.478125, 0.48124999999999996, 0.48124999999999996, 0.48124999999999996, 0.48124999999999996, 0.490625, 0.48124999999999996, 0.478125, 0.484375, 0.478125]}, "noise_pct_98": {"pct_incorrect_examples": 0.4894375, "std": 0.002329330644198011, "std_err": 0.0003327615205997159, "raw": [0.48750000000000004, 0.49375, 0.48750000000000004, 0.490625, 0.48750000000000004, 0.49375, 0.48750000000000004, 0.490625, 0.490625, 0.49375, 0.48750000000000004, 0.48750000000000004, 0.490625, 0.490625, 0.48750000000000004, 0.48750000000000004, 0.48750000000000004, 0.490625, 0.48750000000000004, 0.48750000000000004, 0.49375, 0.48750000000000004, 0.490625, 0.48750000000000004, 0.48750000000000004, 0.48750000000000004, 0.48750000000000004, 0.490625, 0.48750000000000004, 0.48750000000000004, 0.490625, 0.48750000000000004, 0.49375, 0.49375, 0.48750000000000004, 0.490625, 0.490625, 0.490625, 0.490625, 0.490625, 0.48750000000000004, 0.48750000000000004, 0.48750000000000004, 0.48750000000000004, 0.48750000000000004, 0.49375, 0.490625, 0.48750000000000004, 0.49375, 0.48750000000000004]}, "noise_pct_99": {"pct_incorrect_examples": 0.49474999999999997, "std": 0.0018157298807917241, "std_err": 0.0002593899829702463, "raw": [0.49375, 0.5, 0.49375, 0.49375, 0.49375, 0.49375, 0.49375, 0.49375, 0.49687499999999996, 0.49687499999999996, 0.49375, 0.49375, 0.49375, 0.49687499999999996, 0.49375, 0.49375, 0.49375, 0.49375, 0.49375, 0.49375, 0.49375, 0.49375, 0.49687499999999996, 0.49375, 0.49375, 0.49375, 0.49375, 0.49687499999999996, 0.49375, 0.49375, 0.49687499999999996, 0.49375, 0.5, 0.49687499999999996, 0.49375, 0.49375, 0.49687499999999996, 0.49687499999999996, 0.49375, 0.49375, 0.49375, 0.49375, 0.49375, 0.49375, 0.49375, 0.5, 0.49375, 0.49375, 0.49687499999999996, 0.49375]}}