{"noise_pct_0": {"pct_incorrect_examples": 0.08062500000000002, "std": 0.011075028216668325, "std_err": 0.005537514108334161, "raw": [0.078125, 0.09999999999999998, 0.078125, 0.08125000000000004, 0.06562500000000004]}}