{"noise_pct_10": {"accuracy": {"mean": 1.0, "std": 0.0, "std_err": 0.0, "raw": [1.0, 1.0, 1.0, 1.0, 1.0]}, "interpretability": {"num_rules": {"mean": 3.0, "std": 0.0, "std_err": 0.0, "raw": [3, 3, 3, 3, 3]}, "num_predicates": {"mean": 13.0, "std": 0.0, "std_err": 0.0, "raw": [13, 13, 13, 13, 13]}}, "learning_time": {"mean": 2.7298, "std": 0.3205528973508116, "std_err": 0.1602764486754058, "raw": [3.262, 2.883, 2.666, 2.349, 2.489]}}, "noise_pct_20": {"accuracy": {"mean": 1.0, "std": 0.0, "std_err": 0.0, "raw": [1.0, 1.0, 1.0, 1.0, 1.0]}, "interpretability": {"num_rules": {"mean": 3.0, "std": 0.0, "std_err": 0.0, "raw": [3, 3, 3, 3, 3]}, "num_predicates": {"mean": 13.0, "std": 0.0, "std_err": 0.0, "raw": [13, 13, 13, 13, 13]}}, "learning_time": {"mean": 2.7498000000000005, "std": 0.5173251975305283, "std_err": 0.25866259876526415, "raw": [3.563, 2.36, 2.918, 2.855, 2.053]}}, "noise_pct_30": {"accuracy": {"mean": 1.0, "std": 0.0, "std_err": 0.0, "raw": [1.0, 1.0, 1.0, 1.0, 1.0]}, "interpretability": {"num_rules": {"mean": 3.0, "std": 0.0, "std_err": 0.0, "raw": [3, 3, 3, 3, 3]}, "num_predicates": {"mean": 13.0, "std": 0.0, "std_err": 0.0, "raw": [13, 13, 13, 13, 13]}}, "learning_time": {"mean": 3.2116, "std": 0.6142307709647897, "std_err": 0.30711538548239486, "raw": [4.221, 2.93, 3.586, 2.803, 2.518]}}, "noise_pct_40": {"accuracy": {"mean": 1.0, "std": 0.0, "std_err": 0.0, "raw": [1.0, 1.0, 1.0, 1.0, 1.0]}, "interpretability": {"num_rules": {"mean": 3.0, "std": 0.0, "std_err": 0.0, "raw": [3, 3, 3, 3, 3]}, "num_predicates": {"mean": 13.0, "std": 0.0, "std_err": 0.0, "raw": [13, 13, 13, 13, 13]}}, "learning_time": {"mean": 3.6176000000000004, "std": 0.862865134305472, "std_err": 0.4314325671527359, "raw": [4.23, 3.623, 4.854, 2.914, 2.467]}}, "noise_pct_50": {"accuracy": {"mean": 1.0, "std": 0.0, "std_err": 0.0, "raw": [1.0, 1.0, 1.0, 1.0, 1.0]}, "interpretability": {"num_rules": {"mean": 3.0, "std": 0.0, "std_err": 0.0, "raw": [3, 3, 3, 3, 3]}, "num_predicates": {"mean": 13.0, "std": 0.0, "std_err": 0.0, "raw": [13, 13, 13, 13, 13]}}, "learning_time": {"mean": 3.8009999999999997, "std": 0.5145370734942237, "std_err": 0.25726853674711186, "raw": [3.877, 3.918, 4.613, 3.034, 3.563]}}, "noise_pct_60": {"accuracy": {"mean": 1.0, "std": 0.0, "std_err": 0.0, "raw": [1.0, 1.0, 1.0, 1.0, 1.0]}, "interpretability": {"num_rules": {"mean": 3.0, "std": 0.0, "std_err": 0.0, "raw": [3, 3, 3, 3, 3]}, "num_predicates": {"mean": 13.0, "std": 0.0, "std_err": 0.0, "raw": [13, 13, 13, 13, 13]}}, "learning_time": {"mean": 4.04, "std": 0.6091249461317441, "std_err": 0.30456247306587203, "raw": [4.262, 3.937, 4.985, 3.098, 3.918]}}, "noise_pct_70": {"accuracy": {"mean": 1.0, "std": 0.0, "std_err": 0.0, "raw": [1.0, 1.0, 1.0, 1.0, 1.0]}, "interpretability": {"num_rules": {"mean": 3.0, "std": 0.0, "std_err": 0.0, "raw": [3, 3, 3, 3, 3]}, "num_predicates": {"mean": 13.0, "std": 0.0, "std_err": 0.0, "raw": [13, 13, 13, 13, 13]}}, "learning_time": {"mean": 4.3102, "std": 0.9283118872447989, "std_err": 0.46415594362239937, "raw": [4.438, 4.044, 6.003, 3.261, 3.805]}}, "noise_pct_80": {"accuracy": {"mean": 1.0, "std": 0.0, "std_err": 0.0, "raw": [1.0, 1.0, 1.0, 1.0, 1.0]}, "interpretability": {"num_rules": {"mean": 3.0, "std": 0.0, "std_err": 0.0, "raw": [3, 3, 3, 3, 3]}, "num_predicates": {"mean": 13.0, "std": 0.0, "std_err": 0.0, "raw": [13, 13, 13, 13, 13]}}, "learning_time": {"mean": 4.7936, "std": 0.7600322624731138, "std_err": 0.3800161312365569, "raw": [5.076, 4.34, 6.065, 3.807, 4.68]}}, "noise_pct_90": {"accuracy": {"mean": 1.0, "std": 0.0, "std_err": 0.0, "raw": [1.0, 1.0, 1.0, 1.0, 1.0]}, "interpretability": {"num_rules": {"mean": 3.0, "std": 0.0, "std_err": 0.0, "raw": [3, 3, 3, 3, 3]}, "num_predicates": {"mean": 13.0, "std": 0.0, "std_err": 0.0, "raw": [13, 13, 13, 13, 13]}}, "learning_time": {"mean": 5.261, "std": 0.5593342471188403, "std_err": 0.2796671235594201, "raw": [5.394, 4.809, 6.087, 4.492, 5.523]}}, "noise_pct_100": {"accuracy": {"mean": 0.8043956043956044, "std": 0.05554445554445558, "std_err": 0.027772227772227785, "raw": [0.8321678321678322, 0.6933066933066933, 0.8321678321678322, 0.8321678321678322, 0.8321678321678322]}, "interpretability": {"num_rules": {"mean": 2.2, "std": 0.39999999999999997, "std_err": 0.19999999999999996, "raw": [2, 3, 2, 2, 2]}, "num_predicates": {"mean": 5.8, "std": 3.6000000000000005, "std_err": 1.8000000000000003, "raw": [4, 13, 4, 4, 4]}}, "learning_time": {"mean": 8.6894, "std": 1.1466201812282917, "std_err": 0.5733100906141458, "raw": [7.795, 9.218, 7.633, 8.103, 10.698]}}}