{"noise_pct_10": {"accuracy": {"mean": 1.0, "std": 0.0, "std_err": 0.0, "raw": [1.0, 1.0, 1.0, 1.0, 1.0]}, "interpretability": {"num_rules": {"mean": 3.0, "std": 0.0, "std_err": 0.0, "raw": [3, 3, 3, 3, 3]}, "num_predicates": {"mean": 13.0, "std": 0.0, "std_err": 0.0, "raw": [13, 13, 13, 13, 13]}}, "learning_time": {"mean": 2.5340000000000003, "std": 0.5341123477321977, "std_err": 0.26705617386609887, "raw": [2.273, 2.175, 1.922, 3.369, 2.931]}}, "noise_pct_20": {"accuracy": {"mean": 1.0, "std": 0.0, "std_err": 0.0, "raw": [1.0, 1.0, 1.0, 1.0, 1.0]}, "interpretability": {"num_rules": {"mean": 3.0, "std": 0.0, "std_err": 0.0, "raw": [3, 3, 3, 3, 3]}, "num_predicates": {"mean": 13.0, "std": 0.0, "std_err": 0.0, "raw": [13, 13, 13, 13, 13]}}, "learning_time": {"mean": 2.5664000000000002, "std": 0.6333452770803616, "std_err": 0.31667263854018074, "raw": [2.34, 3.385, 1.699, 3.201, 2.207]}}, "noise_pct_30": {"accuracy": {"mean": 1.0, "std": 0.0, "std_err": 0.0, "raw": [1.0, 1.0, 1.0, 1.0, 1.0]}, "interpretability": {"num_rules": {"mean": 3.0, "std": 0.0, "std_err": 0.0, "raw": [3, 3, 3, 3, 3]}, "num_predicates": {"mean": 13.0, "std": 0.0, "std_err": 0.0, "raw": [13, 13, 13, 13, 13]}}, "learning_time": {"mean": 2.6978, "std": 0.5527648324559008, "std_err": 0.27638241622795034, "raw": [2.496, 3.656, 2.021, 2.89, 2.426]}}, "noise_pct_40": {"accuracy": {"mean": 1.0, "std": 0.0, "std_err": 0.0, "raw": [1.0, 1.0, 1.0, 1.0, 1.0]}, "interpretability": {"num_rules": {"mean": 3.0, "std": 0.0, "std_err": 0.0, "raw": [3, 3, 3, 3, 3]}, "num_predicates": {"mean": 13.0, "std": 0.0, "std_err": 0.0, "raw": [13, 13, 13, 13, 13]}}, "learning_time": {"mean": 2.7659999999999996, "std": 0.22705682108230088, "std_err": 0.11352841054115044, "raw": [2.727, 3.088, 2.382, 2.814, 2.819]}}, "noise_pct_50": {"accuracy": {"mean": 1.0, "std": 0.0, "std_err": 0.0, "raw": [1.0, 1.0, 1.0, 1.0, 1.0]}, "interpretability": {"num_rules": {"mean": 3.0, "std": 0.0, "std_err": 0.0, "raw": [3, 3, 3, 3, 3]}, "num_predicates": {"mean": 13.0, "std": 0.0, "std_err": 0.0, "raw": [13, 13, 13, 13, 13]}}, "learning_time": {"mean": 2.8952, "std": 0.4759850417817771, "std_err": 0.23799252089088851, "raw": [2.875, 3.48, 2.151, 2.653, 3.317]}}, "noise_pct_60": {"accuracy": {"mean": 1.0, "std": 0.0, "std_err": 0.0, "raw": [1.0, 1.0, 1.0, 1.0, 1.0]}, "interpretability": {"num_rules": {"mean": 3.0, "std": 0.0, "std_err": 0.0, "raw": [3, 3, 3, 3, 3]}, "num_predicates": {"mean": 13.0, "std": 0.0, "std_err": 0.0, "raw": [13, 13, 13, 13, 13]}}, "learning_time": {"mean": 3.1114, "std": 0.5114538493354019, "std_err": 0.25572692466770097, "raw": [2.627, 3.615, 2.501, 3.038, 3.776]}}, "noise_pct_70": {"accuracy": {"mean": 1.0, "std": 0.0, "std_err": 0.0, "raw": [1.0, 1.0, 1.0, 1.0, 1.0]}, "interpretability": {"num_rules": {"mean": 3.0, "std": 0.0, "std_err": 0.0, "raw": [3, 3, 3, 3, 3]}, "num_predicates": {"mean": 13.0, "std": 0.0, "std_err": 0.0, "raw": [13, 13, 13, 13, 13]}}, "learning_time": {"mean": 3.2962, "std": 0.41095566670870953, "std_err": 0.20547783335435477, "raw": [2.918, 3.709, 2.748, 3.331, 3.775]}}, "noise_pct_80": {"accuracy": {"mean": 1.0, "std": 0.0, "std_err": 0.0, "raw": [1.0, 1.0, 1.0, 1.0, 1.0]}, "interpretability": {"num_rules": {"mean": 3.0, "std": 0.0, "std_err": 0.0, "raw": [3, 3, 3, 3, 3]}, "num_predicates": {"mean": 13.0, "std": 0.0, "std_err": 0.0, "raw": [13, 13, 13, 13, 13]}}, "learning_time": {"mean": 3.5054000000000003, "std": 0.4793306165894267, "std_err": 0.23966530829471336, "raw": [2.73, 3.897, 3.679, 3.197, 4.024]}}, "noise_pct_90": {"accuracy": {"mean": 1.0, "std": 0.0, "std_err": 0.0, "raw": [1.0, 1.0, 1.0, 1.0, 1.0]}, "interpretability": {"num_rules": {"mean": 3.0, "std": 0.0, "std_err": 0.0, "raw": [3, 3, 3, 3, 3]}, "num_predicates": {"mean": 13.0, "std": 0.0, "std_err": 0.0, "raw": [13, 13, 13, 13, 13]}}, "learning_time": {"mean": 3.724, "std": 0.5360861871005443, "std_err": 0.26804309355027217, "raw": [2.997, 4.592, 3.702, 3.393, 3.936]}}, "noise_pct_100": {"accuracy": {"mean": 0.8657342657342658, "std": 0.06713286713286713, "std_err": 0.03356643356643356, "raw": [0.8321678321678322, 0.8321678321678322, 0.8321678321678322, 1.0, 0.8321678321678322]}, "interpretability": {"num_rules": {"mean": 2.2, "std": 0.39999999999999997, "std_err": 0.19999999999999998, "raw": [2, 2, 2, 3, 2]}, "num_predicates": {"mean": 5.8, "std": 3.6, "std_err": 1.7999999999999998, "raw": [4, 4, 4, 13, 4]}}, "learning_time": {"mean": 4.7112, "std": 0.9311215602701938, "std_err": 0.46556078013509683, "raw": [4.301, 6.535, 4.203, 3.965, 4.552]}}}