{"noise_pct_95": {"accuracy": {"mean": 0.9905094905094904, "std": 0.048523176402673215, "std_err": 0.00693188234323903, "raw": [1.0, 1.0, 1.0, 1.0, 1.0, 1.0, 1.0, 1.0, 1.0, 0.8321678321678322, 1.0, 1.0, 1.0, 1.0, 1.0, 1.0, 1.0, 1.0, 1.0, 1.0, 1.0, 1.0, 1.0, 1.0, 1.0, 1.0, 1.0, 1.0, 1.0, 1.0, 1.0, 1.0, 0.6933066933066933, 1.0, 1.0, 1.0, 1.0, 1.0, 1.0, 1.0, 1.0, 1.0, 1.0, 1.0, 1.0, 1.0, 1.0, 1.0, 1.0, 1.0]}, "interpretability": {"num_rules": {"mean": 2.98, "std": 0.13999999999999999, "std_err": 0.019999999999999993, "raw": [3, 3, 3, 3, 3, 3, 3, 3, 3, 2, 3, 3, 3, 3, 3, 3, 3, 3, 3, 3, 3, 3, 3, 3, 3, 3, 3, 3, 3, 3, 3, 3, 3, 3, 3, 3, 3, 3, 3, 3, 3, 3, 3, 3, 3, 3, 3, 3, 3, 3]}, "num_predicates": {"mean": 12.82, "std": 1.2599999999999998, "std_err": 0.17999999999999997, "raw": [13, 13, 13, 13, 13, 13, 13, 13, 13, 4, 13, 13, 13, 13, 13, 13, 13, 13, 13, 13, 13, 13, 13, 13, 13, 13, 13, 13, 13, 13, 13, 13, 13, 13, 13, 13, 13, 13, 13, 13, 13, 13, 13, 13, 13, 13, 13, 13, 13, 13]}}, "learning_time": {"mean": 6.159980000000001, "std": 1.5208825923127665, "std_err": 0.21726894175896663, "raw": [5.22, 5.187, 6.236, 4.263, 4.831, 5.989, 5.714, 6.561, 8.811, 12.262, 6.683, 4.624, 7.382, 4.471, 4.812, 6.091, 6.558, 7.158, 8.454, 4.112, 4.857, 5.765, 5.31, 7.068, 7.868, 8.541, 7.37, 5.515, 6.01, 7.051, 4.824, 5.493, 6.48, 6.9, 6.701, 5.467, 4.556, 5.967, 5.23, 5.807, 6.721, 6.999, 4.342, 6.395, 5.063, 4.986, 4.199, 5.016, 9.319, 6.76]}}, "noise_pct_96": {"accuracy": {"mean": 0.9905094905094904, "std": 0.048523176402673215, "std_err": 0.00693188234323903, "raw": [1.0, 1.0, 1.0, 1.0, 1.0, 1.0, 1.0, 1.0, 1.0, 0.8321678321678322, 1.0, 1.0, 1.0, 1.0, 1.0, 1.0, 1.0, 1.0, 1.0, 1.0, 1.0, 1.0, 1.0, 1.0, 1.0, 1.0, 1.0, 1.0, 1.0, 1.0, 1.0, 1.0, 0.6933066933066933, 1.0, 1.0, 1.0, 1.0, 1.0, 1.0, 1.0, 1.0, 1.0, 1.0, 1.0, 1.0, 1.0, 1.0, 1.0, 1.0, 1.0]}, "interpretability": {"num_rules": {"mean": 2.98, "std": 0.13999999999999999, "std_err": 0.019999999999999993, "raw": [3, 3, 3, 3, 3, 3, 3, 3, 3, 2, 3, 3, 3, 3, 3, 3, 3, 3, 3, 3, 3, 3, 3, 3, 3, 3, 3, 3, 3, 3, 3, 3, 3, 3, 3, 3, 3, 3, 3, 3, 3, 3, 3, 3, 3, 3, 3, 3, 3, 3]}, "num_predicates": {"mean": 12.82, "std": 1.2599999999999998, "std_err": 0.17999999999999997, "raw": [13, 13, 13, 13, 13, 13, 13, 13, 13, 4, 13, 13, 13, 13, 13, 13, 13, 13, 13, 13, 13, 13, 13, 13, 13, 13, 13, 13, 13, 13, 13, 13, 13, 13, 13, 13, 13, 13, 13, 13, 13, 13, 13, 13, 13, 13, 13, 13, 13, 13]}}, "learning_time": {"mean": 6.26472, "std": 1.6605959296589885, "std_err": 0.23722798995128405, "raw": [5.377, 5.163, 6.514, 3.995, 5.05, 5.983, 5.617, 6.372, 8.367, 13.598, 7.729, 4.628, 7.825, 4.454, 4.917, 6.115, 6.781, 7.625, 8.159, 4.012, 4.751, 5.746, 5.64, 7.014, 7.952, 9.179, 7.206, 5.255, 5.764, 7.227, 4.73, 5.705, 5.735, 7.401, 6.81, 5.176, 4.422, 5.917, 5.462, 5.971, 7.054, 6.955, 4.969, 6.409, 5.107, 5.441, 4.29, 5.34, 9.312, 7.015]}}, "noise_pct_97": {"accuracy": {"mean": 0.9844755244755246, "std": 0.06343497760098243, "std_err": 0.009062139657283204, "raw": [1.0, 1.0, 1.0, 1.0, 1.0, 1.0, 1.0, 0.6983016983016983, 1.0, 0.8321678321678322, 1.0, 1.0, 1.0, 1.0, 1.0, 1.0, 1.0, 1.0, 1.0, 1.0, 1.0, 1.0, 1.0, 1.0, 1.0, 1.0, 1.0, 1.0, 1.0, 1.0, 1.0, 1.0, 0.6933066933066933, 1.0, 1.0, 1.0, 1.0, 1.0, 1.0, 1.0, 1.0, 1.0, 1.0, 1.0, 1.0, 1.0, 1.0, 1.0, 1.0, 1.0]}, "interpretability": {"num_rules": {"mean": 2.98, "std": 0.13999999999999999, "std_err": 0.019999999999999993, "raw": [3, 3, 3, 3, 3, 3, 3, 3, 3, 2, 3, 3, 3, 3, 3, 3, 3, 3, 3, 3, 3, 3, 3, 3, 3, 3, 3, 3, 3, 3, 3, 3, 3, 3, 3, 3, 3, 3, 3, 3, 3, 3, 3, 3, 3, 3, 3, 3, 3, 3]}, "num_predicates": {"mean": 12.82, "std": 1.2599999999999998, "std_err": 0.17999999999999997, "raw": [13, 13, 13, 13, 13, 13, 13, 13, 13, 4, 13, 13, 13, 13, 13, 13, 13, 13, 13, 13, 13, 13, 13, 13, 13, 13, 13, 13, 13, 13, 13, 13, 13, 13, 13, 13, 13, 13, 13, 13, 13, 13, 13, 13, 13, 13, 13, 13, 13, 13]}}, "learning_time": {"mean": 6.25732, "std": 1.6134557873087196, "std_err": 0.23049368390124564, "raw": [5.454, 5.045, 6.434, 4.203, 5.059, 6.253, 5.793, 6.636, 8.648, 12.154, 6.902, 4.502, 7.523, 4.253, 4.82, 6.133, 7.412, 7.271, 8.266, 3.99, 4.818, 5.528, 5.606, 7.192, 8.388, 9.775, 7.08, 5.669, 5.963, 7.155, 4.776, 5.84, 5.91, 7.313, 6.61, 5.531, 4.446, 5.857, 5.102, 5.485, 7.156, 6.87, 4.868, 6.071, 4.827, 5.122, 4.279, 5.249, 9.797, 7.832]}}, "noise_pct_98": {"accuracy": {"mean": 0.9783416583416584, "std": 0.07534678259598891, "std_err": 0.010763826085141275, "raw": [1.0, 1.0, 1.0, 1.0, 1.0, 1.0, 1.0, 0.6983016983016983, 1.0, 1.0, 1.0, 1.0, 1.0, 1.0, 1.0, 1.0, 1.0, 1.0, 1.0, 1.0, 1.0, 1.0, 1.0, 1.0, 1.0, 0.6933066933066933, 1.0, 1.0, 1.0, 1.0, 1.0, 1.0, 0.6933066933066933, 1.0, 1.0, 1.0, 0.8321678321678322, 1.0, 1.0, 1.0, 1.0, 1.0, 1.0, 1.0, 1.0, 1.0, 1.0, 1.0, 1.0, 1.0]}, "interpretability": {"num_rules": {"mean": 2.98, "std": 0.13999999999999999, "std_err": 0.02, "raw": [3, 3, 3, 3, 3, 3, 3, 3, 3, 3, 3, 3, 3, 3, 3, 3, 3, 3, 3, 3, 3, 3, 3, 3, 3, 3, 3, 3, 3, 3, 3, 3, 3, 3, 3, 3, 2, 3, 3, 3, 3, 3, 3, 3, 3, 3, 3, 3, 3, 3]}, "num_predicates": {"mean": 12.82, "std": 1.2599999999999998, "std_err": 0.18, "raw": [13, 13, 13, 13, 13, 13, 13, 13, 13, 13, 13, 13, 13, 13, 13, 13, 13, 13, 13, 13, 13, 13, 13, 13, 13, 13, 13, 13, 13, 13, 13, 13, 13, 13, 13, 13, 4, 13, 13, 13, 13, 13, 13, 13, 13, 13, 13, 13, 13, 13]}}, "learning_time": {"mean": 6.51096, "std": 1.8082571715328548, "std_err": 0.25832245307612206, "raw": [5.141, 5.484, 6.589, 3.756, 4.504, 6.104, 7.1, 7.674, 9.207, 12.84, 7.566, 4.998, 7.763, 4.956, 4.863, 6.035, 7.334, 6.709, 7.493, 4.076, 4.334, 5.93, 5.333, 5.923, 8.067, 10.663, 6.904, 7.531, 5.129, 8.093, 5.062, 6.063, 6.063, 6.115, 7.306, 5.443, 8.446, 5.715, 4.994, 7.39, 8.197, 6.552, 4.475, 6.172, 5.079, 6.721, 4.339, 5.146, 11.184, 6.987]}}, "noise_pct_99": {"accuracy": {"mean": 0.955904095904096, "std": 0.09856490553818786, "std_err": 0.014080700791169694, "raw": [1.0, 0.6933066933066933, 1.0, 1.0, 1.0, 1.0, 1.0, 0.8321678321678322, 0.6933066933066933, 0.8321678321678322, 1.0, 1.0, 1.0, 1.0, 1.0, 1.0, 1.0, 1.0, 1.0, 0.6933066933066933, 1.0, 1.0, 1.0, 1.0, 1.0, 0.6933066933066933, 1.0, 0.8321678321678322, 1.0, 1.0, 1.0, 1.0, 0.6933066933066933, 1.0, 1.0, 1.0, 0.8321678321678322, 1.0, 1.0, 1.0, 1.0, 1.0, 1.0, 1.0, 1.0, 1.0, 1.0, 1.0, 1.0, 1.0]}, "interpretability": {"num_rules": {"mean": 2.92, "std": 0.2712931993250107, "std_err": 0.03875617133214439, "raw": [3, 3, 3, 3, 3, 3, 3, 2, 3, 2, 3, 3, 3, 3, 3, 3, 3, 3, 3, 3, 3, 3, 3, 3, 3, 3, 3, 2, 3, 3, 3, 3, 3, 3, 3, 3, 2, 3, 3, 3, 3, 3, 3, 3, 3, 3, 3, 3, 3, 3]}, "num_predicates": {"mean": 12.28, "std": 2.4416387939250965, "std_err": 0.34880554198929953, "raw": [13, 13, 13, 13, 13, 13, 13, 4, 13, 4, 13, 13, 13, 13, 13, 13, 13, 13, 13, 13, 13, 13, 13, 13, 13, 13, 13, 4, 13, 13, 13, 13, 13, 13, 13, 13, 4, 13, 13, 13, 13, 13, 13, 13, 13, 13, 13, 13, 13, 13]}}, "learning_time": {"mean": 7.24152, "std": 2.045446281279467, "std_err": 0.29220661161135236, "raw": [5.08, 5.656, 6.417, 5.189, 6.192, 5.88, 9.208, 7.991, 10.623, 12.493, 7.815, 5.524, 10.202, 4.675, 5.044, 7.412, 8.757, 8.45, 8.256, 6.044, 5.454, 6.907, 5.281, 5.964, 7.207, 10.256, 12.62, 9.327, 5.533, 7.764, 4.798, 5.714, 7.16, 6.954, 7.413, 5.423, 8.607, 5.86, 4.939, 7.375, 10.932, 7.469, 4.139, 7.494, 7.975, 6.905, 4.36, 6.375, 10.653, 8.31]}}, "noise_pct_100": {"accuracy": {"mean": 0.8506093906093907, "std": 0.1589572531090034, "std_err": 0.022708179015571914,