{"noise_pct_95": {"accuracy": {"mean": 0.9724275724275725, "std": 0.07056398846286933, "std_err": 0.010080569780409904, "raw": [1.0, 1.0, 1.0, 1.0, 1.0, 1.0, 1.0, 1.0, 1.0, 0.8321678321678322, 1.0, 1.0, 1.0, 1.0, 1.0, 1.0, 1.0, 0.8321678321678322, 1.0, 1.0, 1.0, 1.0, 1.0, 1.0, 0.8011988011988012, 1.0, 1.0, 1.0, 1.0, 1.0, 1.0, 1.0, 0.6933066933066933, 1.0, 1.0, 1.0, 0.7982017982017982, 1.0, 1.0, 1.0, 1.0, 1.0, 1.0, 1.0, 1.0, 1.0, 1.0, 1.0, 0.8321678321678322, 0.8321678321678322]}, "interpretability": {"num_rules": {"mean": 2.92, "std": 0.2712931993250107, "std_err": 0.03875617133214439, "raw": [3, 3, 3, 3, 3, 3, 3, 3, 3, 2, 3, 3, 3, 3, 3, 3, 3, 2, 3, 3, 3, 3, 3, 3, 3, 3, 3, 3, 3, 3, 3, 3, 3, 3, 3, 3, 3, 3, 3, 3, 3, 3, 3, 3, 3, 3, 3, 3, 2, 2]}, "num_predicates": {"mean": 12.28, "std": 2.441638793925097, "std_err": 0.34880554198929953, "raw": [13, 13, 13, 13, 13, 13, 13, 13, 13, 4, 13, 13, 13, 13, 13, 13, 13, 4, 13, 13, 13, 13, 13, 13, 13, 13, 13, 13, 13, 13, 13, 13, 13, 13, 13, 13, 13, 13, 13, 13, 13, 13, 13, 13, 13, 13, 13, 13, 4, 4]}}, "learning_time": {"mean": 3.8551599999999997, "std": 1.1248014110944207, "std_err": 0.16068591587063152, "raw": [2.808, 4.177, 3.417, 3.092, 3.23, 3.43, 4.31, 3.789, 4.283, 3.543, 3.538, 3.041, 4.177, 4.956, 4.507, 2.819, 2.62, 4.449, 3.642, 2.578, 2.829, 3.029, 3.452, 8.468, 4.665, 4.002, 4.228, 2.832, 5.733, 4.5, 2.738, 4.202, 4.386, 4.092, 4.631, 4.421, 4.003, 2.797, 2.447, 4.298, 6.513, 2.317, 3.457, 2.264, 5.987, 3.915, 3.57, 3.432, 2.841, 4.303]}}, "noise_pct_96": {"accuracy": {"mean": 0.9724275724275725, "std": 0.07056398846286933, "std_err": 0.010080569780409906, "raw": [1.0, 1.0, 1.0, 1.0, 1.0, 1.0, 1.0, 1.0, 1.0, 0.8321678321678322, 0.7982017982017982, 1.0, 1.0, 1.0, 1.0, 1.0, 1.0, 0.8321678321678322, 1.0, 1.0, 1.0, 1.0, 1.0, 1.0, 0.8011988011988012, 1.0, 1.0, 1.0, 1.0, 1.0, 1.0, 1.0, 0.6933066933066933, 1.0, 1.0, 1.0, 1.0, 1.0, 1.0, 1.0, 1.0, 1.0, 1.0, 1.0, 1.0, 1.0, 1.0, 1.0, 0.8321678321678322, 0.8321678321678322]}, "interpretability": {"num_rules": {"mean": 2.92, "std": 0.2712931993250107, "std_err": 0.03875617133214439, "raw": [3, 3, 3, 3, 3, 3, 3, 3, 3, 2, 3, 3, 3, 3, 3, 3, 3, 2, 3, 3, 3, 3, 3, 3, 3, 3, 3, 3, 3, 3, 3, 3, 3, 3, 3, 3, 3, 3, 3, 3, 3, 3, 3, 3, 3, 3, 3, 3, 2, 2]}, "num_predicates": {"mean": 12.28, "std": 2.441638793925097, "std_err": 0.34880554198929953, "raw": [13, 13, 13, 13, 13, 13, 13, 13, 13, 4, 13, 13, 13, 13, 13, 13, 13, 4, 13, 13, 13, 13, 13, 13, 13, 13, 13, 13, 13, 13, 13, 13, 13, 13, 13, 13, 13, 13, 13, 13, 13, 13, 13, 13, 13, 13, 13, 13, 4, 4]}}, "learning_time": {"mean": 3.9862400000000004, "std": 1.1921684203165257, "std_err": 0.17030977433093222, "raw": [2.853, 4.502, 3.436, 2.937, 3.206, 3.565, 4.173, 3.654, 4.173, 3.462, 3.175, 3.147, 4.46, 5.05, 4.807, 2.755, 2.498, 4.51, 4.52, 2.482, 2.823, 3.282, 3.299, 8.592, 4.806, 3.783, 4.319, 2.799, 5.799, 5.324, 2.718, 4.317, 4.323, 4.084, 4.844, 4.56, 4.154, 2.664, 2.563, 4.665, 6.987, 2.706, 4.666, 2.251, 5.98, 4.251, 3.825, 3.811, 3.298, 4.454]}}, "noise_pct_97": {"accuracy": {"mean": 0.9724875124875126, "std": 0.07041708818757034, "std_err": 0.010059584026795765, "raw": [1.0, 1.0, 1.0, 1.0, 1.0, 1.0, 1.0, 1.0, 1.0, 0.8321678321678322, 1.0, 1.0, 1.0, 0.8011988011988012, 1.0, 1.0, 1.0, 0.8321678321678322, 1.0, 1.0, 1.0, 1.0, 1.0, 1.0, 0.8011988011988012, 1.0, 1.0, 1.0, 1.0, 1.0, 1.0, 1.0, 0.6933066933066933, 1.0, 1.0, 1.0, 1.0, 1.0, 1.0, 1.0, 1.0, 1.0, 1.0, 1.0, 1.0, 1.0, 1.0, 1.0, 0.8321678321678322, 0.8321678321678322]}, "interpretability": {"num_rules": {"mean": 2.92, "std": 0.2712931993250107, "std_err": 0.03875617133214439, "raw": [3, 3, 3, 3, 3, 3, 3, 3, 3, 2, 3, 3, 3, 3, 3, 3, 3, 2, 3, 3, 3, 3, 3, 3, 3, 3, 3, 3, 3, 3, 3, 3, 3, 3, 3, 3, 3, 3, 3, 3, 3, 3, 3, 3, 3, 3, 3, 3, 2, 2]}, "num_predicates": {"mean": 12.28, "std": 2.441638793925097, "std_err": 0.34880554198929953, "raw": [13, 13, 13, 13, 13, 13, 13, 13, 13, 4, 13, 13, 13, 13, 13, 13, 13, 4, 13, 13, 13, 13, 13, 13, 13, 13, 13, 13, 13, 13, 13, 13, 13, 13, 13, 13, 13, 13, 13, 13, 13, 13, 13, 13, 13, 13, 13, 13, 4, 4]}}, "learning_time": {"mean": 3.97396, "std": 1.1887043359893998, "std_err": 0.16981490514134284, "raw": [2.919, 4.638, 3.606, 3.016, 3.232, 3.641, 4.203, 3.863, 4.154, 3.375, 3.434, 3.163, 4.581, 4.807, 4.43, 2.739, 2.93, 4.505, 4.385, 2.446, 2.789, 3.258, 3.401, 8.796, 4.792, 4.125, 4.25, 2.699, 5.664, 5.144, 2.866, 4.39, 4.692, 3.916, 4.912, 4.633, 4.351, 2.56, 2.41, 4.492, 6.785, 2.531, 4.576, 2.171, 6.01, 4.309, 3.765, 3.353, 3.072, 3.919]}}, "noise_pct_98": {"accuracy": {"mean": 0.9617982017982019, "std": 0.07857015774042714, "std_err": 0.011224308248632449, "raw": [1.0, 1.0, 1.0, 1.0, 1.0, 1.0, 1.0, 1.0, 1.0, 0.8321678321678322, 1.0, 1.0, 0.8011988011988012, 0.8011988011988012, 1.0, 1.0, 1.0, 0.8321678321678322, 1.0, 1.0, 1.0, 1.0, 1.0, 1.0, 0.8011988011988012, 1.0, 1.0, 1.0, 1.0, 1.0, 1.0, 1.0, 0.6933066933066933, 1.0, 1.0, 1.0, 0.8321678321678322, 1.0, 1.0, 0.8321678321678322, 1.0, 1.0, 1.0, 1.0, 1.0, 1.0, 1.0, 1.0, 0.8321678321678322, 0.8321678321678322]}, "interpretability": {"num_rules": {"mean": 2.88, "std": 0.32496153618543844, "std_err": 0.04642307659791978, "raw": [3, 3, 3, 3, 3, 3, 3, 3, 3, 2, 3, 3, 3, 3, 3, 3, 3, 2, 3, 3, 3, 3, 3, 3, 3, 3, 3, 3, 3, 3, 3, 3, 3, 3, 3, 3, 2, 3, 3, 2, 3, 3, 3, 3, 3, 3, 3, 3, 2, 2]}, "num_predicates": {"mean": 11.92, "std": 2.924653825668946, "std_err": 0.417807689381278, "raw": [13, 13, 13, 13, 13, 13, 13, 13, 13, 4, 13, 13, 13, 13, 13, 13, 13, 4, 13, 13, 13, 13, 13, 13, 13, 13, 13, 13, 13, 13, 13, 13, 13, 13, 13, 13, 4, 13, 13, 4, 13, 13, 13, 13, 13, 13, 13, 13, 4, 4]}}, "learning_time": {"mean": 3.96952, "std": 1.0748831236929903, "std_err": 0.15355473195614147, "raw": [2.582, 3.67, 3.419, 2.73, 2.945, 3.776, 4.777, 3.333, 4.693, 3.757, 2.904, 2.542, 3.908, 5.127, 4.469, 2.784, 3.166, 4.22, 3.969, 2.517, 2.627, 3.931, 3.324, 7.827, 4.291, 3.796, 4.122, 3.301, 5.121, 5.665, 2.924, 3.313, 4.779, 4.385, 4.486, 4.891, 4.698, 3.662, 2.867, 4.75, 6.23, 3.783, 3.834, 2.174, 6.341, 4.49, 3.988, 3.984, 3.643, 3.961]}}, "noise_pct_99": {"accuracy": {"mean": 0.9278521478521479, "std": 0.15838237453043708, "std_err": 0.022626053504348154, "raw": [1.0, 1.0, 1.0, 1.0, 1.0, 1.0, 1.0, 0.8321678321678322, 0.8321678321678322, 0.8321678321678322, 1.0, 1.0, 1.0, 1.0, 1.0, 1.0, 1.0, 0.8321678321678322, 0.6983016983016983, 1.0, 1.0, 0.8171828171828172, 1.0, 0.03196803196803197, 0.8011988011988012, 1.0, 1.0, 1.0, 1.0, 1.0, 1.0, 1.0, 0.6933066933066933, 1.0, 1.0, 1.0, 0.8321678321678322, 1.0, 1.0, 0.8321678321678322, 0.6933066933066933, 1.0, 1.0, 1.0, 1.0, 1.0, 1.0, 1.0, 0.8321678321678322, 0.8321678321678322]}, "interpretability": {"num_rules": {"mean": 2.84, "std": 0.3666060555964672, "std_err": 0.05237229365663817, "raw": [3, 3, 3, 3, 3, 3, 3, 2, 2, 2, 3, 3, 3, 3, 3, 3, 3, 2, 3, 3, 3, 3, 3, 3, 3, 3, 3, 3, 3, 3, 3, 3, 3, 3, 3, 3, 2, 3, 3, 2, 3, 3, 3, 3, 3, 3, 3, 3, 2, 2]}, "num_predicates": {"mean": 11.56, "std": 3.2994545003682045, "std_err": 0.4713506429097435, "raw": [13, 13, 13, 13, 13, 13, 13, 4, 4, 4, 13, 13, 13, 13, 13, 13, 13, 4, 13, 13, 13, 13, 13, 13, 13, 13, 13, 13, 13, 13, 13, 13, 13, 13, 13, 13, 4, 13, 13, 4, 13, 13, 13, 13, 13, 13, 13, 13, 4, 4]}}, "learning_time": {"mean": 4.3909, "std": 1.2240983824840224, "std_err": 0.1748711974977175, "raw": [3.193, 4.678, 3.605, 3.111, 4.048, 4.313, 7.84, 4.563, 4.249, 3.591, 2.652, 2.963, 5.295, 5.809, 4.256, 3.875, 3.384, 4.842, 3.848, 2.391, 4.086, 4.676, 2.989, 8.108, 3.747, 3.793, 4.622, 5.415, 5.531, 5.732, 3.026, 3.624, 5.623, 4.31, 4.707, 4.578, 4.548, 3.803, 2.769, 5.641, 5.879, 4.272, 4.473, 2.608, 7.372, 4.539, 4.728, 3.915, 4.205, 3.72]}}, "noise_pct_100": {"accuracy": {"mean": 0.8469730269730271, "std": 0.09227237237873802, "std_err": 0.013181767482676859,