{"noise_pct_95": {"accuracy": {"mean": 0.9578621378621378, "std": 0.13219628741884903, "std_err": 0.018885183916978434, "raw": [1.0, 1.0, 1.0, 1.0, 1.0, 1.0, 1.0, 0.6983016983016983, 0.7192807192807192, 1.0, 0.6933066933066933, 1.0, 1.0, 1.0, 1.0, 0.7192807192807192, 1.0, 1.0, 1.0, 0.23076923076923078, 1.0, 1.0, 1.0, 1.0, 1.0, 0.8321678321678322, 1.0, 1.0, 1.0, 1.0, 1.0, 1.0, 1.0, 1.0, 1.0, 1.0, 1.0, 1.0, 1.0, 1.0, 1.0, 1.0, 1.0, 1.0, 1.0, 1.0, 1.0, 1.0, 1.0, 1.0]}, "interpretability": {"num_rules": {"mean": 3.0, "std": 0.2, "std_err": 0.028571428571428567, "raw": [3, 3, 3, 3, 3, 3, 3, 3, 3, 3, 3, 3, 3, 3, 3, 3, 3, 3, 3, 4, 3, 3, 3, 3, 3, 2, 3, 3, 3, 3, 3, 3, 3, 3, 3, 3, 3, 3, 3, 3, 3, 3, 3, 3, 3, 3, 3, 3, 3, 3]}, "num_predicates": {"mean": 12.94, "std": 1.5285287043428397, "std_err": 0.21836124347754854, "raw": [13, 13, 13, 13, 13, 13, 13, 13, 13, 13, 13, 13, 13, 13, 13, 13, 13, 13, 13, 19, 13, 13, 13, 13, 13, 4, 13, 13, 13, 13, 13, 13, 13, 13, 13, 13, 13, 13, 13, 13, 13, 13, 13, 13, 13, 13, 13, 13, 13, 13]}}, "learning_time": {"mean": 13.6746, "std": 3.996350505148416, "std_err": 0.5709072150212022, "raw": [15.35, 10.818, 9.914, 10.734, 15.346, 11.625, 17.869, 12.067, 14.011, 18.111, 27.363, 8.324, 14.852, 9.011, 12.411, 14.873, 9.06, 13.677, 17.486, 12.851, 15.029, 12.315, 15.381, 26.211, 20.578, 12.632, 11.888, 16.406, 9.024, 12.054, 12.358, 9.016, 11.708, 12.199, 10.794, 18.23, 10.672, 14.811, 12.389, 12.434, 10.739, 12.676, 13.972, 6.16, 18.667, 14.54, 12.528, 10.063, 15.914, 16.589]}}, "noise_pct_96": {"accuracy": {"mean": 0.9341458541458542, "std": 0.17959113395775456, "std_err": 0.025655876279679222, "raw": [1.0, 1.0, 1.0, 1.0, 1.0, 1.0, 1.0, 0.6983016983016983, 0.7192807192807192, 1.0, 0.6933066933066933, 1.0, 1.0, 1.0, 1.0, 0.7192807192807192, 1.0, 1.0, 1.0, 0.23076923076923078, 1.0, 1.0, 1.0, 0.12087912087912088, 1.0, 0.8321678321678322, 1.0, 1.0, 1.0, 1.0, 1.0, 1.0, 1.0, 1.0, 1.0, 1.0, 1.0, 1.0, 1.0, 1.0, 1.0, 1.0, 1.0, 1.0, 1.0, 1.0, 1.0, 1.0, 0.6933066933066933, 1.0]}, "interpretability": {"num_rules": {"mean": 3.0, "std": 0.2, "std_err": 0.028571428571428567, "raw": [3, 3, 3, 3, 3, 3, 3, 3, 3, 3, 3, 3, 3, 3, 3, 3, 3, 3, 3, 4, 3, 3, 3, 3, 3, 2, 3, 3, 3, 3, 3, 3, 3, 3, 3, 3, 3, 3, 3, 3, 3, 3, 3, 3, 3, 3, 3, 3, 3, 3]}, "num_predicates": {"mean": 12.94, "std": 1.5285287043428397, "std_err": 0.21836124347754854, "raw": [13, 13, 13, 13, 13, 13, 13, 13, 13, 13, 13, 13, 13, 13, 13, 13, 13, 13, 13, 19, 13, 13, 13, 13, 13, 4, 13, 13, 13, 13, 13, 13, 13, 13, 13, 13, 13, 13, 13, 13, 13, 13, 13, 13, 13, 13, 13, 13, 13, 13]}}, "learning_time": {"mean": 14.35384, "std": 4.496873817931742, "std_err": 0.6424105454188201, "raw": [19.275, 10.75, 9.714, 11.606, 15.131, 11.789, 20.685, 12.333, 15.553, 18.265, 27.016, 8.386, 14.354, 9.03, 12.223, 19.677, 9.506, 13.371, 23.875, 12.989, 16.658, 12.087, 16.242, 25.733, 22.363, 12.257, 11.783, 16.976, 8.684, 17.387, 12.483, 9.178, 11.49, 11.821, 11.471, 18.88, 11.166, 14.481, 12.747, 12.263, 10.738, 12.666, 14.772, 6.149, 18.841, 14.692, 12.613, 10.331, 16.96, 18.252]}}, "noise_pct_97": {"accuracy": {"mean": 0.9165634365634366, "std": 0.2123326498832267, "std_err": 0.03033323569760381, "raw": [1.0, 1.0, 1.0, 1.0, 1.0, 1.0, 1.0, 0.6983016983016983, 0.7192807192807192, 1.0, 0.6933066933066933, 1.0, 1.0, 1.0, 1.0, 0.7192807192807192, 1.0, 1.0, 1.0, 0.23076923076923078, 1.0, 1.0, 1.0, 0.12087912087912088, 0.12087912087912088, 0.8321678321678322, 1.0, 1.0, 1.0, 1.0, 1.0, 1.0, 1.0, 1.0, 1.0, 1.0, 1.0, 1.0, 1.0, 1.0, 1.0, 1.0, 1.0, 1.0, 1.0, 1.0, 1.0, 1.0, 0.6933066933066933, 1.0]}, "interpretability": {"num_rules": {"mean": 3.0, "std": 0.2, "std_err": 0.028571428571428567, "raw": [3, 3, 3, 3, 3, 3, 3, 3, 3, 3, 3, 3, 3, 3, 3, 3, 3, 3, 3, 4, 3, 3, 3, 3, 3, 2, 3, 3, 3, 3, 3, 3, 3, 3, 3, 3, 3, 3, 3, 3, 3, 3, 3, 3, 3, 3, 3, 3, 3, 3]}, "num_predicates": {"mean": 12.94, "std": 1.5285287043428397, "std_err": 0.21836124347754854, "raw": [13, 13, 13, 13, 13, 13, 13, 13, 13, 13, 13, 13, 13, 13, 13, 13, 13, 13, 13, 19, 13, 13, 13, 13, 13, 4, 13, 13, 13, 13, 13, 13, 13, 13, 13, 13, 13, 13, 13, 13, 13, 13, 13, 13, 13, 13, 13, 13, 13, 13]}}, "learning_time": {"mean": 14.805400000000002, "std": 4.686524635590856, "std_err": 0.6695035193701222, "raw": [20.098, 10.645, 9.983, 11.743, 17.781, 12.818, 21.694, 12.014, 19.056, 18.004, 26.511, 8.24, 15.896, 9.776, 12.748, 18.553, 9.223, 14.738, 23.245, 13.121, 17.422, 12.497, 16.768, 27.445, 19.576, 13.583, 11.576, 17.785, 8.852, 17.515, 12.177, 9.439, 11.544, 12.049, 10.212, 18.15, 11.584, 16.228, 12.659, 12.502, 11.189, 13.18, 15.247, 6.393, 18.386, 14.737, 13.692, 10.328, 16.987, 24.681]}}, "noise_pct_98": {"accuracy": {"mean": 0.8685314685314686, "std": 0.27164400468071587, "std_err": 0.03880628638295941, "raw": [1.0, 1.0, 1.0, 1.0, 1.0, 1.0, 0.6933066933066933, 0.6983016983016983, 0.03396603396603397, 1.0, 0.6933066933066933, 1.0, 1.0, 1.0, 1.0, 0.7192807192807192, 1.0, 1.0, 0.6983016983016983, 0.23076923076923078, 1.0, 1.0, 1.0, 0.12087912087912088, 0.059940059940059943, 0.8321678321678322, 1.0, 0.8321678321678322, 1.0, 1.0, 1.0, 1.0, 1.0, 1.0, 1.0, 1.0, 1.0, 1.0, 1.0, 1.0, 1.0, 1.0, 1.0, 1.0, 1.0, 0.12087912087912088, 1.0, 1.0, 0.6933066933066933, 1.0]}, "interpretability": {"num_rules": {"mean": 2.96, "std": 0.27999999999999997, "std_err": 0.04, "raw": [3, 3, 3, 3, 3, 3, 3, 3, 3, 3, 3, 3, 3, 3, 3, 3, 3, 3, 3, 4, 3, 3, 3, 3, 2, 2, 3, 2, 3, 3, 3, 3, 3, 3, 3, 3, 3, 3, 3, 3, 3, 3, 3, 3, 3, 3, 3, 3, 3, 3]}, "num_predicates": {"mean": 12.58, "std": 2.324564475337262, "std_err": 0.3320806393338946, "raw": [13, 13, 13, 13, 13, 13, 13, 13, 13, 13, 13, 13, 13, 13, 13, 13, 13, 13, 13, 19, 13, 13, 13, 13, 4, 4, 13, 4, 13, 13, 13, 13, 13, 13, 13, 13, 13, 13, 13, 13, 13, 13, 13, 13, 13, 13, 13, 13, 13, 13]}}, "learning_time": {"mean": 16.976480000000002, "std": 5.271252334085326, "std_err": 0.7530360477264753, "raw": [22.668, 17.235, 11.703, 11.452, 20.918, 14.998, 19.192, 12.718, 25.456, 18.636, 27.19, 9.189, 14.386, 14.437, 13.856, 18.959, 10.896, 14.507, 26.576, 13.797, 18.66, 13.925, 21.053, 22.238, 19.412, 12.309, 11.146, 26.089, 10.418, 24.921, 14.125, 8.634, 13.469, 11.233, 10.955, 17.661, 23.892, 23.135, 17.986, 18.006, 20.457, 16.922, 16.354, 6.069, 18.371, 16.596, 15.578, 11.493, 22.094, 26.854]}}, "noise_pct_99": {"accuracy": {"mean": 0.6940459540459541, "std": 0.37375749273904796, "std_err": 0.053393927534149704, "raw": [1.0, 1.0, 1.0, 1.0, 0.6983016983016983, 0.059940059940059943, 0.6933066933066933, 0.6983016983016983, 0.7192807192807192, 1.0, 0.6933066933066933, 1.0, 0.12087912087912088, 1.0, 1.0, 0.7192807192807192, 1.0, 1.0, 0.6983016983016983, 0.23076923076923078, 1.0, 0.12087912087912088, 0.7192807192807192, 0.12087912087912088, 0.059940059940059943, 0.8321678321678322, 0.12087912087912088, 0.8321678321678322, 1.0, 0.12087912087912088, 1.0, 1.0, 1.0, 1.0, 1.0, 0.13086913086913088, 1.0, 1.0, 1.0, 1.0, 0.11988011988011989, 1.0, 1.0, 1.0, 0.12087912087912088, 0.12087912087912088, 0.14085914085914086, 1.0, 0.6933066933066933, 0.11688311688311688]}, "interpretability": {"num_rules": {"mean": 3.0, "std": 0.4, "std_err": 0.057142857142857134, "raw": [3, 3, 3, 3, 3, 2, 3, 3, 3, 3, 3, 3, 3, 3, 3, 3, 3, 3, 3, 4, 3, 3, 3, 3, 2, 2, 3, 2, 3, 3, 3, 3, 3, 3, 3, 4, 3, 3, 3, 3, 4, 3, 3, 3, 3, 3, 3, 3, 3, 4]}, "num_predicates": {"mean": 12.76, "std": 3.04998360651332, "std_err": 0.4357119437876172, "raw": [13, 13, 13, 13, 13, 4, 13, 13, 13, 13, 13, 13, 13, 13, 13, 13, 13, 13, 13, 19, 13, 13, 13, 13, 4, 4, 13, 4, 13, 13, 13, 13, 13, 13, 13, 19, 13, 13, 13, 13, 19, 13, 13, 13, 13, 13, 13, 13, 13, 19]}}, "learning_time": {"mean": 18.90782, "std": 5.833220522798705, "std_err": 0.8333172175426722,