{"noise_pct_95": {"accuracy": {"mean": 1.0, "std": 0.0, "std_err": 0.0, "raw": [1.0, 1.0, 1.0, 1.0, 1.0, 1.0, 1.0, 1.0, 1.0, 1.0, 1.0, 1.0, 1.0, 1.0, 1.0, 1.0, 1.0, 1.0, 1.0, 1.0, 1.0, 1.0, 1.0, 1.0, 1.0, 1.0, 1.0, 1.0, 1.0, 1.0, 1.0, 1.0, 1.0, 1.0, 1.0, 1.0, 1.0, 1.0, 1.0, 1.0, 1.0, 1.0, 1.0, 1.0, 1.0, 1.0, 1.0, 1.0, 1.0, 1.0]}, "interpretability": {"num_rules": {"mean": 3.0, "std": 0.0, "std_err": 0.0, "raw": [3, 3, 3, 3, 3, 3, 3, 3, 3, 3, 3, 3, 3, 3, 3, 3, 3, 3, 3, 3, 3, 3, 3, 3, 3, 3, 3, 3, 3, 3, 3, 3, 3, 3, 3, 3, 3, 3, 3, 3, 3, 3, 3, 3, 3, 3, 3, 3, 3, 3]}, "num_predicates": {"mean": 13.0, "std": 0.0, "std_err": 0.0, "raw": [13, 13, 13, 13, 13, 13, 13, 13, 13, 13, 13, 13, 13, 13, 13, 13, 13, 13, 13, 13, 13, 13, 13, 13, 13, 13, 13, 13, 13, 13, 13, 13, 13, 13, 13, 13, 13, 13, 13, 13, 13, 13, 13, 13, 13, 13, 13, 13, 13, 13]}}, "learning_time": {"mean": 15.77102, "std": 3.803470186500743, "std_err": 0.5433528837858205, "raw": [15.968, 13.132, 11.423, 11.297, 13.422, 11.726, 21.018, 13.962, 16.942, 23.119, 18.225, 16.271, 18.833, 13.577, 14.947, 15.546, 15.838, 17.093, 17.024, 13.554, 13.921, 11.147, 15.607, 22.751, 17.423, 23.866, 15.197, 12.215, 11.925, 18.436, 11.688, 12.483, 20.121, 15.075, 16.308, 14.908, 12.533, 21.4, 14.185, 12.471, 11.605, 11.023, 15.173, 13.649, 20.562, 21.6, 14.287, 10.802, 27.22, 16.053]}}, "noise_pct_96": {"accuracy": {"mean": 1.0, "std": 0.0, "std_err": 0.0, "raw": [1.0, 1.0, 1.0, 1.0, 1.0, 1.0, 1.0, 1.0, 1.0, 1.0, 1.0, 1.0, 1.0, 1.0, 1.0, 1.0, 1.0, 1.0, 1.0, 1.0, 1.0, 1.0, 1.0, 1.0, 1.0, 1.0, 1.0, 1.0, 1.0, 1.0, 1.0, 1.0, 1.0, 1.0, 1.0, 1.0, 1.0, 1.0, 1.0, 1.0, 1.0, 1.0, 1.0, 1.0, 1.0, 1.0, 1.0, 1.0, 1.0, 1.0]}, "interpretability": {"num_rules": {"mean": 3.0, "std": 0.0, "std_err": 0.0, "raw": [3, 3, 3, 3, 3, 3, 3, 3, 3, 3, 3, 3, 3, 3, 3, 3, 3, 3, 3, 3, 3, 3, 3, 3, 3, 3, 3, 3, 3, 3, 3, 3, 3, 3, 3, 3, 3, 3, 3, 3, 3, 3, 3, 3, 3, 3, 3, 3, 3, 3]}, "num_predicates": {"mean": 13.0, "std": 0.0, "std_err": 0.0, "raw": [13, 13, 13, 13, 13, 13, 13, 13, 13, 13, 13, 13, 13, 13, 13, 13, 13, 13, 13, 13, 13, 13, 13, 13, 13, 13, 13, 13, 13, 13, 13, 13, 13, 13, 13, 13, 13, 13, 13, 13, 13, 13, 13, 13, 13, 13, 13, 13, 13, 13]}}, "learning_time": {"mean": 16.04756, "std": 4.011584690169211, "std_err": 0.5730835271670301, "raw": [17.892, 13.576, 11.226, 11.866, 13.486, 11.716, 26.326, 14.081, 18.145, 22.26, 18.186, 14.803, 18.12, 13.921, 15.486, 15.72, 15.972, 17.501, 19.494, 14.035, 14.611, 11.231, 16.061, 22.939, 18.455, 24.719, 15.134, 11.166, 12.637, 18.339, 11.518, 12.588, 19.153, 14.727, 15.073, 14.002, 11.588, 21.081, 14.13, 13.423, 12.808, 11.658, 15.578, 13.75, 21.199, 21.357, 14.271, 11.141, 27.225, 17.004]}}, "noise_pct_97": {"accuracy": {"mean": 0.9966433566433567, "std": 0.023496503496503493, "std_err": 0.003356643356643356, "raw": [1.0, 1.0, 1.0, 1.0, 1.0, 1.0, 1.0, 1.0, 1.0, 1.0, 1.0, 1.0, 1.0, 1.0, 1.0, 1.0, 1.0, 1.0, 1.0, 1.0, 1.0, 1.0, 1.0, 1.0, 1.0, 1.0, 1.0, 1.0, 1.0, 1.0, 1.0, 1.0, 1.0, 1.0, 1.0, 1.0, 1.0, 1.0, 1.0, 1.0, 1.0, 1.0, 1.0, 1.0, 1.0, 1.0, 1.0, 1.0, 0.8321678321678322, 1.0]}, "interpretability": {"num_rules": {"mean": 2.98, "std": 0.13999999999999999, "std_err": 0.02, "raw": [3, 3, 3, 3, 3, 3, 3, 3, 3, 3, 3, 3, 3, 3, 3, 3, 3, 3, 3, 3, 3, 3, 3, 3, 3, 3, 3, 3, 3, 3, 3, 3, 3, 3, 3, 3, 3, 3, 3, 3, 3, 3, 3, 3, 3, 3, 3, 3, 2, 3]}, "num_predicates": {"mean": 12.82, "std": 1.26, "std_err": 0.18, "raw": [13, 13, 13, 13, 13, 13, 13, 13, 13, 13, 13, 13, 13, 13, 13, 13, 13, 13, 13, 13, 13, 13, 13, 13, 13, 13, 13, 13, 13, 13, 13, 13, 13, 13, 13, 13, 13, 13, 13, 13, 13, 13, 13, 13, 13, 13, 13, 13, 4, 13]}}, "learning_time": {"mean": 16.82774, "std": 4.67351874634092, "std_err": 0.66764553519156, "raw": [18.317, 13.279, 11.362, 11.864, 13.715, 12.722, 31.135, 14.566, 18.038, 22.61, 25.054, 15.719, 18.876, 14.496, 14.973, 15.752, 15.218, 17.358, 20.827, 13.279, 14.847, 13.069, 15.786, 23.099, 19.72, 28.553, 15.815, 11.964, 12.619, 19.052, 11.967, 12.874, 19.816, 15.262, 15.8, 15.439, 13.328, 22.406, 15.117, 13.851, 12.328, 11.552, 16.178, 14.094, 22.573, 22.074, 14.305, 11.534, 27.713, 19.492]}}, "noise_pct_98": {"accuracy": {"mean": 0.9966433566433567, "std": 0.023496503496503493, "std_err": 0.003356643356643356, "raw": [1.0, 1.0, 1.0, 1.0, 1.0, 1.0, 1.0, 1.0, 1.0, 1.0, 1.0, 1.0, 1.0, 1.0, 1.0, 1.0, 1.0, 1.0, 1.0, 1.0, 1.0, 1.0, 1.0, 1.0, 1.0, 1.0, 1.0, 1.0, 1.0, 1.0, 1.0, 1.0, 1.0, 1.0, 1.0, 1.0, 1.0, 1.0, 1.0, 1.0, 1.0, 1.0, 1.0, 1.0, 1.0, 1.0, 1.0, 1.0, 0.8321678321678322, 1.0]}, "interpretability": {"num_rules": {"mean": 2.98, "std": 0.13999999999999999, "std_err": 0.02, "raw": [3, 3, 3, 3, 3, 3, 3, 3, 3, 3, 3, 3, 3, 3, 3, 3, 3, 3, 3, 3, 3, 3, 3, 3, 3, 3, 3, 3, 3, 3, 3, 3, 3, 3, 3, 3, 3, 3, 3, 3, 3, 3, 3, 3, 3, 3, 3, 3, 2, 3]}, "num_predicates": {"mean": 12.82, "std": 1.26, "std_err": 0.18, "raw": [13, 13, 13, 13, 13, 13, 13, 13, 13, 13, 13, 13, 13, 13, 13, 13, 13, 13, 13, 13, 13, 13, 13, 13, 13, 13, 13, 13, 13, 13, 13, 13, 13, 13, 13, 13, 13, 13, 13, 13, 13, 13, 13, 13, 13, 13, 13, 13, 4, 13]}}, "learning_time": {"mean": 19.471899999999998, "std": 7.205223564192856, "std_err": 1.0293176520275509, "raw": [17.484, 18.396, 12.761, 10.824, 12.033, 16.079, 52.97, 15.568, 22.547, 22.17, 31.537, 14.687, 18.202, 18.53, 22.705, 17.323, 16.498, 20.029, 26.651, 14.782, 14.028, 13.361, 16.782, 24.156, 20.6, 31.063, 17.366, 24.715, 10.904, 18.587, 11.727, 12.848, 22.816, 15.891, 16.509, 15.058, 26.384, 28.707, 15.292, 24.674, 14.084, 18.668, 15.47, 13.937, 21.229, 27.225, 16.332, 11.688, 28.857, 22.861]}}, "noise_pct_99": {"accuracy": {"mean": 0.98993006993007, "std": 0.03985793148096643, "std_err": 0.0056939902115666335, "raw": [1.0, 1.0, 1.0, 1.0, 1.0, 1.0, 1.0, 0.8321678321678322, 0.8321678321678322, 1.0, 1.0, 1.0, 1.0, 1.0, 1.0, 1.0, 1.0, 1.0, 1.0, 1.0, 1.0, 1.0, 1.0, 1.0, 1.0, 1.0, 1.0, 1.0, 1.0, 1.0, 1.0, 1.0, 1.0, 1.0, 1.0, 1.0, 1.0, 1.0, 1.0, 1.0, 1.0, 1.0, 1.0, 1.0, 1.0, 1.0, 1.0, 1.0, 0.8321678321678322, 1.0]}, "interpretability": {"num_rules": {"mean": 2.94, "std": 0.23748684174075838, "std_err": 0.033926691677251195, "raw": [3, 3, 3, 3, 3, 3, 3, 2, 2, 3, 3, 3, 3, 3, 3, 3, 3, 3, 3, 3, 3, 3, 3, 3, 3, 3, 3, 3, 3, 3, 3, 3, 3, 3, 3, 3, 3, 3, 3, 3, 3, 3, 3, 3, 3, 3, 3, 3, 2, 3]}, "num_predicates": {"mean": 12.46, "std": 2.1373815756668253, "std_err": 0.30534022509526076, "raw": [13, 13, 13, 13, 13, 13, 13, 4, 4, 13, 13, 13, 13, 13, 13, 13, 13, 13, 13, 13, 13, 13, 13, 13, 13, 13, 13, 13, 13, 13, 13, 13, 13, 13, 13, 13, 13, 13, 13, 13, 13, 13, 13, 13, 13, 13, 13, 13, 4, 13]}}, "learning_time": {"mean": 23.56632, "std": 7.2814368676518795, "std_err": 1.0402052668074113, "raw": [17.0, 22.744, 17.603, 23.801, 23.074, 16.032, 59.475, 27.843, 24.726, 22.817, 27.785, 15.952, 21.787, 23.688, 22.59, 21.876, 16.519, 20.624, 29.987, 17.124, 28.377, 18.965, 24.456, 33.026, 21.73, 31.916, 24.14, 31.762, 17.529, 25.41, 14.866, 12.412, 22.741, 22.807, 16.666, 23.103, 30.952, 31.705, 17.479, 24.395, 31.447, 21.109, 21.624, 16.143, 24.926, 27.761, 21.537, 16.01, 29.919, 20.356]}}, "noise_pct_100": {"accuracy": {"mean": 0.9462937062937062, "std": 0.07828970376295788, "std_err": 0.011184243394708268, "raw": [1.0, 1.0, 1.0, 1.0, 1.0, 0.8321678321678322, 0.8321678321678322, 0.8321678321678322, 0.8321678321678322, 1.0, 1.0, 1.0, 1.0, 1.0, 1.0, 1.0, 1.0, 1.0, 1.0, 1.0, 1.0, 1.0, 0.8321678321678322, 1.0, 0.8321678321678322, 0.8321678321678322, 1.0, 1.0, 1.0, 1.0, 1.0, 1.0, 1.0, 0.8321678321678322, 0.8321678321678322, 1.0, 0.8321678321678322, 0.8321678321678322, 0.8321678321678322, 1.0, 1.0, 1.0, 1.0, 0.8321678321678322, 0.8321678321678322, 0.8321678321678322, 1.0, 1.0, 0.8321678321678322, 1.0]}, "interpretability": {"num_rules": {"mean": 2.68, "std": 0.46647615158762407, "std_err": 0.06663945022680344, "raw": [3, 3, 3, 3, 3, 2, 2, 2, 2, 3, 3, 3, 3, 3, 3, 3, 3, 3, 3, 3, 3, 3, 2, 3, 2, 2, 3, 3, 3, 3, 3, 3, 3, 2, 2, 3, 2, 2, 2, 3, 3, 3, 3, 2, 2, 2, 3, 3, 2, 3]}, "num_predicates": {"mean": 10.12, "std": 4.198285364288616, "std_err": 0.5997550520412308,