{"noise_pct_10": {"accuracy": {"mean": 1.0, "std": 0.0, "std_err": 0.0, "raw": [1.0, 1.0, 1.0, 1.0, 1.0]}, "interpretability": {"num_rules": {"mean": 3.0, "std": 0.0, "std_err": 0.0, "raw": [3, 3, 3, 3, 3]}, "num_predicates": {"mean": 13.0, "std": 0.0, "std_err": 0.0, "raw": [13, 13, 13, 13, 13]}}, "learning_time": {"mean": 4.0036000000000005, "std": 0.5278964292358872, "std_err": 0.2639482146179436, "raw": [3.866, 4.593, 3.082, 4.055, 4.422]}}, "noise_pct_20": {"accuracy": {"mean": 1.0, "std": 0.0, "std_err": 0.0, "raw": [1.0, 1.0, 1.0, 1.0, 1.0]}, "interpretability": {"num_rules": {"mean": 3.0, "std": 0.0, "std_err": 0.0, "raw": [3, 3, 3, 3, 3]}, "num_predicates": {"mean": 13.0, "std": 0.0, "std_err": 0.0, "raw": [13, 13, 13, 13, 13]}}, "learning_time": {"mean": 5.0688, "std": 0.6278309963676529, "std_err": 0.31391549818382647, "raw": [6.002, 4.495, 4.872, 5.587, 4.388]}}, "noise_pct_30": {"accuracy": {"mean": 1.0, "std": 0.0, "std_err": 0.0, "raw": [1.0, 1.0, 1.0, 1.0, 1.0]}, "interpretability": {"num_rules": {"mean": 3.0, "std": 0.0, "std_err": 0.0, "raw": [3, 3, 3, 3, 3]}, "num_predicates": {"mean": 13.0, "std": 0.0, "std_err": 0.0, "raw": [13, 13, 13, 13, 13]}}, "learning_time": {"mean": 6.3308, "std": 0.5236427790011048, "std_err": 0.2618213895005524, "raw": [6.678, 6.933, 6.307, 6.347, 5.389]}}, "noise_pct_40": {"accuracy": {"mean": 1.0, "std": 0.0, "std_err": 0.0, "raw": [1.0, 1.0, 1.0, 1.0, 1.0]}, "interpretability": {"num_rules": {"mean": 3.0, "std": 0.0, "std_err": 0.0, "raw": [3, 3, 3, 3, 3]}, "num_predicates": {"mean": 13.0, "std": 0.0, "std_err": 0.0, "raw": [13, 13, 13, 13, 13]}}, "learning_time": {"mean": 7.6958, "std": 1.0518175507187548, "std_err": 0.5259087753593774, "raw": [8.272, 8.1, 7.86, 8.599, 5.648]}}, "noise_pct_50": {"accuracy": {"mean": 1.0, "std": 0.0, "std_err": 0.0, "raw": [1.0, 1.0, 1.0, 1.0, 1.0]}, "interpretability": {"num_rules": {"mean": 3.0, "std": 0.0, "std_err": 0.0, "raw": [3, 3, 3, 3, 3]}, "num_predicates": {"mean": 13.0, "std": 0.0, "std_err": 0.0, "raw": [13, 13, 13, 13, 13]}}, "learning_time": {"mean": 9.500399999999999, "std": 0.9958250047071526, "std_err": 0.4979125023535763, "raw": [9.995, 8.703, 10.984, 9.678, 8.142]}}, "noise_pct_60": {"accuracy": {"mean": 1.0, "std": 0.0, "std_err": 0.0, "raw": [1.0, 1.0, 1.0, 1.0, 1.0]}, "interpretability": {"num_rules": {"mean": 3.0, "std": 0.0, "std_err": 0.0, "raw": [3, 3, 3, 3, 3]}, "num_predicates": {"mean": 13.0, "std": 0.0, "std_err": 0.0, "raw": [13, 13, 13, 13, 13]}}, "learning_time": {"mean": 11.2264, "std": 1.224856824286006, "std_err": 0.612428412143003, "raw": [12.19, 9.515, 12.391, 12.067, 9.969]}}, "noise_pct_70": {"accuracy": {"mean": 1.0, "std": 0.0, "std_err": 0.0, "raw": [1.0, 1.0, 1.0, 1.0, 1.0]}, "interpretability": {"num_rules": {"mean": 3.0, "std": 0.0, "std_err": 0.0, "raw": [3, 3, 3, 3, 3]}, "num_predicates": {"mean": 13.0, "std": 0.0, "std_err": 0.0, "raw": [13, 13, 13, 13, 13]}}, "learning_time": {"mean": 12.1272, "std": 1.3558591962294613, "std_err": 0.6779295981147306, "raw": [13.778, 9.68, 12.813, 12.209, 12.156]}}, "noise_pct_80": {"accuracy": {"mean": 1.0, "std": 0.0, "std_err": 0.0, "raw": [1.0, 1.0, 1.0, 1.0, 1.0]}, "interpretability": {"num_rules": {"mean": 3.0, "std": 0.0, "std_err": 0.0, "raw": [3, 3, 3, 3, 3]}, "num_predicates": {"mean": 13.0, "std": 0.0, "std_err": 0.0, "raw": [13, 13, 13, 13, 13]}}, "learning_time": {"mean": 15.0106, "std": 2.6534108313640385, "std_err": 1.3267054156820193, "raw": [19.33, 11.59, 15.825, 15.319, 12.989]}}, "noise_pct_90": {"accuracy": {"mean": 1.0, "std": 0.0, "std_err": 0.0, "raw": [1.0, 1.0, 1.0, 1.0, 1.0]}, "interpretability": {"num_rules": {"mean": 3.0, "std": 0.0, "std_err": 0.0, "raw": [3, 3, 3, 3, 3]}, "num_predicates": {"mean": 13.0, "std": 0.0, "std_err": 0.0, "raw": [13, 13, 13, 13, 13]}}, "learning_time": {"mean": 16.6826, "std": 2.640602779669824, "std_err": 1.3203013898349123, "raw": [20.795, 12.92, 15.77, 15.78, 18.148]}}, "noise_pct_100": {"accuracy": {"mean": 0.6483516483516484, "std": 0.4306795152146247, "std_err": 0.21533975760731233, "raw": [1.0, 1.0, 0.12087912087912088, 1.0, 0.12087912087912088]}, "interpretability": {"num_rules": {"mean": 3.0, "std": 0.0, "std_err": 0.0, "raw": [3, 3, 3, 3, 3]}, "num_predicates": {"mean": 13.0, "std": 0.0, "std_err": 0.0, "raw": [13, 13, 13, 13, 13]}}, "learning_time": {"mean": 56.9962, "std": 3.8604072013195703, "std_err": 1.9302036006597851, "raw": [64.274, 57.337, 55.579, 54.207, 53.584]}}}