{"noise_pct_95": {"accuracy": {"mean": 0.9932867132867134, "std": 0.03288825388911679, "std_err": 0.004698321984159542, "raw": [1.0, 1.0, 1.0, 1.0, 1.0, 1.0, 1.0, 1.0, 1.0, 1.0, 1.0, 1.0, 1.0, 1.0, 1.0, 0.8321678321678322, 1.0, 0.8321678321678322, 1.0, 1.0, 1.0, 1.0, 1.0, 1.0, 1.0, 1.0, 1.0, 1.0, 1.0, 1.0, 1.0, 1.0, 1.0, 1.0, 1.0, 1.0, 1.0, 1.0, 1.0, 1.0, 1.0, 1.0, 1.0, 1.0, 1.0, 1.0, 1.0, 1.0, 1.0, 1.0]}, "interpretability": {"num_rules": {"mean": 2.96, "std": 0.19595917942265428, "std_err": 0.027994168488950606, "raw": [3, 3, 3, 3, 3, 3, 3, 3, 3, 3, 3, 3, 3, 3, 3, 2, 3, 2, 3, 3, 3, 3, 3, 3, 3, 3, 3, 3, 3, 3, 3, 3, 3, 3, 3, 3, 3, 3, 3, 3, 3, 3, 3, 3, 3, 3, 3, 3, 3, 3]}, "num_predicates": {"mean": 12.64, "std": 1.763632614803888, "std_err": 0.25194751640055546, "raw": [13, 13, 13, 13, 13, 13, 13, 13, 13, 13, 13, 13, 13, 13, 13, 4, 13, 4, 13, 13, 13, 13, 13, 13, 13, 13, 13, 13, 13, 13, 13, 13, 13, 13, 13, 13, 13, 13, 13, 13, 13, 13, 13, 13, 13, 13, 13, 13, 13, 13]}}, "learning_time": {"mean": 19.5263, "std": 5.107508031320166, "std_err": 0.7296440044743094, "raw": [21.002, 14.965, 15.683, 15.256, 19.544, 15.564, 20.461, 16.372, 21.66, 26.19, 23.464, 16.339, 16.493, 19.793, 13.08, 21.919, 13.721, 31.285, 19.579, 13.176, 17.177, 18.769, 13.153, 21.48, 17.969, 20.939, 21.508, 29.484, 17.299, 22.238, 15.387, 13.356, 14.828, 22.912, 18.64, 26.398, 20.948, 27.713, 18.419, 14.573, 15.307, 15.229, 16.225, 16.102, 37.666, 22.129, 20.556, 14.649, 24.739, 24.977]}}, "noise_pct_96": {"accuracy": {"mean": 0.9932867132867134, "std": 0.03288825388911679, "std_err": 0.004698321984159542, "raw": [1.0, 1.0, 1.0, 1.0, 1.0, 1.0, 1.0, 1.0, 1.0, 1.0, 1.0, 1.0, 1.0, 1.0, 1.0, 0.8321678321678322, 1.0, 0.8321678321678322, 1.0, 1.0, 1.0, 1.0, 1.0, 1.0, 1.0, 1.0, 1.0, 1.0, 1.0, 1.0, 1.0, 1.0, 1.0, 1.0, 1.0, 1.0, 1.0, 1.0, 1.0, 1.0, 1.0, 1.0, 1.0, 1.0, 1.0, 1.0, 1.0, 1.0, 1.0, 1.0]}, "interpretability": {"num_rules": {"mean": 2.96, "std": 0.19595917942265428, "std_err": 0.027994168488950606, "raw": [3, 3, 3, 3, 3, 3, 3, 3, 3, 3, 3, 3, 3, 3, 3, 2, 3, 2, 3, 3, 3, 3, 3, 3, 3, 3, 3, 3, 3, 3, 3, 3, 3, 3, 3, 3, 3, 3, 3, 3, 3, 3, 3, 3, 3, 3, 3, 3, 3, 3]}, "num_predicates": {"mean": 12.64, "std": 1.763632614803888, "std_err": 0.25194751640055546, "raw": [13, 13, 13, 13, 13, 13, 13, 13, 13, 13, 13, 13, 13, 13, 13, 4, 13, 4, 13, 13, 13, 13, 13, 13, 13, 13, 13, 13, 13, 13, 13, 13, 13, 13, 13, 13, 13, 13, 13, 13, 13, 13, 13, 13, 13, 13, 13, 13, 13, 13]}}, "learning_time": {"mean": 20.75166, "std": 5.832978969994663, "std_err": 0.8332827099992375, "raw": [20.87, 16.419, 16.947, 17.658, 21.09, 15.788, 21.914, 16.303, 23.297, 27.426, 20.076, 17.533, 16.69, 19.488, 13.315, 27.528, 14.593, 36.201, 23.484, 15.012, 20.707, 20.969, 13.605, 21.026, 18.3, 22.435, 21.645, 30.218, 17.79, 23.517, 16.259, 14.034, 13.516, 22.184, 20.78, 29.039, 21.933, 28.811, 20.331, 14.914, 16.194, 16.129, 16.849, 17.689, 43.157, 24.258, 22.199, 15.866, 26.274, 25.323]}}, "noise_pct_97": {"accuracy": {"mean": 0.9932867132867134, "std": 0.03288825388911679, "std_err": 0.004698321984159542, "raw": [1.0, 1.0, 1.0, 1.0, 1.0, 1.0, 1.0, 1.0, 1.0, 1.0, 1.0, 1.0, 1.0, 1.0, 1.0, 0.8321678321678322, 1.0, 0.8321678321678322, 1.0, 1.0, 1.0, 1.0, 1.0, 1.0, 1.0, 1.0, 1.0, 1.0, 1.0, 1.0, 1.0, 1.0, 1.0, 1.0, 1.0, 1.0, 1.0, 1.0, 1.0, 1.0, 1.0, 1.0, 1.0, 1.0, 1.0, 1.0, 1.0, 1.0, 1.0, 1.0]}, "interpretability": {"num_rules": {"mean": 2.96, "std": 0.19595917942265428, "std_err": 0.027994168488950606, "raw": [3, 3, 3, 3, 3, 3, 3, 3, 3, 3, 3, 3, 3, 3, 3, 2, 3, 2, 3, 3, 3, 3, 3, 3, 3, 3, 3, 3, 3, 3, 3, 3, 3, 3, 3, 3, 3, 3, 3, 3, 3, 3, 3, 3, 3, 3, 3, 3, 3, 3]}, "num_predicates": {"mean": 12.64, "std": 1.763632614803888, "std_err": 0.25194751640055546, "raw": [13, 13, 13, 13, 13, 13, 13, 13, 13, 13, 13, 13, 13, 13, 13, 4, 13, 4, 13, 13, 13, 13, 13, 13, 13, 13, 13, 13, 13, 13, 13, 13, 13, 13, 13, 13, 13, 13, 13, 13, 13, 13, 13, 13, 13, 13, 13, 13, 13, 13]}}, "learning_time": {"mean": 21.49748, "std": 6.277199401771462, "std_err": 0.8967427716816374, "raw": [20.06, 16.049, 16.073, 18.255, 19.737, 16.316, 20.969, 17.169, 24.466, 28.304, 36.198, 17.783, 20.211, 20.865, 14.339, 24.821, 14.435, 36.737, 24.75, 15.034, 18.941, 21.379, 14.808, 20.816, 17.672, 25.985, 20.767, 32.801, 17.947, 24.711, 18.361, 14.606, 14.413, 23.943, 20.787, 26.749, 23.694, 30.546, 21.289, 15.656, 17.52, 15.796, 17.164, 18.081, 43.67, 21.466, 24.089, 16.138, 23.577, 28.931]}}, "noise_pct_98": {"accuracy": {"mean": 0.98993006993007, "std": 0.03985793148096643, "std_err": 0.0056939902115666335, "raw": [1.0, 1.0, 1.0, 1.0, 1.0, 1.0, 1.0, 1.0, 1.0, 1.0, 1.0, 1.0, 1.0, 1.0, 1.0, 0.8321678321678322, 1.0, 0.8321678321678322, 1.0, 1.0, 1.0, 1.0, 1.0, 1.0, 1.0, 1.0, 1.0, 1.0, 1.0, 1.0, 1.0, 1.0, 1.0, 1.0, 1.0, 1.0, 0.8321678321678322, 1.0, 1.0, 1.0, 1.0, 1.0, 1.0, 1.0, 1.0, 1.0, 1.0, 1.0, 1.0, 1.0]}, "interpretability": {"num_rules": {"mean": 2.94, "std": 0.23748684174075838, "std_err": 0.033926691677251195, "raw": [3, 3, 3, 3, 3, 3, 3, 3, 3, 3, 3, 3, 3, 3, 3, 2, 3, 2, 3, 3, 3, 3, 3, 3, 3, 3, 3, 3, 3, 3, 3, 3, 3, 3, 3, 3, 2, 3, 3, 3, 3, 3, 3, 3, 3, 3, 3, 3, 3, 3]}, "num_predicates": {"mean": 12.46, "std": 2.1373815756668253, "std_err": 0.30534022509526076, "raw": [13, 13, 13, 13, 13, 13, 13, 13, 13, 13, 13, 13, 13, 13, 13, 4, 13, 4, 13, 13, 13, 13, 13, 13, 13, 13, 13, 13, 13, 13, 13, 13, 13, 13, 13, 13, 4, 13, 13, 13, 13, 13, 13, 13, 13, 13, 13, 13, 13, 13]}}, "learning_time": {"mean": 25.312839999999998, "std": 8.595128060383974, "std_err": 1.2278754371977108, "raw": [24.822, 21.355, 17.742, 18.377, 23.966, 23.417, 30.272, 18.48, 33.204, 26.466, 40.025, 19.301, 21.23, 51.225, 16.483, 33.313, 16.693, 35.416, 33.142, 14.637, 23.661, 21.935, 14.236, 19.743, 17.597, 25.749, 24.566, 34.912, 17.377, 35.707, 17.178, 16.144, 16.253, 25.078, 24.195, 29.736, 43.611, 37.921, 31.859, 19.972, 19.523, 23.849, 16.504, 17.479, 44.696, 23.237, 25.248, 16.664, 30.384, 31.062]}}, "noise_pct_99": {"accuracy": {"mean": 0.9678321678321679, "std": 0.1166889615866638, "std_err": 0.016669851655237683, "raw": [1.0, 1.0, 1.0, 1.0, 1.0, 1.0, 1.0, 1.0, 1.0, 1.0, 1.0, 1.0, 1.0, 1.0, 1.0, 0.8321678321678322, 1.0, 0.8321678321678322, 0.8321678321678322, 1.0, 1.0, 1.0, 1.0, 1.0, 1.0, 1.0, 1.0, 1.0, 1.0, 1.0, 1.0, 1.0, 1.0, 0.8321678321678322, 1.0, 0.23076923076923078, 0.8321678321678322, 1.0, 1.0, 1.0, 1.0, 1.0, 1.0, 1.0, 1.0, 1.0, 1.0, 1.0, 1.0, 1.0]}, "interpretability": {"num_rules": {"mean": 2.9, "std": 0.3, "std_err": 0.04285714285714285, "raw": [3, 3, 3, 3, 3, 3, 3, 3, 3, 3, 3, 3, 3, 3, 3, 2, 3, 2, 2, 3, 3, 3, 3, 3, 3, 3, 3, 3, 3, 3, 3, 3, 3, 2, 3, 3, 2, 3, 3, 3, 3, 3, 3, 3, 3, 3, 3, 3, 3, 3]}, "num_predicates": {"mean": 12.1, "std": 2.7, "std_err": 0.38571428571428573, "raw": [13, 13, 13, 13, 13, 13, 13, 13, 13, 13, 13, 13, 13, 13, 13, 4, 13, 4, 4, 13, 13, 13, 13, 13, 13, 13, 13, 13, 13, 13, 13, 13, 13, 4, 13, 13, 4, 13, 13, 13, 13, 13, 13, 13, 13, 13, 13, 13, 13, 13]}}, "learning_time": {"mean": 32.8727, "std": 11.51013118648089, "std_err": 1.6443044552115558, "raw": [26.761, 29.309, 39.951, 35.184, 36.156, 26.764, 38.194, 33.497, 43.531, 33.045, 42.708, 26.615, 27.159, 58.667, 13.815, 34.579, 22.722, 40.793, 33.773, 16.318, 70.426, 30.898, 21.374, 27.877, 19.626, 31.418, 33.824, 40.552, 20.518, 52.284, 34.782, 15.889, 22.719, 32.503, 24.412, 34.618, 43.614, 43.965, 34.08, 19.159, 30.253, 27.459, 21.862, 24.949, 66.16, 29.175, 39.756, 25.787, 29.763, 34.392]}}, "noise_pct_100": {"accuracy": {"mean": 0.8961238761238761, "std": 0.18192688564137502, "std_err": 0.025989555091625004,