{"noise_pct_0": {"accuracy": {"mean": 1.0, "std": 0.0, "std_err": 0.0, "raw": [1.0, 1.0, 1.0, 1.0, 1.0]}, "interpretability": {"num_rules": {"mean": 3.0, "std": 0.0, "std_err": 0.0, "raw": [3, 3, 3, 3, 3]}, "num_predicates": {"mean": 13.0, "std": 0.0, "std_err": 0.0, "raw": [13, 13, 13, 13, 13]}}, "learning_time": {"mean": 2.1174, "std": 0.1040549854644168, "std_err": 0.0520274927322084, "raw": [2.159, 2.111, 1.921, 2.178, 2.218]}}}