{"noise_pct_95": {"correct": {"mean_penalty_ratio": 0.3159827416282489, "std": 0.07496622828330449, "std_err": 0.010709461183329211, "raw": [0.3344103392568659, 0.2587646076794658, 0.40406162464985995, 0.3804185351270553, 0.23868613138686132, 0.25271739130434784, 0.2858136300417246, 0.2961783439490446, 0.3622448979591837, 0.3551020408163265, 0.20572916666666666, 0.47065101387406616, 0.2902777777777778, 0.2847938144329897, 0.398981324278438, 0.24913254684247052, 0.23200992555831265, 0.20752565564424175, 0.342911877394636, 0.30916334661354583, 0.2821939586645469, 0.36032757051865333, 0.3256484149855908, 0.237741456166419, 0.2883435582822086, 0.33976063829787234, 0.2374727668845316, 0.4114285714285714, 0.41946308724832215, 0.21935987509758, 0.39655172413793105, 0.39927623642943305, 0.3453038674033149, 0.21316872427983538, 0.4646017699115044, 0.3918819188191882, 0.26264044943820225, 0.38186813186813184, 0.2230869001297017, 0.333555703802535, 0.4024950755088641, 0.39343065693430657, 0.3027704485488127, 0.4335620711166563, 0.14266117969821673, 0.28937452901281085, 0.23625922887612796, 0.33084745762711865, 0.30464584920030463, 0.2698412698412698]}, "constant_correct": {"mean_penalty_ratio": 0.2521153846153846, "std": 0.040807764808171665, "std_err": 0.0058296806868816655, "raw": [0.3076923076923077, 0.25961538461538464, 0.23076923076923078, 0.3269230769230769, 0.21153846153846154, 0.2403846153846154, 0.23076923076923078, 0.22115384615384615, 0.22115384615384615, 0.25961538461538464, 0.2692307692307692, 0.3076923076923077, 0.3076923076923077, 0.20192307692307693, 0.2692307692307692, 0.2980769230769231, 0.25, 0.25961538461538464, 0.2403846153846154, 0.21153846153846154, 0.27884615384615385, 0.25961538461538464, 0.20192307692307693, 0.3269230769230769, 0.22115384615384615, 0.2692307692307692, 0.2403846153846154, 0.34615384615384615, 0.25, 0.23076923076923078, 0.27884615384615385, 0.23076923076923078, 0.23076923076923078, 0.2403846153846154, 0.28846153846153844, 0.2692307692307692, 0.21153846153846154, 0.2980769230769231, 0.25, 0.22115384615384615, 0.28846153846153844, 0.21153846153846154, 0.20192307692307693, 0.33653846153846156, 0.15384615384615385, 0.19230769230769232, 0.20192307692307693, 0.2692307692307692, 0.2403846153846154, 0.2403846153846154]}}, "noise_pct_96": {"correct": {"mean_penalty_ratio": 0.29485261902043813, "std": 0.07216626879539824, "std_err": 0.010309466970771177, "raw": [0.2860520094562648, 0.24361158432708688, 0.3728813559322034, 0.3492935635792779, 0.2254249815225425, 0.24036697247706423, 0.23190442726633873, 0.28525226390685643, 0.3463541666666667, 0.3183990442054958, 0.18927862342819324, 0.45614035087719296, 0.28019323671497587, 0.2782101167315175, 0.3510054844606947, 0.20320466132556445, 0.21504702194357367, 0.20581527936145952, 0.30903010033444817, 0.27844311377245506, 0.27287319422150885, 0.3546617915904936, 0.3090507726269316, 0.22846441947565543, 0.2780881440099317, 0.30785267546907574, 0.23418181818181819, 0.38054607508532423, 0.40749148694665155, 0.19728434504792333, 0.3803116147308782, 0.3726474278544542, 0.3203631647211414, 0.19966722129783693, 0.43336439888164024, 0.3699466056445461, 0.24785714285714286, 0.358974358974359, 0.21860767729342875, 0.294862772695285, 0.3851851851851852, 0.3865979381443299, 0.2848443843031123, 0.40380827314510837, 0.12386284114765571, 0.2621283255086072, 0.21319018404907975, 0.3065134099616858, 0.2878315132605304, 0.255663430420712]}, "constant_correct": {"mean_penalty_ratio": 0.24480769230769225, "std": 0.041522878131025835, "std_err": 0.00593183973300369, "raw": [0.2980769230769231, 0.25961538461538464, 0.23076923076923078, 0.3269230769230769, 0.20192307692307693, 0.23076923076923078, 0.22115384615384615, 0.22115384615384615, 0.21153846153846154, 0.25, 0.25961538461538464, 0.3076923076923077, 0.2980769230769231, 0.19230769230769232, 0.25961538461538464, 0.28846153846153844, 0.2403846153846154, 0.25, 0.23076923076923078, 0.20192307692307693, 0.2692307692307692, 0.25, 0.19230769230769232, 0.3173076923076923, 0.21153846153846154, 0.25961538461538464, 0.23076923076923078, 0.33653846153846156, 0.2403846153846154, 0.22115384615384615, 0.27884615384615385, 0.22115384615384615, 0.22115384615384615, 0.23076923076923078, 0.27884615384615385, 0.25961538461538464, 0.20192307692307693, 0.2980769230769231, 0.2403846153846154, 0.21153846153846154, 0.27884615384615385, 0.20192307692307693, 0.20192307692307693, 0.33653846153846156, 0.14423076923076922, 0.19230769230769232, 0.19230769230769232, 0.25961538461538464, 0.2403846153846154, 0.2403846153846154]}}, "noise_pct_97": {"correct": {"mean_penalty_ratio": 0.2737360830576486, "std": 0.06849179891948168, "std_err": 0.009784542702783096, "raw": [0.2514427040395713, 0.23813559322033898, 0.32663690476190477, 0.3466666666666667, 0.21234386480529022, 0.22027649769585253, 0.22578397212543555, 0.2828478964401295, 0.3324468085106383, 0.30201342281879195, 0.1756393001345895, 0.45295404814004375, 0.2370153621068032, 0.25462392108508014, 0.3293903548680619, 0.19462599854756718, 0.18134377038486627, 0.19246145059965733, 0.2920353982300885, 0.24980605120248253, 0.24461538461538462, 0.31900668576886343, 0.2880970432145565, 0.2108303249097473, 0.23726627981947132, 0.2936619718309859, 0.23194748358862144, 0.3631578947368421, 0.38953488372093026, 0.18006430868167203, 0.3423220973782772, 0.33773959021810973, 0.30779392338177014, 0.1970074812967581, 0.38282828282828285, 0.354863813229572, 0.22975929978118162, 0.29136316337148804, 0.2031767041694242, 0.2841880341880342, 0.3335579514824798, 0.3912087912087912, 0.2823290453622207, 0.35719154737559644, 0.10676156583629894, 0.25158227848101267, 0.20310077519379846, 0.2906764168190128, 0.24423229912490055, 0.23844884488448845]}, "constant_correct": {"mean_penalty_ratio": 0.2369230769230769, "std": 0.04150283372374218, "std_err": 0.005928976246248883, "raw": [0.28846153846153844, 0.25, 0.22115384615384615, 0.3173076923076923, 0.19230769230769232, 0.22115384615384615, 0.21153846153846154, 0.21153846153846154, 0.21153846153846154, 0.2403846153846154, 0.25961538461538464, 0.2980769230769231, 0.2980769230769231, 0.18269230769230768, 0.25, 0.27884615384615385, 0.23076923076923078, 0.2403846153846154, 0.22115384615384615, 0.19230769230769232, 0.25961538461538464, 0.2403846153846154, 0.19230769230769232, 0.3076923076923077, 0.20192307692307693, 0.25, 0.23076923076923078, 0.33653846153846156, 0.23076923076923078, 0.21153846153846154, 0.2692307692307692, 0.21153846153846154, 0.22115384615384615, 0.22115384615384615, 0.2692307692307692, 0.25, 0.19230769230769232, 0.28846153846153844, 0.23076923076923078, 0.20192307692307693, 0.2692307692307692, 0.21153846153846154, 0.19230769230769232, 0.3269230769230769, 0.1346153846153846, 0.18269230769230768, 0.18269230769230768, 0.25, 0.23076923076923078, 0.23076923076923078]}}, "noise_pct_98": {"correct": {"mean_penalty_ratio": 0.24890314278903158, "std": 0.06700881470636717, "std_err": 0.009572687815195312,