{"noise_pct_95": {"correct": {"mean_penalty_ratio": 0.4123102222507356, "std": 0.07667187022999052, "std_err": 0.010953124318570073, "raw": [0.4136690647482014, 0.4425925925925926, 0.4306382978723404, 0.35118306351183065, 0.35984354628422427, 0.3040462427745665, 0.29926108374384236, 0.339737108190091, 0.28869778869778867, 0.5635103926096998, 0.20372093023255813, 0.46189024390243905, 0.42090784044016505, 0.4758842443729904, 0.5419532324621733, 0.3214756258234519, 0.46021505376344085, 0.39705882352941174, 0.423861852433281, 0.4178168130489335, 0.3537981269510926, 0.4671641791044776, 0.4770755885997522, 0.35872235872235875, 0.4180790960451977, 0.409297052154195, 0.4339378238341969, 0.3250843644544432, 0.412751677852349, 0.23726851851851852, 0.4725490196078431, 0.47224926971762415, 0.35903337169159955, 0.43283582089552236, 0.4551792828685259, 0.4117647058823529, 0.41843088418430885, 0.5471428571428572, 0.44176136363636365, 0.5438265786993403, 0.47863247863247865, 0.3793103448275862, 0.44086021505376344, 0.49951028403525954, 0.4158415841584158, 0.5024077046548957, 0.4172876304023845, 0.4263217097862767, 0.4083044982698962, 0.2811188811188811]}, "constant_correct": {"mean_penalty_ratio": 0.25576923076923075, "std": 0.04001663855131695, "std_err": 0.005716662650188136, "raw": [0.20192307692307693, 0.3076923076923077, 0.23076923076923078, 0.25961538461538464, 0.25, 0.20192307692307693, 0.18269230769230768, 0.25961538461538464, 0.15384615384615385, 0.27884615384615385, 0.22115384615384615, 0.27884615384615385, 0.25961538461538464, 0.25961538461538464, 0.3076923076923077, 0.20192307692307693, 0.25, 0.33653846153846156, 0.2980769230769231, 0.25, 0.25961538461538464, 0.3173076923076923, 0.23076923076923078, 0.23076923076923078, 0.22115384615384615, 0.2403846153846154, 0.25961538461538464, 0.25, 0.22115384615384615, 0.18269230769230768, 0.3269230769230769, 0.2692307692307692, 0.25961538461538464, 0.2980769230769231, 0.20192307692307693, 0.2403846153846154, 0.28846153846153844, 0.2692307692307692, 0.2692307692307692, 0.33653846153846156, 0.2692307692307692, 0.27884615384615385, 0.25, 0.3076923076923077, 0.23076923076923078, 0.23076923076923078, 0.22115384615384615, 0.2692307692307692, 0.27884615384615385, 0.28846153846153844]}}, "noise_pct_96": {"correct": {"mean_penalty_ratio": 0.38275242684634114, "std": 0.07881443913325518, "std_err": 0.011259205590465025, "raw": [0.37404580152671757, 0.4108527131782946, 0.391500904159132, 0.2855191256830601, 0.34002677376171353, 0.2887323943661972, 0.22070844686648503, 0.3185567010309278, 0.26362484157160965, 0.5280898876404494, 0.18476190476190477, 0.43670886075949367, 0.4136490250696379, 0.46317512274959083, 0.4782608695652174, 0.24011713030746706, 0.43964562569213733, 0.39338235294117646, 0.33163265306122447, 0.40485312899106, 0.34282700421940926, 0.45864661654135336, 0.44180225281602004, 0.34581772784019976, 0.397677793904209, 0.35862913096695226, 0.42912873862158646, 0.2773109243697479, 0.3767342582710779, 0.20528211284513806, 0.44683026584867075, 0.4371754932502596, 0.3560693641618497, 0.4129692832764505, 0.41966173361522197, 0.37347767253044656, 0.397172236503856, 0.5091743119266054, 0.43776824034334766, 0.508130081300813, 0.44884910485933505, 0.3700564971751412, 0.4094881398252185, 0.4537725823591923, 0.38676470588235295, 0.45993031358885017, 0.411144578313253, 0.41968325791855204, 0.38562874251497004, 0.25217391304347825]}, "constant_correct": {"mean_penalty_ratio": 0.24807692307692306, "std": 0.04052174520327976, "std_err": 0.005788820743325681, "raw": [0.19230769230769232, 0.2980769230769231, 0.22115384615384615, 0.25, 0.2403846153846154, 0.19230769230769232, 0.17307692307692307, 0.25, 0.14423076923076922, 0.27884615384615385, 0.22115384615384615, 0.2692307692307692, 0.25961538461538464, 0.25, 0.2980769230769231, 0.19230769230769232, 0.2403846153846154, 0.3269230769230769, 0.28846153846153844, 0.2403846153846154, 0.25, 0.3076923076923077, 0.22115384615384615, 0.22115384615384615, 0.21153846153846154, 0.23076923076923078, 0.25, 0.2403846153846154, 0.21153846153846154, 0.17307692307692307, 0.3173076923076923, 0.2692307692307692, 0.25961538461538464, 0.28846153846153844, 0.19230769230769232, 0.23076923076923078, 0.27884615384615385, 0.25961538461538464, 0.2692307692307692, 0.33653846153846156, 0.25961538461538464, 0.2692307692307692, 0.2403846153846154, 0.2980769230769231, 0.22115384615384615, 0.23076923076923078, 0.22115384615384615, 0.25961538461538464, 0.27884615384615385, 0.27884615384615385]}}, "noise_pct_97": {"correct": {"mean_penalty_ratio": 0.35482354549025535, "std": 0.07617428204816352, "std_err": 0.010882040292594788, "raw": [0.3228454172366621, 0.40350877192982454, 0.3515850144092219, 0.2814207650273224, 0.3242506811989101, 0.27075812274368233, 0.21311475409836064, 0.31475748194014447, 0.23660130718954248, 0.5026109660574413, 0.1648780487804878, 0.43759873617693523, 0.3359621451104101, 0.4524207011686144, 0.4624, 0.22700296735905046, 0.3976190476190476, 0.3684863523573201, 0.2956989247311828, 0.363265306122449, 0.3265086206896552, 0.4094616639477977, 0.4060846560846561, 0.33921815889029006, 0.31699346405228757, 0.336272040302267, 0.42277486910994766, 0.2389937106918239, 0.35956284153005463, 0.18673218673218672, 0.39622641509433965, 0.3693989071038251, 0.3309438470728793, 0.40854700854700854, 0.3603707995365006, 0.34691011235955055, 0.369826435246996, 0.42984014209591476, 0.41517857142857145, 0.4968944099378882, 0.3870056497175141, 0.3700564971751412, 0.40801001251564456, 0.3974208675263775, 0.3643292682926829, 0.45229681978798586, 0.39176829268292684, 0.42099322799097066, 0.33505154639175255, 0.22072072072072071]}, "constant_correct": {"mean_penalty_ratio": 0.24192307692307694, "std": 0.04076560216072647, "std_err": 0.005823657451532353, "raw": [0.18269230769230768, 0.28846153846153844, 0.21153846153846154, 0.2403846153846154, 0.23076923076923078, 0.19230769230769232, 0.16346153846153846, 0.2403846153846154, 0.1346153846153846, 0.2692307692307692, 0.22115384615384615, 0.2692307692307692, 0.25961538461538464, 0.25, 0.2980769230769231, 0.18269230769230768, 0.2403846153846154, 0.3173076923076923, 0.28846153846153844, 0.23076923076923078, 0.2403846153846154, 0.2980769230769231, 0.21153846153846154, 0.22115384615384615, 0.20192307692307693, 0.22115384615384615, 0.2403846153846154, 0.23076923076923078, 0.20192307692307693, 0.17307692307692307, 0.3076923076923077, 0.25961538461538464, 0.25, 0.27884615384615385, 0.18269230769230768, 0.22115384615384615, 0.2692307692307692, 0.25961538461538464, 0.2692307692307692, 0.3269230769230769, 0.25, 0.2692307692307692, 0.2403846153846154, 0.2980769230769231, 0.22115384615384615, 0.23076923076923078, 0.21153846153846154, 0.25961538461538464, 0.2692307692307692, 0.2692307692307692]}}, "noise_pct_98": {"correct": {"mean_penalty_ratio": 0.3197061982676666, "std": 0.07685238254046424, "std_err": 0.010978911791494891, "raw": [0.2855191256830601, 0.3369098712446352, 0.32837301587301587, 0.24679029957203993, 0.3050139275766017, 0.22998729351969505, 0.17167381974248927, 0.3002092050209205, 0.1692524682651622, 0.48313090418353577, 0.14781746031746032, 0.41254125412541254, 0.334913112164297, 0.36416184971098264, 0.4162348877374784, 0.18885448916408668, 0.3720642768850433, 0.3342002600780234, 0.24378109452736318, 0.2986627043090639, 0.2847380410022779, 0.38823529411764707, 0.37997256515775035, 0.38134592680047225, 0.3158756137479542, 0.3239795918367347, 0.40107671601615075, 0.19682959048877147, 0.32839224629418473, 0.15128205128205127, 0.3534278959810875, 0.3633369923161361, 0.3103864734299517, 0.38204225352112675, 0.32107843137254904, 0.3328611898016997, 0.2859304084720121, 0.38636363636363635, 0.37871674491392804, 0.4569832402234637, 0.3188180404354588, 0.3068181818181818, 0.40476190476190477, 0.3718104495747266, 0.35736196319018404, 0.3799212598425197, 0.3360258481421648, 0.3595505617977528, 0.24172661870503598, 0.2155688622754491]},