{"noise_pct_10": {"correct": {"mean_penalty_ratio": 0.9861368720007253, "std": 0.008791004239747454, "std_err": 0.004395502119873727, "raw": [0.9926592469808193, 0.9936900555275113, 0.973103448275862, 0.9779867920752452, 0.9932448171441882]}, "constant_correct": {"mean_penalty_ratio": 0.9211538461538462, "std": 0.014131671592979875, "std_err": 0.007065835796489937, "raw": [0.9038461538461539, 0.9326923076923077, 0.9134615384615384, 0.9423076923076923, 0.9134615384615384]}}, "noise_pct_20": {"correct": {"mean_penalty_ratio": 0.9730247853481344, "std": 0.008544062891322764, "std_err": 0.004272031445661382, "raw": [0.9834091517259834, 0.9833003113501274, 0.9652795506765381, 0.9685923888124713, 0.9645425241755518]}, "constant_correct": {"mean_penalty_ratio": 0.8461538461538461, "std": 0.013598207330510544, "std_err": 0.006799103665255271, "raw": [0.8269230769230769, 0.8557692307692307, 0.8461538461538461, 0.8653846153846154, 0.8365384615384616]}}, "noise_pct_30": {"correct": {"mean_penalty_ratio": 0.9521778232599145, "std": 0.013251009816755272, "std_err": 0.006625504908377636, "raw": [0.9490973660846405, 0.9718574108818011, 0.9311594202898551, 0.9582366589327146, 0.9505382601105615]}, "constant_correct": {"mean_penalty_ratio": 0.7615384615384615, "std": 0.01762529113444553, "std_err": 0.008812645567222764, "raw": [0.7403846153846154, 0.7692307692307693, 0.7788461538461539, 0.7788461538461539, 0.7403846153846154]}}, "noise_pct_40": {"correct": {"mean_penalty_ratio": 0.9323939864855866, "std": 0.009374182747763034, "std_err": 0.004687091373881517, "raw": [0.9313249109167476, 0.9426923076923077, 0.9150885766646304, 0.9362214199759326, 0.9366427171783148]}, "constant_correct": {"mean_penalty_ratio": 0.6807692307692307, "std": 0.01538461538461538, "std_err": 0.007692307692307689, "raw": [0.6634615384615384, 0.6923076923076923, 0.7019230769230769, 0.6826923076923077, 0.6634615384615384]}}, "noise_pct_50": {"correct": {"mean_penalty_ratio": 0.9002508856698557, "std": 0.014174741338937874, "std_err": 0.007087370669468936, "raw": [0.9082254379284083, 0.9243813015582035, 0.8872727272727273, 0.892610497237569, 0.8887644643523703]}, "constant_correct": {"mean_penalty_ratio": 0.6057692307692308, "std": 0.025800784355766843, "std_err": 0.012900392177883422, "raw": [0.5769230769230769, 0.6442307692307693, 0.6153846153846154, 0.6153846153846154, 0.5769230769230769]}}, "noise_pct_60": {"correct": {"mean_penalty_ratio": 0.8565124563021154, "std": 0.03301640371902799, "std_err": 0.016508201859513995, "raw": [0.8813409792677548, 0.8990683229813664, 0.8054427294882209, 0.8364859184531316, 0.8602243313201036]}, "constant_correct": {"mean_penalty_ratio": 0.5326923076923077, "std": 0.02477711293600985, "std_err": 0.012388556468004925, "raw": [0.5096153846153846, 0.5769230769230769, 0.5288461538461539, 0.5384615384615384, 0.5096153846153846]}}, "noise_pct_70": {"correct": {"mean_penalty_ratio": 0.7949738094968344, "std": 0.03551632028628088, "std_err": 0.017758160143140436, "raw": [0.7932692307692307, 0.8513513513513513, 0.744346116027532, 0.7763023493360572, 0.8096]}, "constant_correct": {"mean_penalty_ratio": 0.451923076923077, "std": 0.031599378317605724, "std_err": 0.015799689158802862, "raw": [0.4230769230769231, 0.5096153846153846, 0.4326923076923077, 0.46153846153846156, 0.4326923076923077]}}, "noise_pct_80": {"correct": {"mean_penalty_ratio": 0.7189555506092281, "std": 0.038484118156615024, "std_err": 0.01924205907830751, "raw": [0.7173489278752436, 0.7896060352053647, 0.6727162734422263, 0.7100997506234414, 0.7050067658998647]}, "constant_correct": {"mean_penalty_ratio": 0.37115384615384617, "std": 0.035771298534112074, "std_err": 0.017885649267056034, "raw": [0.3269230769230769, 0.4326923076923077, 0.3557692307692308, 0.38461538461538464, 0.3557692307692308]}}, "noise_pct_90": {"correct": {"mean_penalty_ratio": 0.5648718589472004, "std": 0.026490826998569198, "std_err": 0.013245413499284599, "raw": [0.5887445887445888, 0.6035665294924554, 0.5419664268585132, 0.553116769095698, 0.5369649805447471]}, "constant_correct": {"mean_penalty_ratio": 0.2903846153846154, "std": 0.038171987002460016, "std_err": 0.019085993501230008, "raw": [0.2403846153846154, 0.3557692307692308, 0.2692307692307692, 0.2980769230769231, 0.28846153846153844]}}, "noise_pct_100": {"correct": {"mean_penalty_ratio": 0.17090411400456712, "std": 0.03012518171145441, "std_err": 0.015062590855727205, "raw": [0.17160686427457097, 0.21634615384615385, 0.18105515587529977, 0.12295081967213115, 0.1625615763546798]}, "constant_correct": {"mean_penalty_ratio": 0.19615384615384612, "std": 0.0341853631435215, "std_err": 0.01709268157176075, "raw": [0.14423076923076922, 0.25, 0.18269230769230768, 0.20192307692307693, 0.20192307692307693]}}}