{"noise_pct_95": {"correct": {"mean_penalty_ratio": 0.5119406158377717, "std": 0.07419751924216117, "std_err": 0.010599645606023025, "raw": [0.48929159802306427, 0.3920335429769392, 0.6172839506172839, 0.49142857142857144, 0.4184514003294893, 0.5335820895522388, 0.4897959183673469, 0.4634551495016611, 0.4714003944773176, 0.6559139784946236, 0.3987730061349693, 0.536, 0.5165441176470589, 0.5155038759689923, 0.5678807947019867, 0.5215759849906192, 0.5642633228840125, 0.39549180327868855, 0.5100806451612904, 0.5615384615384615, 0.48375451263537905, 0.4817658349328215, 0.5565610859728507, 0.4015151515151515, 0.5727611940298507, 0.49917081260364843, 0.4714765100671141, 0.36331569664902996, 0.5288461538461539, 0.4172043010752688, 0.6454545454545455, 0.5892597968069666, 0.39191564147627417, 0.45121951219512196, 0.5951008645533141, 0.4473257698541329, 0.4373134328358209, 0.6075949367088608, 0.5557461406518011, 0.5748031496062992, 0.6095238095238096, 0.5310650887573964, 0.6322033898305085, 0.6193029490616622, 0.41956521739130437, 0.46638655462184875, 0.5165354330708661, 0.5905923344947736, 0.5161290322580645, 0.5133333333333333]}, "constant_correct": {"mean_penalty_ratio": 0.2382692307692308, "std": 0.04152644056829564, "std_err": 0.005932348652613662, "raw": [0.21153846153846154, 0.16346153846153846, 0.19230769230769232, 0.22115384615384615, 0.2403846153846154, 0.25, 0.20192307692307693, 0.25, 0.22115384615384615, 0.3076923076923077, 0.20192307692307693, 0.27884615384615385, 0.18269230769230768, 0.22115384615384615, 0.2692307692307692, 0.2403846153846154, 0.23076923076923078, 0.2692307692307692, 0.25, 0.25961538461538464, 0.22115384615384615, 0.25961538461538464, 0.25, 0.22115384615384615, 0.2692307692307692, 0.22115384615384615, 0.25, 0.1346153846153846, 0.22115384615384615, 0.19230769230769232, 0.3173076923076923, 0.2403846153846154, 0.20192307692307693, 0.21153846153846154, 0.25, 0.27884615384615385, 0.25, 0.23076923076923078, 0.28846153846153844, 0.2692307692307692, 0.3076923076923077, 0.21153846153846154, 0.3269230769230769, 0.19230769230769232, 0.21153846153846154, 0.21153846153846154, 0.22115384615384615, 0.25961538461538464, 0.18269230769230768, 0.34615384615384615]}}, "noise_pct_96": {"correct": {"mean_penalty_ratio": 0.4774948709994656, "std": 0.07780987120441549, "std_err": 0.011115695886345069, "raw": [0.44086021505376344, 0.35320088300220753, 0.5657439446366782, 0.4118942731277533, 0.3945578231292517, 0.5153256704980843, 0.3969631236442516, 0.43523316062176165, 0.4451345755693582, 0.6184798807749627, 0.3579175704989154, 0.5063025210084033, 0.508411214953271, 0.5069033530571992, 0.49423076923076925, 0.4342105263157895, 0.5516129032258065, 0.39014373716632444, 0.42080378250591016, 0.5443786982248521, 0.4676524953789279, 0.47184466019417476, 0.5315457413249212, 0.3825242718446602, 0.5512572533849129, 0.4322820037105751, 0.46464646464646464, 0.294921875, 0.513911620294599, 0.3695150115473441, 0.6155088852988692, 0.5416666666666666, 0.38869257950530034, 0.42736842105263156, 0.554160125588697, 0.4059233449477352, 0.4117647058823529, 0.571917808219178, 0.5519031141868512, 0.5226939970717424, 0.5793918918918919, 0.5225903614457831, 0.6025408348457351, 0.5690690690690691, 0.37587006960556846, 0.3981264637002342, 0.507177033492823, 0.5817223198594025, 0.4883303411131059, 0.4859154929577465]}, "constant_correct": {"mean_penalty_ratio": 0.23115384615384615, "std": 0.041422559099684605, "std_err": 0.005917508442812087, "raw": [0.20192307692307693, 0.15384615384615385, 0.18269230769230768, 0.22115384615384615, 0.23076923076923078, 0.2403846153846154, 0.19230769230769232, 0.2403846153846154, 0.22115384615384615, 0.3076923076923077, 0.19230769230769232, 0.2692307692307692, 0.18269230769230768, 0.22115384615384615, 0.25961538461538464, 0.23076923076923078, 0.23076923076923078, 0.25961538461538464, 0.2403846153846154, 0.25, 0.21153846153846154, 0.25, 0.2403846153846154, 0.21153846153846154, 0.25961538461538464, 0.21153846153846154, 0.2403846153846154, 0.1346153846153846, 0.21153846153846154, 0.18269230769230768, 0.3076923076923077, 0.23076923076923078, 0.20192307692307693, 0.20192307692307693, 0.2403846153846154, 0.27884615384615385, 0.2403846153846154, 0.22115384615384615, 0.28846153846153844, 0.25961538461538464, 0.2980769230769231, 0.21153846153846154, 0.3173076923076923, 0.18269230769230768, 0.20192307692307693, 0.20192307692307693, 0.21153846153846154, 0.25, 0.18269230769230768, 0.34615384615384615]}}, "noise_pct_97": {"correct": {"mean_penalty_ratio": 0.44146247950359296, "std": 0.0760397910912914, "std_err": 0.010862827298755916, "raw": [0.373015873015873, 0.3436807095343681, 0.512621359223301, 0.4052863436123348, 0.3808695652173913, 0.4900398406374502, 0.3930131004366812, 0.42980935875216636, 0.41612200435729846, 0.5927672955974843, 0.3165137614678899, 0.5063025210084033, 0.41555555555555557, 0.494949494949495, 0.469061876247505, 0.4174107142857143, 0.5008976660682226, 0.3562231759656652, 0.3680203045685279, 0.49130434782608695, 0.4472168905950096, 0.3727810650887574, 0.49746192893401014, 0.3702970297029703, 0.4659090909090909, 0.4058252427184466, 0.4559322033898305, 0.23255813953488372, 0.4923599320882852, 0.33737864077669905, 0.5553505535055351, 0.46875, 0.3513011152416357, 0.4219409282700422, 0.48282097649186256, 0.376599634369287, 0.37925445705024313, 0.48360655737704916, 0.5244122965641953, 0.506006006006006, 0.5183752417794971, 0.5263157894736842, 0.5899280575539568, 0.4982698961937716, 0.3316953316953317, 0.3704600484261501, 0.49185667752442996, 0.574430823117338, 0.42168674698795183, 0.4488778054862843]}, "constant_correct": {"mean_penalty_ratio": 0.2248076923076923, "std": 0.04106073218795119, "std_err": 0.005865818883993028, "raw": [0.19230769230769232, 0.14423076923076922, 0.18269230769230768, 0.21153846153846154, 0.23076923076923078, 0.23076923076923078, 0.19230769230769232, 0.23076923076923078, 0.22115384615384615, 0.2980769230769231, 0.18269230769230768, 0.2692307692307692, 0.18269230769230768, 0.22115384615384615, 0.25, 0.22115384615384615, 0.23076923076923078, 0.25, 0.23076923076923078, 0.2403846153846154, 0.21153846153846154, 0.2403846153846154, 0.2403846153846154, 0.21153846153846154, 0.25, 0.21153846153846154, 0.23076923076923078, 0.125, 0.20192307692307693, 0.18269230769230768, 0.2980769230769231, 0.22115384615384615, 0.19230769230769232, 0.19230769230769232, 0.23076923076923078, 0.27884615384615385, 0.23076923076923078, 0.21153846153846154, 0.27884615384615385, 0.25, 0.2980769230769231, 0.22115384615384615, 0.3076923076923077, 0.17307692307692307, 0.19230769230769232, 0.19230769230769232, 0.20192307692307693, 0.2403846153846154, 0.17307692307692307, 0.33653846153846156]}}, "noise_pct_98": {"correct": {"mean_penalty_ratio": 0.39283905697818844, "std": 0.08352019344245805, "std_err": 0.011931456206065434, "raw": [0.33471933471933474, 0.25925925925925924, 0.475103734439834, 0.3552941176470588, 0.35778175313059035, 0.4422657952069717, 0.3372365339578454, 0.4092526690391459, 0.325, 0.5709624796084829, 0.28162291169451076, 0.4730941704035874, 0.4142538975501114, 0.3918269230769231, 0.41098901098901097, 0.3696682464454976, 0.467680608365019, 0.29439252336448596, 0.33509234828496043, 0.40404040404040403, 0.3821656050955414, 0.3448979591836735, 0.46808510638297873, 0.34623217922606925, 0.4590909090909091, 0.3888888888888889, 0.4295774647887324, 0.15825688073394495, 0.4519056261343013, 0.2717678100263852, 0.4989733059548255, 0.45925925925925926, 0.325, 0.35247524752475246, 0.42913385826771655, 0.3612662942271881, 0.26908396946564883, 0.4370860927152318, 0.48747591522157996, 0.4436974789915966, 0.44222222222222224, 0.44405594405594406, 0.5793226381461676, 0.4653284671532847, 0.3193069306930693, 0.254957507082153, 0.4497354497354497, 0.4908350305498982, 0.2885085574572127, 0.4338235294117647]}, "constant_correct": {"mean_penalty_ratio": 0.21615384615384617, "std": 0.041121482601688214, "std_err": 0.0058744975145268875,