{"noise_pct_10": {"correct": {"mean_penalty_ratio": 0.9930748421201301, "std": 0.0011263479065604601, "std_err": 0.0005631739532802301, "raw": [0.9926557687751718, 0.9916497975708503, 0.9929494712103408, 0.9951040391676866, 0.9930151338766007]}, "constant_correct": {"mean_penalty_ratio": 0.9057692307692309, "std": 0.011213369028548649, "std_err": 0.005606684514274324, "raw": [0.8942307692307693, 0.8942307692307693, 0.9038461538461539, 0.9230769230769231, 0.9134615384615384]}}, "noise_pct_20": {"correct": {"mean_penalty_ratio": 0.9819298583921702, "std": 0.00540313153651787, "std_err": 0.0027015657682589347, "raw": [0.9717784877529286, 0.9829205807002562, 0.984571129707113, 0.9878077373974209, 0.9825713564031321]}, "constant_correct": {"mean_penalty_ratio": 0.8173076923076923, "std": 0.01216260638526299, "std_err": 0.006081303192631495, "raw": [0.8076923076923077, 0.8076923076923077, 0.8076923076923077, 0.8365384615384616, 0.8269230769230769]}}, "noise_pct_30": {"correct": {"mean_penalty_ratio": 0.9714710842528573, "std": 0.005746823719524389, "std_err": 0.0028734118597621944, "raw": [0.9611620795107033, 0.9716446124763705, 0.9722222222222222, 0.978830378406986, 0.9734961286480047]}, "constant_correct": {"mean_penalty_ratio": 0.7326923076923076, "std": 0.02386475701152087, "std_err": 0.011932378505760436, "raw": [0.7307692307692307, 0.7115384615384616, 0.7019230769230769, 0.7596153846153846, 0.7596153846153846]}}, "noise_pct_40": {"correct": {"mean_penalty_ratio": 0.9583295947860243, "std": 0.008292467102641771, "std_err": 0.0041462335513208865, "raw": [0.9447975911676146, 0.953168044077135, 0.9615898463593855, 0.9675202998126171, 0.964572192513369]}, "constant_correct": {"mean_penalty_ratio": 0.6634615384615385, "std": 0.03440104580768908, "std_err": 0.01720052290384454, "raw": [0.6730769230769231, 0.6153846153846154, 0.6346153846153846, 0.6826923076923077, 0.7115384615384616]}}, "noise_pct_50": {"correct": {"mean_penalty_ratio": 0.9394049423353937, "std": 0.010054884130680937, "std_err": 0.005027442065340467, "raw": [0.9231378763866878, 0.9342723004694836, 0.9411047928513404, 0.9522222222222222, 0.9462875197472354]}, "constant_correct": {"mean_penalty_ratio": 0.573076923076923, "std": 0.03472205785628421, "std_err": 0.017361028928142105, "raw": [0.5769230769230769, 0.5384615384615384, 0.5288461538461539, 0.6057692307692307, 0.6153846153846154]}}, "noise_pct_60": {"correct": {"mean_penalty_ratio": 0.914828760477295, "std": 0.009447830216839996, "std_err": 0.004723915108419997, "raw": [0.8993039443155453, 0.9116702355460385, 0.917693445046821, 0.9171707771056306, 0.9283054003724395]}, "constant_correct": {"mean_penalty_ratio": 0.49230769230769234, "std": 0.039598577465334614, "std_err": 0.019799288732667307, "raw": [0.49038461538461536, 0.4519230769230769, 0.4519230769230769, 0.5096153846153846, 0.5576923076923077]}}, "noise_pct_70": {"correct": {"mean_penalty_ratio": 0.8670970103511492, "std": 0.012220769055317871, "std_err": 0.006110384527658935, "raw": [0.8542413381123058, 0.8590556730091614, 0.8812067881835324, 0.8826291079812206, 0.858352144469526]}, "constant_correct": {"mean_penalty_ratio": 0.4173076923076923, "std": 0.040155025034271354, "std_err": 0.020077512517135677, "raw": [0.4230769230769231, 0.36538461538461536, 0.38461538461538464, 0.4326923076923077, 0.4807692307692308]}}, "noise_pct_80": {"correct": {"mean_penalty_ratio": 0.807454762403648, "std": 0.018985924712878115, "std_err": 0.009492962356439058, "raw": [0.7962406015037594, 0.8014247551202137, 0.8267326732673267, 0.8316023738872403, 0.7812734082397004]}, "constant_correct": {"mean_penalty_ratio": 0.3346153846153846, "std": 0.03352999187338981, "std_err": 0.016764995936694903, "raw": [0.34615384615384615, 0.28846153846153844, 0.3076923076923077, 0.34615384615384615, 0.38461538461538464]}}, "noise_pct_90": {"correct": {"mean_penalty_ratio": 0.6637049511524421, "std": 0.04192497619602255, "std_err": 0.02096248809801127, "raw": [0.6781115879828327, 0.6110236220472441, 0.7077114427860697, 0.7047289504036909, 0.6169491525423729]}, "constant_correct": {"mean_penalty_ratio": 0.24615384615384617, "std": 0.027601346335398697, "std_err": 0.013800673167699347, "raw": [0.25, 0.21153846153846154, 0.22115384615384615, 0.25961538461538464, 0.28846153846153844]}}, "noise_pct_100": {"correct": {"mean_penalty_ratio": 0.15116114233372388, "std": 0.019802289302424784, "std_err": 0.00990114465121239, "raw": [0.1585677749360614, 0.11527377521613832, 0.1488673139158576, 0.1582089552238806, 0.17488789237668162]}, "constant_correct": {"mean_penalty_ratio": 0.15576923076923077, "std": 0.026085884550481803, "std_err": 0.013042942275240901, "raw": [0.15384615384615385, 0.11538461538461539, 0.14423076923076922, 0.17307692307692307, 0.19230769230769232]}}}