{"noise_pct_10": {"correct": {"mean_penalty_ratio": 0.9864995217947519, "std": 0.007989122614381209, "std_err": 0.003994561307190604, "raw": [0.9929906542056075, 0.9756642662031288, 0.9913247362250879, 0.9945110794877008, 0.9780068728522336]}, "constant_correct": {"mean_penalty_ratio": 0.9211538461538462, "std": 0.009421114395319936, "std_err": 0.004710557197659968, "raw": [0.9326923076923077, 0.9134615384615384, 0.9134615384615384, 0.9326923076923077, 0.9134615384615384]}}, "noise_pct_20": {"correct": {"mean_penalty_ratio": 0.9504760937445926, "std": 0.02205621324165885, "std_err": 0.011028106620829425, "raw": [0.9425813008130082, 0.9260741926874834, 0.976512637222364, 0.9768129120254603, 0.9303994259746472]}, "constant_correct": {"mean_penalty_ratio": 0.8461538461538461, "std": 0.026507786061711988, "std_err": 0.013253893030855994, "raw": [0.8461538461538461, 0.8269230769230769, 0.8461538461538461, 0.8942307692307693, 0.8173076923076923]}}, "noise_pct_30": {"correct": {"mean_penalty_ratio": 0.9144558516510848, "std": 0.017203445729765007, "std_err": 0.008601722864882502, "raw": [0.906072644721907, 0.8997392060272384, 0.9152495121271257, 0.9473290064902646, 0.9038888888888889]}, "constant_correct": {"mean_penalty_ratio": 0.7557692307692309, "std": 0.03472205785628419, "std_err": 0.017361028928142095, "raw": [0.7596153846153846, 0.7403846153846154, 0.75, 0.8173076923076923, 0.7115384615384616]}}, "noise_pct_40": {"correct": {"mean_penalty_ratio": 0.8729389502896625, "std": 0.016654812087816023, "std_err": 0.00832740604390801, "raw": [0.8732050106935533, 0.8445363667700793, 0.878077034462786, 0.8964646464646465, 0.8724116930572473]}, "constant_correct": {"mean_penalty_ratio": 0.676923076923077, "std": 0.03136443544288479, "std_err": 0.01568221772144239, "raw": [0.6730769230769231, 0.6634615384615384, 0.6826923076923077, 0.7307692307692307, 0.6346153846153846]}}, "noise_pct_50": {"correct": {"mean_penalty_ratio": 0.8395676841733322, "std": 0.020191212722240746, "std_err": 0.010095606361120373, "raw": [0.842586085734364, 0.8070803500397773, 0.8368580060422961, 0.8706372078130004, 0.8406767712372224]}, "constant_correct": {"mean_penalty_ratio": 0.6038461538461538, "std": 0.037190537703487896, "std_err": 0.018595268851743948, "raw": [0.6153846153846154, 0.5961538461538461, 0.5961538461538461, 0.6634615384615384, 0.5480769230769231]}}, "noise_pct_60": {"correct": {"mean_penalty_ratio": 0.7914413779875435, "std": 0.021875164493483038, "std_err": 0.010937582246741519, "raw": [0.7798550171690195, 0.758815846756639, 0.7932505818463925, 0.8247191011235955, 0.8005663430420712]}, "constant_correct": {"mean_penalty_ratio": 0.5326923076923078, "std": 0.04575145097450122, "std_err": 0.02287572548725061, "raw": [0.5576923076923077, 0.5096153846153846, 0.5192307692307693, 0.6057692307692307, 0.47115384615384615]}}, "noise_pct_70": {"correct": {"mean_penalty_ratio": 0.717255494377794, "std": 0.02443751885827786, "std_err": 0.01221875942913893, "raw": [0.7188229799159271, 0.6880977683315622, 0.715513342379014, 0.7610773240660296, 0.7027660571964369]}, "constant_correct": {"mean_penalty_ratio": 0.4596153846153846, "std": 0.049925980714412184, "std_err": 0.024962990357206092, "raw": [0.49038461538461536, 0.4326923076923077, 0.4423076923076923, 0.5384615384615384, 0.3942307692307692]}}, "noise_pct_80": {"correct": {"mean_penalty_ratio": 0.6144765353911927, "std": 0.04902622407153267, "std_err": 0.024513112035766334, "raw": [0.6405049396267838, 0.5640311804008908, 0.6, 0.6964921199796644, 0.5713544369486248]}, "constant_correct": {"mean_penalty_ratio": 0.3769230769230769, "std": 0.04880222130942123, "std_err": 0.024401110654710616, "raw": [0.41346153846153844, 0.3557692307692308, 0.34615384615384615, 0.4519230769230769, 0.3173076923076923]}}, "noise_pct_90": {"correct": {"mean_penalty_ratio": 0.4447532821018675, "std": 0.056755774569420735, "std_err": 0.028377887284710367, "raw": [0.48012820512820514, 0.369108049311095, 0.47114774889029803, 0.5162650602409639, 0.38711734693877553]}, "constant_correct": {"mean_penalty_ratio": 0.2980769230769231, "std": 0.0482688476846582, "std_err": 0.024134423842329097, "raw": [0.34615384615384615, 0.2980769230769231, 0.25961538461538464, 0.3557692307692308, 0.23076923076923078]}}, "noise_pct_100": {"correct": {"mean_penalty_ratio": 0.17317533396465024, "std": 0.05215370642003332, "std_err": 0.02607685321001666, "raw": [0.15449915110356535, 0.14708520179372198, 0.18040816326530612, 0.26879861711322384, 0.1150855365474339]}, "constant_correct": {"mean_penalty_ratio": 0.21730769230769234, "std": 0.04655276321888541, "std_err": 0.023276381609442703, "raw": [0.25961538461538464, 0.21153846153846154, 0.18269230769230768, 0.27884615384615385, 0.15384615384615385]}}}