{"noise_pct_10": {"correct": {"mean_penalty_ratio": 0.9961765545515446, "std": 0.000596937070264083, "std_err": 0.00029846853513204147, "raw": [0.995259540175397, 0.9956896551724138, 0.9964680951259712, 0.9967326934858076, 0.996732788798133]}, "constant_correct": {"mean_penalty_ratio": 0.9346153846153846, "std": 0.0038461538461538325, "std_err": 0.001923076923076916, "raw": [0.9326923076923077, 0.9326923076923077, 0.9326923076923077, 0.9326923076923077, 0.9423076923076923]}}, "noise_pct_20": {"correct": {"mean_penalty_ratio": 0.9914830269187451, "std": 0.0009307108549093977, "std_err": 0.0004653554274546988, "raw": [0.9913676827623416, 0.99, 0.9918677859391396, 0.991304347826087, 0.9928753180661578]}, "constant_correct": {"mean_penalty_ratio": 0.8692307692307694, "std": 0.009805806756909197, "std_err": 0.0049029033784545985, "raw": [0.875, 0.8653846153846154, 0.8653846153846154, 0.8557692307692307, 0.8846153846153846]}}, "noise_pct_30": {"correct": {"mean_penalty_ratio": 0.9849990244084808, "std": 0.0023733199929339833, "std_err": 0.0011866599964669917, "raw": [0.9853810264385692, 0.9813291139240506, 0.9836065573770492, 0.986428951569984, 0.9882494727327509]}, "constant_correct": {"mean_penalty_ratio": 0.8038461538461539, "std": 0.02071217233513271, "std_err": 0.010356086167566355, "raw": [0.8173076923076923, 0.7884615384615384, 0.7788461538461539, 0.7980769230769231, 0.8365384615384616]}}, "noise_pct_40": {"correct": {"mean_penalty_ratio": 0.9794955653368838, "std": 0.0034398083318682364, "std_err": 0.001719904165934118, "raw": [0.9796481545360469, 0.9738406658739596, 0.9794335805799056, 0.9798615481434865, 0.9846938775510204]}, "constant_correct": {"mean_penalty_ratio": 0.7673076923076924, "std": 0.021414478318577016, "std_err": 0.010707239159288508, "raw": [0.7692307692307693, 0.7596153846153846, 0.75, 0.75, 0.8076923076923077]}}, "noise_pct_50": {"correct": {"mean_penalty_ratio": 0.9696090057715028, "std": 0.0037340106434693467, "std_err": 0.0018670053217346733, "raw": [0.969097651421508, 0.9638095238095238, 0.9686856201071281, 0.9711286089238845, 0.9753236245954693]}, "constant_correct": {"mean_penalty_ratio": 0.7096153846153845, "std": 0.01961161351381842, "std_err": 0.00980580675690921, "raw": [0.7019230769230769, 0.7211538461538461, 0.6826923076923077, 0.7019230769230769, 0.7403846153846154]}}, "noise_pct_60": {"correct": {"mean_penalty_ratio": 0.9581695132344233, "std": 0.0038515855168742975, "std_err": 0.0019257927584371485, "raw": [0.9586776859504132, 0.9549158066268333, 0.9558011049723757, 0.9560019129603061, 0.9654510556621881]}, "constant_correct": {"mean_penalty_ratio": 0.6673076923076924, "std": 0.026227272494203552, "std_err": 0.013113636247101776, "raw": [0.6634615384615384, 0.6923076923076923, 0.6346153846153846, 0.6442307692307693, 0.7019230769230769]}}, "noise_pct_70": {"correct": {"mean_penalty_ratio": 0.9370642579297759, "std": 0.005969171609785067, "std_err": 0.0029845858048925334, "raw": [0.9381377551020408, 0.9276410998552822, 0.9365284974093264, 0.9365853658536586, 0.9464285714285714]}, "constant_correct": {"mean_penalty_ratio": 0.6211538461538462, "std": 0.017833881722107137, "std_err": 0.008916940861053569, "raw": [0.625, 0.6346153846153846, 0.5961538461538461, 0.6057692307692307, 0.6442307692307693]}}, "noise_pct_80": {"correct": {"mean_penalty_ratio": 0.9029296114647316, "std": 0.00686479375548757, "std_err": 0.003432396877743785, "raw": [0.9012345679012346, 0.8975069252077562, 0.8956372968349017, 0.905320813771518, 0.9149484536082474]}, "constant_correct": {"mean_penalty_ratio": 0.5615384615384615, "std": 0.02551249838734922, "std_err": 0.012756249193674608, "raw": [0.5480769230769231, 0.5961538461538461, 0.5288461538461539, 0.5480769230769231, 0.5865384615384616]}}, "noise_pct_90": {"correct": {"mean_penalty_ratio": 0.8141030241957221, "std": 0.015798849415415206, "std_err": 0.007899424707707603, "raw": [0.8335388409371147, 0.7894736842105263, 0.8172185430463577, 0.826362484157161, 0.803921568627451]}, "constant_correct": {"mean_penalty_ratio": 0.49615384615384617, "std": 0.028263343185959737, "std_err": 0.014131671592979867, "raw": [0.4807692307692308, 0.5384615384615384, 0.46153846153846156, 0.4807692307692308, 0.5192307692307693]}}, "noise_pct_100": {"correct": {"mean_penalty_ratio": 0.4135806732821313, "std": 0.025984906466396795, "std_err": 0.012992453233198397, "raw": [0.4490566037735849, 0.43478260869565216, 0.38306451612903225, 0.38645418326693226, 0.41454545454545455]}, "constant_correct": {"mean_penalty_ratio": 0.4269230769230769, "std": 0.024019223070763072, "std_err": 0.012009611535381536, "raw": [0.4326923076923077, 0.4519230769230769, 0.3942307692307692, 0.40384615384615385, 0.4519230769230769]}}}