{"noise_pct_95": {"correct": {"mean_penalty_ratio": 0.7052956442190063, "std": 0.04692832833682489, "std_err": 0.006704046905260698, "raw": [0.7186858316221766, 0.6583541147132169, 0.7592592592592593, 0.6771300448430493, 0.663594470046083, 0.7173447537473233, 0.6395348837209303, 0.7196652719665272, 0.630901287553648, 0.7718223583460949, 0.6581395348837209, 0.6924686192468619, 0.701271186440678, 0.7346491228070176, 0.7448015122873346, 0.7139364303178484, 0.7375231053604436, 0.6544943820224719, 0.6592039800995025, 0.7139784946236559, 0.6840958605664488, 0.7075892857142857, 0.7025089605734767, 0.6975, 0.6709677419354839, 0.7034068136272545, 0.7393162393162394, 0.6966019417475728, 0.7347740667976425, 0.6666666666666666, 0.7962648556876061, 0.7831325301204819, 0.5957943925233645, 0.6520681265206812, 0.7523659305993691, 0.6946902654867256, 0.7098901098901099, 0.7333333333333333, 0.7096114519427403, 0.8095238095238095, 0.7546125461254612, 0.7797427652733119, 0.6840077071290944, 0.7600596125186289, 0.6058394160583942, 0.667458432304038, 0.6816326530612244, 0.7159090909090909, 0.7544802867383512, 0.654178674351585]}, "constant_correct": {"mean_penalty_ratio": 0.45269230769230767, "std": 0.04132781346358011, "std_err": 0.005903973351940014, "raw": [0.47115384615384615, 0.49038461538461536, 0.4423076923076923, 0.4519230769230769, 0.49038461538461536, 0.4519230769230769, 0.40384615384615385, 0.46153846153846156, 0.3942307692307692, 0.47115384615384615, 0.4519230769230769, 0.4230769230769231, 0.4423076923076923, 0.5096153846153846, 0.5096153846153846, 0.5096153846153846, 0.4423076923076923, 0.49038461538461536, 0.4519230769230769, 0.46153846153846156, 0.4423076923076923, 0.5, 0.36538461538461536, 0.49038461538461536, 0.4230769230769231, 0.4423076923076923, 0.49038461538461536, 0.47115384615384615, 0.47115384615384615, 0.4423076923076923, 0.5192307692307693, 0.5096153846153846, 0.40384615384615385, 0.4326923076923077, 0.375, 0.46153846153846156, 0.46153846153846156, 0.3942307692307692, 0.4326923076923077, 0.5096153846153846, 0.46153846153846156, 0.4230769230769231, 0.38461538461538464, 0.34615384615384615, 0.4230769230769231, 0.4423076923076923, 0.4230769230769231, 0.47115384615384615, 0.47115384615384615, 0.5288461538461539]}}, "noise_pct_96": {"correct": {"mean_penalty_ratio": 0.67896013668844, "std": 0.05364986639383015, "std_err": 0.007664266627690022, "raw": [0.682648401826484, 0.6303191489361702, 0.7265774378585086, 0.6106666666666667, 0.642512077294686, 0.7035398230088495, 0.5527065527065527, 0.7074235807860262, 0.6054421768707483, 0.743103448275862, 0.6277915632754343, 0.6754966887417219, 0.6954643628509719, 0.7235955056179775, 0.697986577181208, 0.6465256797583081, 0.71875, 0.6460674157303371, 0.5775075987841946, 0.7057522123893806, 0.6704035874439462, 0.704954954954955, 0.6805293005671077, 0.6873385012919897, 0.6561797752808989, 0.652073732718894, 0.7333333333333333, 0.6432584269662921, 0.7272727272727273, 0.6395663956639567, 0.7765567765567766, 0.7553398058252427, 0.5919811320754716, 0.6379746835443038, 0.7239583333333334, 0.6568627450980392, 0.6883720930232559, 0.7088122605363985, 0.7004132231404959, 0.7811320754716982, 0.7272727272727273, 0.7721311475409836, 0.6541666666666667, 0.727580372250423, 0.5706806282722513, 0.6226415094339622, 0.6721991701244814, 0.7088122605363985, 0.7390476190476191, 0.6172839506172839]}, "constant_correct": {"mean_penalty_ratio": 0.4471153846153847, "std": 0.04183521138039825, "std_err": 0.005976458768628321, "raw": [0.46153846153846156, 0.4807692307692308, 0.4423076923076923, 0.4423076923076923, 0.4807692307692308, 0.4423076923076923, 0.3942307692307692, 0.46153846153846156, 0.38461538461538464, 0.47115384615384615, 0.4423076923076923, 0.4230769230769231, 0.4423076923076923, 0.5, 0.5096153846153846, 0.5096153846153846, 0.4326923076923077, 0.4807692307692308, 0.4423076923076923, 0.46153846153846156, 0.4326923076923077, 0.5, 0.3557692307692308, 0.49038461538461536, 0.4230769230769231, 0.4326923076923077, 0.4807692307692308, 0.46153846153846156, 0.47115384615384615, 0.4423076923076923, 0.5096153846153846, 0.5096153846153846, 0.40384615384615385, 0.4326923076923077, 0.36538461538461536, 0.4519230769230769, 0.4519230769230769, 0.3942307692307692, 0.4230769230769231, 0.5096153846153846, 0.4519230769230769, 0.41346153846153844, 0.375, 0.34615384615384615, 0.41346153846153844, 0.4423076923076923, 0.41346153846153844, 0.46153846153846156, 0.47115384615384615, 0.5192307692307693]}}, "noise_pct_97": {"correct": {"mean_penalty_ratio": 0.6510523081646334, "std": 0.056145749752454906, "std_err": 0.008020821393207844, "raw": [0.6308900523560209, 0.6273458445040214, 0.6834061135371179, 0.6042780748663101, 0.6142506142506142, 0.6844547563805105, 0.5417867435158501, 0.700218818380744, 0.5727923627684964, 0.726605504587156, 0.5978835978835979, 0.6710816777041942, 0.626984126984127, 0.7099767981438515, 0.6838407494145199, 0.6366459627329193, 0.6733333333333333, 0.6238805970149254, 0.5335570469798657, 0.6707920792079208, 0.6549295774647887, 0.6607142857142857, 0.6474226804123712, 0.6790450928381963, 0.5831062670299727, 0.6253041362530414, 0.7260869565217392, 0.5930599369085173, 0.7169811320754716, 0.6120689655172413, 0.7350427350427351, 0.7034482758620689, 0.5620253164556962, 0.631979695431472, 0.6727642276422764, 0.6272965879265092, 0.66, 0.6370023419203747, 0.6783369803063457, 0.7734375, 0.6805555555555556, 0.7754098360655738, 0.6485355648535565, 0.6752988047808764, 0.5335195530726257, 0.601123595505618, 0.6581196581196581, 0.708253358925144, 0.7010752688172043, 0.5766666666666667]}, "constant_correct": {"mean_penalty_ratio": 0.4409615384615384, "std": 0.04313054698053615, "std_err": 0.006161506711505164, "raw": [0.4519230769230769, 0.4807692307692308, 0.4326923076923077, 0.4326923076923077, 0.47115384615384615, 0.4326923076923077, 0.38461538461538464, 0.4519230769230769, 0.375, 0.47115384615384615, 0.4326923076923077, 0.41346153846153844, 0.4423076923076923, 0.49038461538461536, 0.5096153846153846, 0.5096153846153846, 0.4230769230769231, 0.4807692307692308, 0.4423076923076923, 0.46153846153846156, 0.4326923076923077, 0.49038461538461536, 0.34615384615384615, 0.49038461538461536, 0.4230769230769231, 0.4230769230769231, 0.47115384615384615, 0.4519230769230769, 0.47115384615384615, 0.4326923076923077, 0.5, 0.5, 0.40384615384615385, 0.4230769230769231, 0.3557692307692308, 0.4423076923076923, 0.4423076923076923, 0.38461538461538464, 0.41346153846153844, 0.5096153846153846, 0.4519230769230769, 0.4230769230769231, 0.36538461538461536, 0.33653846153846156, 0.40384615384615385, 0.4326923076923077, 0.40384615384615385, 0.46153846153846156, 0.46153846153846156, 0.5096153846153846]}}, "noise_pct_98": {"correct": {"mean_penalty_ratio": 0.6136990423968893, "std": 0.059956545092660185, "std_err": 0.008565220727522884, "raw": [0.6050420168067226, 0.5492537313432836, 0.6541176470588236, 0.5626822157434402, 0.5923076923076923, 0.6424870466321243, 0.49201277955271566, 0.6848072562358276, 0.49584487534626037, 0.7096153846153846, 0.5789473684210527, 0.640661938534279, 0.6196808510638298, 0.6381766381766382, 0.6404199475065617, 0.5938566552901023, 0.6443914081145584, 0.569023569023569, 0.49823321554770317, 0.6029411764705882, 0.608, 0.6390374331550802, 0.6298701298701299, 0.6657458563535912, 0.5831062670299727, 0.61, 0.7070938215102975, 0.5287769784172662, 0.6872146118721462, 0.5636942675159236, 0.6924939467312349, 0.7, 0.531578947368421, 0.6053333333333333, 0.6382022471910113, 0.6102150537634409, 0.5487012987012987, 0.5969387755102041, 0.6469194312796208, 0.7369614512471655, 0.6147540983606558, 0.7306201550387597, 0.6436058700209644, 0.6496815286624203, 0.5308988764044944, 0.511864406779661, 0.6152019002375297, 0.6513761467889908, 0.624, 0.568561872909699]}, "constant_correct": {"mean_penalty_ratio": 0.4336538461538461, "std": 0.04288289061726492, "std_err": 0.006126127231037846,