{"noise_pct_10": {"correct": {"mean_penalty_ratio": 0.9949847755447763, "std": 0.000596202313716387, "std_err": 0.0002981011568581935, "raw": [0.9954976303317535, 0.993920972644377, 0.9948271808135434, 0.9951080309824705, 0.995570062951737]}, "constant_correct": {"mean_penalty_ratio": 0.9269230769230768, "std": 0.007692307692307704, "std_err": 0.0038461538461538516, "raw": [0.9326923076923077, 0.9134615384615384, 0.9230769230769231, 0.9326923076923077, 0.9326923076923077]}}, "noise_pct_20": {"correct": {"mean_penalty_ratio": 0.9872364321545233, "std": 0.0009522615336810948, "std_err": 0.0004761307668405474, "raw": [0.988663967611336, 0.9880341880341881, 0.9864300626304802, 0.9862085086489013, 0.9868454338477106]}, "constant_correct": {"mean_penalty_ratio": 0.8615384615384617, "std": 0.007692307692307714, "std_err": 0.0038461538461538568, "raw": [0.8557692307692307, 0.8653846153846154, 0.8557692307692307, 0.8557692307692307, 0.875]}}, "noise_pct_30": {"correct": {"mean_penalty_ratio": 0.9772928844907176, "std": 0.004896191399239911, "std_err": 0.0024480956996199557, "raw": [0.9810146280734516, 0.9676314970432618, 0.9786786786786786, 0.9791336502905441, 0.9800059683676514]}, "constant_correct": {"mean_penalty_ratio": 0.8, "std": 0.01864492252852436, "std_err": 0.00932246126426218, "raw": [0.7884615384615384, 0.7884615384615384, 0.7980769230769231, 0.7884615384615384, 0.8365384615384616]}}, "noise_pct_40": {"correct": {"mean_penalty_ratio": 0.9683512075806874, "std": 0.007742090238790448, "std_err": 0.0038710451193952234, "raw": [0.974836263357463, 0.9543520309477757, 0.9700598802395209, 0.9666770476487075, 0.9758308157099698]}, "constant_correct": {"mean_penalty_ratio": 0.7461538461538462, "std": 0.03826874758102385, "std_err": 0.019134373790511923, "raw": [0.7403846153846154, 0.7403846153846154, 0.7307692307692307, 0.7019230769230769, 0.8173076923076923]}}, "noise_pct_50": {"correct": {"mean_penalty_ratio": 0.9503461995248816, "std": 0.008256244883573148, "std_err": 0.004128122441786574, "raw": [0.9593262119967132, 0.9354541263254956, 0.9482965931863727, 0.9554491899852725, 0.9532048761305545]}, "constant_correct": {"mean_penalty_ratio": 0.675, "std": 0.029417420270727582, "std_err": 0.014708710135363791, "raw": [0.6442307692307693, 0.6730769230769231, 0.6634615384615384, 0.6634615384615384, 0.7307692307692307]}}, "noise_pct_60": {"correct": {"mean_penalty_ratio": 0.9305958137441965, "std": 0.00950050710298125, "std_err": 0.004750253551490625, "raw": [0.9416586306653809, 0.9133159268929504, 0.9306162057253761, 0.9360518999073216, 0.9313364055299539]}, "constant_correct": {"mean_penalty_ratio": 0.6115384615384615, "std": 0.028263343185959754, "std_err": 0.014131671592979875, "raw": [0.5769230769230769, 0.6057692307692307, 0.6057692307692307, 0.6057692307692307, 0.6634615384615384]}}, "noise_pct_70": {"correct": {"mean_penalty_ratio": 0.8982420266483933, "std": 0.013831810650117961, "std_err": 0.00691590532505898, "raw": [0.9116719242902208, 0.8731138545953361, 0.8961278426551936, 0.9098888238736103, 0.9004076878276063]}, "constant_correct": {"mean_penalty_ratio": 0.55, "std": 0.03124630155629215, "std_err": 0.015623150778146074, "raw": [0.5096153846153846, 0.5480769230769231, 0.5384615384615384, 0.5480769230769231, 0.6057692307692307]}}, "noise_pct_80": {"correct": {"mean_penalty_ratio": 0.8547128208672161, "std": 0.01735460968131763, "std_err": 0.008677304840658814, "raw": [0.8652138821630347, 0.823731728288908, 0.8537170263788969, 0.8755555555555555, 0.8553459119496856]}, "constant_correct": {"mean_penalty_ratio": 0.49615384615384617, "std": 0.04061290784989014, "std_err": 0.020306453924945074, "raw": [0.4423076923076923, 0.4807692307692308, 0.49038461538461536, 0.5, 0.5673076923076923]}}, "noise_pct_90": {"correct": {"mean_penalty_ratio": 0.7443146032067679, "std": 0.04044451913924873, "std_err": 0.020222259569624364, "raw": [0.7780429594272077, 0.6715542521994134, 0.7553191489361702, 0.7831603229527105, 0.7334963325183375]}, "constant_correct": {"mean_penalty_ratio": 0.4288461538461538, "std": 0.04061290784989015, "std_err": 0.020306453924945074, "raw": [0.375, 0.41346153846153844, 0.4230769230769231, 0.4326923076923077, 0.5]}}, "noise_pct_100": {"correct": {"mean_penalty_ratio": 0.3402870457902617, "std": 0.024871274566857702, "std_err": 0.01243563728342885, "raw": [0.3289902280130293, 0.33787465940054495, 0.3060240963855422, 0.382089552238806, 0.3464566929133858]}, "constant_correct": {"mean_penalty_ratio": 0.3615384615384616, "std": 0.024777112936009857, "std_err": 0.012388556468004928, "raw": [0.3269230769230769, 0.3557692307692308, 0.3557692307692308, 0.36538461538461536, 0.40384615384615385]}}}