{"noise_pct_95": {"correct": {"mean_penalty_ratio": 0.6232452902499651, "std": 0.06316187849494463, "std_err": 0.009023125499277803, "raw": [0.6416184971098265, 0.5354969574036511, 0.6945244956772334, 0.621414913957935, 0.5738007380073801, 0.5477031802120141, 0.5276461295418642, 0.6325411334552102, 0.6177606177606177, 0.7005347593582888, 0.5485327313769752, 0.6035714285714285, 0.6229802513464991, 0.5748373101952278, 0.6887096774193548, 0.563953488372093, 0.6843910806174958, 0.5553047404063205, 0.5925925925925926, 0.6730769230769231, 0.5680933852140078, 0.6276391554702495, 0.6666666666666666, 0.6074950690335306, 0.7012089810017271, 0.6596858638743456, 0.6763005780346821, 0.5894538606403014, 0.6796610169491526, 0.5521739130434783, 0.6785714285714286, 0.7370892018779343, 0.5315487571701721, 0.5603271983640081, 0.6701183431952663, 0.5444646098003629, 0.55, 0.6706081081081081, 0.5214285714285715, 0.7350069735006973, 0.7175697865353038, 0.6656200941915228, 0.6666666666666666, 0.6710182767624021, 0.4979757085020243, 0.6624737945492662, 0.6113744075829384, 0.7037037037037037, 0.6649305555555556, 0.5723981900452488]}, "constant_correct": {"mean_penalty_ratio": 0.40942307692307695, "std": 0.04695183544943697, "std_err": 0.0067074050642052805, "raw": [0.375, 0.3942307692307692, 0.40384615384615385, 0.3942307692307692, 0.46153846153846156, 0.375, 0.40384615384615385, 0.4519230769230769, 0.46153846153846156, 0.41346153846153844, 0.40384615384615385, 0.36538461538461536, 0.4326923076923077, 0.375, 0.5096153846153846, 0.38461538461538464, 0.46153846153846156, 0.3942307692307692, 0.38461538461538464, 0.4423076923076923, 0.3173076923076923, 0.49038461538461536, 0.40384615384615385, 0.4423076923076923, 0.4423076923076923, 0.4326923076923077, 0.46153846153846156, 0.4230769230769231, 0.41346153846153844, 0.38461538461538464, 0.41346153846153844, 0.47115384615384615, 0.38461538461538464, 0.375, 0.375, 0.34615384615384615, 0.2980769230769231, 0.41346153846153844, 0.34615384615384615, 0.4423076923076923, 0.46153846153846156, 0.3942307692307692, 0.4423076923076923, 0.34615384615384615, 0.3173076923076923, 0.49038461538461536, 0.34615384615384615, 0.4326923076923077, 0.40384615384615385, 0.47115384615384615]}}, "noise_pct_96": {"correct": {"mean_penalty_ratio": 0.5946385699400257, "std": 0.0678557947165786, "std_err": 0.009693684959511228, "raw": [0.597457627118644, 0.5031847133757962, 0.6602564102564102, 0.5575221238938053, 0.553639846743295, 0.5307971014492754, 0.4542190305206463, 0.609942638623327, 0.6, 0.6681481481481482, 0.5180722891566265, 0.5813084112149532, 0.6167883211678832, 0.56, 0.6350093109869647, 0.4817351598173516, 0.6642599277978339, 0.5497737556561086, 0.5090439276485789, 0.6621417797888386, 0.5506958250497018, 0.6182170542635659, 0.6463620981387479, 0.5871743486973948, 0.6857142857142857, 0.610236220472441, 0.6744186046511628, 0.542016806722689, 0.6724436741767764, 0.5128205128205128, 0.6523809523809524, 0.7073170731707317, 0.5240847784200385, 0.5391120507399577, 0.6328502415458938, 0.5009861932938856, 0.5298507462686567, 0.636697247706422, 0.5179856115107914, 0.6979655712050078, 0.6935201401050788, 0.6597444089456869, 0.637546468401487, 0.6282798833819242, 0.4574468085106383, 0.6238317757009346, 0.6032, 0.6941747572815534, 0.6408839779005525, 0.5406698564593302]}, "constant_correct": {"mean_penalty_ratio": 0.4023076923076923, "std": 0.04751050958167108, "std_err": 0.006787215654524439, "raw": [0.36538461538461536, 0.38461538461538464, 0.40384615384615385, 0.38461538461538464, 0.4519230769230769, 0.36538461538461536, 0.3942307692307692, 0.4423076923076923, 0.46153846153846156, 0.41346153846153844, 0.40384615384615385, 0.3557692307692308, 0.4326923076923077, 0.36538461538461536, 0.5, 0.375, 0.4519230769230769, 0.38461538461538464, 0.375, 0.4326923076923077, 0.3076923076923077, 0.4807692307692308, 0.3942307692307692, 0.4326923076923077, 0.4326923076923077, 0.4230769230769231, 0.46153846153846156, 0.4230769230769231, 0.41346153846153844, 0.375, 0.40384615384615385, 0.47115384615384615, 0.375, 0.36538461538461536, 0.36538461538461536, 0.33653846153846156, 0.2980769230769231, 0.40384615384615385, 0.34615384615384615, 0.4326923076923077, 0.4519230769230769, 0.3942307692307692, 0.4326923076923077, 0.33653846153846156, 0.3076923076923077, 0.49038461538461536, 0.33653846153846156, 0.4230769230769231, 0.3942307692307692, 0.46153846153846156]}}, "noise_pct_97": {"correct": {"mean_penalty_ratio": 0.56401759367282, "std": 0.06492275266662222, "std_err": 0.009274678952374603, "raw": [0.5443645083932853, 0.4946695095948827, 0.6117021276595744, 0.5575221238938053, 0.5374015748031497, 0.5046728971962616, 0.45027124773960214, 0.6046065259117083, 0.5732484076433121, 0.6453125, 0.48081841432225064, 0.5754189944134078, 0.5474137931034483, 0.540045766590389, 0.6158301158301158, 0.46511627906976744, 0.6219512195121951, 0.5201900237529691, 0.4677871148459384, 0.6233974358974359, 0.5330578512396694, 0.5698924731182796, 0.6131386861313869, 0.5787321063394683, 0.6348547717842323, 0.5843621399176955, 0.6470588235294118, 0.4954337899543379, 0.6594594594594595, 0.4877450980392157, 0.5985533453887885, 0.6551724137931034, 0.4908350305498982, 0.53276955602537, 0.570631970260223, 0.46875, 0.49606299212598426, 0.5590200445434298, 0.4947683109118087, 0.6892109500805152, 0.6405622489959839, 0.6597444089456869, 0.6312849162011173, 0.568561872909699, 0.42152466367713004, 0.6101694915254238, 0.5898692810457516, 0.6444780635400907, 0.5909090909090909, 0.5025252525252525]}, "constant_correct": {"mean_penalty_ratio": 0.39557692307692305, "std": 0.047923215828913394, "std_err": 0.00684617368984477, "raw": [0.36538461538461536, 0.375, 0.3942307692307692, 0.38461538461538464, 0.4423076923076923, 0.3557692307692308, 0.3942307692307692, 0.4326923076923077, 0.4519230769230769, 0.40384615384615385, 0.3942307692307692, 0.34615384615384615, 0.4326923076923077, 0.3557692307692308, 0.49038461538461536, 0.36538461538461536, 0.4519230769230769, 0.375, 0.375, 0.4230769230769231, 0.3076923076923077, 0.47115384615384615, 0.38461538461538464, 0.4326923076923077, 0.4326923076923077, 0.41346153846153844, 0.4519230769230769, 0.41346153846153844, 0.41346153846153844, 0.375, 0.3942307692307692, 0.46153846153846156, 0.36538461538461536, 0.3557692307692308, 0.3557692307692308, 0.3269230769230769, 0.28846153846153844, 0.40384615384615385, 0.33653846153846156, 0.4326923076923077, 0.4423076923076923, 0.3942307692307692, 0.4230769230769231, 0.3269230769230769, 0.2980769230769231, 0.49038461538461536, 0.3269230769230769, 0.41346153846153844, 0.38461538461538464, 0.4519230769230769]}}, "noise_pct_98": {"correct": {"mean_penalty_ratio": 0.5268247513640201, "std": 0.0710759341286306, "std_err": 0.010153704875518657, "raw": [0.5037783375314862, 0.4312796208530806, 0.583804143126177, 0.5260663507109005, 0.5173116089613035, 0.46028513238289204, 0.4153846153846154, 0.5869565217391305, 0.5060532687651331, 0.6276422764227643, 0.44919786096256686, 0.549407114624506, 0.5399568034557235, 0.43854748603351956, 0.5783898305084746, 0.42786069651741293, 0.5974025974025974, 0.4661458333333333, 0.436950146627566, 0.5811051693404634, 0.4792626728110599, 0.5525727069351231, 0.6074074074074074, 0.5690376569037657, 0.6348547717842323, 0.5705263157894737, 0.6257425742574257, 0.44, 0.6337209302325582, 0.4358288770053476, 0.5481927710843374, 0.6523517382413088, 0.46723044397463004, 0.5032822757111597, 0.5295315682281059, 0.451271186440678, 0.38609112709832133, 0.5144927536231884, 0.462992125984252, 0.6442831215970962, 0.5656108597285068, 0.5947467166979362, 0.6268656716417911, 0.5385964912280702, 0.4108352144469526, 0.532394366197183, 0.5565371024734982, 0.5885416666666666, 0.49238578680203043, 0.5025252525252525]}, "constant_correct": {"mean_penalty_ratio": 0.38980769230769224, "std": 0.04808499932165242, "std_err": 0.006869285617378917,