{"noise_pct_0": {"correct": {"mean_penalty_ratio": 0.9998174799036491, "std": 0.00022368578647555886, "std_err": 0.00011184289323777941, "raw": [0.9995564426702152, 0.9995309568480301, 1.0, 1.0, 1.0]}, "constant_correct": {"mean_penalty_ratio": 0.9961538461538462, "std": 0.004710557197659941, "std_err": 0.0023552785988299706, "raw": [0.9903846153846154, 0.9903846153846154, 1.0, 1.0, 1.0]}}}