{"noise_pct_0": {"correct": {"mean_penalty_ratio": 0.9997792946253244, "std": 0.00038425802759723993, "std_err": 5.4894003942462845e-05, "raw": [0.9995564426702152, 0.9995309568480301, 1.0, 1.0, 1.0, 0.9990923530746539, 1.0, 1.0, 0.9995518709388304, 1.0, 1.0, 1.0, 0.999274135010888, 1.0, 0.9988179669030733, 1.0, 1.0, 1.0, 1.0, 1.0, 1.0, 1.0, 0.9995630325540747, 1.0, 1.0, 1.0, 1.0, 1.0, 1.0, 1.0, 0.9995788587070963, 1.0, 1.0, 1.0, 0.9995411791695343, 1.0, 0.9995510662177329, 1.0, 0.9993549774242099, 0.9991251093613298, 0.9995669120831528, 0.9991617770326907, 0.9981593478832501, 1.0, 1.0, 0.9995387453874539, 1.0, 1.0, 1.0, 1.0]}, "constant_correct": {"mean_penalty_ratio": 0.9967307692307692, "std": 0.004944215435454774, "std_err": 0.0007063164907792534, "raw": [0.9903846153846154, 0.9903846153846154, 1.0, 1.0, 1.0, 0.9903846153846154, 1.0, 1.0, 0.9903846153846154, 1.0, 1.0, 1.0, 0.9903846153846154, 1.0, 0.9903846153846154, 1.0, 1.0, 1.0, 1.0, 1.0, 1.0, 1.0, 0.9903846153846154, 1.0, 1.0, 1.0, 1.0, 1.0, 1.0, 1.0, 0.9903846153846154, 1.0, 1.0, 1.0, 0.9903846153846154, 1.0, 0.9903846153846154, 1.0, 0.9903846153846154, 0.9903846153846154, 0.9903846153846154, 0.9807692307692307, 0.9903846153846154, 1.0, 1.0, 0.9903846153846154, 1.0, 1.0, 1.0, 1.0]}}}