{"noise_pct_10": {"pct_incorrect_examples": 0.04375, "std": 0.008149003006503315, "std_err": 0.004074501503251658, "raw": [0.04062500000000002, 0.043749999999999956, 0.046875, 0.05625000000000002, 0.03125]}, "noise_pct_20": {"pct_incorrect_examples": 0.075, "std": 0.007905694150420974, "std_err": 0.003952847075210486, "raw": [0.06874999999999998, 0.06874999999999998, 0.08125000000000004, 0.08750000000000002, 0.06874999999999998]}, "noise_pct_30": {"pct_incorrect_examples": 0.11875, "std": 0.009882117688026165, "std_err": 0.0049410588440130816, "raw": [0.12187499999999996, 0.10312500000000002, 0.13124999999999998, 0.125, 0.11250000000000004]}, "noise_pct_40": {"pct_incorrect_examples": 0.170625, "std": 0.010000000000000012, "std_err": 0.005000000000000006, "raw": [0.171875, 0.15625, 0.18125000000000002, 0.18125000000000002, 0.16249999999999998]}, "noise_pct_50": {"pct_incorrect_examples": 0.20625, "std": 0.011692679333668585, "std_err": 0.0058463396668342925, "raw": [0.21250000000000002, 0.1875, 0.22187500000000004, 0.20937499999999998, 0.19999999999999996]}, "noise_pct_60": {"pct_incorrect_examples": 0.24625, "std": 0.012405895775799477, "std_err": 0.006202947887899738, "raw": [0.25625, 0.22812500000000002, 0.26249999999999996, 0.23750000000000004, 0.24687499999999996]}, "noise_pct_70": {"pct_incorrect_examples": 0.294375, "std": 0.012405895775799506, "std_err": 0.006202947887899753, "raw": [0.303125, 0.28125, 0.30937499999999996, 0.27812499999999996, 0.30000000000000004]}, "noise_pct_80": {"pct_incorrect_examples": 0.34187500000000004, "std": 0.01460415180693491, "std_err": 0.007302075903467455, "raw": [0.34375, 0.328125, 0.365625, 0.32499999999999996, 0.34687500000000004]}, "noise_pct_90": {"pct_incorrect_examples": 0.38062500000000005, "std": 0.021776564237730424, "std_err": 0.010888282118865212, "raw": [0.38749999999999996, 0.353125, 0.415625, 0.36250000000000004, 0.384375]}, "noise_pct_95": {"pct_incorrect_examples": 0.406875, "std": 0.021505813167606573, "std_err": 0.010752906583803285, "raw": [0.415625, 0.37812500000000004, 0.44062500000000004, 0.390625, 0.40937500000000004]}, "noise_pct_96": {"pct_incorrect_examples": 0.41125, "std": 0.020213702035995273, "std_err": 0.010106851017997635, "raw": [0.41874999999999996, 0.384375, 0.44375, 0.396875, 0.4125]}, "noise_pct_97": {"pct_incorrect_examples": 0.41375, "std": 0.020213702035995304, "std_err": 0.010106851017997652, "raw": [0.421875, 0.38749999999999996, 0.446875, 0.4, 0.4125]}, "noise_pct_98": {"pct_incorrect_examples": 0.4225, "std": 0.020000000000000014, "std_err": 0.010000000000000005, "raw": [0.428125, 0.396875, 0.45625000000000004, 0.40937500000000004, 0.421875]}, "noise_pct_99": {"pct_incorrect_examples": 0.42874999999999996, "std": 0.02086039908534829, "std_err": 0.010430199542674145, "raw": [0.43437499999999996, 0.4, 0.4625, 0.415625, 0.43125]}, "noise_pct_100": {"pct_incorrect_examples": 0.433125, "std": 0.02021370203599528, "std_err": 0.01010685101799764, "raw": [0.44062500000000004, 0.40625, 0.46562499999999996, 0.41874999999999996, 0.43437499999999996]}}