{"noise_pct_95": {"accuracy": {"mean": 0.9754045954045953, "std": 0.07655239513776264, "std_err": 0.010936056448251803, "raw": [0.8321678321678322, 1.0, 1.0, 1.0, 1.0, 1.0, 1.0, 1.0, 0.6933066933066933, 1.0, 1.0, 1.0, 1.0, 1.0, 1.0, 1.0, 1.0, 1.0, 1.0, 1.0, 1.0, 1.0, 1.0, 1.0, 1.0, 1.0, 1.0, 1.0, 1.0, 1.0, 1.0, 0.7192807192807192, 0.6933066933066933, 1.0, 1.0, 1.0, 1.0, 1.0, 1.0, 1.0, 1.0, 1.0, 1.0, 0.8321678321678322, 1.0, 1.0, 1.0, 1.0, 1.0, 1.0]}, "interpretability": {"num_rules": {"mean": 2.96, "std": 0.19595917942265428, "std_err": 0.027994168488950606, "raw": [2, 3, 3, 3, 3, 3, 3, 3, 3, 3, 3, 3, 3, 3, 3, 3, 3, 3, 3, 3, 3, 3, 3, 3, 3, 3, 3, 3, 3, 3, 3, 3, 3, 3, 3, 3, 3, 3, 3, 3, 3, 3, 3, 2, 3, 3, 3, 3, 3, 3]}, "num_predicates": {"mean": 12.64, "std": 1.7636326148038883, "std_err": 0.25194751640055546, "raw": [4, 13, 13, 13, 13, 13, 13, 13, 13, 13, 13, 13, 13, 13, 13, 13, 13, 13, 13, 13, 13, 13, 13, 13, 13, 13, 13, 13, 13, 13, 13, 13, 13, 13, 13, 13, 13, 13, 13, 13, 13, 13, 13, 4, 13, 13, 13, 13, 13, 13]}}, "learning_time": {"mean": 11.02638, "std": 2.680233929268115, "std_err": 0.38289056132401644, "raw": [9.504, 10.107, 9.826, 7.715, 8.888, 11.942, 11.673, 11.014, 10.762, 20.272, 11.014, 13.064, 16.286, 8.153, 6.622, 11.591, 12.474, 10.079, 11.762, 7.903, 8.878, 10.484, 9.58, 9.656, 10.541, 12.925, 13.161, 13.235, 11.366, 10.968, 8.151, 11.799, 12.486, 12.947, 12.572, 8.939, 8.531, 9.749, 12.548, 7.343, 11.858, 14.449, 6.597, 16.097, 13.165, 10.762, 7.512, 9.611, 16.336, 8.422]}}, "noise_pct_96": {"accuracy": {"mean": 0.9692707292707293, "std": 0.08603563643279727, "std_err": 0.012290805204685324, "raw": [0.8321678321678322, 1.0, 0.6933066933066933, 1.0, 1.0, 1.0, 1.0, 1.0, 0.6933066933066933, 1.0, 1.0, 1.0, 1.0, 1.0, 1.0, 1.0, 1.0, 1.0, 1.0, 1.0, 1.0, 1.0, 1.0, 1.0, 1.0, 1.0, 1.0, 1.0, 1.0, 1.0, 1.0, 0.7192807192807192, 0.6933066933066933, 1.0, 1.0, 1.0, 1.0, 1.0, 1.0, 1.0, 1.0, 1.0, 1.0, 0.8321678321678322, 1.0, 1.0, 1.0, 1.0, 1.0, 1.0]}, "interpretability": {"num_rules": {"mean": 2.96, "std": 0.19595917942265428, "std_err": 0.027994168488950606, "raw": [2, 3, 3, 3, 3, 3, 3, 3, 3, 3, 3, 3, 3, 3, 3, 3, 3, 3, 3, 3, 3, 3, 3, 3, 3, 3, 3, 3, 3, 3, 3, 3, 3, 3, 3, 3, 3, 3, 3, 3, 3, 3, 3, 2, 3, 3, 3, 3, 3, 3]}, "num_predicates": {"mean": 12.64, "std": 1.7636326148038883, "std_err": 0.25194751640055546, "raw": [4, 13, 13, 13, 13, 13, 13, 13, 13, 13, 13, 13, 13, 13, 13, 13, 13, 13, 13, 13, 13, 13, 13, 13, 13, 13, 13, 13, 13, 13, 13, 13, 13, 13, 13, 13, 13, 13, 13, 13, 13, 13, 13, 4, 13, 13, 13, 13, 13, 13]}}, "learning_time": {"mean": 11.21498, "std": 2.755383076742688, "std_err": 0.39362615382038396, "raw": [9.796, 9.536, 10.086, 7.58, 8.988, 12.738, 10.625, 10.533, 9.319, 20.078, 12.894, 12.315, 16.646, 8.062, 6.223, 12.222, 11.652, 9.692, 12.834, 7.897, 11.962, 10.317, 10.273, 10.895, 10.793, 15.987, 13.621, 12.842, 12.052, 12.413, 7.861, 10.938, 12.081, 13.728, 10.574, 8.676, 9.13, 11.422, 12.139, 7.219, 13.293, 14.791, 7.281, 13.196, 14.215, 11.378, 7.233, 9.482, 16.733, 8.508]}}, "noise_pct_97": {"accuracy": {"mean": 0.9517882117882118, "std": 0.14635004035885882, "std_err": 0.02090714862269412, "raw": [0.8321678321678322, 1.0, 1.0, 1.0, 1.0, 1.0, 1.0, 0.6983016983016983, 0.6933066933066933, 1.0, 1.0, 1.0, 1.0, 1.0, 1.0, 1.0, 1.0, 1.0, 1.0, 1.0, 1.0, 1.0, 1.0, 1.0, 1.0, 1.0, 1.0, 0.12087912087912088, 1.0, 1.0, 1.0, 0.7192807192807192, 0.6933066933066933, 1.0, 1.0, 1.0, 1.0, 1.0, 1.0, 1.0, 1.0, 1.0, 1.0, 0.8321678321678322, 1.0, 1.0, 1.0, 1.0, 1.0, 1.0]}, "interpretability": {"num_rules": {"mean": 2.96, "std": 0.19595917942265428, "std_err": 0.027994168488950606, "raw": [2, 3, 3, 3, 3, 3, 3, 3, 3, 3, 3, 3, 3, 3, 3, 3, 3, 3, 3, 3, 3, 3, 3, 3, 3, 3, 3, 3, 3, 3, 3, 3, 3, 3, 3, 3, 3, 3, 3, 3, 3, 3, 3, 2, 3, 3, 3, 3, 3, 3]}, "num_predicates": {"mean": 12.64, "std": 1.7636326148038883, "std_err": 0.25194751640055546, "raw": [4, 13, 13, 13, 13, 13, 13, 13, 13, 13, 13, 13, 13, 13, 13, 13, 13, 13, 13, 13, 13, 13, 13, 13, 13, 13, 13, 13, 13, 13, 13, 13, 13, 13, 13, 13, 13, 13, 13, 13, 13, 13, 13, 4, 13, 13, 13, 13, 13, 13]}}, "learning_time": {"mean": 11.20738, "std": 2.4757757159322815, "std_err": 0.3536822451331831, "raw": [10.295, 8.996, 9.966, 7.731, 9.678, 12.301, 10.393, 10.506, 9.832, 18.653, 14.198, 12.698, 16.199, 7.873, 8.205, 13.793, 12.368, 11.193, 13.641, 8.623, 9.69, 10.353, 9.801, 9.596, 11.366, 13.557, 12.649, 13.502, 13.072, 10.367, 7.922, 10.575, 11.199, 14.474, 10.745, 8.356, 8.623, 10.521, 11.729, 7.375, 13.174, 14.364, 7.324, 13.579, 13.303, 13.024, 8.352, 9.709, 15.245, 9.681]}}, "noise_pct_98": {"accuracy": {"mean": 0.8842557442557443, "std": 0.23405644784117174, "std_err": 0.03343663540588168, "raw": [0.8321678321678322, 0.12087912087912088, 0.6933066933066933, 1.0, 1.0, 1.0, 0.6983016983016983, 0.6983016983016983, 0.6933066933066933, 1.0, 0.12087912087912088, 1.0, 1.0, 1.0, 1.0, 1.0, 1.0, 1.0, 1.0, 0.7192807192807192, 1.0, 1.0, 1.0, 1.0, 1.0, 0.6933066933066933, 1.0, 0.0, 1.0, 1.0, 1.0, 0.7192807192807192, 0.6933066933066933, 1.0, 1.0, 1.0, 1.0, 1.0, 1.0, 1.0, 1.0, 1.0, 1.0, 0.8321678321678322, 1.0, 1.0, 1.0, 1.0, 0.6983016983016983, 1.0]}, "interpretability": {"num_rules": {"mean": 2.96, "std": 0.19595917942265428, "std_err": 0.027994168488950606, "raw": [2, 3, 3, 3, 3, 3, 3, 3, 3, 3, 3, 3, 3, 3, 3, 3, 3, 3, 3, 3, 3, 3, 3, 3, 3, 3, 3, 3, 3, 3, 3, 3, 3, 3, 3, 3, 3, 3, 3, 3, 3, 3, 3, 2, 3, 3, 3, 3, 3, 3]}, "num_predicates": {"mean": 12.64, "std": 1.7636326148038883, "std_err": 0.25194751640055546, "raw": [4, 13, 13, 13, 13, 13, 13, 13, 13, 13, 13, 13, 13, 13, 13, 13, 13, 13, 13, 13, 13, 13, 13, 13, 13, 13, 13, 13, 13, 13, 13, 13, 13, 13, 13, 13, 13, 13, 13, 13, 13, 13, 13, 4, 13, 13, 13, 13, 13, 13]}}, "learning_time": {"mean": 11.365479999999998, "std": 2.625581651672635, "std_err": 0.37508309309609067, "raw": [8.178, 9.657, 11.645, 6.643, 10.997, 12.117, 11.096, 12.103, 10.103, 17.146, 14.272, 12.326, 16.003, 7.963, 6.782, 11.782, 13.226, 11.915, 12.967, 7.86, 9.411, 11.718, 10.664, 9.29, 11.963, 13.745, 13.749, 11.582, 13.774, 13.283, 8.956, 9.8, 12.465, 12.769, 11.465, 9.12, 8.164, 10.891, 12.141, 7.872, 12.369, 14.778, 6.713, 16.203, 16.019, 10.966, 7.385, 9.803, 16.068, 10.367]}}, "noise_pct_99": {"accuracy": {"mean": 0.8768631368631368, "std": 0.23119134947142617, "std_err": 0.03302733563877516, "raw": [0.8321678321678322, 0.12087912087912088, 1.0, 1.0, 1.0, 1.0, 0.6983016983016983, 0.8321678321678322, 0.6933066933066933, 1.0, 0.12087912087912088, 1.0, 1.0, 1.0, 1.0, 1.0, 1.0, 1.0, 0.8321678321678322, 0.7192807192807192, 0.8321678321678322, 1.0, 1.0, 1.0, 1.0, 0.6933066933066933, 1.0, 0.0, 1.0, 1.0, 1.0, 0.7192807192807192, 0.6933066933066933, 0.8321678321678322, 1.0, 1.0, 1.0, 0.6933066933066933, 1.0, 1.0, 1.0, 1.0, 1.0, 0.8321678321678322, 1.0, 1.0, 1.0, 1.0, 0.6983016983016983, 1.0]}, "interpretability": {"num_rules": {"mean": 2.88, "std": 0.32496153618543844, "std_err": 0.046423076597919784, "raw": [2, 3, 3, 3, 3, 3, 3, 2, 3, 3, 3, 3, 3, 3, 3, 3, 3, 3, 2, 3, 2, 3, 3, 3, 3, 3, 3, 3, 3, 3, 3, 3, 3, 2, 3, 3, 3, 3, 3, 3, 3, 3, 3, 2, 3, 3, 3, 3, 3, 3]}, "num_predicates": {"mean": 11.92, "std": 2.924653825668946, "std_err": 0.417807689381278, "raw": [4, 13, 13, 13, 13, 13, 13, 4, 13, 13, 13, 13, 13, 13, 13, 13, 13, 13, 4, 13, 4, 13, 13, 13, 13, 13, 13, 13, 13, 13, 13, 13, 13, 4, 13, 13, 13, 13, 13, 13, 13, 13, 13, 4, 13, 13, 13, 13, 13, 13]}}, "learning_time": {"mean": 11.176359999999999, "std": 2.8408773346274563, "std_err": 0.4058396192324937, "raw": [9.142, 7.923, 11.858, 8.263, 11.088, 10.699, 11.593, 11.453, 8.463, 16.628, 12.979, 13.442, 15.0, 7.164, 6.176, 10.585, 10.813, 10.562, 14.11, 8.025, 8.517, 9.347, 10.602, 8.599, 11.023, 13.968, 15.728, 10.918, 13.927, 11.395, 9.885, 9.356, 11.84, 15.124, 10.696, 10.213, 8.072, 10.025, 10.467, 7.949, 12.853, 15.788, 6.145, 18.794, 14.185, 11.122, 7.728, 11.748, 16.764, 10.074]}}, "noise_pct_100": {"accuracy": {"mean": 0.8039160839160838, "std": 0.2640412398273507,