{"noise_pct_95": {"accuracy": {"mean": 0.7125074925074926, "std": 0.40653804245960334, "std_err": 0.05807686320851476, "raw": [0.059940059940059943, 1.0, 1.0, 1.0, 1.0, 0.059940059940059943, 0.6933066933066933, 1.0, 0.12087912087912088, 1.0, 0.059940059940059943, 1.0, 1.0, 1.0, 1.0, 0.7192807192807192, 1.0, 1.0, 1.0, 1.0, 1.0, 1.0, 0.059940059940059943, 0.12087912087912088, 0.059940059940059943, 0.8321678321678322, 0.12087912087912088, 1.0, 1.0, 0.059940059940059943, 1.0, 0.12087912087912088, 1.0, 1.0, 0.6933066933066933, 0.8321678321678322, 1.0, 0.8321678321678322, 1.0, 1.0, 0.059940059940059943, 1.0, 1.0, 1.0, 0.0, 0.059940059940059943, 0.059940059940059943, 1.0, 1.0, 1.0]}, "interpretability": {"num_rules": {"mean": 2.76, "std": 0.4270831300812525, "std_err": 0.061011875725893214, "raw": [2, 3, 3, 3, 3, 2, 3, 3, 3, 3, 2, 3, 3, 3, 3, 3, 3, 3, 3, 3, 3, 3, 2, 3, 2, 2, 3, 3, 3, 2, 3, 3, 3, 3, 3, 2, 3, 2, 3, 3, 2, 3, 3, 3, 3, 2, 2, 3, 3, 3]}, "num_predicates": {"mean": 10.84, "std": 3.843748170731272, "std_err": 0.5491068815330389, "raw": [4, 13, 13, 13, 13, 4, 13, 13, 13, 13, 4, 13, 13, 13, 13, 13, 13, 13, 13, 13, 13, 13, 4, 13, 4, 4, 13, 13, 13, 4, 13, 13, 13, 13, 13, 4, 13, 4, 13, 13, 4, 13, 13, 13, 13, 4, 4, 13, 13, 13]}}, "learning_time": {"mean": 27.469399999999997, "std": 6.1673751142605235, "std_err": 0.8810535877515033, "raw": [25.333, 23.812, 25.383, 26.842, 32.871, 22.528, 32.328, 22.88, 25.59, 27.799, 25.341, 21.433, 22.301, 24.665, 31.993, 29.374, 30.851, 15.443, 31.943, 29.198, 37.065, 21.409, 33.399, 40.18, 23.846, 22.106, 15.67, 25.878, 24.875, 26.26, 23.343, 34.295, 25.601, 26.316, 33.394, 45.037, 26.594, 28.776, 25.519, 21.474, 30.927, 24.305, 36.269, 19.693, 44.469, 27.858, 28.886, 21.697, 21.196, 29.225]}}, "noise_pct_96": {"accuracy": {"mean": 0.5797402597402598, "std": 0.4518684799458131, "std_err": 0.064552639992259, "raw": [0.059940059940059943, 1.0, 1.0, 0.12087912087912088, 0.6983016983016983, 0.059940059940059943, 0.059940059940059943, 1.0, 0.12087912087912088, 1.0, 0.059940059940059943, 1.0, 1.0, 1.0, 1.0, 0.059940059940059943, 1.0, 1.0, 1.0, 0.12087912087912088, 0.059940059940059943, 1.0, 0.059940059940059943, 0.12087912087912088, 0.059940059940059943, 0.8321678321678322, 0.12087912087912088, 1.0, 0.059940059940059943, 0.059940059940059943, 1.0, 0.12087912087912088, 1.0, 1.0, 0.059940059940059943, 0.8321678321678322, 1.0, 0.059940059940059943, 1.0, 1.0, 0.059940059940059943, 1.0, 1.0, 1.0, 0.0, 0.059940059940059943, 0.059940059940059943, 1.0, 1.0, 1.0]}, "interpretability": {"num_rules": {"mean": 2.66, "std": 0.4737087712930805, "std_err": 0.0676726816132972, "raw": [2, 3, 3, 3, 3, 2, 2, 3, 3, 3, 2, 3, 3, 3, 3, 2, 3, 3, 3, 3, 2, 3, 2, 3, 2, 2, 3, 3, 2, 2, 3, 3, 3, 3, 2, 2, 3, 2, 3, 3, 2, 3, 3, 3, 3, 2, 2, 3, 3, 3]}, "num_predicates": {"mean": 9.94, "std": 4.263378941637725, "std_err": 0.6090541345196748, "raw": [4, 13, 13, 13, 13, 4, 4, 13, 13, 13, 4, 13, 13, 13, 13, 4, 13, 13, 13, 13, 4, 13, 4, 13, 4, 4, 13, 13, 4, 4, 13, 13, 13, 13, 4, 4, 13, 4, 13, 13, 4, 13, 13, 13, 13, 4, 4, 13, 13, 13]}}, "learning_time": {"mean": 27.479960000000002, "std": 6.15114003404247, "std_err": 0.8787342905774956, "raw": [25.456, 24.357, 24.234, 29.994, 33.857, 22.611, 32.796, 23.496, 27.64, 27.65, 25.852, 21.564, 22.919, 26.896, 32.448, 29.118, 34.08, 15.038, 28.836, 29.058, 38.788, 22.117, 33.49, 41.74, 22.865, 21.206, 14.312, 29.198, 22.778, 25.248, 23.601, 35.1, 25.593, 27.305, 28.011, 42.576, 24.749, 28.068, 23.439, 23.351, 30.939, 26.318, 36.594, 21.199, 41.417, 27.394, 28.737, 21.808, 18.142, 30.015]}}, "noise_pct_97": {"accuracy": {"mean": 0.5549850149850151, "std": 0.44598077514345064, "std_err": 0.06371153930620722, "raw": [0.059940059940059943, 1.0, 0.6933066933066933, 0.12087912087912088, 0.6983016983016983, 0.059940059940059943, 0.059940059940059943, 1.0, 0.12087912087912088, 1.0, 0.059940059940059943, 1.0, 1.0, 1.0, 1.0, 0.7192807192807192, 1.0, 1.0, 1.0, 0.12087912087912088, 0.059940059940059943, 1.0, 0.059940059940059943, 0.12087912087912088, 0.059940059940059943, 0.8321678321678322, 0.12087912087912088, 0.059940059940059943, 0.059940059940059943, 0.059940059940059943, 1.0, 0.12087912087912088, 1.0, 1.0, 0.059940059940059943, 0.12087912087912088, 1.0, 0.059940059940059943, 1.0, 1.0, 0.059940059940059943, 1.0, 1.0, 1.0, 0.0, 0.12087912087912088, 0.059940059940059943, 1.0, 1.0, 1.0]}, "interpretability": {"num_rules": {"mean": 2.7, "std": 0.458257569495584, "std_err": 0.06546536707079771, "raw": [2, 3, 3, 3, 3, 2, 2, 3, 3, 3, 2, 3, 3, 3, 3, 3, 3, 3, 3, 3, 2, 3, 2, 3, 2, 2, 3, 2, 2, 2, 3, 3, 3, 3, 2, 3, 3, 2, 3, 3, 2, 3, 3, 3, 3, 3, 2, 3, 3, 3]}, "num_predicates": {"mean": 10.3, "std": 4.124318125460256, "std_err": 0.5891883036371793, "raw": [4, 13, 13, 13, 13, 4, 4, 13, 13, 13, 4, 13, 13, 13, 13, 13, 13, 13, 13, 13, 4, 13, 4, 13, 4, 4, 13, 4, 4, 4, 13, 13, 13, 13, 4, 13, 13, 4, 13, 13, 4, 13, 13, 13, 13, 13, 4, 13, 13, 13]}}, "learning_time": {"mean": 27.066060000000007, "std": 5.776797255954202, "std_err": 0.8252567508506004, "raw": [22.967, 23.706, 26.116, 29.505, 32.137, 23.639, 30.748, 25.047, 26.44, 27.41, 26.325, 21.091, 21.93, 25.373, 35.303, 28.426, 35.667, 17.72, 27.703, 22.927, 37.377, 20.285, 31.533, 37.437, 23.678, 22.018, 13.071, 29.975, 22.726, 22.739, 25.468, 33.569, 25.91, 29.702, 27.704, 41.132, 25.582, 28.117, 23.439, 22.216, 27.469, 24.552, 36.983, 19.473, 41.334, 27.65, 28.672, 22.443, 22.412, 28.457]}}, "noise_pct_98": {"accuracy": {"mean": 0.4678121878121878, "std": 0.44529915857477725, "std_err": 0.06361416551068245, "raw": [0.059940059940059943, 0.12087912087912088, 0.6933066933066933, 0.12087912087912088, 0.6983016983016983, 0.059940059940059943, 0.059940059940059943, 1.0, 0.12087912087912088, 1.0, 0.059940059940059943, 1.0, 1.0, 0.059940059940059943, 1.0, 0.059940059940059943, 0.059940059940059943, 1.0, 1.0, 0.12087912087912088, 0.059940059940059943, 1.0, 0.059940059940059943, 0.12087912087912088, 0.059940059940059943, 0.8321678321678322, 0.12087912087912088, 0.059940059940059943, 0.059940059940059943, 0.059940059940059943, 1.0, 0.12087912087912088, 1.0, 1.0, 0.059940059940059943, 0.12087912087912088, 1.0, 0.059940059940059943, 1.0, 1.0, 0.059940059940059943, 1.0, 0.059940059940059943, 1.0, 0.0, 0.12087912087912088, 0.059940059940059943, 1.0, 1.0, 1.0]}, "interpretability": {"num_rules": {"mean": 2.62, "std": 0.4853864439804638, "std_err": 0.06934092056863768, "raw": [2, 3, 3, 3, 3, 2, 2, 3, 3, 3, 2, 3, 3, 2, 3, 2, 2, 3, 3, 3, 2, 3, 2, 3, 2, 2, 3, 2, 2, 2, 3, 3, 3, 3, 2, 3, 3, 2, 3, 3, 2, 3, 2, 3, 3, 3, 2, 3, 3, 3]}, "num_predicates": {"mean": 9.58, "std": 4.368477995824175, "std_err": 0.6240682851177393, "raw": [4, 13, 13, 13, 13, 4, 4, 13, 13, 13, 4, 13, 13, 4, 13, 4, 4, 13, 13, 13, 4, 13, 4, 13, 4, 4, 13, 4, 4, 4, 13, 13, 13, 13, 4, 13, 13, 4, 13, 13, 4, 13, 4, 13, 13, 13, 4, 13, 13, 13]}}, "learning_time": {"mean": 26.974719999999998, "std": 6.0990700964655264, "std_err": 0.8712957280665037, "raw": [22.134, 26.631, 28.122, 25.572, 30.247, 23.799, 31.454, 29.706, 22.08, 27.264, 25.335, 24.283, 21.609, 25.894, 33.069, 27.008, 33.076, 18.288, 28.92, 20.654, 36.663, 23.427, 30.785, 38.923, 19.106, 22.94, 11.332, 27.624, 21.839, 21.801, 26.727, 26.434, 28.322, 33.036, 26.387, 42.64, 21.218, 28.47, 23.582, 22.452, 31.18, 28.982, 40.799, 17.457, 39.652, 25.907, 26.149, 21.295, 25.576, 32.886]}}, "noise_pct_99": {"accuracy": {"mean": 0.45022977022977023, "std": 0.4412765266011424, "std_err": 0.0630395038001632,