{"noise_pct_10": {"accuracy": {"mean": 1.0, "std": 0.0, "std_err": 0.0, "raw": [1.0, 1.0, 1.0, 1.0, 1.0]}, "interpretability": {"num_rules": {"mean": 3.0, "std": 0.0, "std_err": 0.0, "raw": [3, 3, 3, 3, 3]}, "num_predicates": {"mean": 13.0, "std": 0.0, "std_err": 0.0, "raw": [13, 13, 13, 13, 13]}}, "learning_time": {"mean": 4.2274, "std": 1.4481031178752433, "std_err": 0.7240515589376216, "raw": [3.178, 3.125, 2.917, 6.437, 5.48]}}, "noise_pct_20": {"accuracy": {"mean": 1.0, "std": 0.0, "std_err": 0.0, "raw": [1.0, 1.0, 1.0, 1.0, 1.0]}, "interpretability": {"num_rules": {"mean": 3.0, "std": 0.0, "std_err": 0.0, "raw": [3, 3, 3, 3, 3]}, "num_predicates": {"mean": 13.0, "std": 0.0, "std_err": 0.0, "raw": [13, 13, 13, 13, 13]}}, "learning_time": {"mean": 4.6262, "std": 0.9601494467008769, "std_err": 0.4800747233504384, "raw": [5.083, 5.218, 3.093, 5.758, 3.979]}}, "noise_pct_30": {"accuracy": {"mean": 1.0, "std": 0.0, "std_err": 0.0, "raw": [1.0, 1.0, 1.0, 1.0, 1.0]}, "interpretability": {"num_rules": {"mean": 3.0, "std": 0.0, "std_err": 0.0, "raw": [3, 3, 3, 3, 3]}, "num_predicates": {"mean": 13.0, "std": 0.0, "std_err": 0.0, "raw": [13, 13, 13, 13, 13]}}, "learning_time": {"mean": 5.5954, "std": 1.2366361793187193, "std_err": 0.6183180896593596, "raw": [6.072, 6.629, 3.208, 6.399, 5.669]}}, "noise_pct_40": {"accuracy": {"mean": 1.0, "std": 0.0, "std_err": 0.0, "raw": [1.0, 1.0, 1.0, 1.0, 1.0]}, "interpretability": {"num_rules": {"mean": 3.0, "std": 0.0, "std_err": 0.0, "raw": [3, 3, 3, 3, 3]}, "num_predicates": {"mean": 13.0, "std": 0.0, "std_err": 0.0, "raw": [13, 13, 13, 13, 13]}}, "learning_time": {"mean": 5.6608, "std": 1.5710668222580473, "std_err": 0.7855334111290236, "raw": [5.291, 5.197, 3.83, 5.398, 8.588]}}, "noise_pct_50": {"accuracy": {"mean": 1.0, "std": 0.0, "std_err": 0.0, "raw": [1.0, 1.0, 1.0, 1.0, 1.0]}, "interpretability": {"num_rules": {"mean": 3.0, "std": 0.0, "std_err": 0.0, "raw": [3, 3, 3, 3, 3]}, "num_predicates": {"mean": 13.0, "std": 0.0, "std_err": 0.0, "raw": [13, 13, 13, 13, 13]}}, "learning_time": {"mean": 7.628, "std": 2.265455627462166, "std_err": 1.132727813731083, "raw": [5.823, 6.984, 5.314, 8.383, 11.636]}}, "noise_pct_60": {"accuracy": {"mean": 1.0, "std": 0.0, "std_err": 0.0, "raw": [1.0, 1.0, 1.0, 1.0, 1.0]}, "interpretability": {"num_rules": {"mean": 3.0, "std": 0.0, "std_err": 0.0, "raw": [3, 3, 3, 3, 3]}, "num_predicates": {"mean": 13.0, "std": 0.0, "std_err": 0.0, "raw": [13, 13, 13, 13, 13]}}, "learning_time": {"mean": 6.7646, "std": 1.9539944319265599, "std_err": 0.97699721596328, "raw": [6.822, 6.23, 5.258, 5.058, 10.455]}}, "noise_pct_70": {"accuracy": {"mean": 1.0, "std": 0.0, "std_err": 0.0, "raw": [1.0, 1.0, 1.0, 1.0, 1.0]}, "interpretability": {"num_rules": {"mean": 3.0, "std": 0.0, "std_err": 0.0, "raw": [3, 3, 3, 3, 3]}, "num_predicates": {"mean": 13.0, "std": 0.0, "std_err": 0.0, "raw": [13, 13, 13, 13, 13]}}, "learning_time": {"mean": 8.0928, "std": 2.6570034550222172, "std_err": 1.3285017275111086, "raw": [6.789, 7.265, 5.845, 7.26, 13.305]}}, "noise_pct_80": {"accuracy": {"mean": 1.0, "std": 0.0, "std_err": 0.0, "raw": [1.0, 1.0, 1.0, 1.0, 1.0]}, "interpretability": {"num_rules": {"mean": 3.0, "std": 0.0, "std_err": 0.0, "raw": [3, 3, 3, 3, 3]}, "num_predicates": {"mean": 13.0, "std": 0.0, "std_err": 0.0, "raw": [13, 13, 13, 13, 13]}}, "learning_time": {"mean": 8.5378, "std": 1.7894693515117828, "std_err": 0.8947346757558913, "raw": [7.688, 8.401, 7.845, 6.791, 11.964]}}, "noise_pct_90": {"accuracy": {"mean": 1.0, "std": 0.0, "std_err": 0.0, "raw": [1.0, 1.0, 1.0, 1.0, 1.0]}, "interpretability": {"num_rules": {"mean": 3.0, "std": 0.0, "std_err": 0.0, "raw": [3, 3, 3, 3, 3]}, "num_predicates": {"mean": 13.0, "std": 0.0, "std_err": 0.0, "raw": [13, 13, 13, 13, 13]}}, "learning_time": {"mean": 9.1536, "std": 1.7921906818193203, "std_err": 0.89609534090966, "raw": [7.519, 10.04, 9.32, 6.954, 11.935]}}}