{"noise_pct_10": {"accuracy": {"mean": 1.0, "std": 0.0, "std_err": 0.0, "raw": [1.0, 1.0, 1.0, 1.0, 1.0]}, "interpretability": {"num_rules": {"mean": 3.0, "std": 0.0, "std_err": 0.0, "raw": [3, 3, 3, 3, 3]}, "num_predicates": {"mean": 13.0, "std": 0.0, "std_err": 0.0, "raw": [13, 13, 13, 13, 13]}}, "learning_time": {"mean": 5.9942, "std": 1.0049922188753504, "std_err": 0.5024961094376751, "raw": [6.263, 5.376, 7.753, 5.794, 4.785]}}, "noise_pct_20": {"accuracy": {"mean": 1.0, "std": 0.0, "std_err": 0.0, "raw": [1.0, 1.0, 1.0, 1.0, 1.0]}, "interpretability": {"num_rules": {"mean": 3.0, "std": 0.0, "std_err": 0.0, "raw": [3, 3, 3, 3, 3]}, "num_predicates": {"mean": 13.0, "std": 0.0, "std_err": 0.0, "raw": [13, 13, 13, 13, 13]}}, "learning_time": {"mean": 6.4148, "std": 2.080217334799419, "std_err": 1.0401086673997095, "raw": [7.329, 4.503, 9.677, 6.686, 3.879]}}, "noise_pct_30": {"accuracy": {"mean": 1.0, "std": 0.0, "std_err": 0.0, "raw": [1.0, 1.0, 1.0, 1.0, 1.0]}, "interpretability": {"num_rules": {"mean": 3.0, "std": 0.0, "std_err": 0.0, "raw": [3, 3, 3, 3, 3]}, "num_predicates": {"mean": 13.0, "std": 0.0, "std_err": 0.0, "raw": [13, 13, 13, 13, 13]}}, "learning_time": {"mean": 7.6562, "std": 1.8249091374641095, "std_err": 0.9124545687320547, "raw": [10.948, 6.021, 8.192, 7.035, 6.085]}}, "noise_pct_40": {"accuracy": {"mean": 1.0, "std": 0.0, "std_err": 0.0, "raw": [1.0, 1.0, 1.0, 1.0, 1.0]}, "interpretability": {"num_rules": {"mean": 3.0, "std": 0.0, "std_err": 0.0, "raw": [3, 3, 3, 3, 3]}, "num_predicates": {"mean": 13.0, "std": 0.0, "std_err": 0.0, "raw": [13, 13, 13, 13, 13]}}, "learning_time": {"mean": 9.350200000000001, "std": 3.39150146100514, "std_err": 1.69575073050257, "raw": [12.514, 9.127, 13.794, 6.127, 5.189]}}, "noise_pct_50": {"accuracy": {"mean": 1.0, "std": 0.0, "std_err": 0.0, "raw": [1.0, 1.0, 1.0, 1.0, 1.0]}, "interpretability": {"num_rules": {"mean": 3.0, "std": 0.0, "std_err": 0.0, "raw": [3, 3, 3, 3, 3]}, "num_predicates": {"mean": 13.0, "std": 0.0, "std_err": 0.0, "raw": [13, 13, 13, 13, 13]}}, "learning_time": {"mean": 10.3278, "std": 2.171785753705922, "std_err": 1.085892876852961, "raw": [10.225, 12.301, 13.157, 7.416, 8.54]}}, "noise_pct_60": {"accuracy": {"mean": 1.0, "std": 0.0, "std_err": 0.0, "raw": [1.0, 1.0, 1.0, 1.0, 1.0]}, "interpretability": {"num_rules": {"mean": 3.0, "std": 0.0, "std_err": 0.0, "raw": [3, 3, 3, 3, 3]}, "num_predicates": {"mean": 13.0, "std": 0.0, "std_err": 0.0, "raw": [13, 13, 13, 13, 13]}}, "learning_time": {"mean": 9.1842, "std": 2.363013025778741, "std_err": 1.1815065128893705, "raw": [10.134, 8.166, 13.217, 6.238, 8.166]}}, "noise_pct_70": {"accuracy": {"mean": 1.0, "std": 0.0, "std_err": 0.0, "raw": [1.0, 1.0, 1.0, 1.0, 1.0]}, "interpretability": {"num_rules": {"mean": 3.0, "std": 0.0, "std_err": 0.0, "raw": [3, 3, 3, 3, 3]}, "num_predicates": {"mean": 13.0, "std": 0.0, "std_err": 0.0, "raw": [13, 13, 13, 13, 13]}}, "learning_time": {"mean": 10.276599999999998, "std": 2.536751670936672, "std_err": 1.268375835468336, "raw": [10.829, 9.881, 14.754, 7.278, 8.641]}}, "noise_pct_80": {"accuracy": {"mean": 1.0, "std": 0.0, "std_err": 0.0, "raw": [1.0, 1.0, 1.0, 1.0, 1.0]}, "interpretability": {"num_rules": {"mean": 3.0, "std": 0.0, "std_err": 0.0, "raw": [3, 3, 3, 3, 3]}, "num_predicates": {"mean": 13.0, "std": 0.0, "std_err": 0.0, "raw": [13, 13, 13, 13, 13]}}, "learning_time": {"mean": 11.990399999999998, "std": 2.3405234969980544, "std_err": 1.170261748499027, "raw": [12.744, 11.69, 15.784, 8.578, 11.156]}}, "noise_pct_90": {"accuracy": {"mean": 0.9664335664335664, "std": 0.06713286713286712, "std_err": 0.03356643356643356, "raw": [0.8321678321678322, 1.0, 1.0, 1.0, 1.0]}, "interpretability": {"num_rules": {"mean": 2.8, "std": 0.39999999999999997, "std_err": 0.19999999999999996, "raw": [2, 3, 3, 3, 3]}, "num_predicates": {"mean": 11.2, "std": 3.6, "std_err": 1.7999999999999998, "raw": [4, 13, 13, 13, 13]}}, "learning_time": {"mean": 13.5198, "std": 2.7461164141383367, "std_err": 1.3730582070691684, "raw": [13.914, 13.95, 17.508, 8.891, 13.336]}}}