{"noise_pct_10": {"accuracy": {"mean": 1.0, "std": 0.0, "std_err": 0.0, "raw": [1.0, 1.0, 1.0, 1.0, 1.0]}, "interpretability": {"num_rules": {"mean": 3.0, "std": 0.0, "std_err": 0.0, "raw": [3, 3, 3, 3, 3]}, "num_predicates": {"mean": 13.0, "std": 0.0, "std_err": 0.0, "raw": [13, 13, 13, 13, 13]}}, "learning_time": {"mean": 5.8456, "std": 1.1350127047747087, "std_err": 0.5675063523873544, "raw": [6.912, 4.521, 5.792, 4.679, 7.324]}}, "noise_pct_20": {"accuracy": {"mean": 1.0, "std": 0.0, "std_err": 0.0, "raw": [1.0, 1.0, 1.0, 1.0, 1.0]}, "interpretability": {"num_rules": {"mean": 3.0, "std": 0.0, "std_err": 0.0, "raw": [3, 3, 3, 3, 3]}, "num_predicates": {"mean": 13.0, "std": 0.0, "std_err": 0.0, "raw": [13, 13, 13, 13, 13]}}, "learning_time": {"mean": 9.979800000000001, "std": 3.001084230740617, "std_err": 1.5005421153703082, "raw": [15.696, 7.794, 9.889, 7.35, 9.17]}}, "noise_pct_30": {"accuracy": {"mean": 1.0, "std": 0.0, "std_err": 0.0, "raw": [1.0, 1.0, 1.0, 1.0, 1.0]}, "interpretability": {"num_rules": {"mean": 3.0, "std": 0.0, "std_err": 0.0, "raw": [3, 3, 3, 3, 3]}, "num_predicates": {"mean": 13.0, "std": 0.0, "std_err": 0.0, "raw": [13, 13, 13, 13, 13]}}, "learning_time": {"mean": 12.6326, "std": 3.7176950170771135, "std_err": 1.8588475085385567, "raw": [18.768, 8.348, 13.577, 9.197, 13.273]}}, "noise_pct_40": {"accuracy": {"mean": 1.0, "std": 0.0, "std_err": 0.0, "raw": [1.0, 1.0, 1.0, 1.0, 1.0]}, "interpretability": {"num_rules": {"mean": 3.0, "std": 0.0, "std_err": 0.0, "raw": [3, 3, 3, 3, 3]}, "num_predicates": {"mean": 13.0, "std": 0.0, "std_err": 0.0, "raw": [13, 13, 13, 13, 13]}}, "learning_time": {"mean": 16.4526, "std": 4.059930964930315, "std_err": 2.0299654824651574, "raw": [23.271, 11.308, 18.066, 13.957, 15.661]}}, "noise_pct_50": {"accuracy": {"mean": 1.0, "std": 0.0, "std_err": 0.0, "raw": [1.0, 1.0, 1.0, 1.0, 1.0]}, "interpretability": {"num_rules": {"mean": 3.0, "std": 0.0, "std_err": 0.0, "raw": [3, 3, 3, 3, 3]}, "num_predicates": {"mean": 13.0, "std": 0.0, "std_err": 0.0, "raw": [13, 13, 13, 13, 13]}}, "learning_time": {"mean": 20.5192, "std": 6.284298987158392, "std_err": 3.1421494935791956, "raw": [32.074, 13.937, 21.361, 16.385, 18.839]}}, "noise_pct_60": {"accuracy": {"mean": 1.0, "std": 0.0, "std_err": 0.0, "raw": [1.0, 1.0, 1.0, 1.0, 1.0]}, "interpretability": {"num_rules": {"mean": 3.0, "std": 0.0, "std_err": 0.0, "raw": [3, 3, 3, 3, 3]}, "num_predicates": {"mean": 13.0, "std": 0.0, "std_err": 0.0, "raw": [13, 13, 13, 13, 13]}}, "learning_time": {"mean": 23.1322, "std": 5.86651079944459, "std_err": 2.933255399722295, "raw": [31.67, 15.496, 22.668, 18.41, 27.417]}}, "noise_pct_70": {"accuracy": {"mean": 1.0, "std": 0.0, "std_err": 0.0, "raw": [1.0, 1.0, 1.0, 1.0, 1.0]}, "interpretability": {"num_rules": {"mean": 3.0, "std": 0.0, "std_err": 0.0, "raw": [3, 3, 3, 3, 3]}, "num_predicates": {"mean": 13.0, "std": 0.0, "std_err": 0.0, "raw": [13, 13, 13, 13, 13]}}, "learning_time": {"mean": 25.8986, "std": 5.7588262901393374, "std_err": 2.8794131450696687, "raw": [34.424, 19.031, 25.924, 20.337, 29.777]}}, "noise_pct_80": {"accuracy": {"mean": 1.0, "std": 0.0, "std_err": 0.0, "raw": [1.0, 1.0, 1.0, 1.0, 1.0]}, "interpretability": {"num_rules": {"mean": 3.0, "std": 0.0, "std_err": 0.0, "raw": [3, 3, 3, 3, 3]}, "num_predicates": {"mean": 13.0, "std": 0.0, "std_err": 0.0, "raw": [13, 13, 13, 13, 13]}}, "learning_time": {"mean": 32.7748, "std": 6.128008107044245, "std_err": 3.0640040535221225, "raw": [40.159, 25.225, 33.106, 26.523, 38.861]}}, "noise_pct_90": {"accuracy": {"mean": 0.8119880119880121, "std": 0.376023976023976, "std_err": 0.188011988011988, "raw": [0.059940059940059943, 1.0, 1.0, 1.0, 1.0]}, "interpretability": {"num_rules": {"mean": 2.8, "std": 0.39999999999999997, "std_err": 0.19999999999999996, "raw": [2, 3, 3, 3, 3]}, "num_predicates": {"mean": 11.2, "std": 3.6, "std_err": 1.7999999999999998, "raw": [4, 13, 13, 13, 13]}}, "learning_time": {"mean": 37.2, "std": 4.736445840501082, "std_err": 2.368222920250541, "raw": [43.273, 30.263, 37.3, 33.917, 41.247]}}}