{"noise_pct_95": {"accuracy": {"mean": 0.9323476523476524, "std": 0.10445711135431092, "std_err": 0.014922444479187273, "raw": [1.0, 1.0, 1.0, 1.0, 1.0, 1.0, 1.0, 0.8321678321678322, 0.8321678321678322, 0.8321678321678322, 0.8321678321678322, 0.7192807192807192, 1.0, 0.8321678321678322, 1.0, 1.0, 1.0, 0.8321678321678322, 1.0, 1.0, 1.0, 1.0, 0.6933066933066933, 1.0, 1.0, 1.0, 1.0, 1.0, 0.8321678321678322, 0.8321678321678322, 1.0, 0.6983016983016983, 0.6933066933066933, 1.0, 1.0, 1.0, 0.7982017982017982, 1.0, 1.0, 1.0, 0.6933066933066933, 1.0, 1.0, 1.0, 1.0, 1.0, 1.0, 1.0, 0.8321678321678322, 0.8321678321678322]}, "interpretability": {"num_rules": {"mean": 2.8, "std": 0.39999999999999997, "std_err": 0.057142857142857134, "raw": [3, 3, 3, 3, 3, 3, 3, 2, 2, 2, 2, 3, 3, 2, 3, 3, 3, 2, 3, 3, 3, 3, 3, 3, 3, 3, 3, 3, 2, 2, 3, 3, 3, 3, 3, 3, 3, 3, 3, 3, 3, 3, 3, 3, 3, 3, 3, 3, 2, 2]}, "num_predicates": {"mean": 11.2, "std": 3.6000000000000005, "std_err": 0.5142857142857143, "raw": [13, 13, 13, 13, 13, 13, 13, 4, 4, 4, 4, 13, 13, 4, 13, 13, 13, 4, 13, 13, 13, 13, 13, 13, 13, 13, 13, 13, 4, 4, 13, 13, 13, 13, 13, 13, 13, 13, 13, 13, 13, 13, 13, 13, 13, 13, 13, 13, 4, 4]}}, "learning_time": {"mean": 6.707479999999999, "std": 2.1333302345394163, "std_err": 0.3047614620770594, "raw": [4.62, 7.191, 6.266, 4.482, 7.475, 7.57, 9.876, 5.462, 7.383, 5.174, 4.488, 7.038, 6.138, 9.989, 8.009, 3.556, 3.587, 7.555, 4.055, 3.978, 5.842, 4.514, 9.843, 9.723, 8.312, 5.362, 5.916, 6.325, 10.665, 10.061, 5.714, 7.091, 9.562, 10.187, 9.287, 7.562, 5.86, 4.026, 3.514, 5.37, 10.612, 5.873, 7.25, 3.618, 8.949, 5.92, 8.978, 4.731, 5.019, 5.796]}}, "noise_pct_96": {"accuracy": {"mean": 0.934905094905095, "std": 0.10070730031812457, "std_err": 0.01438675718830351, "raw": [1.0, 1.0, 1.0, 1.0, 1.0, 1.0, 1.0, 0.8321678321678322, 0.8321678321678322, 0.8321678321678322, 0.8321678321678322, 1.0, 1.0, 0.8321678321678322, 1.0, 1.0, 1.0, 0.8321678321678322, 1.0, 1.0, 1.0, 1.0, 0.6933066933066933, 1.0, 1.0, 1.0, 1.0, 1.0, 0.8321678321678322, 0.8321678321678322, 1.0, 0.6983016983016983, 0.6933066933066933, 1.0, 1.0, 0.8321678321678322, 0.7982017982017982, 1.0, 1.0, 1.0, 0.6933066933066933, 1.0, 1.0, 1.0, 1.0, 1.0, 1.0, 1.0, 0.8471528471528471, 0.8321678321678322]}, "interpretability": {"num_rules": {"mean": 2.8, "std": 0.39999999999999997, "std_err": 0.057142857142857134, "raw": [3, 3, 3, 3, 3, 3, 3, 2, 2, 2, 2, 3, 3, 2, 3, 3, 3, 2, 3, 3, 3, 3, 3, 3, 3, 3, 3, 3, 2, 2, 3, 3, 3, 3, 3, 2, 3, 3, 3, 3, 3, 3, 3, 3, 3, 3, 3, 3, 3, 2]}, "num_predicates": {"mean": 11.14, "std": 3.594495792180038, "std_err": 0.5134993988828626, "raw": [13, 13, 13, 13, 13, 13, 13, 4, 4, 4, 4, 13, 13, 4, 13, 13, 13, 4, 13, 13, 13, 13, 13, 13, 13, 13, 13, 13, 4, 4, 13, 13, 13, 13, 13, 4, 13, 13, 13, 13, 13, 13, 13, 13, 13, 13, 13, 13, 10, 4]}}, "learning_time": {"mean": 6.698599999999999, "std": 2.0981179852429652, "std_err": 0.29973114074899504, "raw": [5.074, 7.197, 6.361, 4.017, 7.538, 7.853, 9.286, 5.419, 7.071, 5.207, 4.492, 6.334, 6.099, 9.22, 7.776, 4.173, 3.444, 7.714, 5.245, 3.79, 5.796, 5.027, 9.679, 8.286, 8.47, 5.073, 5.859, 6.544, 11.979, 8.726, 4.192, 5.843, 7.638, 10.121, 10.521, 8.345, 6.298, 4.153, 3.439, 5.856, 10.653, 6.821, 8.585, 3.643, 9.144, 6.259, 8.998, 4.584, 5.263, 5.825]}}, "noise_pct_97": {"accuracy": {"mean": 0.9288311688311688, "std": 0.1056953556787982, "std_err": 0.015099336525542599, "raw": [1.0, 1.0, 1.0, 1.0, 1.0, 1.0, 1.0, 0.8321678321678322, 0.6933066933066933, 0.8321678321678322, 0.8321678321678322, 1.0, 1.0, 0.8321678321678322, 1.0, 1.0, 1.0, 0.8321678321678322, 1.0, 1.0, 1.0, 1.0, 0.6933066933066933, 1.0, 0.8011988011988012, 1.0, 1.0, 1.0, 0.8321678321678322, 0.8321678321678322, 1.0, 0.6983016983016983, 0.6933066933066933, 1.0, 1.0, 0.8321678321678322, 0.8321678321678322, 1.0, 1.0, 1.0, 0.6933066933066933, 1.0, 1.0, 1.0, 1.0, 1.0, 1.0, 1.0, 0.8471528471528471, 0.8321678321678322]}, "interpretability": {"num_rules": {"mean": 2.8, "std": 0.39999999999999997, "std_err": 0.057142857142857134, "raw": [3, 3, 3, 3, 3, 3, 3, 2, 3, 2, 2, 3, 3, 2, 3, 3, 3, 2, 3, 3, 3, 3, 3, 3, 3, 3, 3, 3, 2, 2, 3, 3, 3, 3, 3, 2, 2, 3, 3, 3, 3, 3, 3, 3, 3, 3, 3, 3, 3, 2]}, "num_predicates": {"mean": 11.14, "std": 3.594495792180038, "std_err": 0.5134993988828626, "raw": [13, 13, 13, 13, 13, 13, 13, 4, 13, 4, 4, 13, 13, 4, 13, 13, 13, 4, 13, 13, 13, 13, 13, 13, 13, 13, 13, 13, 4, 4, 13, 13, 13, 13, 13, 4, 4, 13, 13, 13, 13, 13, 13, 13, 13, 13, 13, 13, 10, 4]}}, "learning_time": {"mean": 6.7155, "std": 2.1056451576654602, "std_err": 0.3008064510950657, "raw": [5.36, 7.213, 5.938, 4.172, 7.063, 7.404, 9.76, 5.713, 6.862, 4.966, 4.441, 6.871, 6.542, 8.941, 7.723, 4.094, 3.955, 7.564, 5.316, 3.803, 5.686, 5.287, 9.367, 9.645, 8.223, 5.362, 5.555, 6.294, 11.418, 7.859, 4.531, 6.768, 9.769, 10.595, 11.689, 8.484, 5.92, 3.892, 3.517, 5.342, 9.237, 6.317, 8.286, 3.609, 8.624, 5.809, 9.136, 4.518, 5.315, 6.02]}}, "noise_pct_98": {"accuracy": {"mean": 0.9239360639360641, "std": 0.1083466228345398, "std_err": 0.015478088976362828, "raw": [1.0, 1.0, 1.0, 1.0, 1.0, 1.0, 1.0, 0.8321678321678322, 0.6933066933066933, 0.8321678321678322, 0.8321678321678322, 0.7192807192807192, 1.0, 0.8321678321678322, 1.0, 1.0, 1.0, 0.8321678321678322, 1.0, 1.0, 1.0, 1.0, 1.0, 1.0, 1.0, 1.0, 1.0, 1.0, 0.8321678321678322, 0.8321678321678322, 1.0, 0.6983016983016983, 0.6933066933066933, 1.0, 0.6983016983016983, 0.8321678321678322, 0.8321678321678322, 1.0, 1.0, 1.0, 0.6933066933066933, 1.0, 1.0, 1.0, 1.0, 1.0, 0.8321678321678322, 1.0, 0.8471528471528471, 0.8321678321678322]}, "interpretability": {"num_rules": {"mean": 2.78, "std": 0.4142463035441596, "std_err": 0.059178043363451366, "raw": [3, 3, 3, 3, 3, 3, 3, 2, 3, 2, 2, 3, 3, 2, 3, 3, 3, 2, 3, 3, 3, 3, 3, 3, 3, 3, 3, 3, 2, 2, 3, 3, 3, 3, 3, 2, 2, 3, 3, 3, 3, 3, 3, 3, 3, 3, 2, 3, 3, 2]}, "num_predicates": {"mean": 10.96, "std": 3.72, "std_err": 0.5314285714285714, "raw": [13, 13, 13, 13, 13, 13, 13, 4, 13, 4, 4, 13, 13, 4, 13, 13, 13, 4, 13, 13, 13, 13, 13, 13, 13, 13, 13, 13, 4, 4, 13, 13, 13, 13, 13, 4, 4, 13, 13, 13, 13, 13, 13, 13, 13, 13, 4, 13, 10, 4]}}, "learning_time": {"mean": 6.74554, "std": 2.1729201937484954, "std_err": 0.3104171705354994, "raw": [4.902, 7.353, 6.755, 3.873, 6.195, 6.349, 9.391, 5.579, 7.09, 4.812, 4.528, 5.233, 4.755, 8.174, 8.458, 4.798, 3.896, 6.58, 4.974, 5.286, 4.966, 6.393, 10.316, 10.32, 9.395, 4.673, 6.075, 6.547, 11.774, 7.924, 4.806, 6.678, 8.589, 8.637, 11.394, 9.133, 5.848, 5.285, 3.32, 4.926, 10.669, 7.456, 10.062, 3.766, 9.836, 5.831, 7.845, 4.62, 5.937, 5.275]}}, "noise_pct_99": {"accuracy": {"mean": 0.8932067932067932, "std": 0.1571305358591891, "std_err": 0.022447219408455583, "raw": [1.0, 1.0, 1.0, 1.0, 1.0, 1.0, 1.0, 0.8321678321678322, 0.6933066933066933, 0.8321678321678322, 0.8321678321678322, 0.7192807192807192, 1.0, 0.8321678321678322, 1.0, 1.0, 1.0, 0.8321678321678322, 0.6983016983016983, 1.0, 1.0, 0.8171828171828172, 0.6933066933066933, 1.0, 1.0, 1.0, 1.0, 1.0, 0.8321678321678322, 0.8321678321678322, 1.0, 0.6983016983016983, 0.6933066933066933, 0.8321678321678322, 1.0, 0.8321678321678322, 0.8321678321678322, 1.0, 1.0, 1.0, 0.6933066933066933, 1.0, 1.0, 1.0, 0.12087912087912088, 1.0, 0.8321678321678322, 1.0, 0.8471528471528471, 0.8321678321678322]}, "interpretability": {"num_rules": {"mean": 2.76, "std": 0.4270831300812525, "std_err": 0.061011875725893214, "raw": [3, 3, 3, 3, 3, 3, 3, 2, 3, 2, 2, 3, 3, 2, 3, 3, 3, 2, 3, 3, 3, 3, 3, 3, 3, 3, 3, 3, 2, 2, 3, 3, 3, 2, 3, 2, 2, 3, 3, 3, 3, 3, 3, 3, 3, 3, 2, 3, 3, 2]}, "num_predicates": {"mean": 10.78, "std": 3.832962300884265, "std_err": 0.5475660429834663, "raw": [13, 13, 13, 13, 13, 13, 13, 4, 13, 4, 4, 13, 13, 4, 13, 13, 13, 4, 13, 13, 13, 13, 13, 13, 13, 13, 13, 13, 4, 4, 13, 13, 13, 4, 13, 4, 4, 13, 13, 13, 13, 13, 13, 13, 13, 13, 4, 13, 10, 4]}}, "learning_time": {"mean": 6.449099999999999, "std": 1.9197308274859788, "std_err": 0.2742472610694255,