{"noise_pct_95": {"accuracy": {"mean": 0.98993006993007, "std": 0.03985793148096643, "std_err": 0.0056939902115666335, "raw": [1.0, 1.0, 1.0, 1.0, 1.0, 1.0, 1.0, 0.8321678321678322, 1.0, 1.0, 1.0, 1.0, 1.0, 1.0, 1.0, 1.0, 1.0, 1.0, 1.0, 1.0, 1.0, 1.0, 1.0, 1.0, 1.0, 1.0, 1.0, 1.0, 1.0, 1.0, 1.0, 1.0, 1.0, 1.0, 0.8321678321678322, 1.0, 1.0, 0.8321678321678322, 1.0, 1.0, 1.0, 1.0, 1.0, 1.0, 1.0, 1.0, 1.0, 1.0, 1.0, 1.0]}, "interpretability": {"num_rules": {"mean": 2.94, "std": 0.23748684174075838, "std_err": 0.033926691677251195, "raw": [3, 3, 3, 3, 3, 3, 3, 2, 3, 3, 3, 3, 3, 3, 3, 3, 3, 3, 3, 3, 3, 3, 3, 3, 3, 3, 3, 3, 3, 3, 3, 3, 3, 3, 2, 3, 3, 2, 3, 3, 3, 3, 3, 3, 3, 3, 3, 3, 3, 3]}, "num_predicates": {"mean": 12.46, "std": 2.1373815756668253, "std_err": 0.30534022509526076, "raw": [13, 13, 13, 13, 13, 13, 13, 4, 13, 13, 13, 13, 13, 13, 13, 13, 13, 13, 13, 13, 13, 13, 13, 13, 13, 13, 13, 13, 13, 13, 13, 13, 13, 13, 4, 13, 13, 4, 13, 13, 13, 13, 13, 13, 13, 13, 13, 13, 13, 13]}}, "learning_time": {"mean": 33.84772, "std": 7.637151568588907, "std_err": 1.091021652655558, "raw": [31.869, 29.343, 31.338, 28.759, 28.636, 39.199, 50.824, 37.267, 29.561, 26.261, 40.608, 27.086, 35.799, 31.437, 31.722, 24.618, 30.371, 26.935, 35.356, 24.317, 38.421, 25.913, 54.795, 39.116, 39.983, 30.308, 30.262, 27.18, 37.192, 32.358, 21.699, 22.928, 46.872, 32.227, 39.141, 31.018, 28.851, 47.672, 36.823, 29.1, 33.113, 38.918, 42.021, 39.947, 38.46, 50.562, 34.545, 29.101, 34.091, 18.463]}}, "noise_pct_96": {"accuracy": {"mean": 0.98993006993007, "std": 0.03985793148096643, "std_err": 0.0056939902115666335, "raw": [1.0, 1.0, 1.0, 1.0, 1.0, 1.0, 1.0, 0.8321678321678322, 1.0, 1.0, 1.0, 1.0, 1.0, 1.0, 1.0, 1.0, 1.0, 1.0, 1.0, 1.0, 1.0, 1.0, 1.0, 1.0, 1.0, 1.0, 1.0, 1.0, 1.0, 1.0, 1.0, 1.0, 1.0, 1.0, 0.8321678321678322, 1.0, 1.0, 0.8321678321678322, 1.0, 1.0, 1.0, 1.0, 1.0, 1.0, 1.0, 1.0, 1.0, 1.0, 1.0, 1.0]}, "interpretability": {"num_rules": {"mean": 2.94, "std": 0.23748684174075838, "std_err": 0.033926691677251195, "raw": [3, 3, 3, 3, 3, 3, 3, 2, 3, 3, 3, 3, 3, 3, 3, 3, 3, 3, 3, 3, 3, 3, 3, 3, 3, 3, 3, 3, 3, 3, 3, 3, 3, 3, 2, 3, 3, 2, 3, 3, 3, 3, 3, 3, 3, 3, 3, 3, 3, 3]}, "num_predicates": {"mean": 12.46, "std": 2.1373815756668253, "std_err": 0.30534022509526076, "raw": [13, 13, 13, 13, 13, 13, 13, 4, 13, 13, 13, 13, 13, 13, 13, 13, 13, 13, 13, 13, 13, 13, 13, 13, 13, 13, 13, 13, 13, 13, 13, 13, 13, 13, 4, 13, 13, 4, 13, 13, 13, 13, 13, 13, 13, 13, 13, 13, 13, 13]}}, "learning_time": {"mean": 34.492740000000005, "std": 7.77512736567061, "std_err": 1.1107324808100871, "raw": [33.744, 29.619, 29.648, 29.682, 30.023, 38.848, 50.345, 37.388, 32.226, 26.097, 42.567, 27.569, 37.403, 29.706, 34.355, 25.15, 30.27, 28.034, 39.874, 24.108, 37.468, 25.305, 56.585, 37.56, 40.274, 31.498, 29.487, 29.156, 37.08, 32.359, 23.032, 23.909, 47.184, 30.833, 37.765, 35.191, 31.238, 46.699, 35.461, 29.22, 32.966, 41.686, 47.638, 42.486, 39.614, 49.827, 36.057, 28.32, 33.059, 19.024]}}, "noise_pct_97": {"accuracy": {"mean": 0.9832167832167832, "std": 0.050349650349650346, "std_err": 0.007192807192807191, "raw": [1.0, 1.0, 1.0, 1.0, 1.0, 0.8321678321678322, 0.8321678321678322, 0.8321678321678322, 1.0, 1.0, 1.0, 1.0, 1.0, 1.0, 1.0, 1.0, 1.0, 1.0, 1.0, 1.0, 1.0, 1.0, 1.0, 1.0, 1.0, 1.0, 1.0, 1.0, 1.0, 1.0, 1.0, 1.0, 1.0, 1.0, 0.8321678321678322, 1.0, 1.0, 0.8321678321678322, 1.0, 1.0, 1.0, 1.0, 1.0, 1.0, 1.0, 1.0, 1.0, 1.0, 1.0, 1.0]}, "interpretability": {"num_rules": {"mean": 2.9, "std": 0.3, "std_err": 0.04285714285714285, "raw": [3, 3, 3, 3, 3, 2, 2, 2, 3, 3, 3, 3, 3, 3, 3, 3, 3, 3, 3, 3, 3, 3, 3, 3, 3, 3, 3, 3, 3, 3, 3, 3, 3, 3, 2, 3, 3, 2, 3, 3, 3, 3, 3, 3, 3, 3, 3, 3, 3, 3]}, "num_predicates": {"mean": 12.1, "std": 2.7, "std_err": 0.38571428571428573, "raw": [13, 13, 13, 13, 13, 4, 4, 4, 13, 13, 13, 13, 13, 13, 13, 13, 13, 13, 13, 13, 13, 13, 13, 13, 13, 13, 13, 13, 13, 13, 13, 13, 13, 13, 4, 13, 13, 4, 13, 13, 13, 13, 13, 13, 13, 13, 13, 13, 13, 13]}}, "learning_time": {"mean": 36.00832, "std": 7.7886492293336715, "std_err": 1.1126641756190958, "raw": [35.395, 29.872, 33.191, 30.106, 31.632, 41.522, 56.352, 38.541, 31.168, 25.797, 43.166, 30.558, 37.292, 33.497, 33.435, 25.228, 32.833, 28.662, 40.482, 24.827, 37.318, 26.656, 56.974, 37.674, 38.193, 34.727, 32.301, 30.357, 37.567, 33.93, 25.214, 26.38, 49.458, 35.021, 39.407, 39.393, 33.787, 44.315, 42.214, 31.697, 35.159, 44.308, 51.101, 43.722, 38.075, 49.127, 36.431, 28.206, 36.423, 21.725]}}, "noise_pct_98": {"accuracy": {"mean": 0.9765034965034965, "std": 0.05823558569923627, "std_err": 0.008319369385605182, "raw": [1.0, 1.0, 1.0, 1.0, 1.0, 0.8321678321678322, 0.8321678321678322, 0.8321678321678322, 0.8321678321678322, 1.0, 1.0, 1.0, 1.0, 1.0, 1.0, 1.0, 1.0, 1.0, 1.0, 1.0, 1.0, 1.0, 1.0, 1.0, 1.0, 1.0, 1.0, 1.0, 1.0, 1.0, 1.0, 1.0, 1.0, 1.0, 0.8321678321678322, 1.0, 1.0, 0.8321678321678322, 1.0, 1.0, 1.0, 1.0, 1.0, 1.0, 1.0, 0.8321678321678322, 1.0, 1.0, 1.0, 1.0]}, "interpretability": {"num_rules": {"mean": 2.86, "std": 0.34698703145794946, "std_err": 0.0495695759225642, "raw": [3, 3, 3, 3, 3, 2, 2, 2, 2, 3, 3, 3, 3, 3, 3, 3, 3, 3, 3, 3, 3, 3, 3, 3, 3, 3, 3, 3, 3, 3, 3, 3, 3, 3, 2, 3, 3, 2, 3, 3, 3, 3, 3, 3, 3, 2, 3, 3, 3, 3]}, "num_predicates": {"mean": 11.74, "std": 3.122883283121545, "std_err": 0.44612618330307785, "raw": [13, 13, 13, 13, 13, 4, 4, 4, 4, 13, 13, 13, 13, 13, 13, 13, 13, 13, 13, 13, 13, 13, 13, 13, 13, 13, 13, 13, 13, 13, 13, 13, 13, 13, 4, 13, 13, 4, 13, 13, 13, 13, 13, 13, 13, 4, 13, 13, 13, 13]}}, "learning_time": {"mean": 36.977140000000006, "std": 7.985649834572012, "std_err": 1.140807119224573, "raw": [39.56, 32.94, 35.316, 30.263, 34.731, 38.416, 53.858, 39.684, 34.999, 25.847, 44.549, 30.586, 31.063, 35.287, 34.741, 27.894, 32.907, 30.159, 40.414, 25.953, 35.493, 26.376, 57.725, 41.159, 42.468, 38.488, 34.224, 34.659, 38.266, 29.623, 24.68, 24.69, 48.97, 36.097, 39.186, 40.98, 34.05, 46.711, 39.889, 28.976, 36.896, 41.345, 55.284, 48.293, 38.475, 49.413, 45.462, 31.027, 38.459, 22.326]}}, "noise_pct_99": {"accuracy": {"mean": 0.973146853146853, "std": 0.06152828905115533, "std_err": 0.008789755578736475, "raw": [1.0, 1.0, 1.0, 1.0, 1.0, 0.8321678321678322, 0.8321678321678322, 0.8321678321678322, 0.8321678321678322, 1.0, 1.0, 1.0, 1.0, 1.0, 1.0, 1.0, 1.0, 1.0, 1.0, 1.0, 1.0, 1.0, 1.0, 1.0, 1.0, 1.0, 1.0, 1.0, 1.0, 1.0, 1.0, 1.0, 1.0, 0.8321678321678322, 0.8321678321678322, 1.0, 1.0, 0.8321678321678322, 1.0, 1.0, 1.0, 1.0, 1.0, 1.0, 1.0, 0.8321678321678322, 1.0, 1.0, 1.0, 1.0]}, "interpretability": {"num_rules": {"mean": 2.84, "std": 0.36660605559646725, "std_err": 0.05237229365663817, "raw": [3, 3, 3, 3, 3, 2, 2, 2, 2, 3, 3, 3, 3, 3, 3, 3, 3, 3, 3, 3, 3, 3, 3, 3, 3, 3, 3, 3, 3, 3, 3, 3, 3, 2, 2, 3, 3, 2, 3, 3, 3, 3, 3, 3, 3, 2, 3, 3, 3, 3]}, "num_predicates": {"mean": 11.56, "std": 3.299454500368204, "std_err": 0.4713506429097435, "raw": [13, 13, 13, 13, 13, 4, 4, 4, 4, 13, 13, 13, 13, 13, 13, 13, 13, 13, 13, 13, 13, 13, 13, 13, 13, 13, 13, 13, 13, 13, 13, 13, 13, 4, 4, 13, 13, 4, 13, 13, 13, 13, 13, 13, 13, 4, 13, 13, 13, 13]}}, "learning_time": {"mean": 38.0611, "std": 8.64415718100961, "std_err": 1.2348795972870872, "raw": [38.15, 31.709, 35.643, 35.607, 39.077, 41.395, 61.505, 39.749, 32.597, 28.943, 42.615, 33.44, 32.359, 34.325, 34.015, 30.34, 34.389, 28.162, 43.757, 23.436, 39.254, 26.083, 58.091, 44.052, 41.202, 36.549, 34.032, 37.112, 37.548, 32.663, 22.212, 26.766, 41.381, 35.27, 42.995, 42.752, 36.493, 48.984, 44.531, 30.671, 35.19, 48.345, 58.868, 51.542, 40.955, 50.992, 42.341, 31.865, 39.777, 23.326]}}, "noise_pct_100": {"accuracy": {"mean": 0.9664335664335664, "std": 0.06713286713286713, "std_err": 0.00959040959040959,