{"noise_pct_95": {"accuracy": {"mean": 0.9510089910089912, "std": 0.0862417282467272, "std_err": 0.0123202468923896, "raw": [1.0, 1.0, 1.0, 1.0, 1.0, 1.0, 1.0, 1.0, 1.0, 1.0, 1.0, 0.8321678321678322, 1.0, 1.0, 1.0, 1.0, 1.0, 0.8321678321678322, 0.8321678321678322, 1.0, 0.8321678321678322, 1.0, 1.0, 1.0, 1.0, 1.0, 1.0, 1.0, 1.0, 1.0, 1.0, 1.0, 1.0, 0.8321678321678322, 1.0, 0.8321678321678322, 0.6983016983016983, 0.8321678321678322, 0.8321678321678322, 1.0, 1.0, 0.8321678321678322, 1.0, 0.8321678321678322, 0.6983016983016983, 1.0, 0.8321678321678322, 1.0, 1.0, 1.0]}, "interpretability": {"num_rules": {"mean": 2.78, "std": 0.41424630354415964, "std_err": 0.05917804336345138, "raw": [3, 3, 3, 3, 3, 3, 3, 3, 3, 3, 3, 2, 3, 3, 3, 3, 3, 2, 2, 3, 2, 3, 3, 3, 3, 3, 3, 3, 3, 3, 3, 3, 3, 2, 3, 2, 3, 2, 2, 3, 3, 2, 3, 2, 3, 3, 2, 3, 3, 3]}, "num_predicates": {"mean": 11.02, "std": 3.728216731897436, "std_err": 0.5326023902710623, "raw": [13, 13, 13, 13, 13, 13, 13, 13, 13, 13, 13, 4, 13, 13, 13, 13, 13, 4, 4, 13, 4, 13, 13, 13, 13, 13, 13, 13, 13, 13, 13, 13, 13, 4, 13, 4, 13, 4, 4, 13, 13, 4, 13, 4, 13, 13, 4, 13, 13, 13]}}, "learning_time": {"mean": 42.614979999999996, "std": 11.387123335575145, "std_err": 1.6267319050821636, "raw": [55.921, 40.956, 54.185, 47.772, 35.328, 48.203, 48.665, 35.115, 36.439, 42.313, 43.693, 34.442, 45.892, 57.706, 24.478, 31.415, 38.724, 49.216, 39.209, 23.128, 72.107, 24.73, 44.325, 38.518, 30.452, 44.484, 38.676, 33.347, 49.635, 45.075, 38.69, 32.204, 36.298, 37.475, 58.295, 47.4, 55.311, 50.309, 39.672, 28.736, 29.16, 37.984, 35.813, 66.113, 72.937, 31.484, 59.519, 47.41, 42.035, 29.755]}}, "noise_pct_96": {"accuracy": {"mean": 0.9510089910089912, "std": 0.0862417282467272, "std_err": 0.0123202468923896, "raw": [1.0, 1.0, 1.0, 1.0, 1.0, 1.0, 1.0, 1.0, 1.0, 1.0, 1.0, 0.8321678321678322, 1.0, 1.0, 1.0, 1.0, 1.0, 0.8321678321678322, 0.8321678321678322, 1.0, 0.8321678321678322, 1.0, 1.0, 1.0, 1.0, 1.0, 1.0, 1.0, 1.0, 1.0, 1.0, 1.0, 1.0, 0.8321678321678322, 1.0, 0.8321678321678322, 0.6983016983016983, 0.8321678321678322, 0.8321678321678322, 1.0, 1.0, 0.8321678321678322, 1.0, 0.8321678321678322, 0.6983016983016983, 1.0, 0.8321678321678322, 1.0, 1.0, 1.0]}, "interpretability": {"num_rules": {"mean": 2.78, "std": 0.41424630354415964, "std_err": 0.05917804336345138, "raw": [3, 3, 3, 3, 3, 3, 3, 3, 3, 3, 3, 2, 3, 3, 3, 3, 3, 2, 2, 3, 2, 3, 3, 3, 3, 3, 3, 3, 3, 3, 3, 3, 3, 2, 3, 2, 3, 2, 2, 3, 3, 2, 3, 2, 3, 3, 2, 3, 3, 3]}, "num_predicates": {"mean": 11.02, "std": 3.728216731897436, "std_err": 0.5326023902710623, "raw": [13, 13, 13, 13, 13, 13, 13, 13, 13, 13, 13, 4, 13, 13, 13, 13, 13, 4, 4, 13, 4, 13, 13, 13, 13, 13, 13, 13, 13, 13, 13, 13, 13, 4, 13, 4, 13, 4, 4, 13, 13, 4, 13, 4, 13, 13, 4, 13, 13, 13]}}, "learning_time": {"mean": 43.76068, "std": 11.239158707732534, "std_err": 1.6055941011046475, "raw": [58.849, 43.469, 52.43, 49.175, 37.579, 47.535, 52.689, 35.064, 39.865, 44.969, 43.965, 36.746, 45.485, 58.739, 27.114, 32.87, 37.9, 52.858, 37.182, 23.158, 71.23, 27.658, 48.831, 37.547, 31.067, 43.865, 36.32, 35.929, 45.812, 50.035, 42.281, 31.998, 39.374, 34.977, 62.737, 50.121, 52.83, 53.848, 42.378, 30.951, 35.346, 39.298, 37.614, 66.799, 72.911, 31.74, 59.459, 46.995, 40.642, 29.8]}}, "noise_pct_97": {"accuracy": {"mean": 0.93006993006993, "std": 0.1448031874850317, "std_err": 0.020686169640718812, "raw": [1.0, 0.12087912087912088, 1.0, 1.0, 1.0, 1.0, 1.0, 1.0, 1.0, 1.0, 1.0, 0.8321678321678322, 1.0, 0.8321678321678322, 1.0, 1.0, 1.0, 0.8321678321678322, 0.8321678321678322, 1.0, 0.8321678321678322, 1.0, 1.0, 1.0, 1.0, 1.0, 1.0, 1.0, 1.0, 1.0, 1.0, 1.0, 1.0, 0.8321678321678322, 1.0, 0.8321678321678322, 0.6983016983016983, 0.8321678321678322, 0.8321678321678322, 1.0, 1.0, 0.8321678321678322, 1.0, 0.8321678321678322, 0.6983016983016983, 1.0, 0.8321678321678322, 1.0, 1.0, 1.0]}, "interpretability": {"num_rules": {"mean": 2.76, "std": 0.4270831300812525, "std_err": 0.061011875725893214, "raw": [3, 3, 3, 3, 3, 3, 3, 3, 3, 3, 3, 2, 3, 2, 3, 3, 3, 2, 2, 3, 2, 3, 3, 3, 3, 3, 3, 3, 3, 3, 3, 3, 3, 2, 3, 2, 3, 2, 2, 3, 3, 2, 3, 2, 3, 3, 2, 3, 3, 3]}, "num_predicates": {"mean": 10.84, "std": 3.843748170731272, "std_err": 0.5491068815330389, "raw": [13, 13, 13, 13, 13, 13, 13, 13, 13, 13, 13, 4, 13, 4, 13, 13, 13, 4, 4, 13, 4, 13, 13, 13, 13, 13, 13, 13, 13, 13, 13, 13, 13, 4, 13, 4, 13, 4, 4, 13, 13, 4, 13, 4, 13, 13, 4, 13, 13, 13]}}, "learning_time": {"mean": 44.36288, "std": 11.096435466653245, "std_err": 1.585205066664749, "raw": [57.2, 41.663, 51.786, 46.182, 36.777, 49.709, 54.469, 39.236, 43.886, 43.917, 47.259, 37.393, 44.041, 61.21, 27.571, 36.172, 38.155, 52.163, 37.371, 22.155, 70.375, 31.865, 48.222, 36.906, 31.167, 45.081, 36.852, 33.37, 50.33, 53.117, 44.08, 36.394, 41.396, 34.63, 64.525, 49.089, 53.529, 53.972, 43.351, 28.416, 34.627, 38.139, 40.669, 63.589, 72.648, 31.053, 61.063, 48.757, 41.903, 30.714]}}, "noise_pct_98": {"accuracy": {"mean": 0.9158441558441558, "std": 0.18349302262377015, "std_err": 0.02621328894625288, "raw": [1.0, 0.12087912087912088, 1.0, 1.0, 1.0, 1.0, 1.0, 1.0, 1.0, 1.0, 1.0, 0.8321678321678322, 1.0, 0.8321678321678322, 1.0, 1.0, 1.0, 0.8321678321678322, 0.8321678321678322, 1.0, 0.8321678321678322, 1.0, 1.0, 1.0, 1.0, 1.0, 1.0, 1.0, 1.0, 1.0, 1.0, 1.0, 1.0, 0.8321678321678322, 1.0, 0.8321678321678322, 0.6983016983016983, 0.8321678321678322, 0.8321678321678322, 1.0, 1.0, 0.8321678321678322, 1.0, 0.12087912087912088, 0.6983016983016983, 1.0, 0.8321678321678322, 1.0, 1.0, 1.0]}, "interpretability": {"num_rules": {"mean": 2.78, "std": 0.41424630354415964, "std_err": 0.05917804336345138, "raw": [3, 3, 3, 3, 3, 3, 3, 3, 3, 3, 3, 2, 3, 2, 3, 3, 3, 2, 2, 3, 2, 3, 3, 3, 3, 3, 3, 3, 3, 3, 3, 3, 3, 2, 3, 2, 3, 2, 2, 3, 3, 2, 3, 3, 3, 3, 2, 3, 3, 3]}, "num_predicates": {"mean": 11.02, "std": 3.7282167318974357, "std_err": 0.5326023902710623, "raw": [13, 13, 13, 13, 13, 13, 13, 13, 13, 13, 13, 4, 13, 4, 13, 13, 13, 4, 4, 13, 4, 13, 13, 13, 13, 13, 13, 13, 13, 13, 13, 13, 13, 4, 13, 4, 13, 4, 4, 13, 13, 4, 13, 13, 13, 13, 4, 13, 13, 13]}}, "learning_time": {"mean": 45.29932000000001, "std": 11.963474193460694, "std_err": 1.709067741922956, "raw": [57.677, 38.933, 52.405, 44.818, 39.802, 50.403, 54.822, 43.535, 45.211, 45.709, 48.764, 40.194, 50.606, 61.018, 26.436, 34.721, 41.567, 50.882, 31.934, 21.719, 67.995, 27.017, 49.573, 35.766, 32.448, 47.939, 37.134, 33.848, 44.232, 51.938, 41.718, 35.96, 39.618, 38.991, 64.229, 48.698, 53.743, 54.628, 44.477, 28.083, 37.069, 39.072, 40.954, 74.123, 82.285, 34.583, 60.442, 50.323, 51.507, 35.417]}}, "noise_pct_99": {"accuracy": {"mean": 0.9124875124875125, "std": 0.18345793173845543, "std_err": 0.02620827596263649, "raw": [1.0, 0.12087912087912088, 1.0, 1.0, 1.0, 1.0, 1.0, 1.0, 1.0, 1.0, 1.0, 0.8321678321678322, 1.0, 0.8321678321678322, 1.0, 0.8321678321678322, 1.0, 0.8321678321678322, 0.8321678321678322, 1.0, 0.8321678321678322, 1.0, 1.0, 1.0, 1.0, 1.0, 1.0, 1.0, 1.0, 1.0, 1.0, 1.0, 1.0, 0.8321678321678322, 1.0, 0.8321678321678322, 0.6983016983016983, 0.8321678321678322, 0.8321678321678322, 1.0, 1.0, 0.8321678321678322, 1.0, 0.12087912087912088, 0.6983016983016983, 1.0, 0.8321678321678322, 1.0, 1.0, 1.0]}, "interpretability": {"num_rules": {"mean": 2.76, "std": 0.4270831300812525, "std_err": 0.061011875725893214, "raw": [3, 3, 3, 3, 3, 3, 3, 3, 3, 3, 3, 2, 3, 2, 3, 2, 3, 2, 2, 3, 2, 3, 3, 3, 3, 3, 3, 3, 3, 3, 3, 3, 3, 2, 3, 2, 3, 2, 2, 3, 3, 2, 3, 3, 3, 3, 2, 3, 3, 3]}, "num_predicates": {"mean": 10.84, "std": 3.843748170731272, "std_err": 0.5491068815330389, "raw": [13, 13, 13, 13, 13, 13, 13, 13, 13, 13, 13, 4, 13, 4, 13, 4, 13, 4, 4, 13, 4, 13, 13, 13, 13, 13, 13, 13, 13, 13, 13, 13, 13, 4, 13, 4, 13, 4, 4, 13, 13, 4, 13, 13, 13, 13, 4, 13, 13, 13]}}, "learning_time": {"mean": 49.86711999999999, "std": 14.527164088892231, "std_err": 2.075309155556033,