{"noise_pct_0": {"accuracy": {"mean": 1.0, "std": 0.0, "std_err": 0.0, "raw": [1.0, 1.0, 1.0, 1.0, 1.0, 1.0, 1.0, 1.0, 1.0, 1.0, 1.0, 1.0, 1.0, 1.0, 1.0, 1.0, 1.0, 1.0, 1.0, 1.0, 1.0, 1.0, 1.0, 1.0, 1.0, 1.0, 1.0, 1.0, 1.0, 1.0, 1.0, 1.0, 1.0, 1.0, 1.0, 1.0, 1.0, 1.0, 1.0, 1.0, 1.0, 1.0, 1.0, 1.0, 1.0, 1.0, 1.0, 1.0, 1.0, 1.0]}, "interpretability": {"num_rules": {"mean": 3.0, "std": 0.0, "std_err": 0.0, "raw": [3, 3, 3, 3, 3, 3, 3, 3, 3, 3, 3, 3, 3, 3, 3, 3, 3, 3, 3, 3, 3, 3, 3, 3, 3, 3, 3, 3, 3, 3, 3, 3, 3, 3, 3, 3, 3, 3, 3, 3, 3, 3, 3, 3, 3, 3, 3, 3, 3, 3]}, "num_predicates": {"mean": 13.0, "std": 0.0, "std_err": 0.0, "raw": [13, 13, 13, 13, 13, 13, 13, 13, 13, 13, 13, 13, 13, 13, 13, 13, 13, 13, 13, 13, 13, 13, 13, 13, 13, 13, 13, 13, 13, 13, 13, 13, 13, 13, 13, 13, 13, 13, 13, 13, 13, 13, 13, 13, 13, 13, 13, 13, 13, 13]}}, "learning_time": {"mean": 1.83422, "std": 0.4750372318039924, "std_err": 0.06786246168628463, "raw": [2.326, 2.293, 1.806, 1.567, 1.841, 2.561, 1.557, 1.746, 2.297, 1.231, 1.222, 1.218, 1.696, 1.279, 1.698, 1.228, 1.219, 1.254, 2.139, 2.114, 1.518, 1.587, 2.244, 1.728, 1.894, 1.804, 1.814, 1.725, 1.818, 1.314, 2.415, 1.544, 2.116, 1.491, 2.826, 2.812, 2.751, 1.341, 2.187, 1.705, 1.425, 2.078, 3.002, 1.604, 1.269, 2.226, 1.306, 1.568, 2.41, 1.897]}}}