{"noise_pct_10": {"accuracy": {"mean": 0.7646353646353646, "std": 0.00241419499971922, "std_err": 0.00120709749985961, "raw": [0.7692307692307693, 0.7622377622377622, 0.7632367632367633, 0.7642357642357642, 0.7642357642357642]}, "brier_score": {"mean": 0.32803372592555236, "std": 0.002001627804468821, "std_err": 0.0010008139022344106, "raw": [0.32461668655230974, 0.32774365321877263, 0.33069438772667753, 0.3291251142332616, 0.3279887878967402]}}, "noise_pct_20": {"accuracy": {"mean": 0.7190809190809191, "std": 0.004440781372805779, "std_err": 0.002220390686402889, "raw": [0.7252747252747253, 0.7122877122877123, 0.7162837162837162, 0.7212787212787213, 0.7202797202797203]}, "brier_score": {"mean": 0.39143630847804844, "std": 0.003591956669459235, "std_err": 0.0017959783347296174, "raw": [0.3868123121692577, 0.3970763423080727, 0.3937790403591897, 0.3900654537533266, 0.38944839380039575]}}, "noise_pct_30": {"accuracy": {"mean": 0.6687312687312688, "std": 0.004266564736076423, "std_err": 0.0021332823680382117, "raw": [0.6723276723276723, 0.6673326673326674, 0.6733266733266733, 0.6693306693306693, 0.6613386613386614]}, "brier_score": {"mean": 0.4642839842532527, "std": 0.0022175764128031295, "std_err": 0.0011087882064015646, "raw": [0.46164334078273433, 0.468146970241689, 0.463361011116308, 0.46318670349291247, 0.4650818956326196]}}, "noise_pct_40": {"accuracy": {"mean": 0.6211788211788212, "std": 0.004257197952579928, "std_err": 0.002128598976289964, "raw": [0.6283716283716284, 0.6153846153846154, 0.6193806193806194, 0.6203796203796204, 0.6223776223776224]}, "brier_score": {"mean": 0.5449635996165447, "std": 0.004797877116878344, "std_err": 0.0023989385584391714, "raw": [0.5397712841136192, 0.542338860786601, 0.5524252446289583, 0.5415699301888216, 0.5487126783647241]}}, "noise_pct_50": {"accuracy": {"mean": 0.5796203796203796, "std": 0.005187114879419462, "std_err": 0.002593557439709731, "raw": [0.5714285714285714, 0.5764235764235764, 0.5864135864135864, 0.5814185814185814, 0.5824175824175825]}, "brier_score": {"mean": 0.6090187769927248, "std": 0.0058437384007445905, "std_err": 0.0029218692003722953, "raw": [0.6142010954626277, 0.6170648298355004, 0.6068836816297875, 0.6009165585014098, 0.6060277195342985]}}, "noise_pct_60": {"accuracy": {"mean": 0.5400599400599401, "std": 0.002574245499845167, "std_err": 0.0012871227499225834, "raw": [0.5394605394605395, 0.5364635364635365, 0.5424575424575424, 0.5434565434565435, 0.5384615384615384]}, "brier_score": {"mean": 0.6691372842985249, "std": 0.00496185594010532, "std_err": 0.0024809279700526597, "raw": [0.66754795714906, 0.6736972053514956, 0.6628851130711578, 0.6760367425228013, 0.6655194033981098]}}, "noise_pct_70": {"accuracy": {"mean": 0.4869130869130869, "std": 0.0034374926142028577, "std_err": 0.0017187463071014287, "raw": [0.48951048951048953, 0.4825174825174825, 0.4875124875124875, 0.4835164835164835, 0.4915084915084915]}, "brier_score": {"mean": 0.7465628031289968, "std": 0.008750982250417984, "std_err": 0.004375491125208992, "raw": [0.7453954215233753, 0.7627975732194759, 0.7467671243982208, 0.7397373819149644, 0.7381165145889472]}}, "noise_pct_80": {"accuracy": {"mean": 0.4467532467532468, "std": 0.004869553489292266, "std_err": 0.002434776744646133, "raw": [0.4385614385614386, 0.44755244755244755, 0.4515484515484515, 0.4515484515484515, 0.44455544455544455]}, "brier_score": {"mean": 0.822128671444152, "std": 0.0029269747574095385, "std_err": 0.0014634873787047692, "raw": [0.8207517603823106, 0.8215852851720036, 0.825933684343177, 0.8246784873326658, 0.8176941399906027]}}, "noise_pct_90": {"accuracy": {"mean": 0.3932067932067932, "std": 0.0030036556200545308, "std_err": 0.0015018278100272654, "raw": [0.3906093906093906, 0.3926073926073926, 0.3956043956043956, 0.38961038961038963, 0.39760239760239763]}, "brier_score": {"mean": 0.9017156579886973, "std": 0.004734462915235502, "std_err": 0.002367231457617751, "raw": [0.8998280811599138, 0.9042496513575593, 0.9062700671563744, 0.9049386758209728, 0.8932918144486666]}}, "noise_pct_100": {"accuracy": {"mean": 0.29450549450549446, "std": 0.07512965742425026, "std_err": 0.03756482871212513, "raw": [0.2017982017982018, 0.3626373626373626, 0.34465534465534464, 0.3596403596403596, 0.2037962037962038]}, "brier_score": {"mean": 1.0216735751934531, "std": 0.09358215476998563, "std_err": 0.046791077384992816, "raw": [1.1371075332098473, 0.938854743973081, 0.9737900801118204, 0.9263642059862718, 1.1322513126862461]}}}