{"noise_pct_10": {"accuracy": {"mean": 0.7504495504495504, "std": 0.00648658664565354, "std_err": 0.00324329332282677, "raw": [0.7562437562437563, 0.7472527472527473, 0.7482517482517482, 0.7412587412587412, 0.7592407592407593]}, "brier_score": {"mean": 0.33445071989221387, "std": 0.004404240957568898, "std_err": 0.0022021204787844484, "raw": [0.3303123330677557, 0.33644662630624306, 0.33871362478730177, 0.3386562623914713, 0.32812475290829746]}}, "noise_pct_20": {"accuracy": {"mean": 0.7044955044955045, "std": 0.008223422828074601, "std_err": 0.004111711414037301, "raw": [0.7042957042957043, 0.7052947052947053, 0.7122877122877123, 0.6893106893106893, 0.7112887112887113]}, "brier_score": {"mean": 0.40650813825342685, "std": 0.0051097960059391856, "std_err": 0.0025548980029695923, "raw": [0.4017893043130064, 0.40120343108886003, 0.4043193996497, 0.41198885835469434, 0.41323969786087356]}}, "noise_pct_30": {"accuracy": {"mean": 0.6543456543456543, "std": 0.002825601523222958, "std_err": 0.001412800761611479, "raw": [0.6553446553446554, 0.6533466533466533, 0.6563436563436563, 0.6493506493506493, 0.6573426573426573]}, "brier_score": {"mean": 0.4834763176332764, "std": 0.004117393819498635, "std_err": 0.002058696909749317, "raw": [0.48074142610740667, 0.4910237655915891, 0.48456295322259696, 0.4814594720776933, 0.47959397116709623]}}, "noise_pct_40": {"accuracy": {"mean": 0.5972027972027971, "std": 0.0027828947606761585, "std_err": 0.0013914473803380793, "raw": [0.5944055944055944, 0.5974025974025974, 0.6023976023976024, 0.5964035964035964, 0.5954045954045954]}, "brier_score": {"mean": 0.5670656641521407, "std": 0.007056506116388994, "std_err": 0.003528253058194497, "raw": [0.5625911773806613, 0.5647826973201249, 0.5733073667867543, 0.5577150389179716, 0.5769320403551914]}}, "noise_pct_50": {"accuracy": {"mean": 0.5452547452547453, "std": 0.003367092816454082, "std_err": 0.0016835464082270409, "raw": [0.5444555444555444, 0.5454545454545454, 0.5414585414585414, 0.5434565434565435, 0.5514485514485514]}, "brier_score": {"mean": 0.6508630196282948, "std": 0.0026202537261346684, "std_err": 0.0013101268630673342, "raw": [0.6554205543095352, 0.6485025068995142, 0.6506932816638896, 0.6515671893341488, 0.6481315659343864]}}, "noise_pct_60": {"accuracy": {"mean": 0.4989010989010989, "std": 0.003003655620054538, "std_err": 0.001501827810027269, "raw": [0.4975024975024975, 0.4985014985014985, 0.5044955044955045, 0.4985014985014985, 0.4955044955044955]}, "brier_score": {"mean": 0.7201631049383483, "std": 0.005122820902644406, "std_err": 0.002561410451322203, "raw": [0.7240025879408342, 0.712606334837081, 0.7270239063699429, 0.7205095016303436, 0.7166731939135409]}}, "noise_pct_70": {"accuracy": {"mean": 0.4455544455544455, "std": 0.005093925588004785, "std_err": 0.002546962794002392, "raw": [0.45354645354645357, 0.44655344655344653, 0.4405594405594406, 0.44755244755244755, 0.43956043956043955]}, "brier_score": {"mean": 0.8032849190952046, "std": 0.00555890219586713, "std_err": 0.002779451097933565, "raw": [0.8095233281442056, 0.7942809011563203, 0.8087662419653971, 0.8013007914004199, 0.8025533328096802]}}, "noise_pct_80": {"accuracy": {"mean": 0.38941058941058937, "std": 0.009251418104128042, "std_err": 0.004625709052064021, "raw": [0.3986013986013986, 0.37962037962037964, 0.37962037962037964, 0.3876123876123876, 0.4015984015984016]}, "brier_score": {"mean": 0.8870677959626047, "std": 0.005924648826727243, "std_err": 0.0029623244133636217, "raw": [0.8950682248331817, 0.8779151000946229, 0.883446913448944, 0.8881842631380389, 0.8907244782982354]}}, "noise_pct_90": {"accuracy": {"mean": 0.34205794205794204, "std": 0.004668659918300868, "std_err": 0.002334329959150434, "raw": [0.34965034965034963, 0.33766233766233766, 0.33666333666333664, 0.3436563436563437, 0.34265734265734266]}, "brier_score": {"mean": 0.963237330879182, "std": 0.00973597211875891, "std_err": 0.004867986059379455, "raw": [0.9487922150507508, 0.958110406361544, 0.9750435396332778, 0.9612270979464677, 0.9730133954038691]}}, "noise_pct_100": {"accuracy": {"mean": 0.2549450549450549, "std": 0.015673813112851293, "std_err": 0.007836906556425646, "raw": [0.24875124875124874, 0.25074925074925075, 0.24175824175824176, 0.2857142857142857, 0.24775224775224775]}, "brier_score": {"mean": 1.0381911994121988, "std": 0.002824943040959882, "std_err": 0.001412471520479941, "raw": [1.0411867252932772, 1.032881867835276, 1.0395306853608104, 1.0391633679114947, 1.0381933506601366]}}}