{"noise_pct_10": {"accuracy": {"mean": 0.7652347652347653, "std": 0.0028256015232229576, "std_err": 0.0014128007616114788, "raw": [0.7682317682317682, 0.7662337662337663, 0.7672327672327672, 0.7642357642357642, 0.7602397602397603]}, "brier_score": {"mean": 0.3153853088886474, "std": 0.003982611007646032, "std_err": 0.001991305503823016, "raw": [0.31707994614576884, 0.31656234165806935, 0.3168576605457664, 0.3188456008183881, 0.30758099527524424]}}, "noise_pct_20": {"accuracy": {"mean": 0.727072927072927, "std": 0.004950853823522018, "std_err": 0.002475426911761009, "raw": [0.7232767232767233, 0.7352647352647352, 0.7302697302697303, 0.7222777222777222, 0.7242757242757243]}, "brier_score": {"mean": 0.3777254379315056, "std": 0.0026911424147310903, "std_err": 0.001345571207365545, "raw": [0.3745976986917941, 0.3804570806058214, 0.3748907450719313, 0.37765084310738417, 0.3810308221805971]}}, "noise_pct_30": {"accuracy": {"mean": 0.6795204795204796, "std": 0.00590679140822958, "std_err": 0.00295339570411479, "raw": [0.6903096903096904, 0.6793206793206793, 0.6723276723276723, 0.6783216783216783, 0.6773226773226774]}, "brier_score": {"mean": 0.4473468557419403, "std": 0.002244277351826985, "std_err": 0.0011221386759134924, "raw": [0.4452827491782706, 0.44935669500689673, 0.45011200092076464, 0.447659268276396, 0.4443235653273734]}}, "noise_pct_40": {"accuracy": {"mean": 0.6357642357642358, "std": 0.005420443542957258, "std_err": 0.002710221771478629, "raw": [0.6303696303696303, 0.6423576423576424, 0.6423576423576424, 0.6323676323676324, 0.6313686313686314]}, "brier_score": {"mean": 0.512007254742278, "std": 0.006638775600643303, "std_err": 0.003319387800321651, "raw": [0.5134078869798451, 0.5009289891020786, 0.5097837415485373, 0.5148023319588774, 0.521113324122052]}}, "noise_pct_50": {"accuracy": {"mean": 0.5904095904095905, "std": 0.001998001998001997, "std_err": 0.0009990009990009986, "raw": [0.5874125874125874, 0.5904095904095904, 0.5934065934065934, 0.5894105894105894, 0.5914085914085914]}, "brier_score": {"mean": 0.5817972828954884, "std": 0.0012872338174526599, "std_err": 0.0006436169087263299, "raw": [0.5825768484114999, 0.5809257442104921, 0.5797189688649829, 0.5832310595094752, 0.5825337934809913]}}, "noise_pct_60": {"accuracy": {"mean": 0.5542457542457543, "std": 0.002782894760676149, "std_err": 0.0013914473803380745, "raw": [0.5504495504495505, 0.5574425574425574, 0.5534465534465535, 0.5574425574425574, 0.5524475524475524]}, "brier_score": {"mean": 0.6351771156526143, "std": 0.004406426245204441, "std_err": 0.00220321312260222, "raw": [0.6310773460512481, 0.6300323200810891, 0.6420579626150807, 0.6377129120172723, 0.6350050374983807]}}, "noise_pct_70": {"accuracy": {"mean": 0.5062937062937063, "std": 0.0034836355193132197, "std_err": 0.0017418177596566096, "raw": [0.5074925074925075, 0.5044955044955045, 0.5104895104895105, 0.5004995004995005, 0.5084915084915085]}, "brier_score": {"mean": 0.7099655070305458, "std": 0.001345272679936956, "std_err": 0.0006726363399684779, "raw": [0.7107452398123025, 0.7112402601331796, 0.7075607091336309, 0.7108375855774242, 0.7094437404961923]}}, "noise_pct_80": {"accuracy": {"mean": 0.463936063936064, "std": 0.006492737985723045, "std_err": 0.003246368992861522, "raw": [0.45854145854145856, 0.4675324675324675, 0.4725274725274725, 0.45454545454545453, 0.46653346653346656]}, "brier_score": {"mean": 0.7680847197305434, "std": 0.006202820243271885, "std_err": 0.0031014101216359424, "raw": [0.7585798232044029, 0.7697013560879281, 0.7768138388622604, 0.771045656914596, 0.7642829235835298]}}, "noise_pct_90": {"accuracy": {"mean": 0.4093906093906094, "std": 0.0018311990789034239, "std_err": 0.0009155995394517119, "raw": [0.4115884115884116, 0.4085914085914086, 0.4075924075924076, 0.4075924075924076, 0.4115884115884116]}, "brier_score": {"mean": 0.8505362341261028, "std": 0.00402260013485863, "std_err": 0.002011300067429315, "raw": [0.8469376033993303, 0.8475271485354889, 0.8544524172574687, 0.8563509577708978, 0.8474130436673283]}}, "noise_pct_100": {"accuracy": {"mean": 0.21758241758241756, "std": 0.023601808241110418, "std_err": 0.011800904120555209, "raw": [0.21478521478521478, 0.17482517482517482, 0.21978021978021978, 0.23776223776223776, 0.24075924075924077]}, "brier_score": {"mean": 0.9302139880087094, "std": 0.1093998414582697, "std_err": 0.05469992072913484, "raw": [0.8792229651678528, 1.1489174967588525, 0.8727517686816899, 0.8790163294008185, 0.8711613800343326]}}}