{"noise_pct_10": {"accuracy": {"mean": 0.7662337662337662, "std": 0.006093087185605177, "std_err": 0.0030465435928025883, "raw": [0.7762237762237763, 0.7642357642357642, 0.7632367632367633, 0.7692307692307693, 0.7582417582417582]}, "brier_score": {"mean": 0.3104213923625515, "std": 0.004643231788312516, "std_err": 0.002321615894156258, "raw": [0.30553184397800015, 0.31622466827354756, 0.3115560388553213, 0.304558456972882, 0.3142359537330067]}}, "noise_pct_20": {"accuracy": {"mean": 0.7306693306693306, "std": 0.006584318502810832, "std_err": 0.0032921592514054154, "raw": [0.7182817182817183, 0.7332667332667333, 0.7302697302697303, 0.7372627372627373, 0.7342657342657343]}, "brier_score": {"mean": 0.3658535987987446, "std": 0.002142919722308771, "std_err": 0.0010714598611543855, "raw": [0.36664828614230444, 0.3693825249687212, 0.3651743392374166, 0.36520905193816766, 0.3628537917071128]}}, "noise_pct_30": {"accuracy": {"mean": 0.6861138861138861, "std": 0.005187114879419462, "std_err": 0.0025935574397097307, "raw": [0.6793206793206793, 0.6893106893106893, 0.6833166833166833, 0.6943056943056943, 0.6843156843156843]}, "brier_score": {"mean": 0.4215285179532078, "std": 0.005791798867501914, "std_err": 0.002895899433750957, "raw": [0.42776181460644197, 0.41174977659652506, 0.4241668071618489, 0.4183852314117098, 0.42557895998951323]}}, "noise_pct_40": {"accuracy": {"mean": 0.6441558441558443, "std": 0.0034836355193132197, "std_err": 0.0017418177596566096, "raw": [0.6453546453546454, 0.6493506493506493, 0.6453546453546454, 0.6413586413586414, 0.6393606393606394]}, "brier_score": {"mean": 0.48592318571574616, "std": 0.004994033941279376, "std_err": 0.002497016970639688, "raw": [0.491733906424493, 0.4805879926071564, 0.482400799417224, 0.49221233826148203, 0.48268089186837565]}}, "noise_pct_50": {"accuracy": {"mean": 0.6009990009990009, "std": 0.0037164985489986577, "std_err": 0.0018582492744993286, "raw": [0.5994005994005994, 0.6063936063936064, 0.5974025974025974, 0.5974025974025974, 0.6043956043956044]}, "brier_score": {"mean": 0.5420121368441102, "std": 0.004285213630138521, "std_err": 0.0021426068150692604, "raw": [0.535796083938508, 0.5468951348266539, 0.5416165885464872, 0.5465967746794328, 0.5391561022294689]}}, "noise_pct_60": {"accuracy": {"mean": 0.5644355644355644, "std": 0.0026050758861948615, "std_err": 0.0013025379430974308, "raw": [0.5644355644355644, 0.5694305694305695, 0.5624375624375625, 0.5624375624375625, 0.5634365634365635]}, "brier_score": {"mean": 0.5995231641215013, "std": 0.0025671009701767724, "std_err": 0.0012835504850883862, "raw": [0.596327818043258, 0.6012893245617313, 0.5980775571461101, 0.6035488496201885, 0.5983722712362188]}}, "noise_pct_70": {"accuracy": {"mean": 0.5210789210789211, "std": 0.0028676723465349257, "std_err": 0.0014338361732674626, "raw": [0.5194805194805194, 0.5244755244755245, 0.5214785214785215, 0.5234765234765235, 0.5164835164835165]}, "brier_score": {"mean": 0.6640650839666897, "std": 0.0019280163855190182, "std_err": 0.0009640081927595091, "raw": [0.6665562684113413, 0.6653796247198177, 0.6630550834508928, 0.6643589780051176, 0.6609754652462798]}}, "noise_pct_80": {"accuracy": {"mean": 0.4807192807192807, "std": 0.0023128545260320153, "std_err": 0.0011564272630160076, "raw": [0.4785214785214785, 0.4825174825174825, 0.4835164835164835, 0.4775224775224775, 0.48151848151848153]}, "brier_score": {"mean": 0.7195789358707563, "std": 0.0063066437584132955, "std_err": 0.0031533218792066473, "raw": [0.7254748619364639, 0.7142690409852613, 0.7100141368574333, 0.7226335143049094, 0.7255031252697132]}}, "noise_pct_90": {"accuracy": {"mean": 0.43096903096903094, "std": 0.0030036556200545178, "std_err": 0.0015018278100272587, "raw": [0.42957042957042957, 0.4305694305694306, 0.43656343656343655, 0.4305694305694306, 0.4275724275724276]}, "brier_score": {"mean": 0.7824443379624564, "std": 0.003641492598104338, "std_err": 0.001820746299052169, "raw": [0.7806184150906792, 0.7781956686871413, 0.7870160390244354, 0.7798129322402808, 0.7865786347697453]}}, "noise_pct_100": {"accuracy": {"mean": 0.39520479520479523, "std": 0.002330050707230898, "std_err": 0.0011650253536154489, "raw": [0.3936063936063936, 0.39760239760239763, 0.3956043956043956, 0.39760239760239763, 0.3916083916083916]}, "brier_score": {"mean": 0.8393531701658012, "std": 0.0065963806891222694, "std_err": 0.0032981903445611347, "raw": [0.8373304894059129, 0.8449612355790885, 0.832021989286326, 0.8334396105453202, 0.8490125260123589]}}}