{"noise_pct_10": {"accuracy": {"mean": 0.7682317682317682, "std": 0.006443362835803032, "std_err": 0.0032216814179015156, "raw": [0.7612387612387612, 0.7632367632367633, 0.7732267732267732, 0.7782217782217782, 0.7652347652347652]}, "brier_score": {"mean": 0.3135645634806079, "std": 0.003460990041669304, "std_err": 0.001730495020834652, "raw": [0.31749211736545874, 0.31284768164600396, 0.31168371471678985, 0.30845381928316035, 0.31734548439162663]}}, "noise_pct_20": {"accuracy": {"mean": 0.7284715284715284, "std": 0.003915268320132966, "std_err": 0.001957634160066483, "raw": [0.7222777222777222, 0.7302697302697303, 0.7282717282717283, 0.7342657342657343, 0.7272727272727273]}, "brier_score": {"mean": 0.36864199285773447, "std": 0.0052029090707212166, "std_err": 0.002601454535360608, "raw": [0.3715924106905207, 0.3723791858249569, 0.3711036704338759, 0.35837678007131923, 0.36975791726799967]}}, "noise_pct_30": {"accuracy": {"mean": 0.6827172827172827, "std": 0.006674642592803212, "std_err": 0.003337321296401606, "raw": [0.6853146853146853, 0.6893106893106893, 0.6883116883116883, 0.6713286713286714, 0.6793206793206793]}, "brier_score": {"mean": 0.43984417111570223, "std": 0.005281262750310204, "std_err": 0.0026406313751551015, "raw": [0.4355729100921044, 0.4356393584134035, 0.4355467261253027, 0.4475509942890995, 0.44491086665860086]}}, "noise_pct_40": {"accuracy": {"mean": 0.6357642357642357, "std": 0.0022427516803839483, "std_err": 0.0011213758401919741, "raw": [0.6313686313686314, 0.6373626373626373, 0.6373626373626373, 0.6363636363636364, 0.6363636363636364]}, "brier_score": {"mean": 0.49675353290196733, "std": 0.006472116473373767, "std_err": 0.003236058236686883, "raw": [0.49903512699079766, 0.48886589523858914, 0.5079632904695571, 0.49337657211150615, 0.4945267796993865]}}, "noise_pct_50": {"accuracy": {"mean": 0.5952047952047952, "std": 0.0019371348081583604, "std_err": 0.0009685674040791801, "raw": [0.5974025974025974, 0.5964035964035964, 0.5934065934065934, 0.5964035964035964, 0.5924075924075924]}, "brier_score": {"mean": 0.5673090698736047, "std": 0.007387442720026682, "std_err": 0.003693721360013341, "raw": [0.5743919323720345, 0.5659508827135985, 0.5762066019079036, 0.5641686607126368, 0.5558272716618505]}}, "noise_pct_60": {"accuracy": {"mean": 0.5574425574425574, "std": 0.0032830522927382757, "std_err": 0.0016415261463691377, "raw": [0.5524475524475524, 0.5614385614385614, 0.5604395604395604, 0.5554445554445554, 0.5574425574425574]}, "brier_score": {"mean": 0.6241931143352774, "std": 0.005623794805600828, "std_err": 0.0028118974028004144, "raw": [0.6260971560930563, 0.6139142707231035, 0.625758630788291, 0.6310051984114895, 0.6241903156604461]}}, "noise_pct_70": {"accuracy": {"mean": 0.5116883116883117, "std": 0.0035404685607730965, "std_err": 0.001770234280386548, "raw": [0.5184815184815185, 0.5104895104895105, 0.5094905094905094, 0.5084915084915085, 0.5114885114885115]}, "brier_score": {"mean": 0.6912777387344267, "std": 0.004242254256600036, "std_err": 0.0021211271283000186, "raw": [0.6862279998517887, 0.6986299528113312, 0.6918497852545133, 0.6915681955203358, 0.6881127602341643]}}, "noise_pct_80": {"accuracy": {"mean": 0.4705294705294706, "std": 0.002278072777420856, "std_err": 0.0011390363887104277, "raw": [0.4725274725274725, 0.46853146853146854, 0.4675324675324675, 0.47052947052947053, 0.47352647352647353]}, "brier_score": {"mean": 0.754170784912897, "std": 0.003048942797569465, "std_err": 0.0015244713987847326, "raw": [0.7521446062751581, 0.7506583708414801, 0.7541472251293815, 0.7542529277408365, 0.759650794577629]}}, "noise_pct_90": {"accuracy": {"mean": 0.416983016983017, "std": 0.0020570689592381655, "std_err": 0.0010285344796190827, "raw": [0.41858141858141856, 0.4165834165834166, 0.4165834165834166, 0.4195804195804196, 0.41358641358641357]}, "brier_score": {"mean": 0.8393607281591059, "std": 0.005649749337470439, "std_err": 0.002824874668735219, "raw": [0.8478657317261469, 0.8402515799687591, 0.8381348042243704, 0.8403547808414302, 0.8301967440348234]}}, "noise_pct_100": {"accuracy": {"mean": 0.37182817182817185, "std": 0.003965920727528319, "std_err": 0.001982960363764159, "raw": [0.37662337662337664, 0.37362637362637363, 0.3676323676323676, 0.37462537462537465, 0.36663336663336665]}, "brier_score": {"mean": 0.8985708912827073, "std": 0.006694765683321503, "std_err": 0.0033473828416607514, "raw": [0.893368162793083, 0.8943156609844769, 0.9094514245680456, 0.8924040469830602, 0.9033151610848712]}}}