{"noise_pct_0": {"accuracy": {"mean": 0.8065934065934066, "std": 0.0022427516803839743, "std_err": 0.001121375840191987, "raw": [0.8061938061938062, 0.8061938061938062, 0.8031968031968032, 0.8101898101898102, 0.8071928071928072]}, "brier_score": {"mean": 0.2510514838120459, "std": 0.001212008427052635, "std_err": 0.0006060042135263176, "raw": [0.24952667825167243, 0.25168464853485706, 0.2503802540607223, 0.2506190284698971, 0.25304680974308064]}}}