{"noise_pct_10": {"structured_test_accuracy": {"mean": 1.0, "std": 0.0, "std_err": 0.0, "raw": [1.0, 1.0, 1.0, 1.0, 1.0]}, "unstructured_test_accuracy": {"mean": 0.8896, "std": 0.0023323807579381226, "std_err": 0.001166190378969061, "raw": [0.889, 0.894, 0.889, 0.887, 0.889]}, "unstructured_test_brier_score": {"mean": 0.14944143545634322, "std": 0.003868347276642111, "std_err": 0.0019341736383210557, "raw": [0.14585061806409408, 0.1489896113734059, 0.15659149658229307, 0.14958640690908975, 0.1461890443528333]}, "interpretability": {"num_predicates": {"mean": 23.2, "std": 1.5999999999999999, "std_err": 0.7999999999999999, "raw": [24, 24, 20, 24, 24]}, "num_rules": {"mean": 7.8, "std": 0.39999999999999997, "std_err": 0.19999999999999998, "raw": [8, 8, 7, 8, 8]}}, "learning_time": {"mean": 0.5260282993316651, "std": 0.04791960599136343, "std_err": 0.023959802995681713, "raw": [0.4805419445037842, 0.5830473899841309, 0.4699099063873291, 0.5165560245513916, 0.5800862312316895]}}, "noise_pct_20": {"structured_test_accuracy": {"mean": 1.0, "std": 0.0, "std_err": 0.0, "raw": [1.0, 1.0, 1.0, 1.0, 1.0]}, "unstructured_test_accuracy": {"mean": 0.8406, "std": 0.0004898979485566361, "std_err": 0.00024494897427831806, "raw": [0.841, 0.84, 0.841, 0.841, 0.84]}, "unstructured_test_brier_score": {"mean": 0.19692085642439355, "std": 0.004577435771230814, "std_err": 0.0022887178856154065, "raw": [0.1934956568256807, 0.1981391718698436, 0.20457391931337907, 0.1911854171939178, 0.19721011691914658]}, "interpretability": {"num_predicates": {"mean": 23.2, "std": 1.5999999999999999, "std_err": 0.7999999999999999, "raw": [24, 24, 20, 24, 24]}, "num_rules": {"mean": 7.8, "std": 0.39999999999999997, "std_err": 0.19999999999999998, "raw": [8, 8, 7, 8, 8]}}, "learning_time": {"mean": 0.5822281837463379, "std": 0.08862323838563022, "std_err": 0.04431161919281511, "raw": [0.5432987213134766, 0.5242111682891846, 0.48488903045654297, 0.6244139671325684, 0.734328031539917]}}, "noise_pct_30": {"structured_test_accuracy": {"mean": 1.0, "std": 0.0, "std_err": 0.0, "raw": [1.0, 1.0, 1.0, 1.0, 1.0]}, "unstructured_test_accuracy": {"mean": 0.7886000000000001, "std": 0.002244994432064367, "std_err": 0.0011224972160321835, "raw": [0.791, 0.791, 0.788, 0.788, 0.785]}, "unstructured_test_brier_score": {"mean": 0.23284078148123727, "std": 0.004788391614013152, "std_err": 0.002394195807006576, "raw": [0.22973924233782192, 0.23606740972338117, 0.23903978888480704, 0.22542502865055303, 0.2339324378096232]}, "interpretability": {"num_predicates": {"mean": 23.2, "std": 1.5999999999999999, "std_err": 0.7999999999999999, "raw": [24, 24, 20, 24, 24]}, "num_rules": {"mean": 7.8, "std": 0.39999999999999997, "std_err": 0.19999999999999998, "raw": [8, 8, 7, 8, 8]}}, "learning_time": {"mean": 0.5702301979064941, "std": 0.07268361901228322, "std_err": 0.036341809506141604, "raw": [0.5848889350891113, 0.6376538276672363, 0.5296049118041992, 0.6473381519317627, 0.45166516304016113]}}, "noise_pct_40": {"structured_test_accuracy": {"mean": 1.0, "std": 0.0, "std_err": 0.0, "raw": [1.0, 1.0, 1.0, 1.0, 1.0]}, "unstructured_test_accuracy": {"mean": 0.7404, "std": 0.001959591794226544, "std_err": 0.000979795897113272, "raw": [0.742, 0.742, 0.738, 0.738, 0.742]}, "unstructured_test_brier_score": {"mean": 0.2727387288816999, "std": 0.0034430096926844986, "std_err": 0.0017215048463422493, "raw": [0.27062737183156743, 0.27431403425309037, 0.27825339903022533, 0.2680668460131764, 0.2724319932804402]}, "interpretability": {"num_predicates": {"mean": 22.4, "std": 1.9595917942265426, "std_err": 0.9797958971132713, "raw": [24, 24, 20, 20, 24]}, "num_rules": {"mean": 7.6, "std": 0.48989794855663565, "std_err": 0.24494897427831783, "raw": [8, 8, 7, 7, 8]}}, "learning_time": {"mean": 0.5309847354888916, "std": 0.08156995862528353, "std_err": 0.040784979312641766, "raw": [0.5547988414764404, 0.524029016494751, 0.6671097278594971, 0.41970205307006836, 0.48928403854370117]}}, "noise_pct_50": {"structured_test_accuracy": {"mean": 1.0, "std": 0.0, "std_err": 0.0, "raw": [1.0, 1.0, 1.0, 1.0, 1.0]}, "unstructured_test_accuracy": {"mean": 0.707, "std": 0.0021908902300206666, "std_err": 0.0010954451150103333, "raw": [0.707, 0.709, 0.703, 0.707, 0.709]}, "unstructured_test_brier_score": {"mean": 0.30747179394273677, "std": 0.004763883510223669, "std_err": 0.0023819417551118344, "raw": [0.30259491515661796, 0.31119028046890834, 0.3146626226909565, 0.30272949941460475, 0.3061816519825962]}, "interpretability": {"num_predicates": {"mean": 21.6, "std": 1.9595917942265424, "std_err": 0.9797958971132711, "raw": [20, 20, 24, 20, 24]}, "num_rules": {"mean": 7.4, "std": 0.4898979485566356, "std_err": 0.24494897427831777, "raw": [7, 7, 8, 7, 8]}}, "learning_time": {"mean": 0.5939181327819825, "std": 0.12882673995315388, "std_err": 0.06441336997657694, "raw": [0.5210349559783936, 0.45162487030029297, 0.4983401298522949, 0.7480709552764893, 0.7505197525024414]}}, "noise_pct_60": {"structured_test_accuracy": {"mean": 1.0, "std": 0.0, "std_err": 0.0, "raw": [1.0, 1.0, 1.0, 1.0, 1.0]}, "unstructured_test_accuracy": {"mean": 0.6656000000000001, "std": 0.002244994432064367, "std_err": 0.0011224972160321835, "raw": [0.667, 0.668, 0.664, 0.667, 0.662]}, "unstructured_test_brier_score": {"mean": 0.3479777579849555, "std": 0.003373167808382726, "std_err": 0.0016865839041913628, "raw": [0.34304809670699343, 0.35111735911608344, 0.3504259198321379, 0.344774459025664, 0.35052295524389865]}, "interpretability": {"num_predicates": {"mean": 20.8, "std": 1.5999999999999999, "std_err": 0.7999999999999999, "raw": [20, 20, 20, 20, 24]}, "num_rules": {"mean": 7.2, "std": 0.39999999999999997, "std_err": 0.19999999999999998, "raw": [7, 7, 7, 7, 8]}}, "learning_time": {"mean": 0.7461503505706787, "std": 0.12447451204378591, "std_err": 0.06223725602189295, "raw": [0.7589719295501709, 0.6719188690185547, 0.6931750774383545, 0.980043888092041, 0.6266419887542725]}}, "noise_pct_70": {"structured_test_accuracy": {"mean": 1.0, "std": 0.0, "std_err": 0.0, "raw": [1.0, 1.0, 1.0, 1.0, 1.0]}, "unstructured_test_accuracy": {"mean": 0.6245999999999999, "std": 0.001959591794226544, "std_err": 0.000979795897113272, "raw": [0.626, 0.626, 0.624, 0.626, 0.621]}, "unstructured_test_brier_score": {"mean": 0.3861224386207435, "std": 0.0032013864687852212, "std_err": 0.0016006932343926106, "raw": [0.3819121918266669, 0.39028128761586345, 0.3863113340804748, 0.38320965750473635, 0.38889772207597617]}, "interpretability": {"num_predicates": {"mean": 20.8, "std": 1.5999999999999999, "std_err": 0.7999999999999999, "raw": [20, 20, 20, 20, 24]}, "num_rules": {"mean": 7.2, "std": 0.39999999999999997, "std_err": 0.19999999999999998, "raw": [7, 7, 7, 7, 8]}}, "learning_time": {"mean": 0.5101553440093994, "std": 0.05790039297650228, "std_err": 0.028950196488251135, "raw": [0.429628849029541, 0.4507319927215576, 0.5542089939117432, 0.5682981014251709, 0.5479087829589844]}}, "noise_pct_80": {"structured_test_accuracy": {"mean": 1.0, "std": 0.0, "std_err": 0.0, "raw": [1.0, 1.0, 1.0, 1.0, 1.0]}, "unstructured_test_accuracy": {"mean": 0.5841999999999999, "std": 0.0016000000000000014, "std_err": 0.0008000000000000007, "raw": [0.585, 0.585, 0.585, 0.585, 0.581]}, "unstructured_test_brier_score": {"mean": 0.42585782733488803, "std": 0.003162779070181392, "std_err": 0.001581389535090696, "raw": [0.42362646609356036, 0.4308851570556786, 0.4235394171000595, 0.42294755208047785, 0.4282905443446641]}, "interpretability": {"num_predicates": {"mean": 19.2, "std": 3.919183588453085, "std_err": 1.9595917942265422, "raw": [20, 12, 20, 20, 24]}, "num_rules": {"mean": 6.8, "std": 0.9797958971132712, "std_err": 0.48989794855663554, "raw": [7, 5, 7, 7, 8]}}, "learning_time": {"mean": 0.5969432353973388, "std": 0.07312386918506161, "std_err": 0.036561934592530806, "raw": [0.5065300464630127, 0.5534160137176514, 0.6972701549530029, 0.6686859130859375, 0.5588140487670898]}},