{"noise_pct_0": {"structured_test_accuracy": {"mean": 1.0, "std": 0.0, "std_err": 0.0, "raw": [1.0, 1.0, 1.0, 1.0, 1.0]}, "unstructured_test_accuracy": {"mean": 0.9378, "std": 0.004664761515876203, "std_err": 0.002332380757938101, "raw": [0.939, 0.943, 0.939, 0.929, 0.939]}, "unstructured_test_brier_score": {"mean": 0.10406208935690589, "std": 0.004460207352291517, "std_err": 0.0022301036761457585, "raw": [0.09990459091768694, 0.10169446874479689, 0.10961825597807143, 0.10930242540823505, 0.09979070573573921]}, "interpretability": {"num_predicates": {"mean": 23.2, "std": 1.5999999999999999, "std_err": 0.7999999999999999, "raw": [24, 24, 20, 24, 24]}, "num_rules": {"mean": 7.8, "std": 0.39999999999999997, "std_err": 0.19999999999999998, "raw": [8, 8, 7, 8, 8]}}, "learning_time": {"mean": 0.7095239639282227, "std": 0.21870481271211947, "std_err": 0.10935240635605972, "raw": [0.5247948169708252, 1.109659194946289, 0.7608661651611328, 0.6340832710266113, 0.5182163715362549]}}}