{"noise_pct_10": {"structured_test_accuracy": {"mean": 0.9016, "std": 0.019945926902503196, "std_err": 0.009972963451251598, "raw": [0.87, 0.889, 0.907, 0.916, 0.926]}, "unstructured_test_accuracy": {"mean": 0.8744, "std": 0.018216476058777135, "std_err": 0.009108238029388567, "raw": [0.849, 0.858, 0.879, 0.889, 0.897]}, "unstructured_test_brier_score": {"mean": 0.2512, "std": 0.036432952117554235, "std_err": 0.018216476058777117, "raw": [0.302, 0.284, 0.242, 0.222, 0.206]}, "interpretability": {"num_predicates": {"mean": 62601.2, "std": 4041.113430726735, "std_err": 2020.5567153633676, "raw": [62385, 56459, 60220, 67069, 66873]}, "num_rules": {"mean": 4006.6, "std": 306.82346715986375, "std_err": 153.41173357993188, "raw": [3840, 3705, 3758, 4494, 4236]}}, "learning_time": {"mean": 155.26917433738708, "std": 2.572752392437462, "std_err": 1.286376196218731, "raw": [158.48995971679688, 156.1530055999756, 157.19959902763367, 152.2920069694519, 152.2113003730774]}}, "noise_pct_20": {"structured_test_accuracy": {"mean": 0.8552, "std": 0.03482757528166438, "std_err": 0.01741378764083219, "raw": [0.885, 0.861, 0.852, 0.791, 0.887]}, "unstructured_test_accuracy": {"mean": 0.812, "std": 0.027921318020465994, "std_err": 0.013960659010232997, "raw": [0.837, 0.82, 0.812, 0.759, 0.832]}, "unstructured_test_brier_score": {"mean": 0.376, "std": 0.055842636040932016, "std_err": 0.027921318020466004, "raw": [0.326, 0.36, 0.376, 0.482, 0.336]}, "interpretability": {"num_predicates": {"mean": 65137.2, "std": 8581.138325420468, "std_err": 4290.569162710233, "raw": [60132, 52768, 63465, 72936, 76385]}, "num_rules": {"mean": 4074.8, "std": 597.99979933107, "std_err": 298.99989966553494, "raw": [3525, 3464, 3830, 4958, 4597]}}, "learning_time": {"mean": 152.13995790481567, "std": 0.8067889670986877, "std_err": 0.4033944835493438, "raw": [153.08013463020325, 151.9369559288025, 150.87319779396057, 151.86415433883667, 152.9453468322754]}}, "noise_pct_30": {"structured_test_accuracy": {"mean": 0.8678000000000001, "std": 0.02913691816235893, "std_err": 0.014568459081179461, "raw": [0.834, 0.838, 0.865, 0.902, 0.9]}, "unstructured_test_accuracy": {"mean": 0.7935999999999999, "std": 0.02052900387257011, "std_err": 0.010264501936285055, "raw": [0.772, 0.774, 0.786, 0.82, 0.816]}, "unstructured_test_brier_score": {"mean": 0.4128, "std": 0.0410580077451403, "std_err": 0.02052900387257015, "raw": [0.456, 0.452, 0.428, 0.36, 0.368]}, "interpretability": {"num_predicates": {"mean": 65046.4, "std": 5261.3594669058675, "std_err": 2630.6797334529338, "raw": [61803, 56208, 68282, 69173, 69766]}, "num_rules": {"mean": 4054.0, "std": 297.40342970450087, "std_err": 148.70171485225043, "raw": [3673, 3777, 4049, 4402, 4369]}}, "learning_time": {"mean": 149.35114560127258, "std": 3.9367424896470506, "std_err": 1.968371244823525, "raw": [151.88520097732544, 151.68063378334045, 151.6231553554535, 149.96796369552612, 141.5987741947174]}}, "noise_pct_40": {"structured_test_accuracy": {"mean": 0.8515999999999998, "std": 0.01922082204277436, "std_err": 0.00961041102138718, "raw": [0.882, 0.845, 0.849, 0.859, 0.823]}, "unstructured_test_accuracy": {"mean": 0.7602, "std": 0.015535765188750775, "std_err": 0.007767882594375388, "raw": [0.769, 0.769, 0.761, 0.772, 0.73]}, "unstructured_test_brier_score": {"mean": 0.4796, "std": 0.03107153037750153, "std_err": 0.015535765188750763, "raw": [0.462, 0.462, 0.478, 0.456, 0.54]}, "interpretability": {"num_predicates": {"mean": 62067.8, "std": 7443.623026456942, "std_err": 3721.8115132284706, "raw": [48468, 62579, 64164, 63889, 71239]}, "num_rules": {"mean": 4050.2, "std": 411.5863943329517, "std_err": 205.79319716647584, "raw": [3352, 4051, 3954, 4314, 4580]}}, "learning_time": {"mean": 148.06654806137084, "std": 6.657494149250302, "std_err": 3.3287470746251504, "raw": [143.7475552558899, 139.89152884483337, 145.43182563781738, 152.91564011573792, 158.34619045257568]}}, "noise_pct_50": {"structured_test_accuracy": {"mean": 0.8241999999999999, "std": 0.02169239498072998, "std_err": 0.010846197490364988, "raw": [0.829, 0.822, 0.856, 0.826, 0.788]}, "unstructured_test_accuracy": {"mean": 0.7188, "std": 0.021037110067687513, "std_err": 0.010518555033843757, "raw": [0.728, 0.72, 0.75, 0.71, 0.686]}, "unstructured_test_brier_score": {"mean": 0.5624, "std": 0.04207422013537505, "std_err": 0.021037110067687527, "raw": [0.544, 0.56, 0.5, 0.58, 0.628]}, "interpretability": {"num_predicates": {"mean": 61510.0, "std": 7963.439483037464, "std_err": 3981.7197415187316, "raw": [48168, 56789, 65283, 68182, 69128]}, "num_rules": {"mean": 4109.0, "std": 465.45117896509834, "std_err": 232.72558948254914, "raw": [3350, 3886, 4139, 4626, 4544]}}, "learning_time": {"mean": 149.46894717216492, "std": 4.998246110291366, "std_err": 2.4991230551456827, "raw": [156.6122214794159, 144.89610481262207, 142.81945085525513, 151.03950095176697, 151.97745776176453]}}, "noise_pct_60": {"structured_test_accuracy": {"mean": 0.7796000000000001, "std": 0.05253417935020969, "std_err": 0.026267089675104844, "raw": [0.795, 0.801, 0.841, 0.778, 0.683]}, "unstructured_test_accuracy": {"mean": 0.693, "std": 0.03953732413808501, "std_err": 0.019768662069042504, "raw": [0.704, 0.706, 0.738, 0.698, 0.619]}, "unstructured_test_brier_score": {"mean": 0.614, "std": 0.07907464827617003, "std_err": 0.039537324138085014, "raw": [0.592, 0.588, 0.524, 0.604, 0.762]}, "interpretability": {"num_predicates": {"mean": 58196.8, "std": 10612.13496710252, "std_err": 5306.06748355126, "raw": [43224, 56363, 73195, 66482, 51720]}, "num_rules": {"mean": 3890.0, "std": 537.0512079867245, "std_err": 268.5256039933622, "raw": [3041, 3915, 4592, 4283, 3619]}}, "learning_time": {"mean": 149.13034696578978, "std": 3.054139932505322, "std_err": 1.5270699662526608, "raw": [148.5474817752838, 149.05329489707947, 151.76039934158325, 152.47166895866394, 143.8188898563385]}}, "noise_pct_70": {"structured_test_accuracy": {"mean": 0.7382, "std": 0.04851556451284476, "std_err": 0.024257782256422375, "raw": [0.796, 0.723, 0.794, 0.7, 0.678]}, "unstructured_test_accuracy": {"mean": 0.6644, "std": 0.026575176386996923, "std_err": 0.01328758819349846, "raw": [0.695, 0.669, 0.688, 0.647, 0.623]}, "unstructured_test_brier_score": {"mean": 0.6712, "std": 0.05315035277399389, "std_err": 0.026575176386996944, "raw": [0.61, 0.662, 0.624, 0.706, 0.754]}, "interpretability": {"num_predicates": {"mean": 44558.6, "std": 6941.805459676899, "std_err": 3470.902729838449, "raw": [41315, 37351, 57721, 44083, 42323]}, "num_rules": {"mean": 3182.4, "std": 372.4892481669773, "std_err": 186.24462408348865, "raw": [2991, 2748, 3862, 3206, 3105]}}, "learning_time": {"mean": 155.60882740020753, "std": 5.228093801043399, "std_err": 2.6140469005216995, "raw": [145.1619200706482, 157.92342448234558, 158.03596949577332, 158.50669384002686, 158.41612911224365]}}, "noise_pct_80": {"structured_test_accuracy": {"mean": 0.6683999999999999, "std": 0.018618270596379233, "std_err": 0.009309135298189617, "raw": [0.676, 0.676, 0.693, 0.659, 0.638]}, "unstructured_test_accuracy": {"mean": 0.6352, "std": 0.020370567002417992, "std_err": 0.010185283501208994, "raw": [0.638, 0.646, 0.659, 0.635, 0.598]}, "unstructured_test_brier_score": {"mean": 0.7295999999999999, "std": 0.040741134004835956, "std_err": 0.020370567002417978, "raw": [0.724, 0.708, 0.682, 0.73, 0.804]}, "interpretability": {"num_predicates": {"mean": 32753.8, "std": 4814.862340711311, "std_err": 2407.4311703556555, "raw": [34522, 27180, 38388, 36754, 26925]}, "num_rules": {"mean": 2413.0, "std": 312.5143196719152, "std_err": 156.2571598359576, "raw": [2528, 2064, 2821, 2619, 2033]}}, "learning_time": {"mean": 158.24872827529907, "std": 0.5882477250674564, "std_err": 0.29412386253372813, "raw": [158.46343231201172, 158.31467628479004, 157.1320629119873, 158.4626157283783, 158.870854139328]}}, "noise_pct_90": {"structured_test_accuracy": {"mean": 0.6496000000000001, "std": 0.02119056393775307,