{"noise_pct_0": {"structured_test_accuracy": {"mean": 0.9164, "std": 0.042762600482197044, "std_err": 0.021381300241098522, "raw": [0.963, 0.87, 0.913, 0.869, 0.967]}, "unstructured_test_accuracy": {"mean": 0.9154, "std": 0.04277195342745055, "std_err": 0.021385976713725274, "raw": [0.962, 0.87, 0.912, 0.867, 0.966]}, "unstructured_test_brier_score": {"mean": 0.16920000000000002, "std": 0.08554390685490114, "std_err": 0.04277195342745056, "raw": [0.076, 0.26, 0.176, 0.266, 0.068]}, "interpretability": {"num_predicates": {"mean": 56155.2, "std": 4169.186846376641, "std_err": 2084.5934231883207, "raw": [50728, 53904, 54095, 60423, 61626]}, "num_rules": {"mean": 3725.8, "std": 247.91563081016088, "std_err": 123.95781540508044, "raw": [3374, 3645, 3595, 3983, 4032]}}, "learning_time": {"mean": 156.84562149047852, "std": 3.7431526819487133, "std_err": 1.8715763409743567, "raw": [150.187029838562, 156.4260036945343, 159.57535982131958, 156.9417610168457, 161.09795308113098]}}}