{"noise_pct_10": {"accuracy": {"mean": 1.0, "std": 0.0, "std_err": 0.0, "raw": [1.0, 1.0, 1.0, 1.0, 1.0]}, "interpretability": {"num_rules": {"mean": 4.2, "std": 0.39999999999999997, "std_err": 0.19999999999999998, "raw": [4, 4, 5, 4, 4]}, "num_predicates": {"mean": 4.2, "std": 0.39999999999999997, "std_err": 0.19999999999999998, "raw": [4, 4, 5, 4, 4]}}, "learning_time": {"mean": 107.81073017120362, "std": 6.003953591191749, "std_err": 3.0019767955958745, "raw": [110.11337924003601, 108.26028871536255, 103.50372004508972, 117.39080023765564, 99.78546261787415]}}, "noise_pct_20": {"accuracy": {"mean": 1.0, "std": 0.0, "std_err": 0.0, "raw": [1.0, 1.0, 1.0, 1.0, 1.0]}, "interpretability": {"num_rules": {"mean": 4.0, "std": 0.0, "std_err": 0.0, "raw": [4, 4, 4, 4, 4]}, "num_predicates": {"mean": 4.0, "std": 0.0, "std_err": 0.0, "raw": [4, 4, 4, 4, 4]}}, "learning_time": {"mean": 113.73448333740234, "std": 5.9068346468714426, "std_err": 2.953417323435721, "raw": [117.60804462432861, 110.88348054885864, 103.3931360244751, 117.70199370384216, 119.0857617855072]}}, "noise_pct_30": {"accuracy": {"mean": 1.0, "std": 0.0, "std_err": 0.0, "raw": [1.0, 1.0, 1.0, 1.0, 1.0]}, "interpretability": {"num_rules": {"mean": 4.0, "std": 0.0, "std_err": 0.0, "raw": [4, 4, 4, 4, 4]}, "num_predicates": {"mean": 4.0, "std": 0.0, "std_err": 0.0, "raw": [4, 4, 4, 4, 4]}}, "learning_time": {"mean": 111.331391954422, "std": 6.425540328108122, "std_err": 3.212770164054061, "raw": [109.16291856765747, 101.40788650512695, 110.01961946487427, 120.45283198356628, 115.61370325088501]}}, "noise_pct_40": {"accuracy": {"mean": 1.0, "std": 0.0, "std_err": 0.0, "raw": [1.0, 1.0, 1.0, 1.0, 1.0]}, "interpretability": {"num_rules": {"mean": 4.0, "std": 0.0, "std_err": 0.0, "raw": [4, 4, 4, 4, 4]}, "num_predicates": {"mean": 4.0, "std": 0.0, "std_err": 0.0, "raw": [4, 4, 4, 4, 4]}}, "learning_time": {"mean": 106.91770725250244, "std": 4.74797365548753, "std_err": 2.373986827743765, "raw": [114.57761669158936, 110.32284355163574, 103.70027685165405, 102.18683338165283, 103.80096578598022]}}, "noise_pct_50": {"accuracy": {"mean": 1.0, "std": 0.0, "std_err": 0.0, "raw": [1.0, 1.0, 1.0, 1.0, 1.0]}, "interpretability": {"num_rules": {"mean": 4.0, "std": 0.0, "std_err": 0.0, "raw": [4, 4, 4, 4, 4]}, "num_predicates": {"mean": 4.0, "std": 0.0, "std_err": 0.0, "raw": [4, 4, 4, 4, 4]}}, "learning_time": {"mean": 103.56063256263732, "std": 1.4393081381743509, "std_err": 0.7196540690871754, "raw": [105.27638363838196, 103.1626124382019, 102.36482882499695, 101.79402565956116, 105.20531225204468]}}, "noise_pct_60": {"accuracy": {"mean": 1.0, "std": 0.0, "std_err": 0.0, "raw": [1.0, 1.0, 1.0, 1.0, 1.0]}, "interpretability": {"num_rules": {"mean": 4.0, "std": 0.0, "std_err": 0.0, "raw": [4, 4, 4, 4, 4]}, "num_predicates": {"mean": 4.0, "std": 0.0, "std_err": 0.0, "raw": [4, 4, 4, 4, 4]}}, "learning_time": {"mean": 107.30332503318786, "std": 6.1052607913741905, "std_err": 3.0526303956870953, "raw": [111.48711061477661, 102.35887336730957, 105.54754853248596, 100.24979591369629, 116.8732967376709]}}, "noise_pct_70": {"accuracy": {"mean": 1.0, "std": 0.0, "std_err": 0.0, "raw": [1.0, 1.0, 1.0, 1.0, 1.0]}, "interpretability": {"num_rules": {"mean": 4.0, "std": 0.0, "std_err": 0.0, "raw": [4, 4, 4, 4, 4]}, "num_predicates": {"mean": 4.0, "std": 0.0, "std_err": 0.0, "raw": [4, 4, 4, 4, 4]}}, "learning_time": {"mean": 103.88064427375794, "std": 3.1078478303598915, "std_err": 1.5539239151799458, "raw": [108.62571382522583, 106.2027759552002, 102.40387988090515, 99.95002174377441, 102.22082996368408]}}, "noise_pct_80": {"accuracy": {"mean": 1.0, "std": 0.0, "std_err": 0.0, "raw": [1.0, 1.0, 1.0, 1.0, 1.0]}, "interpretability": {"num_rules": {"mean": 4.0, "std": 0.0, "std_err": 0.0, "raw": [4, 4, 4, 4, 4]}, "num_predicates": {"mean": 4.0, "std": 0.0, "std_err": 0.0, "raw": [4, 4, 4, 4, 4]}}, "learning_time": {"mean": 108.2291666507721, "std": 5.993462929940732, "std_err": 2.996731464970366, "raw": [115.32630205154419, 108.58266854286194, 103.2479944229126, 99.87922191619873, 114.10964632034302]}}, "noise_pct_90": {"accuracy": {"mean": 0.6, "std": 0.2, "std_err": 0.09999999999999999, "raw": [0.5, 0.5, 0.5, 0.5, 1.0]}, "interpretability": {"num_rules": {"mean": 3.2, "std": 0.9797958971132712, "std_err": 0.48989794855663554, "raw": [4, 4, 2, 2, 4]}, "num_predicates": {"mean": 3.2, "std": 0.9797958971132712, "std_err": 0.48989794855663554, "raw": [4, 4, 2, 2, 4]}}, "learning_time": {"mean": 108.06570301055908, "std": 5.873496733052045, "std_err": 2.9367483665260226, "raw": [114.93059802055359, 113.31979322433472, 109.58620762825012, 100.14418768882751, 102.34772849082947]}}, "noise_pct_100": {"accuracy": {"mean": 0.5, "std": 0.0, "std_err": 0.0, "raw": [0.5, 0.5, 0.5, 0.5, 0.5]}, "interpretability": {"num_rules": {"mean": 2.8, "std": 0.9797958971132712, "std_err": 0.48989794855663554, "raw": [4, 4, 2, 2, 2]}, "num_predicates": {"mean": 2.8, "std": 0.9797958971132712, "std_err": 0.48989794855663554, "raw": [4, 4, 2, 2, 2]}}, "learning_time": {"mean": 105.69785857200623, "std": 3.275331800058679, "std_err": 1.6376659000293394, "raw": [101.58496117591858, 103.01619672775269, 105.00507926940918, 108.72679209709167, 110.15626358985901]}}}