{"noise_pct_80": {"accuracy": {"mean": 0.97, "std": 0.11874342087037919, "std_err": 0.016963345838625597, "raw": [1.0, 1.0, 1.0, 1.0, 1.0, 1.0, 1.0, 0.5, 1.0, 1.0, 1.0, 1.0, 1.0, 1.0, 0.5, 1.0, 1.0, 1.0, 0.5, 1.0, 1.0, 1.0, 1.0, 1.0, 1.0, 1.0, 1.0, 1.0, 1.0, 1.0, 1.0, 1.0, 1.0, 1.0, 1.0, 1.0, 1.0, 1.0, 1.0, 1.0, 1.0, 1.0, 1.0, 1.0, 1.0, 1.0, 1.0, 1.0, 1.0, 1.0]}, "interpretability": {"num_rules": {"mean": 3.96, "std": 0.34409301068170506, "std_err": 0.049156144383100724, "raw": [4, 4, 4, 4, 4, 4, 4, 5, 4, 4, 4, 4, 4, 4, 3, 4, 4, 4, 2, 4, 4, 4, 4, 4, 4, 4, 4, 4, 4, 4, 4, 4, 4, 4, 4, 4, 4, 4, 4, 4, 4, 4, 4, 4, 4, 4, 4, 4, 4, 4]}, "num_predicates": {"mean": 3.96, "std": 0.34409301068170506, "std_err": 0.049156144383100724, "raw": [4, 4, 4, 4, 4, 4, 4, 5, 4, 4, 4, 4, 4, 4, 3, 4, 4, 4, 2, 4, 4, 4, 4, 4, 4, 4, 4, 4, 4, 4, 4, 4, 4, 4, 4, 4, 4, 4, 4, 4, 4, 4, 4, 4, 4, 4, 4, 4, 4, 4]}}, "learning_time": {"mean": 105.66440396308899, "std": 5.592589895904787, "std_err": 0.7989414137006838, "raw": [115.32630205154419, 108.58266854286194, 103.2479944229126, 99.87922191619873, 114.10964632034302, 108.77269172668457, 107.71096396446228, 110.83712267875671, 113.76885890960693, 97.87788772583008, 122.3743577003479, 95.98644399642944, 101.4820327758789, 101.44120764732361, 100.54735088348389, 97.87071323394775, 105.44362831115723, 108.81577849388123, 98.62479519844055, 97.71753764152527, 104.40226221084595, 106.76285099983215, 109.95335054397583, 104.83653903007507, 103.77431297302246, 106.68657326698303, 109.40329647064209, 105.57458305358887, 99.59350228309631, 96.98495578765869, 96.47017335891724, 108.30394673347473, 108.85730600357056, 106.26971220970154, 107.82984828948975, 112.7454571723938, 103.3169858455658, 109.97446489334106, 114.55900168418884, 102.09764814376831, 106.96069574356079, 106.64963030815125, 105.53273630142212, 107.14616513252258, 109.56503415107727, 101.5227382183075, 99.29428315162659, 99.72725319862366, 107.30740094184875, 110.70028591156006]}}, "noise_pct_85": {"accuracy": {"mean": 0.85, "std": 0.22912878474779202, "std_err": 0.032732683535398856, "raw": [1.0, 1.0, 0.5, 1.0, 1.0, 0.5, 1.0, 0.5, 1.0, 1.0, 1.0, 1.0, 1.0, 0.5, 0.5, 0.5, 1.0, 1.0, 0.5, 1.0, 0.5, 1.0, 1.0, 1.0, 1.0, 1.0, 1.0, 1.0, 0.5, 1.0, 1.0, 1.0, 0.5, 1.0, 1.0, 1.0, 1.0, 0.5, 1.0, 1.0, 1.0, 1.0, 0.5, 1.0, 1.0, 0.5, 0.5, 1.0, 0.5, 1.0]}, "interpretability": {"num_rules": {"mean": 3.76, "std": 0.6499230723708769, "std_err": 0.09284615319583957, "raw": [4, 4, 2, 4, 4, 3, 4, 5, 4, 4, 4, 4, 4, 4, 3, 4, 4, 4, 2, 4, 4, 4, 4, 4, 4, 4, 4, 4, 4, 4, 4, 4, 3, 4, 4, 4, 4, 4, 4, 4, 4, 4, 4, 4, 4, 2, 2, 4, 2, 4]}, "num_predicates": {"mean": 3.76, "std": 0.6499230723708769, "std_err": 0.09284615319583957, "raw": [4, 4, 2, 4, 4, 3, 4, 5, 4, 4, 4, 4, 4, 4, 3, 4, 4, 4, 2, 4, 4, 4, 4, 4, 4, 4, 4, 4, 4, 4, 4, 4, 3, 4, 4, 4, 4, 4, 4, 4, 4, 4, 4, 4, 4, 2, 2, 4, 2, 4]}}, "learning_time": {"mean": 103.52323657035828, "std": 6.003415320329138, "std_err": 0.8576307600470197, "raw": [99.312016248703, 111.55912971496582, 100.68092179298401, 109.08005475997925, 99.14029335975647, 111.10511183738708, 107.06777143478394, 111.06602954864502, 111.49222540855408, 108.88862991333008, 117.80707573890686, 106.51734256744385, 108.8800904750824, 101.35608530044556, 105.43847441673279, 109.21234250068665, 103.16804075241089, 110.89346742630005, 95.22247099876404, 100.35970091819763, 91.6462619304657, 107.46284604072571, 106.95539593696594, 105.3356819152832, 107.6711835861206, 108.2387342453003, 109.57915687561035, 107.55869340896606, 102.91494655609131, 106.62838673591614, 102.49321269989014, 103.36090207099915, 94.62164402008057, 94.05855941772461, 94.1882553100586, 106.131192445755, 109.04944086074829, 107.82190012931824, 96.70297241210938, 95.64723086357117, 102.38627123832703, 95.94802784919739, 94.18082928657532, 97.50617551803589, 104.4548749923706, 101.49637031555176, 97.80053067207336, 94.53889012336731, 98.0022349357605, 103.53375101089478]}}, "noise_pct_90": {"accuracy": {"mean": 0.66664, "std": 0.23331435960951907, "std_err": 0.033330622801359865, "raw": [0.5, 0.5, 0.5, 0.5, 1.0, 0.5, 0.5, 0.5, 1.0, 1.0, 0.5, 1.0, 1.0, 0.5, 0.5, 0.5, 1.0, 0.5, 0.5, 0.5, 0.5, 0.5, 1.0, 0.5, 0.5, 0.5, 0.5, 1.0, 0.5, 1.0, 1.0, 1.0, 0.5, 1.0, 0.5, 1.0, 0.832, 0.5, 1.0, 0.5, 1.0, 0.5, 0.5, 1.0, 0.5, 0.5, 0.5, 0.5, 0.5, 0.5]}, "interpretability": {"num_rules": {"mean": 3.4, "std": 0.7483314773547883, "std_err": 0.10690449676496976, "raw": [4, 4, 2, 2, 4, 3, 3, 4, 4, 4, 3, 4, 4, 4, 3, 4, 4, 2, 2, 3, 4, 3, 4, 4, 3, 3, 3, 4, 4, 4, 4, 4, 3, 4, 4, 4, 3, 4, 4, 4, 4, 3, 4, 4, 3, 2, 2, 2, 2, 3]}, "num_predicates": {"mean": 3.4, "std": 0.7483314773547883, "std_err": 0.10690449676496976, "raw": [4, 4, 2, 2, 4, 3, 3, 4, 4, 4, 3, 4, 4, 4, 3, 4, 4, 2, 2, 3, 4, 3, 4, 4, 3, 3, 3, 4, 4, 4, 4, 4, 3, 4, 4, 4, 3, 4, 4, 4, 4, 3, 4, 4, 3, 2, 2, 2, 2, 3]}}, "learning_time": {"mean": 102.82090714931488, "std": 5.953416102366107, "std_err": 0.8504880146237296, "raw": [114.93059802055359, 113.31979322433472, 109.58620762825012, 100.14418768882751, 102.34772849082947, 104.03661298751831, 97.45070147514343, 104.528555393219, 95.15434408187866, 104.62054204940796, 125.75735926628113, 98.8446192741394, 98.76169037818909, 96.90766167640686, 98.6058464050293, 104.23148918151855, 100.82752704620361, 108.7016384601593, 101.07087588310242, 106.05272459983826, 98.2463960647583, 100.28549528121948, 111.5262656211853, 100.35458946228027, 105.41977190971375, 105.3519914150238, 97.1061053276062, 106.2796528339386, 98.75549077987671, 94.92868971824646, 101.84338283538818, 95.4661853313446, 104.15912055969238, 105.98426866531372, 105.12529277801514, 101.9206895828247, 100.97334456443787, 98.67698931694031, 106.96596145629883, 98.32167744636536, 104.71479892730713, 103.69524884223938, 94.76335263252258, 95.08345651626587, 108.34669041633606, 103.48573350906372, 103.8417580127716, 90.99587273597717, 106.0475025177002, 106.49887919425964]}}, "noise_pct_95": {"accuracy": {"mean": 0.51, "std": 0.06999999999999999, "std_err": 0.009999999999999997, "raw": [0.5, 0.5, 0.5, 0.5, 1.0, 0.5, 0.5, 0.5, 0.5, 0.5, 0.5, 0.5, 0.5, 0.5, 0.5, 0.5, 0.5, 0.5, 0.5, 0.5, 0.5, 0.5, 0.5, 0.5, 0.5, 0.5, 0.5, 0.5, 0.5, 0.5, 0.5, 0.5, 0.5, 0.5, 0.5, 0.5, 0.5, 0.5, 0.5, 0.5, 0.5, 0.5, 0.5, 0.5, 0.5, 0.5, 0.5, 0.5, 0.5, 0.5]}, "interpretability": {"num_rules": {"mean": 3.32, "std": 0.7332121111929344, "std_err": 0.10474458731327634, "raw": [4, 4, 2, 2, 4, 3, 3, 4, 4, 4, 3, 3, 3, 4, 3, 3, 3, 2, 2, 3, 4, 3, 4, 4, 3, 3, 4, 4, 4, 3, 4, 4, 3, 4, 4, 3, 4, 4, 4, 4, 4, 3, 4, 4, 3, 2, 2, 2, 2, 3]}, "num_predicates": {"mean": 3.32, "std": 0.7332121111929344, "std_err": 0.10474458731327634, "raw": [4, 4, 2, 2, 4, 3, 3, 4, 4, 4, 3, 3, 3, 4, 3, 3, 3, 2, 2, 3, 4, 3, 4, 4, 3, 3, 4, 4, 4, 3, 4, 4, 3, 4, 4, 3, 4, 4, 4, 4, 4, 3, 4, 4, 3, 2, 2, 2, 2, 3]}}, "learning_time": {"mean": 100.7033294057846, "std": 5.454384379834109, "std_err": 0.7791977685477299, "raw": [100.99584484100342, 96.66520428657532, 98.48514652252197, 99.7904634475708, 104.28697872161865, 103.82821679115295, 97.2840485572815, 103.28458881378174, 95.5970470905304, 103.64689183235168, 123.89481353759766, 103.11081719398499, 95.04652118682861, 102.49900102615356, 100.1198058128357, 102.23483610153198, 97.5043261051178, 103.55413722991943, 94.63096451759338, 103.88611459732056, 93.4116370677948, 104.10294365882874, 99.89470529556274, 98.84250116348267, 107.14322352409363, 101.6992757320404, 93.9701795578003, 95.82524728775024, 99.2998275756836, 95.20411515235901, 101.2021107673645, 102.91196823120117, 105.52681636810303, 106.56373691558838, 93.32053399085999, 97.38310861587524, 102.40627908706665, 103.7261323928833, 103.50481963157654, 96.95092797279358, 103.33346223831177, 96.51936101913452, 103.77030158042908, 93.28222799301147, 103.87464332580566, 97.51243805885315, 108.8101315498352, 88.96869564056396, 98.16546106338501, 107.69388961791992]}}, "noise_pct_96": {"accuracy": {"mean": 0.51, "std": 0.06999999999999999,