{"noise_pct_0": {"accuracy": {"mean": 1.0, "std": 0.0, "std_err": 0.0, "raw": [1.0, 1.0, 1.0, 1.0, 1.0]}, "interpretability": {"num_rules": {"mean": 3.4, "std": 1.2000000000000002, "std_err": 0.6, "raw": [1, 4, 4, 4, 4]}, "num_predicates": {"mean": 3.4, "std": 1.2000000000000002, "std_err": 0.6, "raw": [1, 4, 4, 4, 4]}}, "learning_time": {"mean": 84.18578338623047, "std": 42.06165107190742, "std_err": 21.03082553595371, "raw": [0.4651155471801758, 99.53850054740906, 106.75135445594788, 111.71959233283997, 102.45435404777527]}}}