{"noise_pct_10": {"correct": {"mean_penalty_ratio": 0.9037519658609201, "std": 0.013318226064677103, "std_err": 0.006659113032338551, "raw": [0.8979469117773388, 0.9034606741573034, 0.8876836948915325, 0.9280491857760054, 0.9016193627024204]}, "constant_correct": {"mean_penalty_ratio": 0.838125, "std": 0.019304306514350607, "std_err": 0.009652153257175304, "raw": [0.834375, 0.840625, 0.8125, 0.871875, 0.83125]}}, "noise_pct_20": {"correct": {"mean_penalty_ratio": 0.8893817433299361, "std": 0.014725015238783761, "std_err": 0.007362507619391881, "raw": [0.8766548573559575, 0.8963420427553445, 0.8773091994775145, 0.9151661739675715, 0.8814364430932928]}, "constant_correct": {"mean_penalty_ratio": 0.8125, "std": 0.019960899278339148, "std_err": 0.009980449639169574, "raw": [0.803125, 0.821875, 0.790625, 0.846875, 0.8]}}, "noise_pct_30": {"correct": {"mean_penalty_ratio": 0.869406789803846, "std": 0.013421023985099326, "std_err": 0.006710511992549663, "raw": [0.8529232022815237, 0.8785537700865266, 0.8647599591419816, 0.8904292953437231, 0.860367722165475]}, "constant_correct": {"mean_penalty_ratio": 0.7762499999999999, "std": 0.015885331283923575, "std_err": 0.007942665641961787, "raw": [0.765625, 0.790625, 0.7625, 0.8, 0.7625]}}, "noise_pct_40": {"correct": {"mean_penalty_ratio": 0.8459993156744237, "std": 0.010173620332797735, "std_err": 0.0050868101663988675, "raw": [0.8362767966233478, 0.8496866096866097, 0.8460175030464163, 0.862995088305988, 0.8350205807097564]}, "constant_correct": {"mean_penalty_ratio": 0.735625, "std": 0.01093303480283492, "std_err": 0.005466517401417459, "raw": [0.73125, 0.746875, 0.728125, 0.75, 0.721875]}}, "noise_pct_50": {"correct": {"mean_penalty_ratio": 0.821050169216788, "std": 0.008561098918431884, "std_err": 0.004280549459215942, "raw": [0.8131399317406144, 0.8259590636107366, 0.8199639206253758, 0.8347184829685123, 0.8114694471387003]}, "constant_correct": {"mean_penalty_ratio": 0.701875, "std": 0.009185586535436923, "std_err": 0.0045927932677184615, "raw": [0.7, 0.7125, 0.69375, 0.7125, 0.690625]}}, "noise_pct_60": {"correct": {"mean_penalty_ratio": 0.7859431623619038, "std": 0.00725511573658156, "std_err": 0.0036275578682907796, "raw": [0.7823862106113655, 0.7840861997513469, 0.7946405565575883, 0.7934131736526946, 0.7751896712365234]}, "constant_correct": {"mean_penalty_ratio": 0.664375, "std": 0.007015607600201137, "std_err": 0.003507803800100568, "raw": [0.66875, 0.671875, 0.659375, 0.66875, 0.653125]}}, "noise_pct_70": {"correct": {"mean_penalty_ratio": 0.7393284561199429, "std": 0.012625261757044808, "std_err": 0.006312630878522404, "raw": [0.7328326180257511, 0.7205535461550558, 0.7531542229478997, 0.7535846267553584, 0.7365172667156502]}, "constant_correct": {"mean_penalty_ratio": 0.6212500000000001, "std": 0.003644344934278315, "std_err": 0.0018221724671391574, "raw": [0.621875, 0.61875, 0.625, 0.625, 0.615625]}}, "noise_pct_80": {"correct": {"mean_penalty_ratio": 0.6906322168884824, "std": 0.013580686554018387, "std_err": 0.006790343277009192, "raw": [0.6876617773943055, 0.6678526952499555, 0.6887271496276236, 0.7065110161131207, 0.7024084460574068]}, "constant_correct": {"mean_penalty_ratio": 0.585, "std": 0.0036443449342782844, "std_err": 0.0018221724671391422, "raw": [0.584375, 0.58125, 0.58125, 0.590625, 0.5875]}}, "noise_pct_90": {"correct": {"mean_penalty_ratio": 0.6118273128670089, "std": 0.005802114672913576, "std_err": 0.0029010573364567876, "raw": [0.6152453740949316, 0.6008333333333333, 0.6111561866125761, 0.6167615947925142, 0.6151400755016888]}, "constant_correct": {"mean_penalty_ratio": 0.5506249999999999, "std": 0.0012499999999999734, "std_err": 0.0006249999999999866, "raw": [0.55, 0.55, 0.55, 0.553125, 0.55]}}, "noise_pct_100": {"correct": {"mean_penalty_ratio": 0.5004009935746294, "std": 0.0020939040798722834, "std_err": 0.0010469520399361415, "raw": [0.5013179966450995, 0.49903006789524734, 0.5022820081671872, 0.5023934897079942, 0.49698140545761893]}, "constant_correct": {"mean_penalty_ratio": 0.5, "std": 0.0, "std_err": 0.0, "raw": [0.5, 0.5, 0.5, 0.5, 0.5]}}}