{"noise_pct_95": {"correct": {"mean_penalty_ratio": 0.5576815353999536, "std": 0.012367859141368136, "std_err": 0.0017668370201954482, "raw": [0.5694566170026293, 0.5566080288678394, 0.5546143557735176, 0.5653687187296063, 0.5432322317790855, 0.5525401650021711, 0.5753865979381443, 0.5647210855050614, 0.542518837459634, 0.570179180887372, 0.5679146713104049, 0.5455333911535126, 0.5315315315315315, 0.5787492156452625, 0.5743214131839725, 0.5693912303107705, 0.5777540106951872, 0.5537408960494372, 0.570703868103995, 0.5577051367578385, 0.5369667187849007, 0.5622932745314223, 0.560543924023311, 0.5515873015873016, 0.5629255435976279, 0.5536547433903577, 0.5625823451910409, 0.5467609993367234, 0.5622814685314685, 0.5738478027867095, 0.5685005393743258, 0.5590516286284068, 0.5570097604259094, 0.5632844075728568, 0.5744456177402323, 0.5482007996446024, 0.545414168332223, 0.5411399423375471, 0.5640190972222222, 0.5363475177304965, 0.568717277486911, 0.5336658354114713, 0.542649727767695, 0.5424645190358188, 0.5658418029164826, 0.5398327464788732, 0.550965424337674, 0.5651687905209032, 0.5596998455087178, 0.5622420160764718]}, "constant_correct": {"mean_penalty_ratio": 0.5209375, "std": 0.0044743190822738544, "std_err": 0.0006391884403248363, "raw": [0.528125, 0.525, 0.521875, 0.521875, 0.521875, 0.515625, 0.525, 0.51875, 0.515625, 0.525, 0.525, 0.5125, 0.515625, 0.521875, 0.525, 0.521875, 0.528125, 0.51875, 0.521875, 0.525, 0.509375, 0.521875, 0.515625, 0.51875, 0.521875, 0.521875, 0.521875, 0.51875, 0.521875, 0.525, 0.521875, 0.521875, 0.521875, 0.521875, 0.521875, 0.51875, 0.51875, 0.515625, 0.521875, 0.5125, 0.525, 0.515625, 0.51875, 0.521875, 0.528125, 0.509375, 0.525, 0.528125, 0.521875, 0.525]}}, "noise_pct_96": {"correct": {"mean_penalty_ratio": 0.5482798523421877, "std": 0.012297156089926427, "std_err": 0.0017567365842752038, "raw": [0.5485270609728249, 0.5505337270043152, 0.5526138658290329, 0.5561686161995144, 0.5334405883704896, 0.5344402064168723, 0.5661364131619089, 0.5531634446397188, 0.5436154013487057, 0.5554338299737073, 0.5565661047027507, 0.5291489836944382, 0.5231049396767585, 0.5663319803460799, 0.5669788717055108, 0.5613014436543848, 0.5709656513285807, 0.5398190045248868, 0.5591977571705844, 0.5494258049988742, 0.5262321144674086, 0.5515684946964567, 0.559165751920966, 0.5407407407407407, 0.5498088599055543, 0.5416005440943097, 0.5575892857142857, 0.5357946870778928, 0.554696132596685, 0.5633864281038621, 0.5570957095709571, 0.5528255528255528, 0.5509611086276263, 0.5523809523809524, 0.5565274436912312, 0.5356332274171585, 0.5464034490583163, 0.5333930972658001, 0.5594113771139908, 0.527191011235955, 0.5622799295774648, 0.5223502304147466, 0.5373917008663931, 0.5307762976573266, 0.5583835677606609, 0.5342188203511932, 0.5452079566003617, 0.5492633517495396, 0.5497089117778773, 0.5550921861281826]}, "constant_correct": {"mean_penalty_ratio": 0.518375, "std": 0.0043138584816843515, "std_err": 0.0006162654973834788, "raw": [0.525, 0.521875, 0.521875, 0.51875, 0.51875, 0.5125, 0.521875, 0.515625, 0.515625, 0.521875, 0.521875, 0.509375, 0.5125, 0.51875, 0.521875, 0.51875, 0.525, 0.515625, 0.51875, 0.521875, 0.50625, 0.521875, 0.51875, 0.515625, 0.51875, 0.51875, 0.521875, 0.515625, 0.51875, 0.521875, 0.51875, 0.51875, 0.51875, 0.51875, 0.51875, 0.515625, 0.51875, 0.5125, 0.521875, 0.509375, 0.521875, 0.5125, 0.515625, 0.51875, 0.525, 0.509375, 0.521875, 0.525, 0.51875, 0.521875]}}, "noise_pct_97": {"correct": {"mean_penalty_ratio": 0.5385638753644603, "std": 0.011629222197979624, "std_err": 0.001661317456854232, "raw": [0.5440165061898212, 0.5387641749595001, 0.5403114979386165, 0.5484375, 0.5293846508412077, 0.519525005709066, 0.5546666666666666, 0.5457972943002883, 0.5395810363836825, 0.5434004474272931, 0.5418562329390355, 0.5200271554650373, 0.5121387283236994, 0.5510876730388925, 0.5531487271103172, 0.5537154064066245, 0.5536950212100915, 0.5325416761817766, 0.5418894830659536, 0.5442608105048675, 0.5148837209302326, 0.539364640883978, 0.5512649800266312, 0.530672748004561, 0.5479981801637852, 0.532183908045977, 0.5457650273224044, 0.5362912400455062, 0.5444847934634589, 0.5515245938125973, 0.5415252319529306, 0.5460331893612185, 0.5380571428571429, 0.5453551912568306, 0.5506384852487891, 0.5272226050999311, 0.5391566265060241, 0.5209334248455731, 0.5503565062388592, 0.521699196326062, 0.5392405063291139, 0.5162412993039444, 0.5236651900209839, 0.525830258302583, 0.5472127417519909, 0.5169452181987001, 0.5401560348783846, 0.5422862453531598, 0.5428248587570621, 0.5501342882721576]}, "constant_correct": {"mean_penalty_ratio": 0.51575, "std": 0.004505205322735031, "std_err": 0.0006436007603907187, "raw": [0.521875, 0.51875, 0.51875, 0.515625, 0.515625, 0.50625, 0.51875, 0.5125, 0.515625, 0.51875, 0.51875, 0.50625, 0.509375, 0.515625, 0.51875, 0.515625, 0.521875, 0.5125, 0.515625, 0.51875, 0.503125, 0.51875, 0.515625, 0.5125, 0.51875, 0.515625, 0.51875, 0.515625, 0.51875, 0.51875, 0.515625, 0.51875, 0.515625, 0.515625, 0.515625, 0.5125, 0.51875, 0.509375, 0.51875, 0.509375, 0.51875, 0.509375, 0.5125, 0.515625, 0.521875, 0.50625, 0.521875, 0.521875, 0.515625, 0.521875]}}, "noise_pct_98": {"correct": {"mean_penalty_ratio": 0.5252978913397941, "std": 0.00840428357044306, "std_err": 0.0012006119386347228, "raw": [0.5301065308012969, 0.5186063048115668, 0.5337026777469991, 0.5172332942555686, 0.5230484132499421, 0.5079033007903301, 0.5337014032666206, 0.5341446923597025, 0.5329395729213994, 0.5260760646777499, 0.5294522117808848, 0.5075827205882353, 0.5094251803583896, 0.5314118441792389, 0.5445097153185721, 0.5288548241659152, 0.5308471454880295, 0.5212939259948801, 0.5201649862511457, 0.5233341072672394, 0.5110692416391899, 0.5264869888475836, 0.5372692044677456, 0.5250514756348662, 0.5265248889927553, 0.5250174540377007, 0.5256529850746269, 0.528725108720531, 0.5327038231229848, 0.5293040293040293, 0.5330578512396694, 0.5331485331485332, 0.5293167128347184, 0.525089605734767, 0.5385833899072189, 0.5225035161744023, 0.5244902741973283, 0.5142328164776672, 0.534573857110039, 0.5090016366612111, 0.5221156096419377, 0.515208235844642, 0.5107794361525705, 0.525797373358349, 0.5281526291298279, 0.5155337537958421, 0.5224508886810103, 0.5264643613267467, 0.53177334250975, 0.5304766269477543]}, "constant_correct": {"mean_penalty_ratio": 0.5086875, "std": 0.003143072740170023, "std_err": 0.00044901039145286043, "raw": [0.5125, 0.509375, 0.5125, 0.50625, 0.509375, 0.503125, 0.5125, 0.50625, 0.509375, 0.509375, 0.509375, 0.5, 0.50625, 0.50625, 0.5125, 0.50625, 0.5125, 0.50625, 0.50625, 0.509375, 0.503125, 0.509375, 0.509375, 0.50625, 0.509375, 0.509375, 0.509375, 0.509375, 0.5125, 0.509375, 0.509375, 0.5125, 0.509375, 0.50625, 0.509375, 0.509375, 0.509375, 0.503125, 0.5125, 0.503125, 0.509375, 0.50625, 0.50625, 0.5125, 0.5125, 0.503125, 0.5125, 0.5125, 0.509375, 0.5125]}}, "noise_pct_99": {"correct": {"mean_penalty_ratio": 0.5131772240970092, "std": 0.006245173104826872, "std_err": 0.0008921675864038387,