{"noise_pct_0": {"correct": {"mean_penalty_ratio": 0.9199630182747868, "std": 0.010759900831206641, "std_err": 0.0053799504156033205, "raw": [0.9133946421431427, 0.91916041473489, 0.9090835492227979, 0.94027277002665, 0.9179037152464529]}, "constant_correct": {"mean_penalty_ratio": 0.8775000000000001, "std": 0.01783167827210891, "std_err": 0.008915839136054454, "raw": [0.871875, 0.88125, 0.85625, 0.909375, 0.86875]}}}