{"noise_pct_10": {"accuracy": {"mean": 0.5, "std": 0.0, "std_err": 0.0, "raw": [0.5, 0.5, 0.5, 0.5, 0.5]}, "interpretability": {"num_rules": {"mean": 1.2, "std": 0.4, "std_err": 0.19999999999999998, "raw": [1, 1, 2, 1, 1]}, "num_predicates": {"mean": 1.2, "std": 0.4, "std_err": 0.19999999999999998, "raw": [1, 1, 2, 1, 1]}}, "learning_time": {"mean": 17.34360990524292, "std": 0.13917064921622016, "std_err": 0.06958532460811008, "raw": [17.377869129180908, 17.341445922851562, 17.552682161331177, 17.329965114593506, 17.116087198257446]}}, "noise_pct_20": {"accuracy": {"mean": 0.5, "std": 0.0, "std_err": 0.0, "raw": [0.5, 0.5, 0.5, 0.5, 0.5]}, "interpretability": {"num_rules": {"mean": 1.0, "std": 0.0, "std_err": 0.0, "raw": [1, 1, 1, 1, 1]}, "num_predicates": {"mean": 1.0, "std": 0.0, "std_err": 0.0, "raw": [1, 1, 1, 1, 1]}}, "learning_time": {"mean": 17.133305740356445, "std": 0.4114113301482344, "std_err": 0.2057056650741172, "raw": [17.28642177581787, 17.45357584953308, 16.796940088272095, 16.51810097694397, 17.61149001121521]}}, "noise_pct_30": {"accuracy": {"mean": 0.5, "std": 0.0, "std_err": 0.0, "raw": [0.5, 0.5, 0.5, 0.5, 0.5]}, "interpretability": {"num_rules": {"mean": 1.0, "std": 0.0, "std_err": 0.0, "raw": [1, 1, 1, 1, 1]}, "num_predicates": {"mean": 1.0, "std": 0.0, "std_err": 0.0, "raw": [1, 1, 1, 1, 1]}}, "learning_time": {"mean": 16.448024034500122, "std": 0.6744162918125012, "std_err": 0.33720814590625053, "raw": [15.924602031707764, 17.096601963043213, 16.233633041381836, 17.367175102233887, 15.618108034133911]}}, "noise_pct_40": {"accuracy": {"mean": 0.5, "std": 0.0, "std_err": 0.0, "raw": [0.5, 0.5, 0.5, 0.5, 0.5]}, "interpretability": {"num_rules": {"mean": 1.0, "std": 0.0, "std_err": 0.0, "raw": [1, 1, 1, 1, 1]}, "num_predicates": {"mean": 1.0, "std": 0.0, "std_err": 0.0, "raw": [1, 1, 1, 1, 1]}}, "learning_time": {"mean": 16.51491422653198, "std": 0.652013719437391, "std_err": 0.3260068597186955, "raw": [16.223691940307617, 15.656028032302856, 16.158583164215088, 17.412116050720215, 17.124151945114136]}}, "noise_pct_50": {"accuracy": {"mean": 0.5, "std": 0.0, "std_err": 0.0, "raw": [0.5, 0.5, 0.5, 0.5, 0.5]}, "interpretability": {"num_rules": {"mean": 1.0, "std": 0.0, "std_err": 0.0, "raw": [1, 1, 1, 1, 1]}, "num_predicates": {"mean": 1.0, "std": 0.0, "std_err": 0.0, "raw": [1, 1, 1, 1, 1]}}, "learning_time": {"mean": 16.230244064331053, "std": 1.026254600044826, "std_err": 0.5131273000224129, "raw": [17.09821319580078, 17.05100703239441, 14.972082138061523, 17.054983854293823, 14.974934101104736]}}, "noise_pct_60": {"accuracy": {"mean": 0.5, "std": 0.0, "std_err": 0.0, "raw": [0.5, 0.5, 0.5, 0.5, 0.5]}, "interpretability": {"num_rules": {"mean": 1.0, "std": 0.0, "std_err": 0.0, "raw": [1, 1, 1, 1, 1]}, "num_predicates": {"mean": 1.0, "std": 0.0, "std_err": 0.0, "raw": [1, 1, 1, 1, 1]}}, "learning_time": {"mean": 16.750579833984375, "std": 0.9707061814779635, "std_err": 0.48535309073898164, "raw": [16.996973037719727, 17.638800144195557, 14.86111307144165, 17.070035934448242, 17.1859769821167]}}, "noise_pct_70": {"accuracy": {"mean": 0.5, "std": 0.0, "std_err": 0.0, "raw": [0.5, 0.5, 0.5, 0.5, 0.5]}, "interpretability": {"num_rules": {"mean": 1.0, "std": 0.0, "std_err": 0.0, "raw": [1, 1, 1, 1, 1]}, "num_predicates": {"mean": 1.0, "std": 0.0, "std_err": 0.0, "raw": [1, 1, 1, 1, 1]}}, "learning_time": {"mean": 16.266049242019655, "std": 0.9830346398554516, "std_err": 0.49151731992772585, "raw": [14.564804077148438, 15.787506818771362, 16.87226128578186, 17.27975606918335, 16.825917959213257]}}, "noise_pct_80": {"accuracy": {"mean": 0.5, "std": 0.0, "std_err": 0.0, "raw": [0.5, 0.5, 0.5, 0.5, 0.5]}, "interpretability": {"num_rules": {"mean": 1.0, "std": 0.0, "std_err": 0.0, "raw": [1, 1, 1, 1, 1]}, "num_predicates": {"mean": 1.0, "std": 0.0, "std_err": 0.0, "raw": [1, 1, 1, 1, 1]}}, "learning_time": {"mean": 15.848549270629883, "std": 1.0472226455895592, "std_err": 0.5236113227947796, "raw": [14.71023416519165, 16.919566869735718, 14.745909690856934, 15.678419828414917, 17.188615798950195]}}, "noise_pct_90": {"accuracy": {"mean": 0.5, "std": 0.0, "std_err": 0.0, "raw": [0.5, 0.5, 0.5, 0.5, 0.5]}, "interpretability": {"num_rules": {"mean": 1.0, "std": 0.0, "std_err": 0.0, "raw": [1, 1, 1, 1, 1]}, "num_predicates": {"mean": 1.0, "std": 0.0, "std_err": 0.0, "raw": [1, 1, 1, 1, 1]}}, "learning_time": {"mean": 17.711291074752808, "std": 0.8312579887798792, "std_err": 0.4156289943899396, "raw": [16.946192979812622, 19.218059062957764, 17.594227075576782, 16.9571430683136, 17.84083318710327]}}}