{"noise_pct_0": {"accuracy": {"mean": 0.5, "std": 0.0, "std_err": 0.0, "raw": [0.5, 0.5, 0.5, 0.5, 0.5]}, "interpretability": {"num_rules": {"mean": 1.4, "std": 0.4898979485566356, "std_err": 0.24494897427831777, "raw": [2, 1, 2, 1, 1]}, "num_predicates": {"mean": 1.4, "std": 0.4898979485566356, "std_err": 0.24494897427831777, "raw": [2, 1, 2, 1, 1]}}, "learning_time": {"mean": 16.951324224472046, "std": 1.039032346679935, "std_err": 0.5195161733399675, "raw": [17.353520154953003, 17.430662870407104, 14.884119033813477, 17.421339988708496, 17.66697907447815]}}}