{"noise_pct_10": {"pct_incorrect_examples": 0.040000000000000015, "std": 0.004999999999999974, "std_err": 0.0024999999999999866, "raw": [0.034375000000000044, 0.04062500000000002, 0.043749999999999956, 0.046875, 0.034375000000000044]}, "noise_pct_20": {"pct_incorrect_examples": 0.07187500000000002, "std": 0.006555055301063445, "std_err": 0.0032775276505317224, "raw": [0.06562500000000004, 0.06874999999999998, 0.078125, 0.08125000000000004, 0.06562500000000004]}, "noise_pct_30": {"pct_incorrect_examples": 0.11374999999999999, "std": 0.006731456008918115, "std_err": 0.0033657280044590574, "raw": [0.11562499999999998, 0.109375, 0.12187499999999996, 0.11875000000000002, 0.10312500000000002]}, "noise_pct_40": {"pct_incorrect_examples": 0.160625, "std": 0.007551903733496607, "std_err": 0.003775951866748303, "raw": [0.16249999999999998, 0.15937500000000004, 0.16562500000000002, 0.16874999999999996, 0.14687499999999998]}, "noise_pct_50": {"pct_incorrect_examples": 0.195, "std": 0.006434768838116887, "std_err": 0.003217384419058443, "raw": [0.19062500000000004, 0.19374999999999998, 0.20625000000000004, 0.19687500000000002, 0.1875]}, "noise_pct_60": {"pct_incorrect_examples": 0.236875, "std": 0.008477912478906554, "std_err": 0.004238956239453277, "raw": [0.234375, 0.24062499999999998, 0.24687499999999996, 0.24062499999999998, 0.22187500000000004]}, "noise_pct_70": {"pct_incorrect_examples": 0.27937500000000004, "std": 0.005796011559684815, "std_err": 0.0028980057798424076, "raw": [0.27812499999999996, 0.28437500000000004, 0.28125, 0.28437500000000004, 0.26875000000000004]}, "noise_pct_80": {"pct_incorrect_examples": 0.32125000000000004, "std": 0.009142961773954864, "std_err": 0.004571480886977432, "raw": [0.31562500000000004, 0.33125000000000004, 0.328125, 0.32499999999999996, 0.30625]}, "noise_pct_90": {"pct_incorrect_examples": 0.35812499999999997, "std": 0.010193441518937566, "std_err": 0.005096720759468782, "raw": [0.35624999999999996, 0.36250000000000004, 0.37187499999999996, 0.359375, 0.34062499999999996]}, "noise_pct_95": {"pct_incorrect_examples": 0.38125, "std": 0.01218349293101119, "std_err": 0.0060917464655055945, "raw": [0.37812500000000004, 0.37812500000000004, 0.40312499999999996, 0.38125, 0.365625]}, "noise_pct_96": {"pct_incorrect_examples": 0.38375000000000004, "std": 0.011422291801560638, "std_err": 0.005711145900780319, "raw": [0.38125, 0.37812500000000004, 0.40312499999999996, 0.38749999999999996, 0.36875]}, "noise_pct_97": {"pct_incorrect_examples": 0.3875, "std": 0.011180339887498959, "std_err": 0.0055901699437494795, "raw": [0.384375, 0.384375, 0.40625, 0.390625, 0.37187499999999996]}, "noise_pct_98": {"pct_incorrect_examples": 0.39437500000000003, "std": 0.012086924753633568, "std_err": 0.006043462376816783, "raw": [0.390625, 0.39375000000000004, 0.415625, 0.39375000000000004, 0.37812500000000004]}, "noise_pct_99": {"pct_incorrect_examples": 0.39875, "std": 0.011284668803292345, "std_err": 0.005642334401646172, "raw": [0.39375000000000004, 0.396875, 0.41874999999999996, 0.4, 0.384375]}, "noise_pct_100": {"pct_incorrect_examples": 0.40437499999999993, "std": 0.01211919964354085, "std_err": 0.006059599821770424, "raw": [0.4, 0.40312499999999996, 0.42500000000000004, 0.40625, 0.38749999999999996]}}