{"noise_pct_85": {"pct_incorrect_examples": 0.3435, "std": 0.017840876519947105, "std_err": 0.002548696645706729, "raw": [0.34062499999999996, 0.35, 0.353125, 0.34687500000000004, 0.321875, 0.375, 0.34062499999999996, 0.35, 0.34375, 0.37187499999999996, 0.34687500000000004, 0.31875, 0.353125, 0.38125, 0.36875, 0.328125, 0.34687500000000004, 0.3375, 0.34062499999999996, 0.34687500000000004, 0.4, 0.34062499999999996, 0.334375, 0.334375, 0.31562500000000004, 0.32499999999999996, 0.353125, 0.3375, 0.34062499999999996, 0.31875, 0.31562500000000004, 0.31562500000000004, 0.36875, 0.3375, 0.34375, 0.34062499999999996, 0.33125000000000004, 0.359375, 0.3375, 0.34375, 0.3125, 0.34687500000000004, 0.35, 0.35, 0.34375, 0.36250000000000004, 0.34687500000000004, 0.334375, 0.35624999999999996, 0.31562500000000004]}}