{"noise_pct_10": {"structured_test_accuracy": {"mean": 0.485, "std": 0.020366639388961546, "std_err": 0.010183319694480771, "raw": [0.446, 0.495, 0.484, 0.499, 0.501]}, "unstructured_test_accuracy": {"mean": 0.489, "std": 0.018341210428976594, "std_err": 0.009170605214488297, "raw": [0.455, 0.486, 0.495, 0.504, 0.505]}, "unstructured_test_brier_score": {"mean": 0.5260054000000001, "std": 0.028517854571198, "std_err": 0.014258927285598999, "raw": [0.5828724, 0.5123622, 0.5139328, 0.5132048, 0.5076548000000001]}, "interpretability": {"num_predicates": {"mean": 126050.6, "std": 5424.4715355507215, "std_err": 2712.2357677753607, "raw": [120071, 121692, 128833, 135124, 124533]}, "num_rules": {"mean": 6442.2, "std": 51.95151585853871, "std_err": 25.975757929269356, "raw": [6349, 6477, 6459, 6498, 6428]}}, "learning_time": {"mean": 22.341046857833863, "std": 5.9341471223421385, "std_err": 2.967073561171069, "raw": [19.224042892456055, 12.038311243057251, 26.557416200637817, 26.743165969848633, 27.142297983169556]}}, "noise_pct_20": {"structured_test_accuracy": {"mean": 0.4962000000000001, "std": 0.028477359428149236, "std_err": 0.014238679714074616, "raw": [0.444, 0.495, 0.511, 0.502, 0.529]}, "unstructured_test_accuracy": {"mean": 0.49139999999999995, "std": 0.022330248543175692, "std_err": 0.011165124271587844, "raw": [0.452, 0.499, 0.51, 0.483, 0.513]}, "unstructured_test_brier_score": {"mean": 0.5181478399999999, "std": 0.022343013212510067, "std_err": 0.011171506606255033, "raw": [0.562538, 0.5102056, 0.5065742, 0.5088068, 0.5026146]}, "interpretability": {"num_predicates": {"mean": 125198.6, "std": 2363.2987623235454, "std_err": 1181.6493811617725, "raw": [121604, 123401, 128121, 126736, 126131]}, "num_rules": {"mean": 6403.8, "std": 24.003333101884, "std_err": 12.001666550941998, "raw": [6398, 6430, 6402, 6426, 6363]}}, "learning_time": {"mean": 22.13733172416687, "std": 2.5986888590947363, "std_err": 1.299344429547368, "raw": [21.063355207443237, 20.797647953033447, 23.237624645233154, 19.002931833267212, 26.5850989818573]}}, "noise_pct_30": {"structured_test_accuracy": {"mean": 0.4866, "std": 0.011056219968868212, "std_err": 0.005528109984434106, "raw": [0.47, 0.49, 0.495, 0.478, 0.5]}, "unstructured_test_accuracy": {"mean": 0.4902, "std": 0.011872657663724674, "std_err": 0.005936328831862336, "raw": [0.472, 0.487, 0.5, 0.506, 0.486]}, "unstructured_test_brier_score": {"mean": 0.51684172, "std": 0.01731624988251212, "std_err": 0.00865812494125606, "raw": [0.5513628, 0.5108177999999999, 0.5070648, 0.507003, 0.5079602]}, "interpretability": {"num_predicates": {"mean": 128739.4, "std": 5848.743646288491, "std_err": 2924.3718231442454, "raw": [121148, 131034, 133603, 135452, 122460]}, "num_rules": {"mean": 6386.4, "std": 35.780441584754094, "std_err": 17.890220792377047, "raw": [6361, 6442, 6356, 6416, 6357]}}, "learning_time": {"mean": 22.069379568099976, "std": 4.910253402768063, "std_err": 2.4551267013840317, "raw": [29.250407934188843, 25.319159984588623, 21.988825798034668, 18.452187061309814, 15.33631706237793]}}, "noise_pct_40": {"structured_test_accuracy": {"mean": 0.4974, "std": 0.017794381135628173, "std_err": 0.008897190567814087, "raw": [0.462, 0.503, 0.508, 0.508, 0.506]}, "unstructured_test_accuracy": {"mean": 0.49559999999999993, "std": 0.018369540005128054, "std_err": 0.009184770002564027, "raw": [0.466, 0.493, 0.489, 0.513, 0.517]}, "unstructured_test_brier_score": {"mean": 0.51303592, "std": 0.014334778372392104, "std_err": 0.007167389186196051, "raw": [0.541169, 0.508614, 0.5070754, 0.5075763999999999, 0.5007448]}, "interpretability": {"num_predicates": {"mean": 125267.2, "std": 3958.3824170991866, "std_err": 1979.191208549593, "raw": [125074, 121755, 129415, 129979, 120113]}, "num_rules": {"mean": 6387.0, "std": 33.982348359111384, "std_err": 16.991174179555692, "raw": [6357, 6450, 6367, 6366, 6395]}}, "learning_time": {"mean": 23.51536445617676, "std": 2.9919330690131023, "std_err": 1.4959665345065511, "raw": [25.254518032073975, 27.176563262939453, 25.204730987548828, 19.556216955184937, 20.384793043136597]}}, "noise_pct_50": {"structured_test_accuracy": {"mean": 0.481, "std": 0.00918694726228469, "std_err": 0.004593473631142345, "raw": [0.472, 0.497, 0.472, 0.481, 0.483]}, "unstructured_test_accuracy": {"mean": 0.4856, "std": 0.009350935782048776, "std_err": 0.004675467891024388, "raw": [0.498, 0.469, 0.487, 0.488, 0.486]}, "unstructured_test_brier_score": {"mean": 0.51378616, "std": 0.007569462501816059, "std_err": 0.0037847312509080295, "raw": [0.5279921999999999, 0.5152126, 0.5092628, 0.5077466, 0.5087166]}, "interpretability": {"num_predicates": {"mean": 128242.6, "std": 3764.2517769139727, "std_err": 1882.125888456986, "raw": [130026, 123069, 126332, 134299, 127487]}, "num_rules": {"mean": 6385.0, "std": 23.765521244020714, "std_err": 11.882760622010359, "raw": [6396, 6410, 6340, 6392, 6387]}}, "learning_time": {"mean": 22.567111921310424, "std": 4.44093048199201, "std_err": 2.220465240996005, "raw": [20.77101707458496, 14.604034185409546, 25.86347198486328, 26.132278203964233, 25.464758157730103]}}, "noise_pct_60": {"structured_test_accuracy": {"mean": 0.48840000000000006, "std": 0.012563439019631539, "std_err": 0.006281719509815769, "raw": [0.482, 0.51, 0.495, 0.477, 0.478]}, "unstructured_test_accuracy": {"mean": 0.49399999999999994, "std": 0.012853015210447714, "std_err": 0.006426507605223857, "raw": [0.477, 0.508, 0.503, 0.48, 0.502]}, "unstructured_test_brier_score": {"mean": 0.51049528, "std": 0.006569383873210631, "std_err": 0.003284691936605315, "raw": [0.5231821999999999, 0.5054498, 0.5068083999999999, 0.5105126, 0.5065234]}, "interpretability": {"num_predicates": {"mean": 131140.6, "std": 7130.787715252783, "std_err": 3565.393857626391, "raw": [123620, 122574, 135601, 141244, 132664]}, "num_rules": {"mean": 6439.2, "std": 36.28443192334696, "std_err": 18.14221596167348, "raw": [6417, 6443, 6396, 6436, 6504]}}, "learning_time": {"mean": 19.749270057678224, "std": 3.5246376613642294, "std_err": 1.7623188306821145, "raw": [21.685291051864624, 19.73232102394104, 20.44371199607849, 13.223824977874756, 23.661201238632202]}}, "noise_pct_70": {"structured_test_accuracy": {"mean": 0.49260000000000004, "std": 0.023862941981239453, "std_err": 0.011931470990619725, "raw": [0.458, 0.479, 0.524, 0.514, 0.488]}, "unstructured_test_accuracy": {"mean": 0.49420000000000003, "std": 0.014661514246489017, "std_err": 0.007330757123244509, "raw": [0.483, 0.495, 0.51, 0.51, 0.473]}, "unstructured_test_brier_score": {"mean": 0.50857144, "std": 0.005764222779039677, "std_err": 0.0028821113895198384, "raw": [0.5164856, 0.507289, 0.5017278000000001, 0.5034335999999999, 0.5139212]}, "interpretability": {"num_predicates": {"mean": 132031.6, "std": 8496.115385280498, "std_err": 4248.057692640249, "raw": [128882, 126702, 148156, 124124, 132294]}, "num_rules": {"mean": 6422.8, "std": 43.87892432592212, "std_err": 21.939462162961057, "raw": [6367, 6498, 6432, 6395, 6422]}}, "learning_time": {"mean": 22.206151962280273, "std": 2.431815677829321, "std_err": 1.2159078389146605, "raw": [25.29803490638733, 24.49324607849121, 21.62764811515808, 21.01445984840393, 18.597370862960815]}}, "noise_pct_80": {"structured_test_accuracy": {"mean": 0.49700000000000005, "std": 0.010733126291999, "std_err": 0.005366563145999499, "raw": [0.492, 0.488, 0.495, 0.492, 0.518]}, "unstructured_test_accuracy": {"mean": 0.49860000000000004, "std": 0.016560193235587575, "std_err": 0.008280096617793789, "raw": [0.48, 0.504, 0.483, 0.5, 0.526]}, "unstructured_test_brier_score": {"mean": 0.5090882000000001, "std": 0.006355474094038935, "std_err": 0.0031777370470194677, "raw": [0.5203402, 0.5108586, 0.505518, 0.5070824, 0.5016418]}, "interpretability": {"num_predicates": {"mean": 133128.0, "std": 8060.216299827195, "std_err": 4030.108149913597, "raw": [134504, 132702, 147338, 123827, 127269]}, "num_rules": {"mean": 6491.6, "std": 47.86898787315228,