{"noise_pct_0": {"structured_test_accuracy": {"mean": 0.48599999999999993, "std": 0.018286607121059933, "std_err": 0.009143303560529966, "raw": [0.451, 0.501, 0.497, 0.485, 0.496]}, "unstructured_test_accuracy": {"mean": 0.4854, "std": 0.020684293558156628, "std_err": 0.010342146779078314, "raw": [0.445, 0.5, 0.5, 0.488, 0.494]}, "unstructured_test_brier_score": {"mean": 0.53126748, "std": 0.03508315263886077, "std_err": 0.01754157631943038, "raw": [0.6012678000000001, 0.5137160000000001, 0.5149522, 0.5168772, 0.5095242]}, "interpretability": {"num_predicates": {"mean": 129365.8, "std": 5224.488966396618, "std_err": 2612.244483198309, "raw": [138296, 127754, 129076, 129682, 122021]}, "num_rules": {"mean": 6478.4, "std": 62.80318463262831, "std_err": 31.401592316314154, "raw": [6511, 6583, 6452, 6444, 6402]}}, "learning_time": {"mean": 22.59807906150818, "std": 3.600363148565702, "std_err": 1.800181574282851, "raw": [25.175567150115967, 24.35201120376587, 26.657884120941162, 19.707265853881836, 17.09766697883606]}}}