{"noise_pct_95": {"accuracy": {"mean": 0.5397002997002996, "std": 0.4412456823560454, "std_err": 0.06303509747943506, "raw": [0.12087912087912088, 0.12087912087912088, 1.0, 0.12087912087912088, 1.0, 0.0, 1.0, 0.6963036963036963, 1.0, 1.0, 1.0, 0.26673326673326675, 0.12087912087912088, 0.12087912087912088, 0.12087912087912088, 0.12087912087912088, 1.0, 1.0, 1.0, 0.0, 0.03196803196803197, 0.12087912087912088, 0.0, 0.12087912087912088, 0.24075924075924077, 1.0, 0.12087912087912088, 0.12087912087912088, 1.0, 0.12087912087912088, 0.12087912087912088, 1.0, 0.0, 1.0, 1.0, 1.0, 0.8471528471528471, 1.0, 0.0, 1.0, 0.12087912087912088, 1.0, 1.0, 1.0, 1.0, 0.12087912087912088, 0.12087912087912088, 0.12087912087912088, 0.8471528471528471, 1.0]}, "interpretability": {"num_rules": {"mean": 3.12, "std": 0.47497368348151675, "std_err": 0.06785338335450239, "raw": [3, 3, 3, 4, 3, 3, 3, 3, 3, 3, 3, 5, 3, 3, 3, 3, 3, 3, 3, 3, 2, 3, 3, 4, 4, 3, 3, 3, 3, 3, 3, 3, 3, 3, 3, 3, 3, 3, 5, 3, 3, 3, 3, 3, 3, 3, 3, 3, 3, 3]}, "num_predicates": {"mean": 13.54, "std": 2.981341979713162, "std_err": 0.4259059971018804, "raw": [13, 13, 13, 19, 13, 13, 13, 10, 13, 13, 13, 25, 13, 13, 13, 13, 13, 13, 13, 13, 7, 13, 13, 19, 19, 13, 13, 13, 13, 13, 13, 13, 13, 13, 13, 13, 10, 13, 25, 13, 13, 13, 13, 13, 13, 13, 13, 13, 10, 13]}}, "learning_time": {"mean": 16.7922, "std": 11.928366275395806, "std_err": 1.7040523250565436, "raw": [11.218, 14.531, 13.933, 28.07, 12.161, 16.46, 14.345, 27.948, 12.496, 9.758, 6.671, 14.792, 9.902, 11.074, 63.827, 7.369, 9.17, 13.861, 11.673, 22.875, 14.197, 21.019, 32.122, 13.313, 19.237, 14.838, 15.174, 17.703, 14.866, 13.806, 10.172, 13.31, 14.36, 18.272, 73.525, 11.157, 11.817, 9.193, 23.934, 8.588, 7.436, 19.853, 12.502, 20.181, 8.774, 14.15, 13.644, 19.181, 9.726, 11.426]}}, "noise_pct_96": {"accuracy": {"mean": 0.5021178821178822, "std": 0.4406177860563374, "std_err": 0.06294539800804819, "raw": [0.12087912087912088, 0.12087912087912088, 1.0, 0.12087912087912088, 1.0, 0.0, 1.0, 0.6963036963036963, 1.0, 1.0, 1.0, 0.26673326673326675, 0.12087912087912088, 0.12087912087912088, 0.12087912087912088, 0.12087912087912088, 1.0, 1.0, 1.0, 0.0, 0.03196803196803197, 0.12087912087912088, 0.0, 0.12087912087912088, 0.24075924075924077, 0.12087912087912088, 0.12087912087912088, 0.12087912087912088, 1.0, 0.12087912087912088, 0.12087912087912088, 1.0, 0.0, 1.0, 1.0, 1.0, 0.8471528471528471, 1.0, 0.0, 1.0, 0.12087912087912088, 1.0, 1.0, 0.0, 1.0, 0.12087912087912088, 0.12087912087912088, 0.12087912087912088, 0.8471528471528471, 1.0]}, "interpretability": {"num_rules": {"mean": 3.08, "std": 0.3919183588453085, "std_err": 0.05598833697790121, "raw": [3, 3, 3, 4, 3, 3, 3, 3, 3, 3, 3, 5, 3, 3, 3, 3, 3, 3, 3, 3, 2, 3, 3, 4, 4, 3, 3, 3, 3, 3, 3, 3, 3, 3, 3, 3, 3, 3, 3, 3, 3, 3, 3, 3, 3, 3, 3, 3, 3, 3]}, "num_predicates": {"mean": 13.3, "std": 2.4919871588754225, "std_err": 0.35599816555363173, "raw": [13, 13, 13, 19, 13, 13, 13, 10, 13, 13, 13, 25, 13, 13, 13, 13, 13, 13, 13, 13, 7, 13, 13, 19, 19, 13, 13, 13, 13, 13, 13, 13, 13, 13, 13, 13, 10, 13, 13, 13, 13, 13, 13, 13, 13, 13, 13, 13, 10, 13]}}, "learning_time": {"mean": 18.88862, "std": 27.21457324808897, "std_err": 3.8877961782984247, "raw": [11.692, 13.253, 14.435, 18.076, 15.485, 16.723, 15.967, 19.271, 13.551, 9.132, 6.187, 14.78, 8.962, 12.452, 204.122, 7.737, 9.555, 15.902, 13.712, 23.149, 27.483, 19.463, 20.566, 13.079, 17.291, 15.686, 15.03, 16.681, 13.417, 14.794, 9.125, 13.178, 11.176, 18.639, 44.389, 11.468, 12.431, 8.511, 22.901, 8.942, 7.604, 28.27, 14.517, 19.939, 8.692, 13.978, 13.673, 18.633, 9.837, 10.895]}}, "noise_pct_97": {"accuracy": {"mean": 0.46401598401598404, "std": 0.42839689340556913, "std_err": 0.06119955620079559, "raw": [0.12087912087912088, 0.12087912087912088, 1.0, 0.12087912087912088, 1.0, 0.14685314685314685, 1.0, 0.6963036963036963, 1.0, 1.0, 1.0, 0.26673326673326675, 0.12087912087912088, 0.12087912087912088, 0.12087912087912088, 0.12087912087912088, 1.0, 0.12087912087912088, 0.7672327672327672, 0.12087912087912088, 0.03196803196803197, 0.12087912087912088, 0.0, 0.12087912087912088, 0.24075924075924077, 0.12087912087912088, 0.12087912087912088, 0.12087912087912088, 1.0, 0.059940059940059943, 0.12087912087912088, 1.0, 0.0, 0.12087912087912088, 1.0, 1.0, 0.8471528471528471, 1.0, 0.0, 1.0, 0.12087912087912088, 1.0, 1.0, 0.0, 1.0, 0.12087912087912088, 0.0, 0.12087912087912088, 0.8471528471528471, 1.0]}, "interpretability": {"num_rules": {"mean": 3.08, "std": 0.43999999999999995, "std_err": 0.06285714285714285, "raw": [3, 3, 3, 4, 3, 3, 3, 3, 3, 3, 3, 5, 3, 3, 3, 3, 3, 3, 3, 3, 2, 3, 3, 4, 4, 3, 3, 3, 3, 2, 3, 3, 3, 4, 3, 3, 3, 3, 3, 3, 3, 3, 3, 3, 3, 3, 3, 3, 3, 3]}, "num_predicates": {"mean": 13.18, "std": 2.96438863848855, "std_err": 0.42348409121264996, "raw": [13, 13, 13, 19, 13, 10, 13, 10, 13, 13, 13, 25, 13, 13, 13, 13, 13, 13, 13, 13, 7, 13, 13, 19, 19, 13, 13, 13, 13, 4, 13, 13, 13, 19, 13, 13, 10, 13, 13, 13, 13, 13, 13, 13, 13, 13, 13, 13, 10, 13]}}, "learning_time": {"mean": 15.539760000000001, "std": 6.566066830485356, "std_err": 0.9380095472121937, "raw": [10.82, 13.432, 14.377, 16.591, 16.145, 20.601, 18.629, 17.867, 15.562, 9.473, 6.877, 14.894, 8.528, 12.211, 21.9, 7.789, 9.507, 9.597, 16.437, 18.795, 34.334, 17.089, 21.021, 12.984, 17.785, 15.373, 14.005, 18.288, 14.231, 15.269, 9.591, 16.231, 10.817, 40.689, 20.68, 11.333, 12.636, 9.132, 20.854, 8.969, 7.032, 31.525, 23.583, 17.093, 9.91, 12.24, 12.273, 16.43, 13.253, 12.306]}}, "noise_pct_98": {"accuracy": {"mean": 0.3439160839160839, "std": 0.3992708836188158, "std_err": 0.05703869765983083, "raw": [0.12087912087912088, 0.12087912087912088, 1.0, 0.12087912087912088, 1.0, 0.14685314685314685, 0.12087912087912088, 0.0, 1.0, 1.0, 1.0, 0.12087912087912088, 0.12087912087912088, 0.12087912087912088, 0.12087912087912088, 0.12087912087912088, 0.12087912087912088, 0.12087912087912088, 1.0, 0.0, 0.03196803196803197, 0.12087912087912088, 0.12087912087912088, 0.12087912087912088, 0.24075924075924077, 0.12087912087912088, 0.12087912087912088, 0.12087912087912088, 0.12087912087912088, 0.12087912087912088, 0.12087912087912088, 1.0, 0.0, 0.12087912087912088, 1.0, 1.0, 0.8471528471528471, 0.0, 0.0, 0.8471528471528471, 0.12087912087912088, 0.059940059940059943, 1.0, 0.0, 1.0, 0.12087912087912088, 0.0, 0.12087912087912088, 0.12087912087912088, 1.0]}, "interpretability": {"num_rules": {"mean": 3.1, "std": 0.458257569495584, "std_err": 0.06546536707079771, "raw": [3, 3, 3, 4, 3, 3, 3, 3, 3, 3, 3, 3, 3, 3, 3, 3, 3, 3, 3, 3, 2, 3, 3, 4, 4, 3, 3, 3, 3, 3, 3, 3, 3, 4, 3, 3, 3, 4, 3, 3, 3, 2, 3, 3, 3, 3, 3, 3, 5, 3]}, "num_predicates": {"mean": 13.36, "std": 3.038157336281319, "std_err": 0.43402247661161697, "raw": [13, 13, 13, 19, 13, 10, 13, 13, 13, 13, 13, 13, 13, 13, 13, 13, 13, 13, 13, 13, 7, 13, 13, 19, 19, 13, 13, 13, 13, 13, 13, 13, 13, 19, 13, 13, 10, 19, 13, 10, 13, 4, 13, 13, 13, 13, 13, 13, 25, 13]}}, "learning_time": {"mean": 16.710720000000002, "std": 11.30496764266046, "std_err": 1.6149953775229229, "raw": [10.912, 11.232, 13.247, 16.119, 14.088, 13.663, 20.131, 20.831, 14.949, 9.499, 9.49, 16.206, 8.573, 14.744, 19.77, 7.272, 10.051, 11.252, 14.866, 41.784, 11.533, 14.775, 33.78, 12.45, 14.164, 12.69, 13.074, 15.632, 12.901, 13.302, 11.805, 14.09, 9.765, 32.008, 16.163, 12.316, 12.806, 12.472, 30.439, 7.729, 6.237, 47.585, 12.924, 22.516, 10.194, 10.919, 11.398, 15.436, 71.708, 14.046]}}, "noise_pct_99": {"accuracy": {"mean": 0.2642957042957043, "std": 0.3430773739681149, "std_err": 0.049011053424016404,