{"noise_pct_10": {"accuracy": {"mean": 1.0, "std": 0.0, "std_err": 0.0, "raw": [1.0, 1.0, 1.0, 1.0, 1.0]}, "interpretability": {"num_rules": {"mean": 3.0, "std": 0.0, "std_err": 0.0, "raw": [3, 3, 3, 3, 3]}, "num_predicates": {"mean": 13.0, "std": 0.0, "std_err": 0.0, "raw": [13, 13, 13, 13, 13]}}, "learning_time": {"mean": 3.6346000000000003, "std": 0.701956294935803, "std_err": 0.35097814746790146, "raw": [3.935, 2.277, 4.182, 3.665, 4.114]}}, "noise_pct_20": {"accuracy": {"mean": 1.0, "std": 0.0, "std_err": 0.0, "raw": [1.0, 1.0, 1.0, 1.0, 1.0]}, "interpretability": {"num_rules": {"mean": 3.0, "std": 0.0, "std_err": 0.0, "raw": [3, 3, 3, 3, 3]}, "num_predicates": {"mean": 13.0, "std": 0.0, "std_err": 0.0, "raw": [13, 13, 13, 13, 13]}}, "learning_time": {"mean": 5.3712, "std": 1.3064443960613095, "std_err": 0.6532221980306547, "raw": [5.861, 2.979, 6.887, 5.88, 5.249]}}, "noise_pct_30": {"accuracy": {"mean": 1.0, "std": 0.0, "std_err": 0.0, "raw": [1.0, 1.0, 1.0, 1.0, 1.0]}, "interpretability": {"num_rules": {"mean": 3.0, "std": 0.0, "std_err": 0.0, "raw": [3, 3, 3, 3, 3]}, "num_predicates": {"mean": 13.0, "std": 0.0, "std_err": 0.0, "raw": [13, 13, 13, 13, 13]}}, "learning_time": {"mean": 6.8748000000000005, "std": 1.6456376757962246, "std_err": 0.8228188378981122, "raw": [6.831, 3.751, 8.165, 7.393, 8.234]}}, "noise_pct_40": {"accuracy": {"mean": 1.0, "std": 0.0, "std_err": 0.0, "raw": [1.0, 1.0, 1.0, 1.0, 1.0]}, "interpretability": {"num_rules": {"mean": 3.0, "std": 0.0, "std_err": 0.0, "raw": [3, 3, 3, 3, 3]}, "num_predicates": {"mean": 13.0, "std": 0.0, "std_err": 0.0, "raw": [13, 13, 13, 13, 13]}}, "learning_time": {"mean": 9.77, "std": 1.9970603395991817, "std_err": 0.9985301697995909, "raw": [10.335, 5.833, 11.364, 10.676, 10.642]}}, "noise_pct_50": {"accuracy": {"mean": 1.0, "std": 0.0, "std_err": 0.0, "raw": [1.0, 1.0, 1.0, 1.0, 1.0]}, "interpretability": {"num_rules": {"mean": 3.0, "std": 0.0, "std_err": 0.0, "raw": [3, 3, 3, 3, 3]}, "num_predicates": {"mean": 13.0, "std": 0.0, "std_err": 0.0, "raw": [13, 13, 13, 13, 13]}}, "learning_time": {"mean": 14.352800000000002, "std": 6.178300847320402, "std_err": 3.089150423660201, "raw": [12.471, 8.973, 13.218, 10.746, 26.356]}}, "noise_pct_60": {"accuracy": {"mean": 1.0, "std": 0.0, "std_err": 0.0, "raw": [1.0, 1.0, 1.0, 1.0, 1.0]}, "interpretability": {"num_rules": {"mean": 3.0, "std": 0.0, "std_err": 0.0, "raw": [3, 3, 3, 3, 3]}, "num_predicates": {"mean": 13.0, "std": 0.0, "std_err": 0.0, "raw": [13, 13, 13, 13, 13]}}, "learning_time": {"mean": 17.4126, "std": 8.634030405320566, "std_err": 4.317015202660283, "raw": [15.437, 10.866, 13.713, 12.624, 34.423]}}, "noise_pct_70": {"accuracy": {"mean": 1.0, "std": 0.0, "std_err": 0.0, "raw": [1.0, 1.0, 1.0, 1.0, 1.0]}, "interpretability": {"num_rules": {"mean": 3.0, "std": 0.0, "std_err": 0.0, "raw": [3, 3, 3, 3, 3]}, "num_predicates": {"mean": 13.0, "std": 0.0, "std_err": 0.0, "raw": [13, 13, 13, 13, 13]}}, "learning_time": {"mean": 33.705799999999996, "std": 10.904191935214639, "std_err": 5.4520959676073195, "raw": [19.698, 30.526, 26.786, 50.745, 40.774]}}, "noise_pct_80": {"accuracy": {"mean": 1.0, "std": 0.0, "std_err": 0.0, "raw": [1.0, 1.0, 1.0, 1.0, 1.0]}, "interpretability": {"num_rules": {"mean": 3.0, "std": 0.0, "std_err": 0.0, "raw": [3, 3, 3, 3, 3]}, "num_predicates": {"mean": 13.0, "std": 0.0, "std_err": 0.0, "raw": [13, 13, 13, 13, 13]}}, "learning_time": {"mean": 119.33480000000002, "std": 104.45419493806843, "std_err": 52.22709746903421, "raw": [22.743, 70.127, 181.941, 294.014, 27.849]}}, "noise_pct_90": {"accuracy": {"mean": 0.8119880119880121, "std": 0.376023976023976, "std_err": 0.188011988011988, "raw": [1.0, 1.0, 0.059940059940059943, 1.0, 1.0]}, "interpretability": {"num_rules": {"mean": 2.8, "std": 0.39999999999999997, "std_err": 0.19999999999999998, "raw": [3, 3, 2, 3, 3]}, "num_predicates": {"mean": 11.2, "std": 3.6, "std_err": 1.7999999999999998, "raw": [13, 13, 4, 13, 13]}}, "learning_time": {"mean": 372.9001999999999, "std": 320.55761137829813, "std_err": 160.27880568914907, "raw": [23.779, 271.38, 479.405, 939.326, 150.611]}}, "noise_pct_100": {"accuracy": {"mean": 0.28451548451548453, "std": 0.3585199552978163, "std_err": 0.1792599776489081, "raw": [1.0, 0.12087912087912088, 0.059940059940059943, 0.12087912087912088, 0.12087912087912088]}, "interpretability": {"num_rules": {"mean": 2.8, "std": 0.39999999999999997, "std_err": 0.19999999999999998, "raw": [3, 3, 2, 3, 3]}, "num_predicates": {"mean": 11.2, "std": 3.6, "std_err": 1.7999999999999998, "raw": [13, 13, 4, 13, 13]}}, "learning_time": {"mean": 172.23160000000001, "std": 35.41110466845111, "std_err": 17.705552334225555, "raw": [186.33, 219.81, 119.509, 189.975, 145.534]}}}