{"noise_pct_95": {"accuracy": {"mean": 0.7664735264735265, "std": 0.3335020598564858, "std_err": 0.04764315140806939, "raw": [1.0, 1.0, 1.0, 1.0, 1.0, 0.8011988011988012, 1.0, 0.8471528471528471, 0.6963036963036963, 0.8471528471528471, 0.03196803196803197, 0.7982017982017982, 0.7982017982017982, 0.8171828171828172, 1.0, 0.8471528471528471, 0.8171828171828172, 1.0, 0.03196803196803197, 0.03196803196803197, 1.0, 1.0, 0.6933066933066933, 0.03196803196803197, 0.12087912087912088, 1.0, 0.03196803196803197, 1.0, 0.6983016983016983, 1.0, 0.7982017982017982, 1.0, 0.6933066933066933, 0.7632367632367633, 0.8011988011988012, 0.0, 0.03196803196803197, 1.0, 1.0, 0.8011988011988012, 1.0, 1.0, 0.7982017982017982, 1.0, 1.0, 1.0, 1.0, 1.0, 0.8471528471528471, 0.8471528471528471]}, "interpretability": {"num_rules": {"mean": 2.9, "std": 0.3, "std_err": 0.04285714285714285, "raw": [3, 3, 3, 3, 3, 3, 3, 3, 3, 3, 2, 3, 3, 3, 3, 3, 3, 3, 2, 2, 3, 3, 3, 2, 3, 3, 3, 3, 3, 3, 3, 3, 3, 3, 3, 3, 2, 3, 3, 3, 3, 3, 3, 3, 3, 3, 3, 3, 3, 3]}, "num_predicates": {"mean": 12.04, "std": 1.9386593305684217, "std_err": 0.2769513329383459, "raw": [13, 13, 13, 13, 13, 13, 13, 10, 10, 10, 7, 13, 13, 13, 13, 10, 13, 13, 7, 7, 13, 13, 13, 7, 13, 13, 13, 13, 13, 13, 13, 13, 13, 13, 13, 13, 7, 13, 13, 13, 13, 13, 13, 13, 13, 13, 13, 13, 10, 10]}}, "learning_time": {"mean": 4.46264, "std": 1.3325660623023536, "std_err": 0.19036658032890763, "raw": [5.928, 1.784, 6.947, 2.028, 5.959, 4.513, 4.827, 2.805, 4.704, 4.065, 5.056, 6.69, 3.9, 4.016, 2.831, 4.085, 2.769, 4.262, 5.408, 4.668, 6.234, 4.055, 3.841, 5.088, 5.774, 3.466, 4.797, 4.875, 7.863, 4.813, 2.537, 3.393, 3.897, 2.642, 4.54, 3.803, 3.802, 3.271, 6.022, 3.508, 5.556, 4.203, 5.142, 5.262, 5.921, 4.82, 7.105, 3.734, 3.064, 2.859]}}, "noise_pct_96": {"accuracy": {"mean": 0.6764035964035965, "std": 0.3945426088469258, "std_err": 0.05636322983527512, "raw": [1.0, 1.0, 1.0, 1.0, 1.0, 0.8011988011988012, 0.03196803196803197, 0.8471528471528471, 0.6963036963036963, 0.8471528471528471, 0.03196803196803197, 0.7982017982017982, 0.7982017982017982, 0.8171828171828172, 1.0, 0.8471528471528471, 0.8171828171828172, 1.0, 0.03196803196803197, 0.03196803196803197, 1.0, 1.0, 0.6933066933066933, 0.03196803196803197, 0.12087912087912088, 1.0, 0.03196803196803197, 0.0, 0.6983016983016983, 1.0, 0.7982017982017982, 1.0, 0.6933066933066933, 0.7632367632367633, 0.8011988011988012, 0.0, 0.03196803196803197, 1.0, 1.0, 0.0, 1.0, 1.0, 0.03196803196803197, 1.0, 0.03196803196803197, 1.0, 1.0, 1.0, 0.8471528471528471, 0.8471528471528471]}, "interpretability": {"num_rules": {"mean": 2.8, "std": 0.39999999999999997, "std_err": 0.057142857142857134, "raw": [3, 3, 3, 3, 3, 3, 2, 3, 3, 3, 2, 3, 3, 3, 3, 3, 3, 3, 2, 2, 3, 3, 3, 2, 3, 3, 2, 3, 3, 3, 3, 3, 3, 3, 3, 3, 2, 3, 3, 2, 3, 3, 2, 3, 2, 3, 3, 3, 3, 3]}, "num_predicates": {"mean": 11.38, "std": 2.4156986567036873, "std_err": 0.34509980810052676, "raw": [13, 13, 13, 13, 13, 13, 7, 10, 10, 10, 7, 13, 13, 13, 13, 10, 13, 13, 7, 7, 13, 13, 13, 7, 13, 13, 7, 10, 13, 13, 13, 13, 13, 13, 13, 13, 7, 13, 13, 7, 13, 13, 7, 13, 7, 13, 13, 13, 10, 10]}}, "learning_time": {"mean": 4.646399999999999, "std": 1.3906376810657766, "std_err": 0.19866252586653949, "raw": [5.893, 1.916, 7.049, 3.037, 6.522, 5.921, 5.215, 3.184, 5.308, 4.314, 4.909, 7.117, 4.043, 4.659, 3.251, 2.784, 2.359, 3.785, 5.537, 4.897, 6.253, 4.752, 3.652, 5.368, 5.651, 4.236, 4.414, 6.861, 7.352, 4.822, 2.511, 3.719, 3.389, 2.854, 5.193, 4.037, 4.135, 3.38, 6.464, 3.804, 5.951, 4.348, 5.863, 5.708, 4.848, 4.286, 7.153, 4.0, 2.862, 2.754]}}, "noise_pct_97": {"accuracy": {"mean": 0.6234365634365635, "std": 0.4180729501316067, "std_err": 0.0597247071616581, "raw": [1.0, 1.0, 1.0, 1.0, 1.0, 0.8011988011988012, 0.024975024975024976, 0.8471528471528471, 0.6963036963036963, 0.8471528471528471, 0.03196803196803197, 0.7982017982017982, 0.7982017982017982, 0.8171828171828172, 1.0, 0.8471528471528471, 0.8171828171828172, 1.0, 0.03196803196803197, 0.03196803196803197, 0.024975024975024976, 1.0, 0.6933066933066933, 0.03196803196803197, 0.12087912087912088, 1.0, 0.03196803196803197, 0.0, 0.03196803196803197, 1.0, 0.7982017982017982, 0.03196803196803197, 0.6933066933066933, 0.7632367632367633, 0.8011988011988012, 0.0, 0.03196803196803197, 1.0, 1.0, 0.0, 1.0, 1.0, 0.03196803196803197, 1.0, 0.0, 1.0, 1.0, 1.0, 0.8471528471528471, 0.8471528471528471]}, "interpretability": {"num_rules": {"mean": 2.8, "std": 0.39999999999999997, "std_err": 0.057142857142857134, "raw": [3, 3, 3, 3, 3, 3, 3, 3, 3, 3, 2, 3, 3, 3, 3, 3, 3, 3, 2, 2, 3, 3, 3, 2, 3, 3, 2, 3, 2, 3, 3, 2, 3, 3, 3, 3, 2, 3, 3, 2, 3, 3, 2, 3, 3, 3, 3, 3, 3, 3]}, "num_predicates": {"mean": 11.38, "std": 2.4156986567036873, "std_err": 0.34509980810052676, "raw": [13, 13, 13, 13, 13, 13, 13, 10, 10, 10, 7, 13, 13, 13, 13, 10, 13, 13, 7, 7, 13, 13, 13, 7, 13, 13, 7, 10, 7, 13, 13, 7, 13, 13, 13, 13, 7, 13, 13, 7, 13, 13, 7, 13, 13, 13, 13, 13, 10, 10]}}, "learning_time": {"mean": 4.526339999999999, "std": 1.3009789023654457, "std_err": 0.18585412890934938, "raw": [5.543, 1.952, 7.171, 3.268, 6.568, 6.0, 4.759, 3.061, 5.482, 4.618, 4.724, 6.97, 4.321, 4.929, 3.336, 2.839, 2.085, 3.601, 4.731, 4.101, 5.962, 4.468, 3.332, 4.57, 4.753, 3.993, 4.19, 6.364, 7.066, 4.28, 2.563, 4.074, 4.169, 3.134, 4.917, 4.053, 4.151, 3.464, 6.203, 3.657, 5.828, 4.036, 4.955, 5.122, 4.299, 4.065, 7.682, 3.89, 4.24, 2.778]}}, "noise_pct_98": {"accuracy": {"mean": 0.4419380619380619, "std": 0.446568325833187, "std_err": 0.06379547511902671, "raw": [0.0, 1.0, 1.0, 1.0, 1.0, 0.03196803196803197, 0.03196803196803197, 0.03196803196803197, 0.6963036963036963, 0.0, 0.03196803196803197, 0.8171828171828172, 1.0, 0.8171828171828172, 1.0, 0.03196803196803197, 0.8171828171828172, 1.0, 0.03196803196803197, 0.03196803196803197, 0.03196803196803197, 1.0, 0.6933066933066933, 0.03196803196803197, 0.12087912087912088, 0.03196803196803197, 0.03196803196803197, 0.0, 0.03196803196803197, 0.2217782217782218, 0.7982017982017982, 0.03196803196803197, 0.03196803196803197, 0.7632367632367633, 1.0, 0.0, 0.03196803196803197, 1.0, 0.03196803196803197, 0.03196803196803197, 0.03196803196803197, 1.0, 0.03196803196803197, 1.0, 0.03196803196803197, 1.0, 1.0, 1.0, 0.6803196803196803, 0.03196803196803197]}, "interpretability": {"num_rules": {"mean": 2.66, "std": 0.5141984052872977, "std_err": 0.07345691504104253, "raw": [3, 3, 3, 3, 3, 2, 2, 2, 3, 3, 2, 3, 3, 3, 3, 2, 3, 3, 2, 2, 3, 3, 3, 2, 3, 2, 2, 3, 3, 4, 3, 2, 2, 3, 3, 3, 2, 3, 2, 2, 3, 3, 2, 3, 2, 3, 3, 3, 3, 2]}, "num_predicates": {"mean": 10.78, "std": 3.048212591011329, "std_err": 0.435458941573047, "raw": [13, 13, 13, 13, 13, 7, 7, 7, 10, 10, 7, 13, 13, 13, 13, 7, 13, 13, 7, 7, 13, 13, 13, 7, 13, 7, 7, 10, 13, 19, 13, 7, 7, 13, 13, 13, 7, 13, 7, 7, 13, 13, 7, 13, 7, 13, 13, 13, 13, 7]}}, "learning_time": {"mean": 4.00248, "std": 1.3393765749780753, "std_err": 0.19133951071115363, "raw": [6.044, 1.644, 5.764, 2.375, 5.285, 7.423, 4.262, 4.812, 4.726, 4.48, 4.854, 5.87, 3.805, 5.298, 1.753, 2.687, 2.18, 3.773, 3.724, 3.886, 5.074, 4.68, 3.826, 3.874, 3.414, 2.565, 2.822, 6.153, 5.912, 5.392, 3.42, 2.733, 2.62, 2.571, 4.07, 3.379, 3.321, 3.079, 4.142, 2.657, 5.059, 3.682, 2.353, 5.05, 2.311, 4.078, 6.448, 4.044, 4.683, 2.067]}}, "noise_pct_99": {"accuracy": {"mean": 0.2571828171828172, "std": 0.3860888086943647, "std_err": 0.05515554409919496,