{"noise_pct_95": {"accuracy": {"mean": 0.37202797202797205, "std": 0.41260149027899706, "std_err": 0.05894307003985673, "raw": [1.0, 1.0, 0.12087912087912088, 0.12087912087912088, 0.12087912087912088, 0.059940059940059943, 1.0, 0.12087912087912088, 0.12087912087912088, 1.0, 0.059940059940059943, 1.0, 1.0, 0.12087912087912088, 0.12087912087912088, 0.12087912087912088, 0.12087912087912088, 0.12087912087912088, 0.0, 0.059940059940059943, 0.059940059940059943, 0.12087912087912088, 1.0, 0.12087912087912088, 0.12087912087912088, 1.0, 1.0, 1.0, 0.059940059940059943, 1.0, 0.12087912087912088, 0.12087912087912088, 0.030969030969030968, 0.12087912087912088, 1.0, 0.12087912087912088, 0.12087912087912088, 0.12087912087912088, 0.25074925074925075, 0.059940059940059943, 0.12087912087912088, 0.12087912087912088, 1.0, 0.059940059940059943, 0.12087912087912088, 1.0, 0.059940059940059943, 0.12087912087912088, 0.059940059940059943, 1.0]}, "interpretability": {"num_rules": {"mean": 2.94, "std": 0.5800000000000001, "std_err": 0.08285714285714285, "raw": [3, 3, 3, 3, 3, 4, 3, 3, 3, 3, 2, 3, 3, 3, 3, 3, 3, 3, 3, 2, 2, 3, 3, 3, 3, 3, 3, 3, 2, 3, 3, 3, 5, 3, 3, 3, 3, 3, 5, 2, 3, 3, 3, 2, 3, 3, 2, 3, 2, 3]}, "num_predicates": {"mean": 12.16, "std": 4.328325311249144, "std_err": 0.6183321873213062, "raw": [13, 13, 13, 13, 13, 19, 13, 13, 13, 13, 4, 13, 13, 13, 13, 13, 13, 13, 13, 4, 4, 13, 13, 13, 13, 13, 13, 13, 4, 13, 13, 13, 25, 13, 13, 13, 13, 13, 25, 4, 13, 13, 13, 4, 13, 13, 4, 13, 4, 13]}}, "learning_time": {"mean": 338.29086, "std": 328.0681465190432, "std_err": 46.86687807414902, "raw": [84.313, 174.507, 205.962, 931.703, 1017.36, 405.163, 462.569, 127.642, 628.179, 53.948, 929.625, 64.27, 565.865, 575.9, 18.493, 106.571, 775.975, 157.615, 944.314, 108.83, 737.139, 59.427, 505.188, 88.074, 32.987, 217.564, 754.217, 822.404, 1020.19, 481.199, 81.855, 47.986, 633.433, 22.019, 388.008, 122.398, 85.961, 39.498, 61.291, 689.355, 47.662, 36.421, 274.02, 282.392, 79.049, 66.73, 36.29, 37.003, 808.632, 17.347]}}, "noise_pct_96": {"accuracy": {"mean": 0.2927872127872128, "std": 0.3770210626632613, "std_err": 0.053860151809037325, "raw": [1.0, 1.0, 0.059940059940059943, 0.12087912087912088, 0.12087912087912088, 0.04795204795204795, 1.0, 0.12087912087912088, 0.12087912087912088, 1.0, 0.059940059940059943, 1.0, 1.0, 0.059940059940059943, 0.12087912087912088, 0.12087912087912088, 0.12087912087912088, 0.12087912087912088, 0.0, 0.059940059940059943, 0.059940059940059943, 0.12087912087912088, 0.0, 0.12087912087912088, 0.12087912087912088, 1.0, 1.0, 1.0, 0.059940059940059943, 1.0, 0.12087912087912088, 0.12087912087912088, 0.030969030969030968, 0.12087912087912088, 0.12087912087912088, 0.12087912087912088, 0.12087912087912088, 0.12087912087912088, 0.059940059940059943, 0.059940059940059943, 0.12087912087912088, 0.12087912087912088, 0.12087912087912088, 0.059940059940059943, 0.12087912087912088, 0.12087912087912088, 0.059940059940059943, 0.12087912087912088, 0.059940059940059943, 1.0]}, "interpretability": {"num_rules": {"mean": 2.88, "std": 0.6209669878504009, "std_err": 0.08870956969291442, "raw": [3, 3, 2, 3, 3, 5, 3, 3, 3, 3, 2, 3, 3, 2, 3, 4, 3, 3, 3, 2, 2, 3, 3, 3, 3, 3, 3, 3, 2, 3, 3, 3, 5, 3, 3, 3, 3, 3, 2, 2, 3, 3, 3, 2, 3, 3, 2, 3, 2, 3]}, "num_predicates": {"mean": 11.62, "std": 4.732398968810639, "std_err": 0.676056995544377, "raw": [13, 13, 4, 13, 13, 25, 13, 13, 13, 13, 4, 13, 13, 4, 13, 19, 13, 13, 13, 4, 4, 13, 13, 13, 13, 13, 13, 13, 4, 13, 13, 13, 25, 13, 13, 13, 13, 13, 4, 4, 13, 13, 13, 4, 13, 13, 4, 13, 4, 13]}}, "learning_time": {"mean": 256.607, "std": 311.94297487899934, "std_err": 44.56328212557133, "raw": [75.36, 186.157, 191.283, 828.058, 919.661, 168.764, 344.533, 74.822, 913.275, 40.533, 926.64, 60.579, 242.588, 226.823, 17.242, 54.152, 835.817, 194.962, 920.382, 91.583, 255.789, 53.321, 485.74, 81.403, 27.836, 239.322, 716.908, 181.41, 954.046, 287.952, 69.164, 35.432, 258.896, 18.737, 166.272, 74.329, 31.721, 37.459, 62.028, 77.67, 23.347, 59.705, 74.108, 111.653, 48.922, 45.953, 25.453, 28.438, 967.939, 16.183]}}, "noise_pct_97": {"accuracy": {"mean": 0.23882117882117881, "std": 0.3339011903246149, "std_err": 0.04770017004637355, "raw": [1.0, 1.0, 0.059940059940059943, 0.12087912087912088, 0.12087912087912088, 0.04795204795204795, 0.059940059940059943, 0.12087912087912088, 0.12087912087912088, 1.0, 0.059940059940059943, 0.12087912087912088, 1.0, 0.059940059940059943, 0.12087912087912088, 0.12087912087912088, 0.12087912087912088, 0.12087912087912088, 0.0, 0.059940059940059943, 0.059940059940059943, 0.12087912087912088, 0.0, 0.12087912087912088, 0.12087912087912088, 1.0, 0.12087912087912088, 1.0, 0.059940059940059943, 1.0, 0.12087912087912088, 0.12087912087912088, 0.030969030969030968, 0.12087912087912088, 0.12087912087912088, 0.12087912087912088, 0.12087912087912088, 0.12087912087912088, 0.059940059940059943, 0.059940059940059943, 0.12087912087912088, 0.12087912087912088, 0.12087912087912088, 0.059940059940059943, 0.12087912087912088, 0.12087912087912088, 0.059940059940059943, 0.12087912087912088, 0.059940059940059943, 1.0]}, "interpretability": {"num_rules": {"mean": 2.86, "std": 0.632771680782255, "std_err": 0.09039595439746499, "raw": [3, 3, 2, 3, 3, 5, 2, 3, 3, 3, 2, 3, 3, 2, 3, 4, 3, 3, 3, 2, 2, 3, 3, 3, 3, 3, 3, 3, 2, 3, 3, 3, 5, 3, 3, 3, 3, 3, 2, 2, 3, 3, 3, 2, 3, 3, 2, 3, 2, 3]}, "num_predicates": {"mean": 11.44, "std": 4.8462769215140815, "std_err": 0.6923252745020115, "raw": [13, 13, 4, 13, 13, 25, 4, 13, 13, 13, 4, 13, 13, 4, 13, 19, 13, 13, 13, 4, 4, 13, 13, 13, 13, 13, 13, 13, 4, 13, 13, 13, 25, 13, 13, 13, 13, 13, 4, 4, 13, 13, 13, 4, 13, 13, 4, 13, 4, 13]}}, "learning_time": {"mean": 277.04546, "std": 326.68296509449095, "std_err": 46.6689950134987, "raw": [105.8, 144.237, 204.185, 652.26, 924.133, 412.004, 565.425, 40.132, 911.111, 43.379, 909.829, 53.215, 692.329, 215.891, 18.082, 54.19, 1144.64, 231.229, 902.29, 85.542, 261.709, 47.096, 165.851, 99.915, 27.364, 643.274, 83.866, 496.058, 912.065, 231.122, 37.369, 31.138, 336.308, 18.089, 307.852, 236.018, 54.015, 32.773, 77.291, 44.44, 22.095, 29.883, 91.395, 106.522, 53.312, 38.097, 21.658, 26.458, 993.225, 16.112]}}, "noise_pct_98": {"accuracy": {"mean": 0.24027972027972028, "std": 0.33322284380766254, "std_err": 0.04760326340109464, "raw": [1.0, 1.0, 0.059940059940059943, 0.12087912087912088, 0.12087912087912088, 0.059940059940059943, 0.059940059940059943, 0.12087912087912088, 0.12087912087912088, 1.0, 0.059940059940059943, 0.12087912087912088, 1.0, 0.059940059940059943, 0.12087912087912088, 0.12087912087912088, 0.12087912087912088, 0.12087912087912088, 0.0, 0.12087912087912088, 0.059940059940059943, 0.12087912087912088, 0.0, 0.12087912087912088, 0.12087912087912088, 1.0, 0.12087912087912088, 1.0, 0.059940059940059943, 1.0, 0.12087912087912088, 0.12087912087912088, 0.030969030969030968, 0.12087912087912088, 0.12087912087912088, 0.12087912087912088, 0.12087912087912088, 0.12087912087912088, 0.059940059940059943, 0.059940059940059943, 0.12087912087912088, 0.12087912087912088, 0.12087912087912088, 0.059940059940059943, 0.12087912087912088, 0.12087912087912088, 0.059940059940059943, 0.12087912087912088, 0.059940059940059943, 1.0]}, "interpretability": {"num_rules": {"mean": 2.84, "std": 0.6118823416311342, "std_err": 0.08741176309016202, "raw": [3, 3, 2, 5, 3, 2, 2, 3, 3, 3, 2, 3, 3, 2, 3, 3, 3, 3, 3, 3, 2, 3, 3, 3, 3, 3, 3, 3, 2, 3, 3, 3, 5, 3, 3, 3, 3, 3, 2, 2, 3, 3, 3, 2, 3, 3, 2, 3, 2, 3]}, "num_predicates": {"mean": 11.32, "std": 4.730496802662485, "std_err": 0.6757852575232123, "raw": [13, 13, 4, 25, 13, 4, 4, 13, 13, 13, 4, 13, 13, 4, 13, 13, 13, 13, 13, 13, 4, 13, 13, 13, 13, 13, 13, 13, 4, 13, 13, 13, 25, 13, 13, 13, 13, 13, 4, 4, 13, 13, 13, 4, 13, 13, 4, 13, 4, 13]}}, "learning_time": {"mean": 229.13670000000002, "std": 264.0754016169056, "std_err": 37.72505737384366,