{"noise_pct_10": {"accuracy": {"mean": 1.0, "std": 0.0, "std_err": 0.0, "raw": [1.0, 1.0, 1.0, 1.0, 1.0]}, "interpretability": {"num_rules": {"mean": 3.0, "std": 0.0, "std_err": 0.0, "raw": [3, 3, 3, 3, 3]}, "num_predicates": {"mean": 13.0, "std": 0.0, "std_err": 0.0, "raw": [13, 13, 13, 13, 13]}}, "learning_time": {"mean": 2.4194, "std": 0.8074232099710783, "std_err": 0.40371160498553915, "raw": [4.013, 1.992, 1.875, 1.954, 2.263]}}, "noise_pct_20": {"accuracy": {"mean": 1.0, "std": 0.0, "std_err": 0.0, "raw": [1.0, 1.0, 1.0, 1.0, 1.0]}, "interpretability": {"num_rules": {"mean": 3.0, "std": 0.0, "std_err": 0.0, "raw": [3, 3, 3, 3, 3]}, "num_predicates": {"mean": 13.0, "std": 0.0, "std_err": 0.0, "raw": [13, 13, 13, 13, 13]}}, "learning_time": {"mean": 2.1938000000000004, "std": 0.7197186672582558, "std_err": 0.3598593336291279, "raw": [3.601, 1.711, 1.983, 2.034, 1.64]}}, "noise_pct_30": {"accuracy": {"mean": 1.0, "std": 0.0, "std_err": 0.0, "raw": [1.0, 1.0, 1.0, 1.0, 1.0]}, "interpretability": {"num_rules": {"mean": 3.0, "std": 0.0, "std_err": 0.0, "raw": [3, 3, 3, 3, 3]}, "num_predicates": {"mean": 13.0, "std": 0.0, "std_err": 0.0, "raw": [13, 13, 13, 13, 13]}}, "learning_time": {"mean": 2.2444, "std": 0.8909959820335892, "std_err": 0.4454979910167946, "raw": [3.979, 1.616, 2.091, 1.978, 1.558]}}, "noise_pct_40": {"accuracy": {"mean": 1.0, "std": 0.0, "std_err": 0.0, "raw": [1.0, 1.0, 1.0, 1.0, 1.0]}, "interpretability": {"num_rules": {"mean": 3.0, "std": 0.0, "std_err": 0.0, "raw": [3, 3, 3, 3, 3]}, "num_predicates": {"mean": 13.0, "std": 0.0, "std_err": 0.0, "raw": [13, 13, 13, 13, 13]}}, "learning_time": {"mean": 2.4778, "std": 0.9440591930594181, "std_err": 0.472029596529709, "raw": [3.578, 1.572, 3.675, 1.891, 1.673]}}, "noise_pct_50": {"accuracy": {"mean": 1.0, "std": 0.0, "std_err": 0.0, "raw": [1.0, 1.0, 1.0, 1.0, 1.0]}, "interpretability": {"num_rules": {"mean": 3.0, "std": 0.0, "std_err": 0.0, "raw": [3, 3, 3, 3, 3]}, "num_predicates": {"mean": 13.0, "std": 0.0, "std_err": 0.0, "raw": [13, 13, 13, 13, 13]}}, "learning_time": {"mean": 2.7306, "std": 0.865617606105606, "std_err": 0.432808803052803, "raw": [3.431, 1.541, 3.787, 1.916, 2.978]}}, "noise_pct_60": {"accuracy": {"mean": 1.0, "std": 0.0, "std_err": 0.0, "raw": [1.0, 1.0, 1.0, 1.0, 1.0]}, "interpretability": {"num_rules": {"mean": 3.0, "std": 0.0, "std_err": 0.0, "raw": [3, 3, 3, 3, 3]}, "num_predicates": {"mean": 13.0, "std": 0.0, "std_err": 0.0, "raw": [13, 13, 13, 13, 13]}}, "learning_time": {"mean": 2.9666, "std": 1.008603509809479, "std_err": 0.5043017549047395, "raw": [3.853, 1.564, 3.613, 1.925, 3.878]}}, "noise_pct_70": {"accuracy": {"mean": 1.0, "std": 0.0, "std_err": 0.0, "raw": [1.0, 1.0, 1.0, 1.0, 1.0]}, "interpretability": {"num_rules": {"mean": 3.0, "std": 0.0, "std_err": 0.0, "raw": [3, 3, 3, 3, 3]}, "num_predicates": {"mean": 13.0, "std": 0.0, "std_err": 0.0, "raw": [13, 13, 13, 13, 13]}}, "learning_time": {"mean": 3.3396, "std": 1.3190791636592551, "std_err": 0.6595395818296276, "raw": [5.145, 1.576, 3.917, 2.08, 3.98]}}, "noise_pct_80": {"accuracy": {"mean": 1.0, "std": 0.0, "std_err": 0.0, "raw": [1.0, 1.0, 1.0, 1.0, 1.0]}, "interpretability": {"num_rules": {"mean": 3.0, "std": 0.0, "std_err": 0.0, "raw": [3, 3, 3, 3, 3]}, "num_predicates": {"mean": 13.0, "std": 0.0, "std_err": 0.0, "raw": [13, 13, 13, 13, 13]}}, "learning_time": {"mean": 3.6552, "std": 1.57632438286033, "std_err": 0.7881621914301649, "raw": [5.773, 1.589, 4.127, 2.107, 4.68]}}, "noise_pct_90": {"accuracy": {"mean": 1.0, "std": 0.0, "std_err": 0.0, "raw": [1.0, 1.0, 1.0, 1.0, 1.0]}, "interpretability": {"num_rules": {"mean": 3.0, "std": 0.0, "std_err": 0.0, "raw": [3, 3, 3, 3, 3]}, "num_predicates": {"mean": 13.0, "std": 0.0, "std_err": 0.0, "raw": [13, 13, 13, 13, 13]}}, "learning_time": {"mean": 4.3262, "std": 2.0380639244145415, "std_err": 1.0190319622072705, "raw": [5.389, 1.715, 6.871, 2.118, 5.538]}}, "noise_pct_100": {"accuracy": {"mean": 0.18861138861138863, "std": 0.329503423980183, "std_err": 0.1647517119900915, "raw": [0.0, 0.03196803196803197, 0.03196803196803197, 0.8471528471528471, 0.03196803196803197]}, "interpretability": {"num_rules": {"mean": 2.4, "std": 0.4898979485566356, "std_err": 0.24494897427831777, "raw": [3, 2, 2, 3, 2]}, "num_predicates": {"mean": 8.8, "std": 2.4, "std_err": 1.2, "raw": [13, 7, 7, 10, 7]}}, "learning_time": {"mean": 2.4552, "std": 0.6849766127394424, "std_err": 0.3424883063697212, "raw": [3.258, 1.386, 2.17, 2.328, 3.134]}}}