{"noise_pct_10": {"accuracy": {"mean": 1.0, "std": 0.0, "std_err": 0.0, "raw": [1.0, 1.0, 1.0, 1.0, 1.0]}, "interpretability": {"num_rules": {"mean": 3.0, "std": 0.0, "std_err": 0.0, "raw": [3, 3, 3, 3, 3]}, "num_predicates": {"mean": 13.0, "std": 0.0, "std_err": 0.0, "raw": [13, 13, 13, 13, 13]}}, "learning_time": {"mean": 2.6654, "std": 0.4755004100944603, "std_err": 0.23775020504723016, "raw": [2.583, 2.354, 3.582, 2.562, 2.246]}}, "noise_pct_20": {"accuracy": {"mean": 1.0, "std": 0.0, "std_err": 0.0, "raw": [1.0, 1.0, 1.0, 1.0, 1.0]}, "interpretability": {"num_rules": {"mean": 3.0, "std": 0.0, "std_err": 0.0, "raw": [3, 3, 3, 3, 3]}, "num_predicates": {"mean": 13.0, "std": 0.0, "std_err": 0.0, "raw": [13, 13, 13, 13, 13]}}, "learning_time": {"mean": 2.4836, "std": 0.6056489412192513, "std_err": 0.30282447060962564, "raw": [2.081, 2.811, 3.446, 2.39, 1.69]}}, "noise_pct_30": {"accuracy": {"mean": 1.0, "std": 0.0, "std_err": 0.0, "raw": [1.0, 1.0, 1.0, 1.0, 1.0]}, "interpretability": {"num_rules": {"mean": 3.0, "std": 0.0, "std_err": 0.0, "raw": [3, 3, 3, 3, 3]}, "num_predicates": {"mean": 13.0, "std": 0.0, "std_err": 0.0, "raw": [13, 13, 13, 13, 13]}}, "learning_time": {"mean": 2.8912, "std": 0.5606536899013507, "std_err": 0.28032684495067534, "raw": [2.333, 3.191, 3.458, 2.104, 3.37]}}, "noise_pct_40": {"accuracy": {"mean": 1.0, "std": 0.0, "std_err": 0.0, "raw": [1.0, 1.0, 1.0, 1.0, 1.0]}, "interpretability": {"num_rules": {"mean": 3.0, "std": 0.0, "std_err": 0.0, "raw": [3, 3, 3, 3, 3]}, "num_predicates": {"mean": 13.0, "std": 0.0, "std_err": 0.0, "raw": [13, 13, 13, 13, 13]}}, "learning_time": {"mean": 3.8152, "std": 1.1022539453320181, "std_err": 0.5511269726660091, "raw": [2.316, 5.212, 4.497, 2.737, 4.314]}}, "noise_pct_50": {"accuracy": {"mean": 1.0, "std": 0.0, "std_err": 0.0, "raw": [1.0, 1.0, 1.0, 1.0, 1.0]}, "interpretability": {"num_rules": {"mean": 3.0, "std": 0.0, "std_err": 0.0, "raw": [3, 3, 3, 3, 3]}, "num_predicates": {"mean": 13.0, "std": 0.0, "std_err": 0.0, "raw": [13, 13, 13, 13, 13]}}, "learning_time": {"mean": 5.1644, "std": 1.0940873091303087, "std_err": 0.5470436545651544, "raw": [3.935, 6.123, 6.281, 3.754, 5.729]}}, "noise_pct_60": {"accuracy": {"mean": 1.0, "std": 0.0, "std_err": 0.0, "raw": [1.0, 1.0, 1.0, 1.0, 1.0]}, "interpretability": {"num_rules": {"mean": 3.0, "std": 0.0, "std_err": 0.0, "raw": [3, 3, 3, 3, 3]}, "num_predicates": {"mean": 13.0, "std": 0.0, "std_err": 0.0, "raw": [13, 13, 13, 13, 13]}}, "learning_time": {"mean": 5.901, "std": 0.9891424568786843, "std_err": 0.4945712284393421, "raw": [6.271, 5.949, 6.941, 4.03, 6.314]}}, "noise_pct_70": {"accuracy": {"mean": 1.0, "std": 0.0, "std_err": 0.0, "raw": [1.0, 1.0, 1.0, 1.0, 1.0]}, "interpretability": {"num_rules": {"mean": 3.0, "std": 0.0, "std_err": 0.0, "raw": [3, 3, 3, 3, 3]}, "num_predicates": {"mean": 13.0, "std": 0.0, "std_err": 0.0, "raw": [13, 13, 13, 13, 13]}}, "learning_time": {"mean": 6.8048, "std": 1.5058617997678272, "std_err": 0.7529308998839136, "raw": [7.761, 6.116, 7.556, 4.19, 8.401]}}, "noise_pct_80": {"accuracy": {"mean": 1.0, "std": 0.0, "std_err": 0.0, "raw": [1.0, 1.0, 1.0, 1.0, 1.0]}, "interpretability": {"num_rules": {"mean": 3.0, "std": 0.0, "std_err": 0.0, "raw": [3, 3, 3, 3, 3]}, "num_predicates": {"mean": 13.0, "std": 0.0, "std_err": 0.0, "raw": [13, 13, 13, 13, 13]}}, "learning_time": {"mean": 7.875800000000001, "std": 1.5262094744824515, "std_err": 0.7631047372412257, "raw": [9.608, 8.394, 7.084, 5.318, 8.975]}}, "noise_pct_90": {"accuracy": {"mean": 1.0, "std": 0.0, "std_err": 0.0, "raw": [1.0, 1.0, 1.0, 1.0, 1.0]}, "interpretability": {"num_rules": {"mean": 3.0, "std": 0.0, "std_err": 0.0, "raw": [3, 3, 3, 3, 3]}, "num_predicates": {"mean": 13.0, "std": 0.0, "std_err": 0.0, "raw": [13, 13, 13, 13, 13]}}, "learning_time": {"mean": 10.750200000000001, "std": 0.5322568552869935, "std_err": 0.26612842764349676, "raw": [10.687, 11.658, 10.793, 9.996, 10.617]}}, "noise_pct_100": {"accuracy": {"mean": 0.24195804195804196, "std": 0.30619757075844173, "std_err": 0.15309878537922086, "raw": [0.12087912087912088, 0.12087912087912088, 0.8471528471528471, 0.12087912087912088, 0.0]}, "interpretability": {"num_rules": {"mean": 3.2, "std": 0.39999999999999997, "std_err": 0.19999999999999998, "raw": [3, 3, 3, 4, 3]}, "num_predicates": {"mean": 13.6, "std": 2.939387691339814, "std_err": 1.469693845669907, "raw": [13, 13, 10, 19, 13]}}, "learning_time": {"mean": 16.1226, "std": 11.586007174173508, "std_err": 5.793003587086753, "raw": [7.292, 9.95, 13.715, 10.726, 38.93]}}}