{"noise_pct_95": {"accuracy": {"mean": 0.955904095904096, "std": 0.07341454637240666, "std_err": 0.010487792338915235, "raw": [0.8321678321678322, 1.0, 0.8321678321678322, 0.8321678321678322, 1.0, 1.0, 1.0, 0.8321678321678322, 1.0, 0.8321678321678322, 1.0, 1.0, 1.0, 0.977022977022977, 1.0, 1.0, 1.0, 1.0, 1.0, 1.0, 1.0, 1.0, 1.0, 1.0, 1.0, 1.0, 1.0, 1.0, 1.0, 0.8321678321678322, 1.0, 1.0, 0.8321678321678322, 1.0, 0.8321678321678322, 1.0, 1.0, 0.8321678321678322, 0.8321678321678322, 1.0, 1.0, 1.0, 0.8321678321678322, 1.0, 0.8321678321678322, 1.0, 0.8321678321678322, 1.0, 1.0, 1.0]}, "interpretability": {"num_rules": {"mean": 2.78, "std": 0.46, "std_err": 0.06571428571428571, "raw": [2, 3, 2, 2, 3, 3, 3, 2, 3, 2, 3, 3, 3, 4, 3, 3, 3, 3, 3, 3, 3, 3, 3, 3, 3, 3, 3, 3, 3, 2, 3, 3, 2, 3, 2, 3, 3, 2, 2, 3, 3, 3, 2, 3, 3, 3, 2, 3, 3, 3]}, "num_predicates": {"mean": 10.9, "std": 3.9912404086950213, "std_err": 0.5701772012421458, "raw": [4, 13, 4, 4, 13, 13, 13, 4, 13, 4, 13, 13, 13, 19, 13, 13, 13, 13, 13, 13, 13, 13, 13, 13, 13, 13, 13, 13, 13, 4, 13, 13, 4, 13, 4, 13, 13, 4, 4, 13, 13, 13, 4, 13, 10, 13, 4, 13, 13, 13]}}, "learning_time": {"mean": 341.78765999999996, "std": 301.12593589942463, "std_err": 43.01799084277495, "raw": [772.355, 275.983, 581.834, 41.871, 198.335, 187.345, 760.478, 65.015, 17.014, 37.425, 44.983, 112.165, 970.749, 76.011, 422.479, 30.22, 187.357, 763.414, 109.378, 680.637, 764.598, 30.457, 27.819, 920.173, 311.414, 334.545, 254.966, 214.271, 154.88, 621.623, 168.846, 187.889, 938.934, 466.381, 156.66, 436.333, 51.248, 921.582, 593.908, 414.683, 365.205, 60.932, 168.613, 846.263, 159.89, 764.455, 48.531, 145.614, 41.373, 182.249]}}, "noise_pct_96": {"accuracy": {"mean": 0.9465134865134865, "std": 0.08280777311518597, "std_err": 0.011829681873597996, "raw": [0.6983016983016983, 1.0, 0.8321678321678322, 0.8321678321678322, 1.0, 0.8321678321678322, 0.8321678321678322, 0.8321678321678322, 1.0, 0.8321678321678322, 1.0, 1.0, 1.0, 0.977022977022977, 1.0, 1.0, 1.0, 1.0, 1.0, 1.0, 1.0, 1.0, 1.0, 1.0, 1.0, 1.0, 1.0, 1.0, 1.0, 0.8321678321678322, 1.0, 1.0, 0.8321678321678322, 1.0, 0.8321678321678322, 1.0, 1.0, 0.8321678321678322, 0.8321678321678322, 1.0, 1.0, 1.0, 0.8321678321678322, 1.0, 0.8321678321678322, 1.0, 0.8321678321678322, 1.0, 1.0, 1.0]}, "interpretability": {"num_rules": {"mean": 2.76, "std": 0.47159304490206383, "std_err": 0.06737043498600913, "raw": [3, 3, 2, 2, 3, 2, 2, 2, 3, 2, 3, 3, 3, 4, 3, 3, 3, 3, 3, 3, 3, 3, 3, 3, 3, 3, 3, 3, 3, 2, 3, 3, 2, 3, 2, 3, 3, 2, 2, 3, 3, 3, 2, 3, 3, 3, 2, 3, 3, 3]}, "num_predicates": {"mean": 10.72, "std": 4.094093306215675, "std_err": 0.584870472316525, "raw": [13, 13, 4, 4, 13, 4, 4, 4, 13, 4, 13, 13, 13, 19, 13, 13, 13, 13, 13, 13, 13, 13, 13, 13, 13, 13, 13, 13, 13, 4, 13, 13, 4, 13, 4, 13, 13, 4, 4, 13, 13, 13, 4, 13, 10, 13, 4, 13, 13, 13]}}, "learning_time": {"mean": 329.4961, "std": 295.2915993770395, "std_err": 42.18451419671993, "raw": [924.151, 296.997, 527.672, 71.275, 223.194, 386.014, 640.026, 62.32, 17.991, 36.034, 42.766, 104.135, 906.411, 75.819, 724.61, 27.07, 123.522, 901.086, 100.652, 573.395, 302.9, 71.232, 29.42, 953.16, 366.59, 349.004, 241.332, 153.685, 96.069, 473.422, 163.151, 164.075, 396.31, 504.319, 105.371, 355.385, 86.144, 1043.55, 676.001, 271.109, 522.252, 85.188, 62.07, 251.275, 540.685, 935.382, 46.53, 219.975, 35.108, 208.971]}}, "noise_pct_97": {"accuracy": {"mean": 0.925994005994006, "std": 0.14148179877331343, "std_err": 0.020211685539044774, "raw": [0.8321678321678322, 1.0, 0.8321678321678322, 0.8321678321678322, 1.0, 0.8321678321678322, 0.8321678321678322, 0.8321678321678322, 1.0, 0.8321678321678322, 1.0, 1.0, 0.12087912087912088, 0.977022977022977, 1.0, 1.0, 1.0, 1.0, 1.0, 1.0, 1.0, 1.0, 1.0, 0.8321678321678322, 1.0, 1.0, 1.0, 1.0, 1.0, 0.8321678321678322, 1.0, 1.0, 0.8321678321678322, 1.0, 0.8321678321678322, 1.0, 1.0, 0.8321678321678322, 0.7192807192807192, 1.0, 1.0, 1.0, 0.8321678321678322, 1.0, 0.8321678321678322, 1.0, 0.8321678321678322, 1.0, 1.0, 1.0]}, "interpretability": {"num_rules": {"mean": 2.74, "std": 0.482078831727758, "std_err": 0.06886840453253686, "raw": [2, 3, 2, 2, 3, 2, 2, 2, 3, 2, 3, 3, 3, 4, 3, 3, 3, 3, 3, 3, 3, 3, 3, 2, 3, 3, 3, 3, 3, 2, 3, 3, 2, 3, 2, 3, 3, 2, 3, 3, 3, 3, 2, 3, 3, 3, 2, 3, 3, 3]}, "num_predicates": {"mean": 10.54, "std": 4.186693205860683, "std_err": 0.5980990294086689, "raw": [4, 13, 4, 4, 13, 4, 4, 4, 13, 4, 13, 13, 13, 19, 13, 13, 13, 13, 13, 13, 13, 13, 13, 4, 13, 13, 13, 13, 13, 4, 13, 13, 4, 13, 4, 13, 13, 4, 13, 13, 13, 13, 4, 13, 10, 13, 4, 13, 13, 13]}}, "learning_time": {"mean": 379.79738, "std": 305.83131661266407, "std_err": 43.69018808752344, "raw": [908.322, 500.118, 461.666, 55.308, 243.091, 765.798, 895.452, 73.427, 23.034, 41.872, 98.842, 135.4, 931.035, 100.978, 704.007, 26.474, 263.455, 408.167, 71.811, 584.492, 454.366, 58.737, 28.97, 930.832, 336.858, 441.412, 417.609, 213.35, 197.114, 428.348, 318.28, 381.688, 957.062, 714.384, 150.611, 381.279, 137.705, 922.032, 806.911, 284.771, 680.17, 90.375, 65.647, 247.089, 220.682, 1023.22, 55.496, 325.036, 46.071, 381.015]}}, "noise_pct_98": {"accuracy": {"mean": 0.9042957042957042, "std": 0.16937801948339778, "std_err": 0.024196859926199684, "raw": [0.8321678321678322, 1.0, 0.8321678321678322, 0.8321678321678322, 1.0, 0.8321678321678322, 0.8321678321678322, 0.8321678321678322, 1.0, 0.8321678321678322, 1.0, 1.0, 0.12087912087912088, 0.977022977022977, 1.0, 1.0, 1.0, 0.8321678321678322, 0.8321678321678322, 1.0, 1.0, 1.0, 1.0, 0.8321678321678322, 1.0, 1.0, 1.0, 1.0, 1.0, 0.8321678321678322, 1.0, 1.0, 0.8321678321678322, 1.0, 0.8321678321678322, 1.0, 1.0, 0.8321678321678322, 0.7192807192807192, 1.0, 1.0, 1.0, 0.8321678321678322, 1.0, 0.8321678321678322, 0.25074925074925075, 0.8321678321678322, 1.0, 1.0, 1.0]}, "interpretability": {"num_rules": {"mean": 2.78, "std": 0.5758472019555188, "std_err": 0.08226388599364552, "raw": [3, 3, 2, 2, 3, 2, 2, 2, 3, 2, 3, 3, 3, 4, 3, 3, 3, 2, 2, 3, 3, 3, 3, 2, 3, 3, 3, 3, 3, 3, 3, 3, 2, 3, 2, 3, 3, 2, 3, 3, 3, 3, 2, 3, 3, 5, 2, 3, 3, 3]}, "num_predicates": {"mean": 10.72, "std": 4.630507531577937, "std_err": 0.6615010759397052, "raw": [13, 13, 4, 4, 13, 4, 4, 4, 13, 4, 13, 13, 13, 19, 13, 13, 13, 4, 4, 13, 13, 13, 13, 4, 13, 13, 13, 13, 13, 10, 13, 13, 4, 13, 4, 13, 13, 4, 13, 13, 13, 13, 4, 13, 10, 25, 4, 13, 13, 13]}}, "learning_time": {"mean": 448.2747, "std": 325.76436676507456, "std_err": 46.537766680724935, "raw": [920.347, 911.26, 359.637, 37.441, 471.241, 662.61, 398.196, 158.102, 18.02, 50.219, 145.093, 277.559, 674.301, 231.354, 454.267, 35.185, 337.748, 950.574, 77.115, 933.145, 127.427, 60.381, 88.991, 1003.87, 520.728, 197.203, 630.625, 398.399, 252.543, 774.999, 478.435, 733.302, 1027.8, 966.732, 177.659, 961.124, 297.465, 949.684, 569.602, 325.46, 826.331, 164.567, 253.601, 645.464, 298.613, 925.842, 78.9, 266.511, 36.345, 271.718]}}, "noise_pct_99": {"accuracy": {"mean": 0.8939660339660339, "std": 0.16822144688226434, "std_err": 0.024031635268894905, "raw": [0.8321678321678322, 1.0, 0.8321678321678322, 0.8321678321678322, 1.0, 0.8321678321678322, 0.8321678321678322, 0.8321678321678322, 1.0, 0.8321678321678322, 0.987012987012987, 1.0, 0.12087912087912088, 0.977022977022977, 1.0, 1.0, 1.0, 0.8321678321678322, 0.8321678321678322, 1.0, 0.8321678321678322, 1.0, 1.0, 0.8321678321678322, 1.0, 1.0, 1.0, 1.0, 1.0, 0.8321678321678322, 0.8321678321678322, 1.0, 0.8321678321678322, 1.0, 0.8321678321678322, 1.0, 1.0, 0.8321678321678322, 0.7192807192807192, 1.0, 0.8321678321678322, 1.0, 0.8321678321678322, 1.0, 0.8321678321678322, 0.25074925074925075, 0.8321678321678322, 1.0, 1.0, 1.0]}, "interpretability": {"num_rules": {"mean": 2.8, "std": 0.6928203230275508, "std_err": 0.0989743318610787, "raw": [3, 3, 2, 2, 3, 2, 2, 2, 3, 2, 4, 3, 3, 4, 3, 3, 3, 2, 2, 3, 2, 3, 3, 2, 3, 3, 3, 3, 3, 3, 2, 3, 2, 3, 2, 3, 3, 2, 3, 3, 5, 3, 2, 3, 3, 5, 2, 3, 3, 3]}, "num_predicates": {"mean": 10.72, "std": 5.318044753478481,