{"noise_pct_10": {"accuracy": {"mean": 1.0, "std": 0.0, "std_err": 0.0, "raw": [1.0, 1.0, 1.0, 1.0, 1.0]}, "interpretability": {"num_rules": {"mean": 3.0, "std": 0.0, "std_err": 0.0, "raw": [3, 3, 3, 3, 3]}, "num_predicates": {"mean": 13.0, "std": 0.0, "std_err": 0.0, "raw": [13, 13, 13, 13, 13]}}, "learning_time": {"mean": 3.6201999999999996, "std": 0.46329964385913347, "std_err": 0.2316498219295667, "raw": [4.114, 3.225, 2.992, 3.622, 4.148]}}, "noise_pct_20": {"accuracy": {"mean": 1.0, "std": 0.0, "std_err": 0.0, "raw": [1.0, 1.0, 1.0, 1.0, 1.0]}, "interpretability": {"num_rules": {"mean": 3.0, "std": 0.0, "std_err": 0.0, "raw": [3, 3, 3, 3, 3]}, "num_predicates": {"mean": 13.0, "std": 0.0, "std_err": 0.0, "raw": [13, 13, 13, 13, 13]}}, "learning_time": {"mean": 4.146800000000001, "std": 1.1111915046471512, "std_err": 0.5555957523235756, "raw": [5.893, 4.553, 3.663, 2.496, 4.129]}}, "noise_pct_30": {"accuracy": {"mean": 1.0, "std": 0.0, "std_err": 0.0, "raw": [1.0, 1.0, 1.0, 1.0, 1.0]}, "interpretability": {"num_rules": {"mean": 3.0, "std": 0.0, "std_err": 0.0, "raw": [3, 3, 3, 3, 3]}, "num_predicates": {"mean": 13.0, "std": 0.0, "std_err": 0.0, "raw": [13, 13, 13, 13, 13]}}, "learning_time": {"mean": 6.9688, "std": 2.71786264553601, "std_err": 1.3589313227680049, "raw": [11.126, 8.515, 6.026, 3.001, 6.176]}}, "noise_pct_40": {"accuracy": {"mean": 1.0, "std": 0.0, "std_err": 0.0, "raw": [1.0, 1.0, 1.0, 1.0, 1.0]}, "interpretability": {"num_rules": {"mean": 3.0, "std": 0.0, "std_err": 0.0, "raw": [3, 3, 3, 3, 3]}, "num_predicates": {"mean": 13.0, "std": 0.0, "std_err": 0.0, "raw": [13, 13, 13, 13, 13]}}, "learning_time": {"mean": 9.1724, "std": 1.6025520397166513, "std_err": 0.8012760198583256, "raw": [11.052, 9.672, 9.956, 6.279, 8.903]}}, "noise_pct_50": {"accuracy": {"mean": 1.0, "std": 0.0, "std_err": 0.0, "raw": [1.0, 1.0, 1.0, 1.0, 1.0]}, "interpretability": {"num_rules": {"mean": 3.0, "std": 0.0, "std_err": 0.0, "raw": [3, 3, 3, 3, 3]}, "num_predicates": {"mean": 13.0, "std": 0.0, "std_err": 0.0, "raw": [13, 13, 13, 13, 13]}}, "learning_time": {"mean": 14.427000000000001, "std": 6.7443519184574, "std_err": 3.3721759592287, "raw": [26.821, 11.359, 15.326, 6.935, 11.694]}}, "noise_pct_60": {"accuracy": {"mean": 1.0, "std": 0.0, "std_err": 0.0, "raw": [1.0, 1.0, 1.0, 1.0, 1.0]}, "interpretability": {"num_rules": {"mean": 3.0, "std": 0.0, "std_err": 0.0, "raw": [3, 3, 3, 3, 3]}, "num_predicates": {"mean": 13.0, "std": 0.0, "std_err": 0.0, "raw": [13, 13, 13, 13, 13]}}, "learning_time": {"mean": 30.032400000000003, "std": 32.43818132139963, "std_err": 16.219090660699813, "raw": [94.659, 11.452, 18.829, 10.764, 14.458]}}, "noise_pct_70": {"accuracy": {"mean": 1.0, "std": 0.0, "std_err": 0.0, "raw": [1.0, 1.0, 1.0, 1.0, 1.0]}, "interpretability": {"num_rules": {"mean": 3.0, "std": 0.0, "std_err": 0.0, "raw": [3, 3, 3, 3, 3]}, "num_predicates": {"mean": 13.0, "std": 0.0, "std_err": 0.0, "raw": [13, 13, 13, 13, 13]}}, "learning_time": {"mean": 78.48440000000001, "std": 117.18638841196532, "std_err": 58.593194205982655, "raw": [312.495, 12.951, 22.36, 13.76, 30.856]}}, "noise_pct_80": {"accuracy": {"mean": 0.9664335664335664, "std": 0.06713286713286712, "std_err": 0.03356643356643356, "raw": [0.8321678321678322, 1.0, 1.0, 1.0, 1.0]}, "interpretability": {"num_rules": {"mean": 2.8, "std": 0.39999999999999997, "std_err": 0.19999999999999996, "raw": [2, 3, 3, 3, 3]}, "num_predicates": {"mean": 11.2, "std": 3.6, "std_err": 1.7999999999999998, "raw": [4, 13, 13, 13, 13]}}, "learning_time": {"mean": 114.14680000000001, "std": 173.9112002619728, "std_err": 86.9556001309864, "raw": [461.539, 20.47, 29.552, 17.103, 42.07]}}, "noise_pct_90": {"accuracy": {"mean": 0.8993006993006993, "std": 0.08222063472279198, "std_err": 0.04111031736139599, "raw": [0.8321678321678322, 1.0, 0.8321678321678322, 0.8321678321678322, 1.0]}, "interpretability": {"num_rules": {"mean": 2.4, "std": 0.4898979485566356, "std_err": 0.24494897427831777, "raw": [2, 3, 2, 2, 3]}, "num_predicates": {"mean": 7.6, "std": 4.409081537009721, "std_err": 2.20454076850486, "raw": [4, 13, 4, 4, 13]}}, "learning_time": {"mean": 233.6216, "std": 290.1990058181454, "std_err": 145.09950290907267, "raw": [801.101, 200.4, 93.572, 18.814, 54.221]}}, "noise_pct_100": {"accuracy": {"mean": 0.8389610389610389, "std": 0.09576746844605873, "std_err": 0.047883734223029356, "raw": [0.6983016983016983, 0.8321678321678322, 0.8321678321678322, 0.8321678321678322, 1.0]}, "interpretability": {"num_rules": {"mean": 2.4, "std": 0.4898979485566356, "std_err": 0.24494897427831777, "raw": [3, 2, 2, 2, 3]}, "num_predicates": {"mean": 7.6, "std": 4.409081537009721, "std_err": 2.20454076850486, "raw": [13, 4, 4, 4, 13]}}, "learning_time": {"mean": 562.4312, "std": 377.8598921433181, "std_err": 188.92994607165906, "raw": [918.407, 1043.55, 270.989, 42.735, 536.475]}}}