{"noise_pct_95": {"accuracy": {"mean": 0.9354245754245756, "std": 0.13847029710236625, "std_err": 0.01978147101462375, "raw": [0.8321678321678322, 1.0, 1.0, 0.8321678321678322, 1.0, 0.8321678321678322, 1.0, 0.8321678321678322, 1.0, 1.0, 1.0, 1.0, 1.0, 1.0, 1.0, 0.8321678321678322, 1.0, 1.0, 1.0, 1.0, 1.0, 1.0, 1.0, 0.12087912087912088, 1.0, 1.0, 1.0, 0.8321678321678322, 1.0, 1.0, 0.8321678321678322, 1.0, 0.8321678321678322, 1.0, 0.8321678321678322, 0.8321678321678322, 0.8321678321678322, 0.8321678321678322, 0.8321678321678322, 1.0, 1.0, 1.0, 1.0, 0.8321678321678322, 1.0, 1.0, 1.0, 1.0, 1.0, 1.0]}, "interpretability": {"num_rules": {"mean": 2.74, "std": 0.4386342439892262, "std_err": 0.06266203485560375, "raw": [3, 3, 3, 2, 3, 2, 3, 2, 3, 3, 3, 3, 3, 3, 3, 2, 3, 3, 3, 3, 3, 3, 3, 3, 3, 3, 3, 2, 3, 3, 2, 3, 2, 3, 2, 2, 2, 2, 2, 3, 3, 3, 3, 2, 3, 3, 3, 3, 3, 3]}, "num_predicates": {"mean": 10.6, "std": 3.9344631145812006, "std_err": 0.5620661592258858, "raw": [10, 13, 13, 4, 13, 4, 13, 4, 13, 13, 13, 13, 13, 13, 13, 4, 13, 13, 13, 13, 13, 13, 13, 13, 13, 13, 13, 4, 13, 13, 4, 13, 4, 13, 4, 4, 4, 4, 4, 13, 13, 13, 13, 4, 13, 13, 13, 13, 13, 13]}}, "learning_time": {"mean": 517.6702, "std": 360.77303846435086, "std_err": 51.539005494907265, "raw": [874.777, 110.945, 173.895, 414.682, 200.881, 989.68, 920.251, 696.137, 884.444, 352.793, 929.636, 239.068, 242.191, 832.562, 449.407, 194.416, 838.618, 1153.23, 176.655, 661.337, 1016.62, 359.742, 72.98, 423.877, 483.318, 194.614, 169.498, 698.841, 254.315, 936.761, 928.156, 929.416, 360.21, 98.245, 596.225, 735.207, 1014.91, 1075.1, 937.923, 986.902, 945.72, 628.15, 146.258, 202.861, 52.477, 33.563, 46.185, 76.583, 102.337, 40.911]}}, "noise_pct_96": {"accuracy": {"mean": 0.9349650349650349, "std": 0.13829324218237327, "std_err": 0.019756177454624754, "raw": [0.8321678321678322, 1.0, 1.0, 0.8321678321678322, 1.0, 0.8321678321678322, 1.0, 0.8321678321678322, 1.0, 1.0, 1.0, 1.0, 1.0, 0.977022977022977, 1.0, 0.8321678321678322, 1.0, 1.0, 1.0, 1.0, 1.0, 1.0, 1.0, 0.12087912087912088, 1.0, 1.0, 1.0, 0.8321678321678322, 1.0, 1.0, 0.8321678321678322, 1.0, 0.8321678321678322, 1.0, 0.8321678321678322, 0.8321678321678322, 0.8321678321678322, 0.8321678321678322, 0.8321678321678322, 1.0, 1.0, 1.0, 1.0, 0.8321678321678322, 1.0, 1.0, 1.0, 1.0, 1.0, 1.0]}, "interpretability": {"num_rules": {"mean": 2.76, "std": 0.47159304490206383, "std_err": 0.06737043498600913, "raw": [3, 3, 3, 2, 3, 2, 3, 2, 3, 3, 3, 3, 3, 4, 3, 2, 3, 3, 3, 3, 3, 3, 3, 3, 3, 3, 3, 2, 3, 3, 2, 3, 2, 3, 2, 2, 2, 2, 2, 3, 3, 3, 3, 2, 3, 3, 3, 3, 3, 3]}, "num_predicates": {"mean": 10.72, "std": 4.094093306215675, "std_err": 0.584870472316525, "raw": [10, 13, 13, 4, 13, 4, 13, 4, 13, 13, 13, 13, 13, 19, 13, 4, 13, 13, 13, 13, 13, 13, 13, 13, 13, 13, 13, 4, 13, 13, 4, 13, 4, 13, 4, 4, 4, 4, 4, 13, 13, 13, 13, 4, 13, 13, 13, 13, 13, 13]}}, "learning_time": {"mean": 578.4335399999999, "std": 345.76702798157083, "std_err": 49.39528971165297, "raw": [918.774, 667.245, 452.641, 1061.56, 287.463, 950.903, 914.801, 979.213, 966.832, 515.595, 901.973, 308.808, 391.603, 966.145, 403.651, 117.085, 925.603, 946.58, 115.844, 433.948, 772.46, 346.455, 149.271, 389.588, 322.897, 122.047, 268.958, 911.663, 660.898, 926.077, 1013.93, 997.306, 798.178, 89.223, 941.7, 875.383, 853.912, 923.943, 629.104, 997.13, 956.215, 535.167, 173.496, 62.629, 230.544, 31.34, 49.287, 308.654, 287.762, 70.193]}}, "noise_pct_97": {"accuracy": {"mean": 0.9354245754245756, "std": 0.13847029710236625, "std_err": 0.01978147101462375, "raw": [0.8321678321678322, 1.0, 1.0, 1.0, 1.0, 0.8321678321678322, 1.0, 0.8321678321678322, 1.0, 1.0, 1.0, 1.0, 1.0, 1.0, 1.0, 0.8321678321678322, 1.0, 1.0, 1.0, 1.0, 1.0, 1.0, 1.0, 0.12087912087912088, 1.0, 0.8321678321678322, 1.0, 0.8321678321678322, 1.0, 1.0, 0.8321678321678322, 1.0, 0.8321678321678322, 1.0, 0.8321678321678322, 0.8321678321678322, 0.8321678321678322, 0.8321678321678322, 0.8321678321678322, 1.0, 1.0, 1.0, 1.0, 0.8321678321678322, 1.0, 1.0, 1.0, 1.0, 1.0, 1.0]}, "interpretability": {"num_rules": {"mean": 2.74, "std": 0.4386342439892262, "std_err": 0.06266203485560375, "raw": [3, 3, 3, 3, 3, 2, 3, 2, 3, 3, 3, 3, 3, 3, 3, 2, 3, 3, 3, 3, 3, 3, 3, 3, 3, 2, 3, 2, 3, 3, 2, 3, 2, 3, 2, 2, 2, 2, 2, 3, 3, 3, 3, 2, 3, 3, 3, 3, 3, 3]}, "num_predicates": {"mean": 10.6, "std": 3.9344631145812006, "std_err": 0.5620661592258858, "raw": [10, 13, 13, 13, 13, 4, 13, 4, 13, 13, 13, 13, 13, 13, 13, 4, 13, 13, 13, 13, 13, 13, 13, 13, 13, 4, 13, 4, 13, 13, 4, 13, 4, 13, 4, 4, 4, 4, 4, 13, 13, 13, 13, 4, 13, 13, 13, 13, 13, 13]}}, "learning_time": {"mean": 565.4157799999999, "std": 366.5559132558246, "std_err": 52.3651304651178, "raw": [726.824, 974.05, 811.506, 1016.54, 225.533, 920.575, 1084.3, 224.994, 1090.22, 814.832, 955.873, 709.134, 220.69, 694.751, 849.513, 84.794, 921.069, 902.228, 92.912, 443.744, 534.505, 344.127, 67.999, 331.965, 377.99, 115.235, 279.519, 945.197, 434.524, 724.094, 994.266, 1158.68, 278.606, 187.451, 1055.71, 352.428, 842.539, 1010.06, 831.367, 910.356, 1043.56, 584.61, 164.918, 73.001, 202.692, 33.192, 50.444, 82.748, 450.355, 44.569]}}, "noise_pct_98": {"accuracy": {"mean": 0.9313486513486514, "std": 0.13859396025828122, "std_err": 0.01979913717975446, "raw": [0.8321678321678322, 1.0, 1.0, 1.0, 1.0, 1.0, 0.8321678321678322, 0.8321678321678322, 1.0, 1.0, 1.0, 1.0, 1.0, 0.977022977022977, 1.0, 0.8321678321678322, 1.0, 1.0, 1.0, 1.0, 1.0, 1.0, 1.0, 0.12087912087912088, 1.0, 0.8321678321678322, 1.0, 0.8321678321678322, 1.0, 0.987012987012987, 0.8321678321678322, 1.0, 0.8321678321678322, 1.0, 0.8321678321678322, 0.8321678321678322, 0.8321678321678322, 0.8321678321678322, 0.8321678321678322, 1.0, 1.0, 1.0, 0.8321678321678322, 0.8321678321678322, 1.0, 1.0, 1.0, 1.0, 1.0, 1.0]}, "interpretability": {"num_rules": {"mean": 2.76, "std": 0.5122499389946279, "std_err": 0.07317856271351827, "raw": [3, 3, 3, 3, 3, 3, 2, 2, 3, 3, 3, 3, 3, 4, 3, 2, 3, 3, 3, 3, 3, 3, 3, 3, 3, 2, 3, 2, 3, 4, 2, 3, 2, 3, 2, 2, 2, 2, 2, 3, 3, 3, 2, 2, 3, 3, 3, 3, 3, 3]}, "num_predicates": {"mean": 10.66, "std": 4.338709485549822, "std_err": 0.6198156407928317, "raw": [10, 13, 13, 13, 13, 13, 4, 4, 13, 13, 13, 13, 13, 19, 13, 4, 13, 13, 13, 13, 13, 13, 13, 13, 13, 4, 13, 4, 13, 19, 4, 13, 4, 13, 4, 4, 4, 4, 4, 13, 13, 13, 4, 4, 13, 13, 13, 13, 13, 13]}}, "learning_time": {"mean": 545.20958, "std": 353.4808682440446, "std_err": 50.497266892006365, "raw": [964.714, 716.083, 191.872, 693.812, 911.831, 939.343, 904.524, 197.148, 890.568, 885.876, 987.412, 261.842, 202.915, 906.876, 100.544, 354.35, 995.919, 903.623, 92.023, 872.251, 412.613, 194.29, 105.155, 533.64, 531.215, 78.377, 162.746, 571.531, 473.374, 695.904, 910.79, 960.397, 908.255, 308.283, 904.305, 187.737, 913.33, 1184.02, 908.685, 804.466, 908.927, 274.823, 82.235, 302.903, 250.08, 106.2, 42.211, 83.684, 456.113, 30.664]}}, "noise_pct_99": {"accuracy": {"mean": 0.9219580419580419, "std": 0.14217783340886161, "std_err": 0.0203111190584088, "raw": [0.8321678321678322, 1.0, 1.0, 0.8321678321678322, 1.0, 1.0, 0.8321678321678322, 0.8321678321678322, 1.0, 1.0, 1.0, 1.0, 1.0, 0.977022977022977, 1.0, 0.8321678321678322, 1.0, 1.0, 1.0, 1.0, 1.0, 1.0, 1.0, 0.12087912087912088, 1.0, 0.8321678321678322, 1.0, 0.8321678321678322, 1.0, 0.987012987012987, 0.8321678321678322, 1.0, 0.8321678321678322, 1.0, 0.8321678321678322, 0.8321678321678322, 0.8321678321678322, 0.8321678321678322, 0.8321678321678322, 1.0, 0.6983016983016983, 1.0, 0.8321678321678322, 0.8321678321678322, 1.0, 1.0, 1.0, 1.0, 1.0, 1.0]}, "interpretability": {"num_rules": {"mean": 2.74, "std": 0.5219195340279955, "std_err": 0.0745599334325708, "raw": [3, 3, 3, 2, 3, 3, 2, 2, 3, 3, 3, 3, 3, 4, 3, 2, 3, 3, 3, 3, 3, 3, 3, 3, 3, 2, 3, 2, 3, 4, 2, 3, 2, 3, 2, 2, 2, 2, 2, 3, 3, 3, 2, 2, 3, 3, 3, 3, 3, 3]}, "num_predicates": {"mean": 10.48, "std": 4.423754061880023, "std_err": 0.6319648659828605,