{"noise_pct_10": {"accuracy": {"mean": 1.0, "std": 0.0, "std_err": 0.0, "raw": [1.0, 1.0, 1.0, 1.0, 1.0]}, "interpretability": {"num_rules": {"mean": 3.0, "std": 0.0, "std_err": 0.0, "raw": [3, 3, 3, 3, 3]}, "num_predicates": {"mean": 13.0, "std": 0.0, "std_err": 0.0, "raw": [13, 13, 13, 13, 13]}}, "learning_time": {"mean": 2.988, "std": 0.5004649837900749, "std_err": 0.2502324918950374, "raw": [3.678, 3.401, 2.894, 2.274, 2.693]}}, "noise_pct_20": {"accuracy": {"mean": 1.0, "std": 0.0, "std_err": 0.0, "raw": [1.0, 1.0, 1.0, 1.0, 1.0]}, "interpretability": {"num_rules": {"mean": 3.0, "std": 0.0, "std_err": 0.0, "raw": [3, 3, 3, 3, 3]}, "num_predicates": {"mean": 13.0, "std": 0.0, "std_err": 0.0, "raw": [13, 13, 13, 13, 13]}}, "learning_time": {"mean": 5.5336, "std": 1.815882000571623, "std_err": 0.9079410002858114, "raw": [8.275, 5.25, 4.083, 6.802, 3.258]}}, "noise_pct_30": {"accuracy": {"mean": 1.0, "std": 0.0, "std_err": 0.0, "raw": [1.0, 1.0, 1.0, 1.0, 1.0]}, "interpretability": {"num_rules": {"mean": 3.0, "std": 0.0, "std_err": 0.0, "raw": [3, 3, 3, 3, 3]}, "num_predicates": {"mean": 13.0, "std": 0.0, "std_err": 0.0, "raw": [13, 13, 13, 13, 13]}}, "learning_time": {"mean": 8.637199999999998, "std": 3.2689093838771366, "std_err": 1.634454691938568, "raw": [13.9, 6.139, 8.046, 10.447, 4.654]}}, "noise_pct_40": {"accuracy": {"mean": 1.0, "std": 0.0, "std_err": 0.0, "raw": [1.0, 1.0, 1.0, 1.0, 1.0]}, "interpretability": {"num_rules": {"mean": 3.0, "std": 0.0, "std_err": 0.0, "raw": [3, 3, 3, 3, 3]}, "num_predicates": {"mean": 13.0, "std": 0.0, "std_err": 0.0, "raw": [13, 13, 13, 13, 13]}}, "learning_time": {"mean": 10.8844, "std": 5.447578676806788, "std_err": 2.723789338403394, "raw": [20.113, 6.521, 10.543, 12.735, 4.51]}}, "noise_pct_50": {"accuracy": {"mean": 0.9664335664335664, "std": 0.06713286713286712, "std_err": 0.03356643356643356, "raw": [0.8321678321678322, 1.0, 1.0, 1.0, 1.0]}, "interpretability": {"num_rules": {"mean": 2.8, "std": 0.39999999999999997, "std_err": 0.19999999999999996, "raw": [2, 3, 3, 3, 3]}, "num_predicates": {"mean": 11.2, "std": 3.6, "std_err": 1.7999999999999998, "raw": [4, 13, 13, 13, 13]}}, "learning_time": {"mean": 12.9874, "std": 6.277958572657197, "std_err": 3.138979286328598, "raw": [24.08, 6.723, 12.482, 14.374, 7.278]}}, "noise_pct_60": {"accuracy": {"mean": 0.9664335664335664, "std": 0.06713286713286712, "std_err": 0.03356643356643356, "raw": [0.8321678321678322, 1.0, 1.0, 1.0, 1.0]}, "interpretability": {"num_rules": {"mean": 2.8, "std": 0.39999999999999997, "std_err": 0.19999999999999996, "raw": [2, 3, 3, 3, 3]}, "num_predicates": {"mean": 11.2, "std": 3.6, "std_err": 1.7999999999999998, "raw": [4, 13, 13, 13, 13]}}, "learning_time": {"mean": 16.0838, "std": 4.752604860494926, "std_err": 2.3763024302474633, "raw": [23.491, 8.722, 14.512, 17.192, 16.502]}}, "noise_pct_70": {"accuracy": {"mean": 0.9664335664335664, "std": 0.06713286713286712, "std_err": 0.03356643356643356, "raw": [0.8321678321678322, 1.0, 1.0, 1.0, 1.0]}, "interpretability": {"num_rules": {"mean": 2.8, "std": 0.39999999999999997, "std_err": 0.19999999999999996, "raw": [2, 3, 3, 3, 3]}, "num_predicates": {"mean": 11.2, "std": 3.6, "std_err": 1.7999999999999998, "raw": [4, 13, 13, 13, 13]}}, "learning_time": {"mean": 18.2344, "std": 5.467133384142004, "std_err": 2.733566692071002, "raw": [26.832, 9.877, 16.414, 19.773, 18.276]}}, "noise_pct_80": {"accuracy": {"mean": 0.9328671328671329, "std": 0.08222063472279198, "std_err": 0.04111031736139599, "raw": [0.8321678321678322, 1.0, 1.0, 0.8321678321678322, 1.0]}, "interpretability": {"num_rules": {"mean": 2.6, "std": 0.4898979485566356, "std_err": 0.24494897427831777, "raw": [2, 3, 3, 2, 3]}, "num_predicates": {"mean": 9.4, "std": 4.409081537009721, "std_err": 2.2045407685048604, "raw": [4, 13, 13, 4, 13]}}, "learning_time": {"mean": 100.1874, "std": 121.29291534562107, "std_err": 60.646457672810534, "raw": [69.374, 12.641, 42.092, 340.077, 36.753]}}, "noise_pct_90": {"accuracy": {"mean": 0.9328671328671329, "std": 0.08222063472279198, "std_err": 0.04111031736139599, "raw": [0.8321678321678322, 1.0, 1.0, 0.8321678321678322, 1.0]}, "interpretability": {"num_rules": {"mean": 2.8, "std": 0.39999999999999997, "std_err": 0.19999999999999998, "raw": [3, 3, 3, 2, 3]}, "num_predicates": {"mean": 10.6, "std": 3.4985711369071804, "std_err": 1.74928556845359, "raw": [10, 13, 13, 4, 13]}}, "learning_time": {"mean": 394.07939999999996, "std": 342.90517987898636, "std_err": 171.45258993949318, "raw": [642.816, 51.852, 930.862, 278.596, 66.271]}}, "noise_pct_100": {"accuracy": {"mean": 0.9328671328671329, "std": 0.08222063472279198, "std_err": 0.04111031736139599, "raw": [0.8321678321678322, 1.0, 1.0, 0.8321678321678322, 1.0]}, "interpretability": {"num_rules": {"mean": 2.8, "std": 0.39999999999999997, "std_err": 0.19999999999999998, "raw": [3, 3, 3, 2, 3]}, "num_predicates": {"mean": 10.6, "std": 3.4985711369071804, "std_err": 1.74928556845359, "raw": [10, 13, 13, 4, 13]}}, "learning_time": {"mean": 672.3846000000001, "std": 318.8539571142877, "std_err": 159.42697855714385, "raw": [965.363, 914.788, 325.794, 913.993, 241.985]}}}