{"noise_pct_0": {"accuracy": {"mean": 1.0, "std": 0.0, "std_err": 0.0, "raw": [1.0, 1.0, 1.0, 1.0, 1.0, 1.0, 1.0, 1.0, 1.0, 1.0, 1.0, 1.0, 1.0, 1.0, 1.0, 1.0, 1.0, 1.0, 1.0, 1.0, 1.0, 1.0, 1.0, 1.0, 1.0, 1.0, 1.0, 1.0, 1.0, 1.0, 1.0, 1.0, 1.0, 1.0, 1.0, 1.0, 1.0, 1.0, 1.0, 1.0, 1.0, 1.0, 1.0, 1.0, 1.0, 1.0, 1.0, 1.0, 1.0, 1.0]}, "interpretability": {"num_rules": {"mean": 3.0, "std": 0.0, "std_err": 0.0, "raw": [3, 3, 3, 3, 3, 3, 3, 3, 3, 3, 3, 3, 3, 3, 3, 3, 3, 3, 3, 3, 3, 3, 3, 3, 3, 3, 3, 3, 3, 3, 3, 3, 3, 3, 3, 3, 3, 3, 3, 3, 3, 3, 3, 3, 3, 3, 3, 3, 3, 3]}, "num_predicates": {"mean": 13.0, "std": 0.0, "std_err": 0.0, "raw": [13, 13, 13, 13, 13, 13, 13, 13, 13, 13, 13, 13, 13, 13, 13, 13, 13, 13, 13, 13, 13, 13, 13, 13, 13, 13, 13, 13, 13, 13, 13, 13, 13, 13, 13, 13, 13, 13, 13, 13, 13, 13, 13, 13, 13, 13, 13, 13, 13, 13]}}, "learning_time": {"mean": 2.0029999999999997, "std": 0.44026964464973056, "std_err": 0.06289566352139007, "raw": [2.531, 2.415, 2.538, 3.137, 2.521, 1.55, 2.048, 1.991, 2.101, 1.46, 1.544, 1.536, 1.515, 1.492, 1.488, 1.48, 1.391, 1.517, 2.845, 2.429, 1.744, 1.958, 2.433, 2.023, 2.14, 2.07, 1.756, 2.11, 2.167, 1.494, 2.171, 1.752, 2.208, 1.763, 2.635, 3.065, 2.382, 1.531, 1.79, 1.861, 1.51, 1.742, 2.052, 2.47, 1.709, 2.049, 1.457, 2.037, 2.463, 2.079]}}}