{"noise_pct_10": {"digit_accuracy": 0.9053604305339187}, "noise_pct_20": {"digit_accuracy": 0.8231482792805551}, "noise_pct_30": {"digit_accuracy": 0.7411485625265544}, "noise_pct_40": {"digit_accuracy": 0.659219657272341}, "noise_pct_50": {"digit_accuracy": 0.5779634612661096}, "noise_pct_60": {"digit_accuracy": 0.4945475145163575}, "noise_pct_70": {"digit_accuracy": 0.41343294150970117}, "noise_pct_80": {"digit_accuracy": 0.33072510975782465}, "noise_pct_90": {"digit_accuracy": 0.25067270924798185}, "noise_pct_100": {"digit_accuracy": 0.16888542699334372}}