{"noise_pct_10": {"digit_accuracy": {"mean": 0.9030265749913522, "std": 0.0020538205541894895, "std_err": 0.0010269102770947445, "raw": [0.903694663264174, 0.8996893031513538, 0.9018826135105205, 0.9056145004420867, 0.904251794588625]}, "digit_confidence_dist": {">0%": 0.057553478896319586, ">25%": 0.05903715842154214, ">50%": 0.04499756410824217, ">75%": 0.049825058682846896, ">90%": 0.04696842198503034, ">95%": 0.7416183179060188}}, "noise_pct_20": {"digit_accuracy": {"mean": 0.8222238985825069, "std": 0.001966295202856448, "std_err": 0.000983147601428224, "raw": [0.8252524131809609, 0.8191300488237905, 0.8220376522702104, 0.8218390804597702, 0.8228602981778024]}, "digit_confidence_dist": {">0%": 0.09805571548784268, ">25%": 0.08786925904601621, ">50%": 0.05677842242791975, ">75%": 0.052061650205943576, ">90%": 0.04424465211036804, ">95%": 0.6609903007219098}}, "noise_pct_30": {"digit_accuracy": {"mean": 0.7420616102508238, "std": 0.0017153452615563977, "std_err": 0.0008576726307781988, "raw": [0.7449239986685898, 0.7395694629383045, 0.7423034330011075, 0.7419319186560566, 0.7415792379900608]}, "digit_confidence_dist": {">0%": 0.13687497231941184, ">25%": 0.11887151778200983, ">50%": 0.06818282474866026, ">75%": 0.053633907613268965, ">90%": 0.040679392355728775, ">95%": 0.5817573851809204}}, "noise_pct_40": {"digit_accuracy": {"mean": 0.6608566176986924, "std": 0.0020866891014632623, "std_err": 0.0010433445507316312, "raw": [0.661045156995451, 0.6577896138482024, 0.6642303433001108, 0.6612511052166224, 0.6599668691330757]}, "digit_confidence_dist": {">0%": 0.1772886310288321, ">25%": 0.14896585322644937, ">50%": 0.07881217060100093, ">75%": 0.05476327561008016, ">90%": 0.03793347801054077, ">95%": 0.5022365915230966}}, "noise_pct_50": {"digit_accuracy": {"mean": 0.5798086061377257, "std": 0.0025133527863708564, "std_err": 0.001256676393185428, "raw": [0.5801619882392101, 0.5768974700399467, 0.5843853820598006, 0.5788019451812555, 0.5787962451684152]}, "digit_confidence_dist": {">0%": 0.2182559015013951, ">25%": 0.17894946631826034, ">50%": 0.09003941715753576, ">75%": 0.056291244076354136, ">90%": 0.034877541077992825, ">95%": 0.42158642986846184}}, "noise_pct_60": {"digit_accuracy": {"mean": 0.4983409371542423, "std": 0.0017952720395990314, "std_err": 0.0008976360197995157, "raw": [0.500388327970709, 0.49755881047492234, 0.5002214839424142, 0.49557913351016797, 0.49795692987299833]}, "digit_confidence_dist": {">0%": 0.25913459409185524, ">25%": 0.20811373400062005, ">50%": 0.10162097524248195, ">75%": 0.05797422383630808, ">90%": 0.03151158155808494, ">95%": 0.34164489127064973}}, "noise_pct_70": {"digit_accuracy": {"mean": 0.4165848306462764, "std": 0.0021854615974565236, "std_err": 0.0010927307987282618, "raw": [0.41883945412182405, 0.41644474034620504, 0.4192691029900332, 0.4140141467727675, 0.41435670900055216]}, "digit_confidence_dist": {">0%": 0.30085477656229237, ">25%": 0.2371451348598255, ">50%": 0.11238318791797688, ">75%": 0.06058727135834182, ">90%": 0.028145622038177068, ">95%": 0.26088400726338634}}, "noise_pct_80": {"digit_accuracy": {"mean": 0.33473874413790927, "std": 0.0038791860864201143, "std_err": 0.001939593043210057, "raw": [0.3362920226339732, 0.3326675543719485, 0.3415282392026578, 0.3327807250221043, 0.3304251794588625]}, "digit_confidence_dist": {">0%": 0.3420213472695868, ">25%": 0.2674166260684707, ">50%": 0.12409761282607733, ">75%": 0.06266885158775853, ">90%": 0.024934673811949155, ">95%": 0.1788608884361575}}, "noise_pct_90": {"digit_accuracy": {"mean": 0.2539127744875451, "std": 0.0035382722524737614, "std_err": 0.0017691361262368807, "raw": [0.25762787085321204, 0.25255215268530845, 0.25858250276854927, 0.2508841732979664, 0.24991717283268913]}, "digit_confidence_dist": {">0%": 0.3828778953895212, ">25%": 0.29755525045396164, ">50%": 0.13578989326365207, ">75%": 0.06519332122768945, ">90%": 0.021790158997298376, ">95%": 0.09679348066787723}}, "noise_pct_100": {"digit_accuracy": {"mean": 0.17286210830171986, "std": 0.004190972284487753, "std_err": 0.0020954861422438765, "raw": [0.17641184955064906, 0.16899689303151355, 0.17906976744186046, 0.16843501326259946, 0.1713970182219768]}, "digit_confidence_dist": {">0%": 0.4226272199831702, ">25%": 0.3270295407236813, ">50%": 0.14765932946543248, ">75%": 0.06707560122237477, ">90%": 0.019154967004738916, ">95%": 0.016453341600602328}}}