{"noise_pct_0": {"digit_accuracy": {"mean": 0.9848742969120737, "std": 0.0013012875423994415, "std_err": 0.0006506437711997206, "raw": [0.9850216354155109, 0.9826897470039947, 0.9861572535991141, 0.986184792219275, 0.9843180563224738]}, "digit_confidence_dist": {">0%": 0.01725054253952788, ">25%": 0.029053545329731166, ">50%": 0.03361530625802737, ">75%": 0.048186367863944375, ">90%": 0.049758625271269764, ">95%": 0.8221356127374995}}}