{"noise_pct_95": {"structured_test_accuracy": {"mean": 0.8071928071928072, "std": 0.007815227658584587, "std_err": 0.003907613829292294, "raw": [0.8031968031968032, 0.8151848151848152, 0.8161838161838162, 0.8061938061938062, 0.7952047952047953]}, "unstructured_test_accuracy": {"mean": 0.4011988011988012, "std": 0.008948729541082386, "std_err": 0.004474364770541193, "raw": [0.4115884115884116, 0.4115884115884116, 0.3986013986013986, 0.3946053946053946, 0.38961038961038963]}, "unstructured_test_brier_score": {"mean": 0.7274965774786126, "std": 0.008054850599507012, "std_err": 0.004027425299753506, "raw": [0.7290922100078399, 0.7226895721954546, 0.7159555329899129, 0.7401990011162775, 0.7295465710835788]}, "interpretability": {"num_predicates": {"mean": 11398.6, "std": 534.3918412550851, "std_err": 267.1959206275425, "raw": [11611, 10382, 11922, 11405, 11673]}, "num_rules": {"mean": 798.8, "std": 22.435685859808252, "std_err": 11.217842929904124, "raw": [801, 757, 823, 801, 812]}}, "learning_time": {"mean": 0.9822433948516845, "std": 0.558856759305486, "std_err": 0.279428379652743, "raw": [0.6354491710662842, 2.0957651138305664, 0.6716439723968506, 0.7754998207092285, 0.7328588962554932]}}, "noise_pct_96": {"structured_test_accuracy": {"mean": 0.7858141858141858, "std": 0.011574624062305906, "std_err": 0.005787312031152953, "raw": [0.7932067932067932, 0.7922077922077922, 0.7972027972027972, 0.7812187812187812, 0.7652347652347652]}, "unstructured_test_accuracy": {"mean": 0.39760239760239763, "std": 0.008066585110164384, "std_err": 0.004033292555082192, "raw": [0.4065934065934066, 0.4075924075924076, 0.3946053946053946, 0.3876123876123876, 0.3916083916083916]}, "unstructured_test_brier_score": {"mean": 0.7323031681753887, "std": 0.007077523325086318, "std_err": 0.003538761662543159, "raw": [0.7348755187337811, 0.7274980632989373, 0.7224131239576964, 0.7433373214598848, 0.7333918134266436]}, "interpretability": {"num_predicates": {"mean": 11088.4, "std": 597.2395164421056, "std_err": 298.61975822105273, "raw": [11309, 10175, 11964, 10755, 11239]}, "num_rules": {"mean": 774.0, "std": 22.777181564012697, "std_err": 11.388590782006348, "raw": [778, 741, 792, 756, 803]}}, "learning_time": {"mean": 0.7102675914764405, "std": 0.07801573304909158, "std_err": 0.03900786652454579, "raw": [0.6654078960418701, 0.6369211673736572, 0.6600909233093262, 0.7381291389465332, 0.8507888317108154]}}, "noise_pct_97": {"structured_test_accuracy": {"mean": 0.7618381618381618, "std": 0.015250397312496628, "std_err": 0.007625198656248313, "raw": [0.7612387612387612, 0.7822177822177823, 0.7682317682317682, 0.7622377622377622, 0.7352647352647352]}, "unstructured_test_accuracy": {"mean": 0.3946053946053946, "std": 0.00988960533128038, "std_err": 0.0049448026656401895, "raw": [0.4075924075924076, 0.40559440559440557, 0.3886113886113886, 0.3866133866133866, 0.38461538461538464]}, "unstructured_test_brier_score": {"mean": 0.735427155229967, "std": 0.007734832874130825, "std_err": 0.0038674164370654123, "raw": [0.7363890361304982, 0.7297959965613537, 0.7257754969271013, 0.7485375779781427, 0.7366376685527399]}, "interpretability": {"num_predicates": {"mean": 10475.2, "std": 343.54120567990094, "std_err": 171.77060283995047, "raw": [10644, 9931, 10929, 10268, 10604]}, "num_rules": {"mean": 754.8, "std": 15.967466924969656, "std_err": 7.983733462484829, "raw": [743, 732, 763, 758, 778]}}, "learning_time": {"mean": 0.8149561405181884, "std": 0.16539060181833798, "std_err": 0.08269530090916899, "raw": [0.819584846496582, 0.718203067779541, 1.1332788467407227, 0.717275857925415, 0.6864380836486816]}}, "noise_pct_98": {"structured_test_accuracy": {"mean": 0.7172827172827173, "std": 0.014435478016534237, "std_err": 0.007217739008267118, "raw": [0.7092907092907093, 0.7262737262737263, 0.7362637362637363, 0.6943056943056943, 0.7202797202797203]}, "unstructured_test_accuracy": {"mean": 0.39080919080919085, "std": 0.01019568497276569, "std_err": 0.005097842486382844, "raw": [0.4065934065934066, 0.3986013986013986, 0.3866133866133866, 0.37962037962037964, 0.3826173826173826]}, "unstructured_test_brier_score": {"mean": 0.7406167691252934, "std": 0.008126037063869279, "std_err": 0.004063018531934639, "raw": [0.7406749223839352, 0.7341885536293855, 0.7306549981820094, 0.7540853165582941, 0.7434800548728424]}, "interpretability": {"num_predicates": {"mean": 9711.0, "std": 499.16770728884296, "std_err": 249.58385364442145, "raw": [9305, 8931, 10156, 10077, 10086]}, "num_rules": {"mean": 734.6, "std": 8.731551981177228, "std_err": 4.365775990588614, "raw": [733, 722, 737, 732, 749]}}, "learning_time": {"mean": 0.6888722896575927, "std": 0.0741975775547892, "std_err": 0.0370987887773946, "raw": [0.631256103515625, 0.6503980159759521, 0.740117073059082, 0.613584041595459, 0.8090062141418457]}}, "noise_pct_99": {"structured_test_accuracy": {"mean": 0.6025974025974026, "std": 0.013645051811359757, "std_err": 0.006822525905679878, "raw": [0.5874125874125874, 0.6153846153846154, 0.5894105894105894, 0.6213786213786214, 0.5994005994005994]}, "unstructured_test_accuracy": {"mean": 0.38981018981018983, "std": 0.011149495646995963, "std_err": 0.00557474782349798, "raw": [0.4085914085914086, 0.3966033966033966, 0.38161838161838163, 0.37962037962037964, 0.3826173826173826]}, "unstructured_test_brier_score": {"mean": 0.7443140960562549, "std": 0.00803447306942115, "std_err": 0.004017236534710575, "raw": [0.743223330721718, 0.7420846411699819, 0.7325740165677079, 0.757561228040785, 0.7461272637810817]}, "interpretability": {"num_predicates": {"mean": 8849.2, "std": 686.0015743422168, "std_err": 343.0007871711084, "raw": [8671, 8236, 8448, 10178, 8713]}, "num_rules": {"mean": 711.0, "std": 8.988882021697693, "std_err": 4.494441010848846, "raw": [703, 698, 720, 714, 720]}}, "learning_time": {"mean": 0.7492336750030517, "std": 0.11089379317204003, "std_err": 0.05544689658602001, "raw": [0.866300106048584, 0.880255937576294, 0.7466120719909668, 0.6109781265258789, 0.6420221328735352]}}, "noise_pct_100": {"structured_test_accuracy": {"mean": 0.2811188811188811, "std": 0.03069128781510079, "std_err": 0.015345643907550392, "raw": [0.3106893106893107, 0.2597402597402597, 0.2777222777222777, 0.23776223776223776, 0.3196803196803197]}, "unstructured_test_accuracy": {"mean": 0.38661338661338657, "std": 0.012202542645036943, "std_err": 0.00610127132251847, "raw": [0.4035964035964036, 0.3986013986013986, 0.3806193806193806, 0.3726273726273726, 0.3776223776223776]}, "unstructured_test_brier_score": {"mean": 0.7463665990990277, "std": 0.008438227255605403, "std_err": 0.004219113627802701, "raw": [0.7465104801964682, 0.7424743337568295, 0.7343088230514889, 0.760208561716502, 0.7483307967738497]}, "interpretability": {"num_predicates": {"mean": 7740.6, "std": 405.8248883447145, "std_err": 202.91244417235723, "raw": [7300, 7338, 7789, 8411, 7865]}, "num_rules": {"mean": 670.6, "std": 15.717506163510802, "std_err": 7.858753081755401, "raw": [658, 647, 690, 678, 680]}}, "learning_time": {"mean": 0.5919373035430908, "std": 0.040153709668139956, "std_err": 0.020076854834069978, "raw": [0.6213550567626953, 0.5395138263702393, 0.5542237758636475, 0.6466100215911865, 0.5979838371276855]}}}