{"noise_pct_10": {"structured_test_accuracy": {"mean": 0.9784215784215784, "std": 0.005156238921304275, "std_err": 0.0025781194606521373, "raw": [0.9790209790209791, 0.984015984015984, 0.984015984015984, 0.973026973026973, 0.972027972027972]}, "unstructured_test_accuracy": {"mean": 0.9168831168831169, "std": 0.004257197952579944, "std_err": 0.002128598976289972, "raw": [0.9180819180819181, 0.9230769230769231, 0.919080919080919, 0.9120879120879121, 0.9120879120879121]}, "unstructured_test_brier_score": {"mean": 0.14249584747851957, "std": 0.0033398800779319017, "std_err": 0.0016699400389659507, "raw": [0.13928993093521927, 0.1406080360434444, 0.13948863688659932, 0.14674169252190616, 0.14635094100542875]}, "interpretability": {"num_predicates": {"mean": 19555.6, "std": 570.1573817815569, "std_err": 285.0786908907784, "raw": [19739, 18976, 18888, 19738, 20437]}, "num_rules": {"mean": 1322.2, "std": 39.50898631957039, "std_err": 19.754493159785195, "raw": [1326, 1333, 1248, 1338, 1366]}}, "learning_time": {"mean": 1.131382703781128, "std": 0.011472767514987655, "std_err": 0.0057363837574938275, "raw": [1.1522674560546875, 1.1348638534545898, 1.1253330707550049, 1.120567798614502, 1.1238813400268555]}}, "noise_pct_20": {"structured_test_accuracy": {"mean": 0.9750249750249751, "std": 0.00585929202741866, "std_err": 0.00292964601370933, "raw": [0.974025974025974, 0.9790209790209791, 0.984015984015984, 0.968031968031968, 0.97002997002997]}, "unstructured_test_accuracy": {"mean": 0.8591408591408591, "std": 0.008640059264910932, "std_err": 0.004320029632455466, "raw": [0.8611388611388612, 0.8691308691308691, 0.8661338661338661, 0.8541458541458542, 0.8451548451548452]}, "unstructured_test_brier_score": {"mean": 0.20986594664349187, "std": 0.004511393326619498, "std_err": 0.002255696663309749, "raw": [0.21102588024943902, 0.20827053721509772, 0.2019559807525334, 0.21452948947956724, 0.21354784552082187]}, "interpretability": {"num_predicates": {"mean": 19488.6, "std": 564.6006021959239, "std_err": 282.300301097962, "raw": [20333, 19951, 19022, 19288, 18849]}, "num_rules": {"mean": 1300.2, "std": 48.12649997662411, "std_err": 24.06324998831205, "raw": [1391, 1304, 1282, 1256, 1268]}}, "learning_time": {"mean": 1.1278051376342773, "std": 0.04601200806100435, "std_err": 0.023006004030502174, "raw": [1.100433349609375, 1.065748691558838, 1.1621801853179932, 1.1147840023040771, 1.1958794593811035]}}, "noise_pct_30": {"structured_test_accuracy": {"mean": 0.9714285714285715, "std": 0.0041719506529113055, "std_err": 0.0020859753264556523, "raw": [0.972027972027972, 0.972027972027972, 0.977022977022977, 0.972027972027972, 0.964035964035964]}, "unstructured_test_accuracy": {"mean": 0.7946053946053946, "std": 0.010936209537186012, "std_err": 0.005468104768593006, "raw": [0.8011988011988012, 0.7962037962037962, 0.8031968031968032, 0.7992007992007992, 0.7732267732267732]}, "unstructured_test_brier_score": {"mean": 0.2808963093197204, "std": 0.005629132083797012, "std_err": 0.0028145660418985056, "raw": [0.2807410905673673, 0.2853554655365566, 0.27165443535543926, 0.2788418037801931, 0.28788875135904596]}, "interpretability": {"num_predicates": {"mean": 17396.2, "std": 582.8699340333142, "std_err": 291.4349670166571, "raw": [16479, 17449, 18152, 17823, 17078]}, "num_rules": {"mean": 1186.4, "std": 24.984795376388412, "std_err": 12.492397688194206, "raw": [1139, 1184, 1204, 1207, 1198]}}, "learning_time": {"mean": 1.095989179611206, "std": 0.017017782196584116, "std_err": 0.008508891098292058, "raw": [1.0976300239562988, 1.0950052738189697, 1.1267719268798828, 1.0791380405426025, 1.0814006328582764]}}, "noise_pct_40": {"structured_test_accuracy": {"mean": 0.968031968031968, "std": 0.003629550874042928, "std_err": 0.001814775437021464, "raw": [0.9660339660339661, 0.968031968031968, 0.975024975024975, 0.965034965034965, 0.9660339660339661]}, "unstructured_test_accuracy": {"mean": 0.7318681318681318, "std": 0.006337163447414089, "std_err": 0.0031685817237070446, "raw": [0.7372627372627373, 0.7292707292707292, 0.7402597402597403, 0.7302697302697303, 0.7222777222777222]}, "unstructured_test_brier_score": {"mean": 0.35149098096621106, "std": 0.004457912461127432, "std_err": 0.002228956230563716, "raw": [0.3524120584636842, 0.35606883396836825, 0.34336259683004566, 0.35080169258852106, 0.35480972298043595]}, "interpretability": {"num_predicates": {"mean": 15082.2, "std": 1248.8532980298367, "std_err": 624.4266490149182, "raw": [15797, 15255, 13757, 16945, 13657]}, "num_rules": {"mean": 1055.2, "std": 45.93647787978525, "std_err": 22.968238939892625, "raw": [1077, 1086, 979, 1106, 1028]}}, "learning_time": {"mean": 1.0664278507232665, "std": 0.01928162633735192, "std_err": 0.00964081316867596, "raw": [1.0386130809783936, 1.0626740455627441, 1.0944430828094482, 1.0563726425170898, 1.0800364017486572]}}, "noise_pct_50": {"structured_test_accuracy": {"mean": 0.9572427572427571, "std": 0.0031842911989029324, "std_err": 0.001592145599451466, "raw": [0.958041958041958, 0.954045954045954, 0.9600399600399601, 0.9530469530469531, 0.961038961038961]}, "unstructured_test_accuracy": {"mean": 0.6611388611388611, "std": 0.00715942971715043, "std_err": 0.003579714858575215, "raw": [0.6713286713286714, 0.6593406593406593, 0.6643356643356644, 0.6613386613386614, 0.6493506493506493]}, "unstructured_test_brier_score": {"mean": 0.42207543868127767, "std": 0.0035576161427946914, "std_err": 0.0017788080713973455, "raw": [0.4215814140341437, 0.42697938017617276, 0.41617521853492745, 0.421582171818165, 0.4240590088429798]}, "interpretability": {"num_predicates": {"mean": 14318.8, "std": 332.1532176571529, "std_err": 166.07660882857644, "raw": [14783, 14327, 14217, 13775, 14492]}, "num_rules": {"mean": 994.4, "std": 31.013545427764303, "std_err": 15.506772713882151, "raw": [1026, 1007, 1004, 935, 1000]}}, "learning_time": {"mean": 1.0494069576263427, "std": 0.023559164959499914, "std_err": 0.011779582479749955, "raw": [1.0333545207977295, 1.0235769748687744, 1.0793566703796387, 1.0343718528747559, 1.0763747692108154]}}, "noise_pct_60": {"structured_test_accuracy": {"mean": 0.9524475524475525, "std": 0.004711219229790866, "std_err": 0.002355609614895433, "raw": [0.955044955044955, 0.945054945054945, 0.9590409590409591, 0.9500499500499501, 0.9530469530469531]}, "unstructured_test_accuracy": {"mean": 0.6087912087912088, "std": 0.01065892401066864, "std_err": 0.00532946200533432, "raw": [0.6183816183816184, 0.6053946053946054, 0.6223776223776224, 0.6053946053946054, 0.5924075924075924]}, "unstructured_test_brier_score": {"mean": 0.4851694279234625, "std": 0.004416797757905203, "std_err": 0.002208398878952601, "raw": [0.4847530017521663, 0.4890778795231682, 0.4776521388157187, 0.48422570236471596, 0.4901384171615435]}, "interpretability": {"num_predicates": {"mean": 11467.6, "std": 739.2949614328505, "std_err": 369.64748071642526, "raw": [10444, 11732, 11632, 12605, 10925]}, "num_rules": {"mean": 847.4, "std": 32.69005965121508, "std_err": 16.34502982560754, "raw": [808, 860, 845, 902, 822]}}, "learning_time": {"mean": 1.0122466087341309, "std": 0.019959613089649903, "std_err": 0.009979806544824952, "raw": [1.0437829494476318, 0.9838287830352783, 1.0171475410461426, 1.016411304473877, 1.0000624656677246]}}, "noise_pct_70": {"structured_test_accuracy": {"mean": 0.9366633366633366, "std": 0.006273853533709327, "std_err": 0.0031369267668546635, "raw": [0.9340659340659341, 0.9280719280719281, 0.9470529470529471, 0.935064935064935, 0.939060939060939]}, "unstructured_test_accuracy": {"mean": 0.5476523476523477, "std": 0.009997998803753702, "std_err": 0.00499899940187685, "raw": [0.5454545454545454, 0.5534465534465535, 0.5634365634365635, 0.5414585414585414, 0.5344655344655345]}, "unstructured_test_brier_score": {"mean": 0.5545640421848796, "std": 0.0025327146282762445, "std_err": 0.0012663573141381223, "raw": [0.5565029019531172, 0.5561862637213555, 0.549602420884673, 0.5554692450508711, 0.5550593793143812]},