{"noise_pct_10": {"structured_test_accuracy": {"mean": 0.9770229770229772, "std": 0.0072865464650591375, "std_err": 0.0036432732325295683, "raw": [0.9790209790209791, 0.983016983016983, 0.986013986013986, 0.968031968031968, 0.9690309690309691]}, "unstructured_test_accuracy": {"mean": 0.9134865134865133, "std": 0.008228275836952653, "std_err": 0.004114137918476327, "raw": [0.9200799200799201, 0.9250749250749251, 0.9120879120879121, 0.9080919080919081, 0.9020979020979021]}, "unstructured_test_brier_score": {"mean": 0.14821702581035684, "std": 0.0037865124317731096, "std_err": 0.0018932562158865548, "raw": [0.1464589806835634, 0.14307173673927706, 0.14642096355361595, 0.1532940722072776, 0.1518393758680502]}, "interpretability": {"num_predicates": {"mean": 22506.6, "std": 1221.6319576697394, "std_err": 610.8159788348696, "raw": [23638, 21099, 20990, 23020, 23786]}, "num_rules": {"mean": 1469.8, "std": 57.35294238310707, "std_err": 28.67647119155354, "raw": [1527, 1427, 1388, 1469, 1538]}}, "learning_time": {"mean": 1.1804624557495118, "std": 0.02230874151849883, "std_err": 0.011154370759249415, "raw": [1.2032015323638916, 1.1579697132110596, 1.1741082668304443, 1.2100341320037842, 1.156998634338379]}}, "noise_pct_20": {"structured_test_accuracy": {"mean": 0.9734265734265733, "std": 0.00574230084443555, "std_err": 0.002871150422217775, "raw": [0.973026973026973, 0.972027972027972, 0.983016983016983, 0.965034965034965, 0.974025974025974]}, "unstructured_test_accuracy": {"mean": 0.8491508491508493, "std": 0.0034024747983868956, "std_err": 0.0017012373991934478, "raw": [0.8531468531468531, 0.8511488511488512, 0.8501498501498501, 0.8431568431568431, 0.8481518481518482]}, "unstructured_test_brier_score": {"mean": 0.2220787280945593, "std": 0.003989271608850518, "std_err": 0.001994635804425259, "raw": [0.2204697929444256, 0.2216354298834784, 0.2157119923343273, 0.2269251622019764, 0.225651263108589]}, "interpretability": {"num_predicates": {"mean": 23686.6, "std": 929.9095870029516, "std_err": 464.9547935014758, "raw": [24620, 22326, 23299, 23346, 24842]}, "num_rules": {"mean": 1499.0, "std": 56.441119762102524, "std_err": 28.22055988105126, "raw": [1550, 1417, 1464, 1492, 1572]}}, "learning_time": {"mean": 1.1719563484191895, "std": 0.01674288802098269, "std_err": 0.008371444010491343, "raw": [1.1412379741668701, 1.1776626110076904, 1.16990327835083, 1.1802465915679932, 1.1907312870025635]}}, "noise_pct_30": {"structured_test_accuracy": {"mean": 0.9706293706293707, "std": 0.003975973774651818, "std_err": 0.001987986887325909, "raw": [0.973026973026973, 0.972027972027972, 0.9760239760239761, 0.9660339660339661, 0.9660339660339661]}, "unstructured_test_accuracy": {"mean": 0.7890109890109891, "std": 0.003965920727528306, "std_err": 0.001982960363764153, "raw": [0.7922077922077922, 0.7902097902097902, 0.7932067932067932, 0.7872127872127872, 0.7822177822177823]}, "unstructured_test_brier_score": {"mean": 0.2917880349733532, "std": 0.006275278024424297, "std_err": 0.0031376390122121486, "raw": [0.2899891342164148, 0.2869179507604203, 0.2844059052940316, 0.3017057417754178, 0.29592144282048144]}, "interpretability": {"num_predicates": {"mean": 21622.6, "std": 1131.7170317707514, "std_err": 565.8585158853756, "raw": [20494, 20731, 22252, 21099, 23537]}, "num_rules": {"mean": 1446.2, "std": 14.119490075778232, "std_err": 7.059745037889115, "raw": [1428, 1449, 1458, 1432, 1464]}}, "learning_time": {"mean": 1.1413946628570557, "std": 0.0243491708930354, "std_err": 0.012174585446517698, "raw": [1.1645889282226562, 1.0973777770996094, 1.1389129161834717, 1.1633241176605225, 1.1427695751190186]}}, "noise_pct_40": {"structured_test_accuracy": {"mean": 0.9666333666333667, "std": 0.0024141949997191926, "std_err": 0.001207097499859596, "raw": [0.967032967032967, 0.964035964035964, 0.971028971028971, 0.9660339660339661, 0.965034965034965]}, "unstructured_test_accuracy": {"mean": 0.7234765234765235, "std": 0.005486325761337044, "std_err": 0.002743162880668522, "raw": [0.7232767232767233, 0.7182817182817183, 0.7262737262737263, 0.7322677322677322, 0.7172827172827173]}, "unstructured_test_brier_score": {"mean": 0.3670979141117171, "std": 0.004826896894915922, "std_err": 0.002413448447457961, "raw": [0.36522705632042207, 0.3674268714123295, 0.35906253090852425, 0.37299488390904423, 0.3707782280082655]}, "interpretability": {"num_predicates": {"mean": 21124.4, "std": 1650.2120591002843, "std_err": 825.1060295501421, "raw": [22974, 19151, 20907, 23055, 19535]}, "num_rules": {"mean": 1387.4, "std": 70.8790519123951, "std_err": 35.43952595619755, "raw": [1512, 1353, 1350, 1414, 1308]}}, "learning_time": {"mean": 1.1115972518920898, "std": 0.020092427376212415, "std_err": 0.010046213688106207, "raw": [1.0998940467834473, 1.121553659439087, 1.1366019248962402, 1.0789120197296143, 1.1210246086120605]}}, "noise_pct_50": {"structured_test_accuracy": {"mean": 0.9624375624375624, "std": 0.002650649183101211, "std_err": 0.0013253245915506053, "raw": [0.9660339660339661, 0.961038961038961, 0.965034965034965, 0.9590409590409591, 0.961038961038961]}, "unstructured_test_accuracy": {"mean": 0.660939060939061, "std": 0.007702032074883665, "std_err": 0.0038510160374418327, "raw": [0.6683316683316683, 0.6483516483516484, 0.6693306693306693, 0.6573426573426573, 0.6613386613386614]}, "unstructured_test_brier_score": {"mean": 0.4400237960249439, "std": 0.005485315805547975, "std_err": 0.0027426579027739874, "raw": [0.4389046195562855, 0.4441754536038323, 0.43087704371156876, 0.44692796923730177, 0.43923389401573104]}, "interpretability": {"num_predicates": {"mean": 20055.6, "std": 912.7152020208713, "std_err": 456.35760101043564, "raw": [19095, 19109, 20964, 21270, 19840]}, "num_rules": {"mean": 1326.0, "std": 7.536577472566709, "std_err": 3.7682887362833544, "raw": [1333, 1329, 1334, 1317, 1317]}}, "learning_time": {"mean": 1.1207866668701172, "std": 0.014551613660277386, "std_err": 0.007275806830138694, "raw": [1.094888687133789, 1.125412940979004, 1.1396889686584473, 1.123779058456421, 1.1201636791229248]}}, "noise_pct_60": {"structured_test_accuracy": {"mean": 0.9532467532467532, "std": 0.006961539017056692, "std_err": 0.0034807695085283456, "raw": [0.955044955044955, 0.948051948051948, 0.9660339660339661, 0.9470529470529471, 0.9500499500499501]}, "unstructured_test_accuracy": {"mean": 0.6091908091908091, "std": 0.012241737208423888, "std_err": 0.006120868604211944, "raw": [0.6223776223776224, 0.5954045954045954, 0.6253746253746254, 0.6023976023976024, 0.6003996003996004]}, "unstructured_test_brier_score": {"mean": 0.5035230309885996, "std": 0.006758876204785177, "std_err": 0.0033794381023925886, "raw": [0.5020194395221497, 0.5047213935831095, 0.49152084334637386, 0.511246200733961, 0.5081072777574039]}, "interpretability": {"num_predicates": {"mean": 18461.2, "std": 1070.4551181623635, "std_err": 535.2275590811819, "raw": [17614, 17609, 20416, 17869, 18798]}, "num_rules": {"mean": 1246.2, "std": 27.737339454244704, "std_err": 13.868669727122352, "raw": [1233, 1200, 1270, 1251, 1277]}}, "learning_time": {"mean": 1.094611692428589, "std": 0.017531504889958402, "std_err": 0.008765752444979201, "raw": [1.101759672164917, 1.0605928897857666, 1.1109371185302734, 1.1016554832458496, 1.0981132984161377]}}, "noise_pct_70": {"structured_test_accuracy": {"mean": 0.9374625374625374, "std": 0.004219522893495074, "std_err": 0.002109761446747537, "raw": [0.9300699300699301, 0.9370629370629371, 0.938061938061938, 0.9430569430569431, 0.939060939060939]}, "unstructured_test_accuracy": {"mean": 0.5472527472527473, "std": 0.005558612484812612, "std_err": 0.0027793062424063056, "raw": [0.5474525474525475, 0.5444555444555444, 0.5544455544455544, 0.5514485514485514, 0.5384615384615384]}, "unstructured_test_brier_score": {"mean": 0.57223559149015, "std": 0.007575969444894588, "std_err": 0.0037879847224472937, "raw": [0.5785874427749578, 0.5733633416188884, 0.5575324270943112, 0.5746052466346516, 0.5770894993279414]},