{"noise_pct_95": {"structured_test_accuracy": {"mean": 0.7188811188811188, "std": 0.013292345557226675, "std_err": 0.0066461727786133375, "raw": [0.7052947052947053, 0.7392607392607392, 0.7042957042957043, 0.7182817182817183, 0.7272727272727273]}, "unstructured_test_accuracy": {"mean": 0.4777222777222777, "std": 0.01057998185404493, "std_err": 0.005289990927022465, "raw": [0.4745254745254745, 0.4935064935064935, 0.47152847152847155, 0.46353646353646355, 0.4855144855144855]}, "unstructured_test_brier_score": {"mean": 0.6766527292024508, "std": 0.007700592057338437, "std_err": 0.0038502960286692176, "raw": [0.6692883800948569, 0.6705127521516285, 0.6743136817499049, 0.6906401083645821, 0.6785087236512812]}, "interpretability": {"num_predicates": {"mean": 42119.6, "std": 813.7907839242222, "std_err": 406.89539196211103, "raw": [42134, 42406, 42746, 40559, 42753]}, "num_rules": {"mean": 2765.8, "std": 26.671332925071443, "std_err": 13.335666462535722, "raw": [2812, 2762, 2735, 2746, 2774]}}, "learning_time": {"mean": 1.0240679264068604, "std": 0.058793286730125224, "std_err": 0.029396643365062612, "raw": [1.0192139148712158, 1.0944092273712158, 0.9179508686065674, 1.0337626934051514, 1.0550029277801514]}}, "noise_pct_96": {"structured_test_accuracy": {"mean": 0.6839160839160839, "std": 0.006938563578096032, "std_err": 0.003469281789048016, "raw": [0.6913086913086913, 0.6923076923076923, 0.6793206793206793, 0.6743256743256744, 0.6823176823176823]}, "unstructured_test_accuracy": {"mean": 0.4757242757242757, "std": 0.01072984741825977, "std_err": 0.005364923709129885, "raw": [0.46353646353646355, 0.4955044955044955, 0.47152847152847155, 0.47152847152847155, 0.47652347652347654]}, "unstructured_test_brier_score": {"mean": 0.6814753781479898, "std": 0.010119510741372453, "std_err": 0.0050597553706862265, "raw": [0.6712861829728263, 0.6723593572927324, 0.6790193211451975, 0.6987705386398697, 0.6859414906893226]}, "interpretability": {"num_predicates": {"mean": 42026.6, "std": 476.9799157197292, "std_err": 238.4899578598646, "raw": [42642, 42197, 41177, 42004, 42113]}, "num_rules": {"mean": 2729.2, "std": 22.833309002420126, "std_err": 11.416654501210063, "raw": [2750, 2740, 2685, 2739, 2732]}}, "learning_time": {"mean": 0.92617769241333, "std": 0.058337439668317226, "std_err": 0.029168719834158613, "raw": [1.035740852355957, 0.9013998508453369, 0.8738517761230469, 0.8861420154571533, 0.9337539672851562]}}, "noise_pct_97": {"structured_test_accuracy": {"mean": 0.6361638361638361, "std": 0.01931355999775358, "std_err": 0.00965677999887679, "raw": [0.6413586413586414, 0.6683316683316683, 0.6243756243756243, 0.6103896103896104, 0.6363636363636364]}, "unstructured_test_accuracy": {"mean": 0.4719280719280719, "std": 0.009759580213242603, "std_err": 0.004879790106621301, "raw": [0.4675324675324675, 0.4855144855144855, 0.4675324675324675, 0.45854145854145856, 0.4805194805194805]}, "unstructured_test_brier_score": {"mean": 0.6843845339825267, "std": 0.010995108922467467, "std_err": 0.0054975544612337335, "raw": [0.6707920680741886, 0.6755011273626608, 0.6850239743333315, 0.7024430683190388, 0.6881624318234142]}, "interpretability": {"num_predicates": {"mean": 41066.2, "std": 812.7709148339403, "std_err": 406.3854574169701, "raw": [41243, 42561, 40748, 40289, 40490]}, "num_rules": {"mean": 2703.4, "std": 28.457687889215453, "std_err": 14.228843944607727, "raw": [2728, 2723, 2721, 2652, 2693]}}, "learning_time": {"mean": 1.0782062530517578, "std": 0.3500030864774293, "std_err": 0.17500154323871464, "raw": [0.9050791263580322, 0.9190549850463867, 0.8864519596099854, 0.9025390148162842, 1.7779061794281006]}}, "noise_pct_98": {"structured_test_accuracy": {"mean": 0.5642357642357643, "std": 0.023002201380781104, "std_err": 0.011501100690390552, "raw": [0.5824175824175825, 0.5914085914085914, 0.5384615384615384, 0.5354645354645354, 0.5734265734265734]}, "unstructured_test_accuracy": {"mean": 0.46893106893106895, "std": 0.008537806441247341, "std_err": 0.0042689032206236705, "raw": [0.46153846153846156, 0.4825174825174825, 0.46653346653346656, 0.4595404595404595, 0.4745254745254745]}, "unstructured_test_brier_score": {"mean": 0.6870121026965798, "std": 0.011656314029300861, "std_err": 0.005828157014650431, "raw": [0.67504372831191, 0.6785011227074756, 0.68568549557171, 0.7085018594673802, 0.6873283074244235]}, "interpretability": {"num_predicates": {"mean": 41488.4, "std": 626.9142206075724, "std_err": 313.4571103037862, "raw": [42691, 41445, 40933, 41072, 41301]}, "num_rules": {"mean": 2698.6, "std": 19.06410239166796, "std_err": 9.53205119583398, "raw": [2703, 2727, 2672, 2684, 2707]}}, "learning_time": {"mean": 0.9141506671905517, "std": 0.030854219660980887, "std_err": 0.015427109830490443, "raw": [0.9267380237579346, 0.8806750774383545, 0.9238171577453613, 0.8789911270141602, 0.9605319499969482]}}, "noise_pct_99": {"structured_test_accuracy": {"mean": 0.4451548451548451, "std": 0.01737917221017593, "std_err": 0.008689586105087965, "raw": [0.45054945054945056, 0.4755244755244755, 0.42957042957042957, 0.4275724275724276, 0.44255744255744256]}, "unstructured_test_accuracy": {"mean": 0.4677322677322677, "std": 0.010804000667009603, "std_err": 0.005402000333504801, "raw": [0.45554445554445555, 0.4775224775224775, 0.46053946053946054, 0.46153846153846156, 0.4835164835164835]}, "unstructured_test_brier_score": {"mean": 0.6885727103030126, "std": 0.01094747746337488, "std_err": 0.00547373873168744, "raw": [0.6738382863213328, 0.6866343577465602, 0.6853722600911992, 0.7077467584156392, 0.689271888940332]}, "interpretability": {"num_predicates": {"mean": 40161.2, "std": 606.0552450065918, "std_err": 303.02762250329585, "raw": [40337, 40017, 39072, 40830, 40550]}, "num_rules": {"mean": 2666.2, "std": 33.98470244095128, "std_err": 16.99235122047564, "raw": [2731, 2631, 2660, 2651, 2658]}}, "learning_time": {"mean": 0.9871199607849122, "std": 0.10582875591309066, "std_err": 0.05291437795654533, "raw": [1.1797010898590088, 0.9064130783081055, 1.0232057571411133, 0.9217789173126221, 0.9045009613037109]}}, "noise_pct_100": {"structured_test_accuracy": {"mean": 0.24915084915084912, "std": 0.02062495568521709, "std_err": 0.010312477842608544, "raw": [0.24475524475524477, 0.2837162837162837, 0.24375624375624375, 0.21978021978021978, 0.25374625374625376]}, "unstructured_test_accuracy": {"mean": 0.47112887112887114, "std": 0.006047051328839772, "std_err": 0.003023525664419886, "raw": [0.46153846153846156, 0.4805194805194805, 0.4725274725274725, 0.47052947052947053, 0.47052947052947053]}, "unstructured_test_brier_score": {"mean": 0.6879470607403415, "std": 0.010459003444675196, "std_err": 0.005229501722337598, "raw": [0.6747068610623711, 0.6833984514849232, 0.683307425096387, 0.7054029674819273, 0.6929195985760989]}, "interpretability": {"num_predicates": {"mean": 39929.6, "std": 1047.162757168149, "std_err": 523.5813785840745, "raw": [41856, 39337, 38930, 40190, 39335]}, "num_rules": {"mean": 2641.8, "std": 12.512393855693642, "std_err": 6.256196927846821, "raw": [2662, 2631, 2651, 2632, 2633]}}, "learning_time": {"mean": 0.9309893608093261, "std": 0.0395902872356577, "std_err": 0.01979514361782885, "raw": [1.0075418949127197, 0.9068758487701416, 0.896467924118042, 0.9173963069915771, 0.9266648292541504]}}}