{"noise_pct_95": {"structured_test_accuracy": {"mean": 0.8101898101898103, "std": 0.011460244075684294, "std_err": 0.005730122037842147, "raw": [0.7962037962037962, 0.8191808191808192, 0.8241758241758241, 0.8141858141858141, 0.7972027972027972]}, "unstructured_test_accuracy": {"mean": 0.3932067932067932, "std": 0.005420443542957257, "std_err": 0.0027102217714786284, "raw": [0.3946053946053946, 0.4005994005994006, 0.3966033966033966, 0.3886113886113886, 0.3856143856143856]}, "unstructured_test_brier_score": {"mean": 0.711639523698903, "std": 0.0027985562984929753, "std_err": 0.0013992781492464879, "raw": [0.7095156728104303, 0.708926974284078, 0.710584285734273, 0.7166855442461589, 0.7124851414195749]}, "interpretability": {"num_predicates": {"mean": 4173.0, "std": 322.76492994128097, "std_err": 161.38246497064046, "raw": [3901, 3817, 4639, 4042, 4466]}, "num_rules": {"mean": 351.0, "std": 5.366563145999495, "std_err": 2.6832815729997477, "raw": [354, 344, 345, 356, 356]}}, "learning_time": {"mean": 0.5209664821624755, "std": 0.014363531259334683, "std_err": 0.007181765629667341, "raw": [0.5362019538879395, 0.5264921188354492, 0.5344622135162354, 0.5038740634918213, 0.5038020610809326]}}, "noise_pct_96": {"structured_test_accuracy": {"mean": 0.7974025974025973, "std": 0.015610009977721953, "std_err": 0.007805004988860977, "raw": [0.7972027972027972, 0.8071928071928072, 0.8211788211788211, 0.7812187812187812, 0.7802197802197802]}, "unstructured_test_accuracy": {"mean": 0.3918081918081918, "std": 0.007214973061046078, "std_err": 0.003607486530523039, "raw": [0.3926073926073926, 0.4045954045954046, 0.3906093906093906, 0.3886113886113886, 0.3826173826173826]}, "unstructured_test_brier_score": {"mean": 0.7157886805937047, "std": 0.0027224245794225618, "std_err": 0.0013612122897112807, "raw": [0.7145127536717774, 0.7117943522586818, 0.7155222462596595, 0.7199847642531543, 0.717129286525251]}, "interpretability": {"num_predicates": {"mean": 3842.6, "std": 318.94488552099403, "std_err": 159.472442760497, "raw": [3713, 3299, 4238, 3955, 4008]}, "num_rules": {"mean": 331.8, "std": 8.772684879784524, "std_err": 4.386342439892262, "raw": [340, 315, 332, 336, 336]}}, "learning_time": {"mean": 0.5119542121887207, "std": 0.026792056565819535, "std_err": 0.013396028282909768, "raw": [0.5256838798522949, 0.5578582286834717, 0.4962129592895508, 0.49642395973205566, 0.48359203338623047]}}, "noise_pct_97": {"structured_test_accuracy": {"mean": 0.7682317682317683, "std": 0.020049828098784576, "std_err": 0.010024914049392286, "raw": [0.7422577422577422, 0.7812187812187812, 0.7972027972027972, 0.7702297702297702, 0.7502497502497503]}, "unstructured_test_accuracy": {"mean": 0.38961038961038963, "std": 0.007064003808057413, "std_err": 0.003532001904028706, "raw": [0.38961038961038963, 0.4005994005994006, 0.3936063936063936, 0.3826173826173826, 0.38161838161838163]}, "unstructured_test_brier_score": {"mean": 0.720308967982536, "std": 0.0027761414244512625, "std_err": 0.001388070712225631, "raw": [0.7180018112927293, 0.7174094151891576, 0.7200312662724174, 0.725252074115496, 0.7208502730428799]}, "interpretability": {"num_predicates": {"mean": 3416.6, "std": 158.81511263100876, "std_err": 79.40755631550438, "raw": [3330, 3344, 3731, 3374, 3304]}, "num_rules": {"mean": 303.8, "std": 5.1146847410177685, "std_err": 2.5573423705088842, "raw": [303, 303, 296, 312, 305]}}, "learning_time": {"mean": 0.5054111957550049, "std": 0.02394631571839844, "std_err": 0.01197315785919922, "raw": [0.4873199462890625, 0.50705885887146, 0.48154211044311523, 0.5015380382537842, 0.5495970249176025]}}, "noise_pct_98": {"structured_test_accuracy": {"mean": 0.732067932067932, "std": 0.009464710715146483, "std_err": 0.004732355357573242, "raw": [0.7242757242757243, 0.7462537462537463, 0.7402597402597403, 0.7222777222777222, 0.7272727272727273]}, "unstructured_test_accuracy": {"mean": 0.38561438561438555, "std": 0.007395306902426284, "std_err": 0.0036976534512131415, "raw": [0.3876123876123876, 0.39760239760239763, 0.3866133866133866, 0.3756243756243756, 0.3806193806193806]}, "unstructured_test_brier_score": {"mean": 0.7249934516052718, "std": 0.0031800473313405462, "std_err": 0.0015900236656702731, "raw": [0.7228749417106544, 0.7216288234602005, 0.7245995150137933, 0.7308755844494031, 0.7249883933923076]}, "interpretability": {"num_predicates": {"mean": 3038.6, "std": 171.20350463702545, "std_err": 85.60175231851271, "raw": [3058, 2749, 3261, 2986, 3139]}, "num_rules": {"mean": 284.4, "std": 8.13879597975032, "std_err": 4.069397989875161, "raw": [286, 270, 282, 292, 292]}}, "learning_time": {"mean": 0.48856415748596194, "std": 0.01076029147722823, "std_err": 0.005380145738614115, "raw": [0.4814028739929199, 0.4936649799346924, 0.48136401176452637, 0.507457971572876, 0.4789309501647949]}}, "noise_pct_99": {"structured_test_accuracy": {"mean": 0.6043956043956044, "std": 0.016317695895380957, "std_err": 0.008158847947690478, "raw": [0.6223776223776224, 0.6203796203796204, 0.5914085914085914, 0.6073926073926074, 0.5804195804195804]}, "unstructured_test_accuracy": {"mean": 0.38081918081918087, "std": 0.0058388168616193776, "std_err": 0.0029194084308096888, "raw": [0.38461538461538464, 0.38961038961038963, 0.37962037962037964, 0.3726273726273726, 0.3776223776223776]}, "unstructured_test_brier_score": {"mean": 0.7287528144714035, "std": 0.003049325957652994, "std_err": 0.0015246629788264968, "raw": [0.7258221727204018, 0.7276567153133762, 0.7273762948233126, 0.7346332362559839, 0.7282756532439429]}, "interpretability": {"num_predicates": {"mean": 2551.8, "std": 87.73232015625713, "std_err": 43.86616007812856, "raw": [2592, 2393, 2592, 2650, 2532]}, "num_rules": {"mean": 258.2, "std": 6.079473661428265, "std_err": 3.0397368307141326, "raw": [262, 248, 256, 266, 259]}}, "learning_time": {"mean": 0.5221095085144043, "std": 0.04806084071756283, "std_err": 0.02403042035878141, "raw": [0.4604606628417969, 0.4668121337890625, 0.5520601272583008, 0.5634067058563232, 0.5678079128265381]}}, "noise_pct_100": {"structured_test_accuracy": {"mean": 0.2765234765234765, "std": 0.02509382335076325, "std_err": 0.012546911675381625, "raw": [0.2647352647352647, 0.3096903096903097, 0.23576423576423577, 0.2917082917082917, 0.2807192807192807]}, "unstructured_test_accuracy": {"mean": 0.37782217782217786, "std": 0.007592407592407599, "std_err": 0.0037962037962037992, "raw": [0.3836163836163836, 0.38961038961038963, 0.37162837162837165, 0.3696303696303696, 0.37462537462537465]}, "unstructured_test_brier_score": {"mean": 0.7305274401911348, "std": 0.002852195128264264, "std_err": 0.001426097564132132, "raw": [0.7273804362628287, 0.728383353596722, 0.7302101255535279, 0.7356061263829042, 0.7310571591596908]}, "interpretability": {"num_predicates": {"mean": 1990.0, "std": 89.50083798490381, "std_err": 44.7504189924519, "raw": [2126, 1887, 2021, 2021, 1895]}, "num_rules": {"mean": 211.0, "std": 5.932958789676531, "std_err": 2.966479394838265, "raw": [220, 202, 208, 213, 212]}}, "learning_time": {"mean": 0.5119539737701416, "std": 0.05416623567385925, "std_err": 0.027083117836929627, "raw": [0.47770190238952637, 0.5178160667419434, 0.5017237663269043, 0.6106741428375244, 0.45185399055480957]}}}