{"noise_pct_10": {"structured_test_accuracy": {"mean": 0.9774225774225774, "std": 0.003975973774651869, "std_err": 0.0019879868873259347, "raw": [0.9760239760239761, 0.9820179820179821, 0.9820179820179821, 0.972027972027972, 0.975024975024975]}, "unstructured_test_accuracy": {"mean": 0.9196803196803197, "std": 0.005672355471160193, "std_err": 0.0028361777355800965, "raw": [0.9200799200799201, 0.9270729270729271, 0.9180819180819181, 0.9230769230769231, 0.9100899100899101]}, "unstructured_test_brier_score": {"mean": 0.14200979293328514, "std": 0.0034607071703060474, "std_err": 0.0017303535851530237, "raw": [0.1432206948607287, 0.13565214587191277, 0.14125404743450584, 0.14501424475604008, 0.14490783174323826]}, "interpretability": {"num_predicates": {"mean": 26471.8, "std": 883.757749612415, "std_err": 441.8788748062075, "raw": [27239, 26043, 25865, 25438, 27774]}, "num_rules": {"mean": 1722.8, "std": 49.98959891817497, "std_err": 24.99479945908748, "raw": [1752, 1696, 1693, 1667, 1806]}}, "learning_time": {"mean": 1.237266969680786, "std": 0.010640338028514964, "std_err": 0.005320169014257481, "raw": [1.255152702331543, 1.2399544715881348, 1.2344164848327637, 1.2344796657562256, 1.2223315238952637]}}, "noise_pct_20": {"structured_test_accuracy": {"mean": 0.9726273726273726, "std": 0.006704480214010985, "std_err": 0.0033522401070054924, "raw": [0.975024975024975, 0.973026973026973, 0.98001998001998, 0.9600399600399601, 0.975024975024975]}, "unstructured_test_accuracy": {"mean": 0.8641358641358641, "std": 0.007763979711378786, "std_err": 0.003881989855689393, "raw": [0.8651348651348651, 0.8701298701298701, 0.8701298701298701, 0.8491508491508492, 0.8661338661338661]}, "unstructured_test_brier_score": {"mean": 0.20823831251828145, "std": 0.0066323292544747765, "std_err": 0.0033161646272373882, "raw": [0.21100027568107585, 0.2020227657644518, 0.19931653107710198, 0.21738441359949065, 0.21146757646928696]}, "interpretability": {"num_predicates": {"mean": 31520.4, "std": 1159.7043761235016, "std_err": 579.8521880617507, "raw": [32140, 31434, 31498, 33026, 29504]}, "num_rules": {"mean": 1991.8, "std": 49.61612641067418, "std_err": 24.80806320533709, "raw": [1985, 1982, 2016, 2064, 1912]}}, "learning_time": {"mean": 1.2867019653320313, "std": 0.057784026680731605, "std_err": 0.0288920133403658, "raw": [1.2797715663909912, 1.2519330978393555, 1.3979897499084473, 1.269681453704834, 1.2341339588165283]}}, "noise_pct_30": {"structured_test_accuracy": {"mean": 0.9672327672327674, "std": 0.006106176539434997, "std_err": 0.003053088269717498, "raw": [0.972027972027972, 0.9660339660339661, 0.973026973026973, 0.9560439560439561, 0.9690309690309691]}, "unstructured_test_accuracy": {"mean": 0.8125874125874125, "std": 0.00808141794851417, "std_err": 0.004040708974257086, "raw": [0.8221778221778222, 0.8071928071928072, 0.8211788211788211, 0.8011988011988012, 0.8111888111888111]}, "unstructured_test_brier_score": {"mean": 0.2754207664599312, "std": 0.0057247717631417755, "std_err": 0.0028623858815708877, "raw": [0.27121587337481357, 0.2751140737294355, 0.2681480367685762, 0.2847598234913691, 0.2778660249354613]}, "interpretability": {"num_predicates": {"mean": 34143.8, "std": 2614.7614346245814, "std_err": 1307.3807173122907, "raw": [32877, 30715, 37620, 32754, 36753]}, "num_rules": {"mean": 2210.2, "std": 72.90377219321371, "std_err": 36.45188609660685, "raw": [2226, 2077, 2245, 2207, 2296]}}, "learning_time": {"mean": 1.2933444023132323, "std": 0.04407211697407491, "std_err": 0.022036058487037453, "raw": [1.3356633186340332, 1.3558690547943115, 1.2632231712341309, 1.2434825897216797, 1.2684838771820068]}}, "noise_pct_40": {"structured_test_accuracy": {"mean": 0.9646353646353646, "std": 0.0030036556200545316, "std_err": 0.0015018278100272658, "raw": [0.967032967032967, 0.961038961038961, 0.968031968031968, 0.961038961038961, 0.9660339660339661]}, "unstructured_test_accuracy": {"mean": 0.7596403596403597, "std": 0.008056681380082312, "std_err": 0.004028340690041156, "raw": [0.7732267732267732, 0.7512487512487512, 0.7552447552447552, 0.7542457542457542, 0.7642357642357642]}, "unstructured_test_brier_score": {"mean": 0.34076610410231467, "std": 0.008975880725632154, "std_err": 0.004487940362816077, "raw": [0.3305928980007443, 0.3512378899643573, 0.33298333035267924, 0.3516181098658835, 0.3373982923279091]}, "interpretability": {"num_predicates": {"mean": 38928.8, "std": 1851.999071274065, "std_err": 925.9995356370324, "raw": [41554, 35748, 39165, 38959, 39218]}, "num_rules": {"mean": 2396.2, "std": 69.71197888455039, "std_err": 34.855989442275195, "raw": [2525, 2323, 2393, 2348, 2392]}}, "learning_time": {"mean": 1.3151564598083496, "std": 0.03663227172312922, "std_err": 0.01831613586156461, "raw": [1.3269200325012207, 1.2954795360565186, 1.3112597465515137, 1.265838623046875, 1.3762843608856201]}}, "noise_pct_50": {"structured_test_accuracy": {"mean": 0.9550449550449549, "std": 0.00550811138944667, "std_err": 0.002754055694723335, "raw": [0.9530469530469531, 0.952047952047952, 0.9660339660339661, 0.952047952047952, 0.952047952047952]}, "unstructured_test_accuracy": {"mean": 0.6987012987012987, "std": 0.010545968607709637, "std_err": 0.005272984303854819, "raw": [0.7102897102897103, 0.6943056943056943, 0.7052947052947053, 0.6803196803196803, 0.7032967032967034]}, "unstructured_test_brier_score": {"mean": 0.41002805772938544, "std": 0.010606488570420644, "std_err": 0.005303244285210322, "raw": [0.398122119747927, 0.4214761051113146, 0.39904359977370085, 0.42294495518417835, 0.4085535088298062]}, "interpretability": {"num_predicates": {"mean": 40488.6, "std": 1859.7204736196243, "std_err": 929.8602368098122, "raw": [43122, 38862, 42227, 39795, 38437]}, "num_rules": {"mean": 2568.2, "std": 44.745502567297194, "std_err": 22.372751283648597, "raw": [2641, 2564, 2512, 2589, 2535]}}, "learning_time": {"mean": 1.3312912464141846, "std": 0.028843476100777504, "std_err": 0.014421738050388752, "raw": [1.3013896942138672, 1.381577491760254, 1.3045377731323242, 1.3338077068328857, 1.3351435661315918]}}, "noise_pct_60": {"structured_test_accuracy": {"mean": 0.9478521478521478, "std": 0.006787327772812405, "std_err": 0.0033936638864062022, "raw": [0.9430569430569431, 0.9410589410589411, 0.9600399600399601, 0.945054945054945, 0.9500499500499501]}, "unstructured_test_accuracy": {"mean": 0.6565434565434565, "std": 0.011256396420382238, "std_err": 0.005628198210191119, "raw": [0.6543456543456544, 0.6493506493506493, 0.6613386613386614, 0.6423576423576424, 0.6753246753246753]}, "unstructured_test_brier_score": {"mean": 0.4682836373592806, "std": 0.008651430794938205, "std_err": 0.004325715397469103, "raw": [0.4598735742738282, 0.4743526351212601, 0.45986263769056346, 0.4819667817009613, 0.4653625580097898]}, "interpretability": {"num_predicates": {"mean": 42070.0, "std": 1307.3554987072184, "std_err": 653.6777493536092, "raw": [44549, 42014, 40769, 41703, 41315]}, "num_rules": {"mean": 2671.4, "std": 29.452334372677488, "std_err": 14.726167186338742, "raw": [2723, 2632, 2661, 2673, 2668]}}, "learning_time": {"mean": 1.3874194145202636, "std": 0.054557350305092955, "std_err": 0.027278675152546478, "raw": [1.331056833267212, 1.4854865074157715, 1.3541178703308105, 1.404947280883789, 1.3614885807037354]}}, "noise_pct_70": {"structured_test_accuracy": {"mean": 0.9256743256743256, "std": 0.004753397503844269, "std_err": 0.002376698751922135, "raw": [0.9180819180819181, 0.9240759240759241, 0.932067932067932, 0.9250749250749251, 0.929070929070929]}, "unstructured_test_accuracy": {"mean": 0.5978021978021978, "std": 0.005879695891932926, "std_err": 0.002939847945966463, "raw": [0.6003996003996004, 0.5994005994005994, 0.5934065934065934, 0.5894105894105894, 0.6063936063936064]}, "unstructured_test_brier_score": {"mean": 0.5344414114434203, "std": 0.004844209213295257, "std_err": 0.002422104606647628,