{"noise_pct_10": {"structured_test_accuracy": {"mean": 0.973826173826174, "std": 0.005030840484321331, "std_err": 0.0025154202421606656, "raw": [0.973026973026973, 0.978021978021978, 0.981018981018981, 0.968031968031968, 0.9690309690309691]}, "unstructured_test_accuracy": {"mean": 0.9200799200799199, "std": 0.0041431451255399925, "std_err": 0.0020715725627699962, "raw": [0.9170829170829171, 0.926073926073926, 0.9240759240759241, 0.916083916083916, 0.9170829170829171]}, "unstructured_test_brier_score": {"mean": 0.144525733223749, "std": 0.002149262967170087, "std_err": 0.0010746314835850435, "raw": [0.14548122988122986, 0.1427338761170802, 0.1412703461677212, 0.146617362026862, 0.1465258519258519]}, "interpretability": {"num_predicates": {"mean": 25302.4, "std": 571.810667966242, "std_err": 285.905333983121, "raw": [25373, 24423, 25266, 25226, 26224]}, "num_rules": {"mean": 1752.2, "std": 46.11897657147218, "std_err": 23.05948828573609, "raw": [1735, 1680, 1772, 1753, 1821]}}, "learning_time": {"mean": 1.2549726009368896, "std": 0.031380503722377266, "std_err": 0.01569025186118863, "raw": [1.2248156070709229, 1.2353224754333496, 1.2672233581542969, 1.2365164756774902, 1.3109850883483887]}}, "noise_pct_20": {"structured_test_accuracy": {"mean": 0.9660339660339661, "std": 0.006775554428696578, "std_err": 0.0033877772143482885, "raw": [0.97002997002997, 0.967032967032967, 0.9760239760239761, 0.958041958041958, 0.9590409590409591]}, "unstructured_test_accuracy": {"mean": 0.8701298701298702, "std": 0.006027214037561757, "std_err": 0.003013607018780878, "raw": [0.8761238761238761, 0.8721278721278721, 0.8761238761238761, 0.8651348651348651, 0.8611388611388612]}, "unstructured_test_brier_score": {"mean": 0.20943621763208448, "std": 0.0031060609287314267, "std_err": 0.0015530304643657131, "raw": [0.21016022166722167, 0.20892960799178148, 0.2041747027793635, 0.21008049683649685, 0.21383605888555887]}, "interpretability": {"num_predicates": {"mean": 31157.2, "std": 1151.3045470248087, "std_err": 575.6522735124043, "raw": [32917, 30120, 29806, 31007, 31936]}, "num_rules": {"mean": 2142.2, "std": 55.77239460521665, "std_err": 27.886197302608323, "raw": [2234, 2090, 2079, 2146, 2162]}}, "learning_time": {"mean": 1.3487899780273438, "std": 0.01939187981931433, "std_err": 0.009695939909657164, "raw": [1.3385846614837646, 1.3305115699768066, 1.3575804233551025, 1.3828315734863281, 1.3344416618347168]}}, "noise_pct_30": {"structured_test_accuracy": {"mean": 0.9558441558441558, "std": 0.0046170709323841595, "std_err": 0.0023085354661920793, "raw": [0.9630369630369631, 0.9530469530469531, 0.9590409590409591, 0.9500499500499501, 0.954045954045954]}, "unstructured_test_accuracy": {"mean": 0.8115884115884116, "std": 0.005845649885445652, "std_err": 0.002922824942722826, "raw": [0.8201798201798202, 0.8021978021978022, 0.8141858141858141, 0.8101898101898102, 0.8111888111888111]}, "unstructured_test_brier_score": {"mean": 0.27287012125402943, "std": 0.0028265600374625375, "std_err": 0.0014132800187312685, "raw": [0.2727814893292648, 0.2760187334638151, 0.26958272657841026, 0.26988602508602505, 0.2760816318126318]}, "interpretability": {"num_predicates": {"mean": 36036.8, "std": 766.9856321991957, "std_err": 383.49281609959786, "raw": [36384, 34594, 36806, 35983, 36417]}, "num_rules": {"mean": 2521.0, "std": 46.805982523604825, "std_err": 23.40299126180241, "raw": [2545, 2436, 2567, 2550, 2507]}}, "learning_time": {"mean": 1.3823148727416992, "std": 0.05318978845792603, "std_err": 0.026594894228963016, "raw": [1.3878884315490723, 1.3561537265777588, 1.3654026985168457, 1.4799354076385498, 1.3221940994262695]}}, "noise_pct_40": {"structured_test_accuracy": {"mean": 0.9470529470529471, "std": 0.00683421833226259, "std_err": 0.003417109166131295, "raw": [0.957042957042957, 0.9470529470529471, 0.9500499500499501, 0.945054945054945, 0.936063936063936]}, "unstructured_test_accuracy": {"mean": 0.7604395604395604, "std": 0.005376073545284187, "std_err": 0.0026880367726420935, "raw": [0.7702297702297702, 0.7622377622377622, 0.7572427572427572, 0.7562437562437563, 0.7562437562437563]}, "unstructured_test_brier_score": {"mean": 0.33419480027070436, "std": 0.0018837666933027815, "std_err": 0.0009418833466513908, "raw": [0.333640400517, 0.33166088548582945, 0.33338329737977446, 0.3349716837051837, 0.33731773426573425]}, "interpretability": {"num_predicates": {"mean": 41213.2, "std": 708.7325024295133, "std_err": 354.36625121475663, "raw": [41248, 39910, 41726, 41228, 41954]}, "num_rules": {"mean": 2880.2, "std": 37.07505900197598, "std_err": 18.53752950098799, "raw": [2897, 2812, 2874, 2920, 2898]}}, "learning_time": {"mean": 1.3844202518463136, "std": 0.02335595488054144, "std_err": 0.01167797744027072, "raw": [1.367863416671753, 1.4116332530975342, 1.384875774383545, 1.3501338958740234, 1.407594919204712]}}, "noise_pct_50": {"structured_test_accuracy": {"mean": 0.933066933066933, "std": 0.007231552875466099, "std_err": 0.0036157764377330497, "raw": [0.9460539460539461, 0.926073926073926, 0.935064935064935, 0.9310689310689311, 0.9270729270729271]}, "unstructured_test_accuracy": {"mean": 0.7174825174825175, "std": 0.01315347100150474, "std_err": 0.00657673550075237, "raw": [0.7332667332667333, 0.6983016983016983, 0.7172827172827173, 0.7082917082917083, 0.7302697302697303]}, "unstructured_test_brier_score": {"mean": 0.3869127784172492, "std": 0.003432360887477983, "std_err": 0.0017161804437389916, "raw": [0.38471439795238777, 0.3913845309407146, 0.38446919268373353, 0.39074558197572146, 0.3832501885336886]}, "interpretability": {"num_predicates": {"mean": 46448.4, "std": 1322.21852959335, "std_err": 661.1092647966749, "raw": [46478, 47444, 46396, 44055, 47869]}, "num_rules": {"mean": 3232.0, "std": 35.35533905932738, "std_err": 17.67766952966369, "raw": [3250, 3273, 3236, 3167, 3234]}}, "learning_time": {"mean": 1.4348134517669677, "std": 0.027098453791488897, "std_err": 0.013549226895744447, "raw": [1.4100849628448486, 1.429542064666748, 1.4258952140808105, 1.421140193939209, 1.4874048233032227]}}, "noise_pct_60": {"structured_test_accuracy": {"mean": 0.9136863136863136, "std": 0.012212353078870041, "std_err": 0.00610617653943502, "raw": [0.9250749250749251, 0.8901098901098901, 0.919080919080919, 0.919080919080919, 0.9150849150849151]}, "unstructured_test_accuracy": {"mean": 0.6867132867132868, "std": 0.014932976576267562, "std_err": 0.00746648828813378, "raw": [0.7112887112887113, 0.6683316683316683, 0.6893106893106893, 0.6743256743256744, 0.6903096903096904]}, "unstructured_test_brier_score": {"mean": 0.4283779122437716, "std": 0.0042708302800109855, "std_err": 0.0021354151400054928, "raw": [0.4226562277325849, 0.43130728499278503, 0.4245637749124458, 0.4342802548775236, 0.42908201870351864]}, "interpretability": {"num_predicates": {"mean": 49963.6, "std": 1386.8002884337743, "std_err": 693.4001442168872, "raw": [50032, 49685, 49319, 48299, 52483]}, "num_rules": {"mean": 3478.6, "std": 35.205681359689656, "std_err": 17.602840679844828, "raw": [3525, 3503, 3447, 3430, 3488]}}, "learning_time": {"mean": 1.4742233753204346, "std": 0.007970441209297807, "std_err": 0.003985220604648903, "raw": [1.4805734157562256, 1.47487211227417, 1.4827117919921875, 1.4729957580566406, 1.4599637985229492]}}, "noise_pct_70": {"structured_test_accuracy": {"mean": 0.8903096903096902, "std": 0.003915268320132931, "std_err": 0.0019576341600664655, "raw": [0.8901098901098901, 0.8841158841158842, 0.8891108891108891, 0.8961038961038961, 0.8921078921078921]}, "unstructured_test_accuracy": {"mean": 0.6413586413586413, "std": 0.008616926534604528, "std_err": 0.004308463267302263, "raw": [0.6563436563436563, 0.6413586413586414, 0.6363636363636364, 0.6303696303696303, 0.6423576423576424]}, "unstructured_test_brier_score": {"mean": 0.4743198819412006, "std": 0.0034979529114342006, "std_err": 0.0017489764557171005,