{"noise_pct_95": {"structured_test_accuracy": {"mean": 0.7606393606393607, "std": 0.005947203223231636, "std_err": 0.0029736016116158176, "raw": [0.7562437562437563, 0.7542457542457542, 0.7712287712287712, 0.7592407592407593, 0.7622377622377622]}, "unstructured_test_accuracy": {"mean": 0.5582417582417583, "std": 0.009251418104128085, "std_err": 0.004625709052064043, "raw": [0.5484515484515484, 0.5564435564435565, 0.5524475524475524, 0.5584415584415584, 0.5754245754245755]}, "unstructured_test_brier_score": {"mean": 0.5650736907999407, "std": 0.003243029341161481, "std_err": 0.0016215146705807404, "raw": [0.5707619617378402, 0.564574834908289, 0.5657081902722498, 0.5610173268527895, 0.5633061402285355]}, "interpretability": {"num_predicates": {"mean": 63480.4, "std": 1327.3113575947432, "std_err": 663.6556787973715, "raw": [65620, 63519, 63895, 62774, 61594]}, "num_rules": {"mean": 4309.4, "std": 32.1284920281049, "std_err": 16.06424601405245, "raw": [4337, 4335, 4334, 4278, 4263]}}, "learning_time": {"mean": 1.1030256271362304, "std": 0.05062101519377017, "std_err": 0.025310507596885086, "raw": [1.0791242122650146, 1.1771020889282227, 1.0435879230499268, 1.0677940845489502, 1.147519826889038]}}, "noise_pct_96": {"structured_test_accuracy": {"mean": 0.7502497502497503, "std": 0.011070445696059972, "std_err": 0.005535222848029985, "raw": [0.7562437562437563, 0.7362637362637363, 0.7682317682317682, 0.7472527472527473, 0.7432567432567433]}, "unstructured_test_accuracy": {"mean": 0.5642357642357642, "std": 0.011432343257478482, "std_err": 0.00571617162873924, "raw": [0.5624375624375625, 0.5684315684315684, 0.5494505494505495, 0.5574425574425574, 0.5834165834165834]}, "unstructured_test_brier_score": {"mean": 0.5644715076012884, "std": 0.0022817972201849344, "std_err": 0.0011408986100924672, "raw": [0.565030211779182, 0.5617605914388899, 0.5682901393824744, 0.5647340508281087, 0.5625425445777869]}, "interpretability": {"num_predicates": {"mean": 63174.8, "std": 535.258218059284, "std_err": 267.62910902964194, "raw": [63990, 63011, 62918, 63524, 62431]}, "num_rules": {"mean": 4291.0, "std": 38.2099463490856, "std_err": 19.1049731745428, "raw": [4350, 4302, 4304, 4243, 4256]}}, "learning_time": {"mean": 1.048753595352173, "std": 0.025510414679461198, "std_err": 0.012755207339730599, "raw": [1.0380167961120605, 1.0984158515930176, 1.0461041927337646, 1.0325250625610352, 1.0287060737609863]}}, "noise_pct_97": {"structured_test_accuracy": {"mean": 0.728071928071928, "std": 0.012044489009471764, "std_err": 0.006022244504735882, "raw": [0.7372627372627373, 0.7232767232767233, 0.7442557442557443, 0.7262737262737263, 0.7092907092907093]}, "unstructured_test_accuracy": {"mean": 0.5618381618381618, "std": 0.011931267633833037, "std_err": 0.0059656338169165185, "raw": [0.5534465534465535, 0.5614385614385614, 0.5464535464535465, 0.5664335664335665, 0.5814185814185814]}, "unstructured_test_brier_score": {"mean": 0.5682070951627045, "std": 0.0027241612059577635, "std_err": 0.0013620806029788818, "raw": [0.5697033418457961, 0.5714223239991301, 0.5689341539143334, 0.5676339150285655, 0.5633417410256977]}, "interpretability": {"num_predicates": {"mean": 62591.4, "std": 819.166063750202, "std_err": 409.58303187510097, "raw": [63959, 62177, 62924, 62382, 61515]}, "num_rules": {"mean": 4264.8, "std": 42.10178143499393, "std_err": 21.050890717496966, "raw": [4329, 4236, 4286, 4206, 4267]}}, "learning_time": {"mean": 1.1442531108856202, "std": 0.16059549281500865, "std_err": 0.08029774640750433, "raw": [1.042848825454712, 1.0550081729888916, 1.058948278427124, 1.1014611721038818, 1.4629991054534912]}}, "noise_pct_98": {"structured_test_accuracy": {"mean": 0.7054945054945054, "std": 0.01150196840329612, "std_err": 0.00575098420164806, "raw": [0.7122877122877123, 0.6953046953046953, 0.7242757242757243, 0.7022977022977023, 0.6933066933066933]}, "unstructured_test_accuracy": {"mean": 0.5574425574425574, "std": 0.010851928562637553, "std_err": 0.005425964281318777, "raw": [0.5504495504495505, 0.5494505494505495, 0.5514485514485514, 0.5574425574425574, 0.5784215784215784]}, "unstructured_test_brier_score": {"mean": 0.5710832944386554, "std": 0.002253124126180177, "std_err": 0.0011265620630900885, "raw": [0.5739912883797357, 0.5732540001036379, 0.5681235765015094, 0.5708014532266046, 0.5692461539817891]}, "interpretability": {"num_predicates": {"mean": 62888.0, "std": 870.4562022296125, "std_err": 435.22810111480624, "raw": [64278, 62089, 63372, 62801, 61900]}, "num_rules": {"mean": 4323.0, "std": 38.08936859544931, "std_err": 19.044684297724654, "raw": [4374, 4345, 4306, 4261, 4329]}}, "learning_time": {"mean": 1.0857079029083252, "std": 0.04894690190945093, "std_err": 0.024473450954725463, "raw": [1.1173100471496582, 1.1519031524658203, 1.045332431793213, 1.0977380275726318, 1.0162558555603027]}}, "noise_pct_99": {"structured_test_accuracy": {"mean": 0.6697302697302697, "std": 0.006013952824492459, "std_err": 0.0030069764122462295, "raw": [0.6693306693306693, 0.6663336663336663, 0.6793206793206793, 0.6723276723276723, 0.6613386613386614]}, "unstructured_test_accuracy": {"mean": 0.557042957042957, "std": 0.009037508793525368, "std_err": 0.004518754396762683, "raw": [0.5654345654345654, 0.5554445554445554, 0.5434565434565435, 0.5524475524475524, 0.5684315684315684]}, "unstructured_test_brier_score": {"mean": 0.5742678533103392, "std": 0.0029959100487887864, "std_err": 0.0014979550243943932, "raw": [0.5759854180557726, 0.5772759648263993, 0.5687422391122986, 0.5756743656054515, 0.5736612789517739]}, "interpretability": {"num_predicates": {"mean": 63207.8, "std": 679.0046833417277, "std_err": 339.50234167086387, "raw": [64467, 62885, 63017, 63223, 62447]}, "num_rules": {"mean": 4300.4, "std": 53.64177476556867, "std_err": 26.820887382784335, "raw": [4371, 4212, 4337, 4285, 4297]}}, "learning_time": {"mean": 1.0537895679473877, "std": 0.022333090444333802, "std_err": 0.011166545222166901, "raw": [1.0367870330810547, 1.0905108451843262, 1.0460212230682373, 1.066847801208496, 1.0287809371948242]}}, "noise_pct_100": {"structured_test_accuracy": {"mean": 0.6321678321678321, "std": 0.012011299392758561, "std_err": 0.006005649696379281, "raw": [0.6363636363636364, 0.6233766233766234, 0.6443556443556444, 0.6433566433566433, 0.6133866133866134]}, "unstructured_test_accuracy": {"mean": 0.5502497502497502, "std": 0.008509706069549204, "std_err": 0.004254853034774601, "raw": [0.5584415584415584, 0.5434565434565435, 0.5454545454545454, 0.5414585414585414, 0.5624375624375625]}, "unstructured_test_brier_score": {"mean": 0.5748712468613963, "std": 0.002093175210888417, "std_err": 0.0010465876054442085, "raw": [0.5764076614946844, 0.5764499823206839, 0.5711835526811623, 0.5764402786271741, 0.573874759183277]}, "interpretability": {"num_predicates": {"mean": 63798.8, "std": 429.0232627725448, "std_err": 214.5116313862724, "raw": [63587, 63519, 64387, 64223, 63278]}, "num_rules": {"mean": 4353.6, "std": 12.690153663372245, "std_err": 6.345076831686122, "raw": [4350, 4355, 4346, 4340, 4377]}}, "learning_time": {"mean": 1.0959177494049073, "std": 0.03912617168648722, "std_err": 0.01956308584324361, "raw": [1.024773120880127, 1.1051390171051025, 1.095141887664795, 1.1108129024505615, 1.1437218189239502]}}}