{"noise_pct_10": {"structured_test_accuracy": {"mean": 0.9768231768231768, "std": 0.005558612484812596, "std_err": 0.0027793062424062978, "raw": [0.9760239760239761, 0.985014985014985, 0.981018981018981, 0.97002997002997, 0.972027972027972]}, "unstructured_test_accuracy": {"mean": 0.9264735264735264, "std": 0.0058456498854456895, "std_err": 0.0029228249427228443, "raw": [0.9300699300699301, 0.932067932067932, 0.9300699300699301, 0.9240759240759241, 0.916083916083916]}, "unstructured_test_brier_score": {"mean": 0.13546692333013685, "std": 0.0035608435899814332, "std_err": 0.0017804217949907164, "raw": [0.13549133993638657, 0.13350622264401005, 0.13067001345831783, 0.13619962610761752, 0.14146741450435232]}, "interpretability": {"num_predicates": {"mean": 25584.4, "std": 850.9332758800775, "std_err": 425.4666379400387, "raw": [26639, 25042, 25346, 26477, 24418]}, "num_rules": {"mean": 1730.2, "std": 44.80357128622673, "std_err": 22.40178564311336, "raw": [1728, 1726, 1708, 1812, 1677]}}, "learning_time": {"mean": 1.2164811611175537, "std": 0.02333728107768304, "std_err": 0.01166864053884152, "raw": [1.2340359687805176, 1.2313768863677979, 1.2043590545654297, 1.1759893894195557, 1.2366445064544678]}}, "noise_pct_20": {"structured_test_accuracy": {"mean": 0.9682317682317683, "std": 0.004702738180195703, "std_err": 0.0023513690900978513, "raw": [0.97002997002997, 0.971028971028971, 0.972027972027972, 0.9590409590409591, 0.9690309690309691]}, "unstructured_test_accuracy": {"mean": 0.8779220779220779, "std": 0.0042571979525799246, "std_err": 0.002128598976289962, "raw": [0.8771228771228772, 0.8761238761238761, 0.8791208791208791, 0.8721278721278721, 0.8851148851148851]}, "unstructured_test_brier_score": {"mean": 0.19295652219018875, "std": 0.004051771481706485, "std_err": 0.0020258857408532423, "raw": [0.19158634316368844, 0.1971953390143652, 0.18571380844539787, 0.19481482814391793, 0.1954722921835743]}, "interpretability": {"num_predicates": {"mean": 31293.4, "std": 1190.6753713754224, "std_err": 595.3376856877111, "raw": [32748, 30780, 30669, 29674, 32596]}, "num_rules": {"mean": 2101.6, "std": 63.09548319808637, "std_err": 31.54774159904318, "raw": [2172, 2103, 2040, 2022, 2171]}}, "learning_time": {"mean": 1.2866347312927247, "std": 0.027244982190494964, "std_err": 0.013622491095247482, "raw": [1.2706446647644043, 1.2613539695739746, 1.2722163200378418, 1.291478157043457, 1.3374805450439453]}}, "noise_pct_30": {"structured_test_accuracy": {"mean": 0.9634365634365635, "std": 0.004998999401876838, "std_err": 0.002499499700938419, "raw": [0.9590409590409591, 0.967032967032967, 0.9690309690309691, 0.9560439560439561, 0.9660339660339661]}, "unstructured_test_accuracy": {"mean": 0.8413586413586411, "std": 0.004617070932384176, "std_err": 0.002308535466192088, "raw": [0.8401598401598401, 0.8361638361638362, 0.8481518481518482, 0.8371628371628371, 0.8451548451548452]}, "unstructured_test_brier_score": {"mean": 0.24497219340811127, "std": 0.006580127938834604, "std_err": 0.003290063969417302, "raw": [0.23493608655034212, 0.2496240720718633, 0.23927903925549848, 0.2509356188879054, 0.250086150274947]}, "interpretability": {"num_predicates": {"mean": 35843.0, "std": 563.3428796035324, "std_err": 281.6714398017662, "raw": [35389, 36123, 34973, 36379, 36351]}, "num_rules": {"mean": 2361.0, "std": 44.46121905661157, "std_err": 22.230609528305784, "raw": [2342, 2373, 2286, 2416, 2388]}}, "learning_time": {"mean": 1.3394911289215088, "std": 0.03541982193703437, "std_err": 0.017709910968517185, "raw": [1.3597650527954102, 1.3535890579223633, 1.3838462829589844, 1.2828550338745117, 1.3174002170562744]}}, "noise_pct_40": {"structured_test_accuracy": {"mean": 0.9544455544455545, "std": 0.0010187851176009562, "std_err": 0.0005093925588004781, "raw": [0.954045954045954, 0.9530469530469531, 0.9560439560439561, 0.954045954045954, 0.955044955044955]}, "unstructured_test_accuracy": {"mean": 0.7956043956043956, "std": 0.004494394357323468, "std_err": 0.002247197178661734, "raw": [0.7982017982017982, 0.7932067932067932, 0.7922077922077922, 0.7912087912087912, 0.8031968031968032]}, "unstructured_test_brier_score": {"mean": 0.3025276781587745, "std": 0.006732353275924515, "std_err": 0.003366176637962257, "raw": [0.2926695433303952, 0.311825035568994, 0.29742668533172517, 0.30604822880720023, 0.304668897755558]}, "interpretability": {"num_predicates": {"mean": 40492.0, "std": 1354.3847311602417, "std_err": 677.1923655801207, "raw": [39532, 38946, 41645, 42513, 39824]}, "num_rules": {"mean": 2643.4, "std": 51.902215752316394, "std_err": 25.951107876158197, "raw": [2629, 2570, 2661, 2729, 2628]}}, "learning_time": {"mean": 1.3411262512207032, "std": 0.02627363642245838, "std_err": 0.013136818211229188, "raw": [1.3195953369140625, 1.3193988800048828, 1.3471264839172363, 1.329874038696289, 1.389636516571045]}}, "noise_pct_50": {"structured_test_accuracy": {"mean": 0.9448551448551449, "std": 0.006362311020216045, "std_err": 0.003181155510108022, "raw": [0.952047952047952, 0.9410589410589411, 0.9530469530469531, 0.938061938061938, 0.9400599400599401]}, "unstructured_test_accuracy": {"mean": 0.7540459540459541, "std": 0.003863951969193574, "std_err": 0.001931975984596787, "raw": [0.7592407592407593, 0.7572427572427572, 0.7532467532467533, 0.7482517482517482, 0.7522477522477522]}, "unstructured_test_brier_score": {"mean": 0.3539914377927032, "std": 0.003278732249631818, "std_err": 0.0016393661248159089, "raw": [0.3516723146475106, 0.3590480514605771, 0.3497659617168377, 0.3533495998970579, 0.35612126124153254]}, "interpretability": {"num_predicates": {"mean": 44059.0, "std": 1010.5816147150115, "std_err": 505.29080735750574, "raw": [42243, 44461, 45239, 43839, 44513]}, "num_rules": {"mean": 2872.2, "std": 30.48540634467581, "std_err": 15.242703172337903, "raw": [2819, 2909, 2887, 2862, 2884]}}, "learning_time": {"mean": 1.382472038269043, "std": 0.029861872430092844, "std_err": 0.01493093621504642, "raw": [1.4095897674560547, 1.4235236644744873, 1.3729758262634277, 1.3424911499023438, 1.3637797832489014]}}, "noise_pct_60": {"structured_test_accuracy": {"mean": 0.9318681318681319, "std": 0.003120978891471164, "std_err": 0.001560489445735582, "raw": [0.932067932067932, 0.9340659340659341, 0.936063936063936, 0.9270729270729271, 0.9300699300699301]}, "unstructured_test_accuracy": {"mean": 0.7110889110889111, "std": 0.005486325761337059, "std_err": 0.002743162880668529, "raw": [0.7092907092907093, 0.7022977022977023, 0.7152847152847153, 0.7182817182817183, 0.7102897102897103]}, "unstructured_test_brier_score": {"mean": 0.4010456813977279, "std": 0.004636097288472887, "std_err": 0.002318048644236443, "raw": [0.40448205354026623, 0.4069621393810687, 0.39635823880276244, 0.3949847961617066, 0.40244117910283556]}, "interpretability": {"num_predicates": {"mean": 48122.4, "std": 724.5022015149436, "std_err": 362.2511007574718, "raw": [47631, 47052, 48196, 48617, 49116]}, "num_rules": {"mean": 3095.4, "std": 53.10969779616525, "std_err": 26.55484889808262, "raw": [3132, 2996, 3117, 3088, 3144]}}, "learning_time": {"mean": 1.4820584774017334, "std": 0.07863733119315527, "std_err": 0.03931866559657763, "raw": [1.6319971084594727, 1.4361953735351562, 1.464125156402588, 1.4729158878326416, 1.4050588607788086]}}, "noise_pct_70": {"structured_test_accuracy": {"mean": 0.9102897102897103, "std": 0.002479455273924249, "std_err": 0.0012397276369621245, "raw": [0.906093906093906, 0.9120879120879121, 0.9110889110889111, 0.9090909090909091, 0.913086913086913]}, "unstructured_test_accuracy": {"mean": 0.6705294705294704, "std": 0.0063623110202160596, "std_err": 0.0031811555101080298, "raw": [0.6683316683316683, 0.6593406593406593, 0.6723276723276723, 0.6773226773226774, 0.6753246753246753]}, "unstructured_test_brier_score": {"mean": 0.449362306788048, "std": 0.005858422373692976, "std_err": 0.0029292111868464876,