{"noise_pct_95": {"structured_test_accuracy": {"mean": 0.7322677322677322, "std": 0.012573133044996822, "std_err": 0.006286566522498411, "raw": [0.7092907092907093, 0.7382617382617382, 0.7452547452547452, 0.7392607392607392, 0.7292707292707292]}, "unstructured_test_accuracy": {"mean": 0.5970029970029971, "std": 0.008881562745611544, "std_err": 0.004440781372805772, "raw": [0.5844155844155844, 0.5884115884115884, 0.6063936063936064, 0.6013986013986014, 0.6043956043956044]}, "unstructured_test_brier_score": {"mean": 0.5378406730650722, "std": 0.008204674093248775, "std_err": 0.004102337046624388, "raw": [0.5507595564823211, 0.5411540108381719, 0.525959429916877, 0.5336554346532959, 0.5376749334346946]}, "interpretability": {"num_predicates": {"mean": 56472.2, "std": 1322.5896415744378, "std_err": 661.2948207872189, "raw": [55420, 54560, 58289, 56938, 57154]}, "num_rules": {"mean": 3465.0, "std": 19.616319736382767, "std_err": 9.808159868191382, "raw": [3496, 3454, 3480, 3446, 3449]}}, "learning_time": {"mean": 1.1337407588958741, "std": 0.2560842456773864, "std_err": 0.1280421228386932, "raw": [1.097060203552246, 1.6357460021972656, 1.0141818523406982, 0.9455337524414062, 0.9761819839477539]}}, "noise_pct_96": {"structured_test_accuracy": {"mean": 0.7032967032967032, "std": 0.014226559935199116, "std_err": 0.007113279967599558, "raw": [0.6893106893106893, 0.6973026973026973, 0.7282717282717283, 0.7092907092907093, 0.6923076923076923]}, "unstructured_test_accuracy": {"mean": 0.5926073926073927, "std": 0.00836778884770107, "std_err": 0.004183894423850534, "raw": [0.5804195804195804, 0.5864135864135864, 0.5934065934065934, 0.6033966033966034, 0.5994005994005994]}, "unstructured_test_brier_score": {"mean": 0.5409231214516642, "std": 0.007015393509318833, "std_err": 0.0035076967546594164, "raw": [0.5521477562174084, 0.543210496910778, 0.5305220784937384, 0.5384101763158193, 0.5403250993205764]}, "interpretability": {"num_predicates": {"mean": 55024.2, "std": 1039.2830990639652, "std_err": 519.6415495319826, "raw": [54975, 53272, 56337, 54776, 55761]}, "num_rules": {"mean": 3448.0, "std": 19.05780679931455, "std_err": 9.528903399657276, "raw": [3437, 3437, 3430, 3453, 3483]}}, "learning_time": {"mean": 1.0963995933532715, "std": 0.12693861425942055, "std_err": 0.06346930712971027, "raw": [1.3056609630584717, 1.129744291305542, 1.1189420223236084, 0.9653818607330322, 0.9622688293457031]}}, "noise_pct_97": {"structured_test_accuracy": {"mean": 0.6641358641358641, "std": 0.017110644608197084, "std_err": 0.00855532230409854, "raw": [0.6583416583416584, 0.6693306693306693, 0.6933066933066933, 0.6583416583416584, 0.6413586413586414]}, "unstructured_test_accuracy": {"mean": 0.5916083916083916, "std": 0.0062355590546762105, "std_err": 0.003117779527338105, "raw": [0.5824175824175825, 0.5954045954045954, 0.6003996003996004, 0.5874125874125874, 0.5924075924075924]}, "unstructured_test_brier_score": {"mean": 0.5416556938635353, "std": 0.0074560012447240425, "std_err": 0.0037280006223620213, "raw": [0.5541602191139124, 0.5428449316415471, 0.5312923943218526, 0.5418928768578092, 0.5380880473825553]}, "interpretability": {"num_predicates": {"mean": 55894.4, "std": 1658.9555268300596, "std_err": 829.4777634150297, "raw": [54263, 54274, 57833, 55163, 57939]}, "num_rules": {"mean": 3450.2, "std": 56.22241545860513, "std_err": 28.11120772930256, "raw": [3376, 3444, 3521, 3404, 3506]}}, "learning_time": {"mean": 0.9427001476287842, "std": 0.013742094503632346, "std_err": 0.006871047251816173, "raw": [0.9365518093109131, 0.931035041809082, 0.933804988861084, 0.9431209564208984, 0.9689879417419434]}}, "noise_pct_98": {"structured_test_accuracy": {"mean": 0.6109890109890109, "std": 0.017584687892657838, "std_err": 0.008792343946328917, "raw": [0.6053946053946054, 0.6113886113886113, 0.6433566433566433, 0.5904095904095904, 0.6043956043956044]}, "unstructured_test_accuracy": {"mean": 0.5884115884115884, "std": 0.010666411840191112, "std_err": 0.005333205920095556, "raw": [0.5724275724275725, 0.5814185814185814, 0.6003996003996004, 0.5884115884115884, 0.5994005994005994]}, "unstructured_test_brier_score": {"mean": 0.5432809894986199, "std": 0.009274255441755145, "std_err": 0.004637127720877572, "raw": [0.5607888611985182, 0.5439783752941652, 0.5344343363157208, 0.5393060103182639, 0.5378973643664313]}, "interpretability": {"num_predicates": {"mean": 55306.4, "std": 1589.6521128850802, "std_err": 794.8260564425401, "raw": [53744, 53055, 57006, 56336, 56391]}, "num_rules": {"mean": 3444.2, "std": 33.43291791034698, "std_err": 16.71645895517349, "raw": [3423, 3398, 3496, 3442, 3462]}}, "learning_time": {"mean": 0.9525472164154053, "std": 0.02984702062096362, "std_err": 0.014923510310481808, "raw": [0.9353759288787842, 0.9257164001464844, 0.9792530536651611, 0.9253017902374268, 0.9970889091491699]}}, "noise_pct_99": {"structured_test_accuracy": {"mean": 0.5432567432567433, "std": 0.013153471001504739, "std_err": 0.0065767355007523695, "raw": [0.5304695304695305, 0.5504495504495505, 0.5604395604395604, 0.5494505494505495, 0.5254745254745254]}, "unstructured_test_accuracy": {"mean": 0.5882117882117883, "std": 0.009652645218126785, "std_err": 0.004826322609063392, "raw": [0.5794205794205795, 0.5774225774225774, 0.5914085914085914, 0.5884115884115884, 0.6043956043956044]}, "unstructured_test_brier_score": {"mean": 0.542277563940984, "std": 0.007209057178878926, "std_err": 0.0036045285894394626, "raw": [0.5508271310474546, 0.5504681663719082, 0.5330632245788741, 0.5403102478284023, 0.5367190498782806]}, "interpretability": {"num_predicates": {"mean": 55479.0, "std": 1281.0595614568435, "std_err": 640.5297807284217, "raw": [54728, 53340, 56876, 56233, 56218]}, "num_rules": {"mean": 3421.2, "std": 41.25724178856362, "std_err": 20.628620894281806, "raw": [3389, 3366, 3470, 3415, 3466]}}, "learning_time": {"mean": 1.3555824756622314, "std": 0.5144500899409681, "std_err": 0.25722504497048404, "raw": [2.3595361709594727, 1.0845959186553955, 1.0107722282409668, 1.3159558773040771, 1.0070521831512451]}}, "noise_pct_100": {"structured_test_accuracy": {"mean": 0.433966033966034, "std": 0.02610892503323819, "std_err": 0.013054462516619096, "raw": [0.4245754245754246, 0.4245754245754246, 0.47952047952047955, 0.4405594405594406, 0.4005994005994006]}, "unstructured_test_accuracy": {"mean": 0.5906093906093905, "std": 0.006138777820474389, "std_err": 0.003069388910237194, "raw": [0.5824175824175825, 0.5884115884115884, 0.5904095904095904, 0.5904095904095904, 0.6013986013986014]}, "unstructured_test_brier_score": {"mean": 0.5411365575287327, "std": 0.006297084287958304, "std_err": 0.003148542143979152, "raw": [0.5526126384104673, 0.5416093255722071, 0.534286618420359, 0.5403789318773422, 0.5367952733632881]}, "interpretability": {"num_predicates": {"mean": 54943.4, "std": 1067.2376680009002, "std_err": 533.6188340004501, "raw": [55573, 53674, 56677, 54601, 54192]}, "num_rules": {"mean": 3366.4, "std": 33.79112309468272, "std_err": 16.89556154734136, "raw": [3409, 3348, 3382, 3311, 3382]}}, "learning_time": {"mean": 1.0000001430511474, "std": 0.0518692661434852, "std_err": 0.025934633071742597, "raw": [1.091270923614502, 0.9663589000701904, 1.0065491199493408, 0.9986329078674316, 0.9371888637542725]}}}