{"noise_pct_0": {"structured_test_accuracy": {"mean": 0.9784215784215785, "std": 0.003925451089787944, "std_err": 0.001962725544893972, "raw": [0.978021978021978, 0.983016983016983, 0.9820179820179821, 0.972027972027972, 0.977022977022977]}, "unstructured_test_accuracy": {"mean": 0.9784215784215785, "std": 0.003925451089787944, "std_err": 0.001962725544893972, "raw": [0.978021978021978, 0.983016983016983, 0.9820179820179821, 0.972027972027972, 0.977022977022977]}, "unstructured_test_brier_score": {"mean": 0.06880899100899102, "std": 0.003636596488356616, "std_err": 0.0018182982441783079, "raw": [0.0700031968031968, 0.06516203796203797, 0.06410569430569432, 0.07374205794205793, 0.07103196803196804]}, "interpretability": {"num_predicates": {"mean": 19728.8, "std": 1313.5630019150205, "std_err": 656.7815009575103, "raw": [22144, 18343, 19972, 19044, 19141]}, "num_rules": {"mean": 1326.6, "std": 66.75207861932091, "std_err": 33.37603930966045, "raw": [1450, 1276, 1342, 1269, 1296]}}, "learning_time": {"mean": 1.0233939647674561, "std": 0.47965432169602107, "std_err": 0.23982716084801053, "raw": [1.9800550937652588, 0.8005650043487549, 0.8334188461303711, 0.7789180278778076, 0.7240128517150879]}}}