{"noise_pct_10": {"accuracy": {"mean": 0.9550000000000001, "std": 0.0020000000000000018, "std_err": 0.001000000000000001, "raw": [0.956, 0.956, 0.951, 0.956, 0.956]}}, "noise_pct_20": {"accuracy": {"mean": 0.915, "std": 0.0, "std_err": 0.0, "raw": [0.915, 0.915, 0.915, 0.915, 0.915]}}, "noise_pct_30": {"accuracy": {"mean": 0.868, "std": 0.0, "std_err": 0.0, "raw": [0.868, 0.868, 0.868, 0.868, 0.868]}}, "noise_pct_40": {"accuracy": {"mean": 0.82, "std": 0.0, "std_err": 0.0, "raw": [0.82, 0.82, 0.82, 0.82, 0.82]}}, "noise_pct_50": {"accuracy": {"mean": 0.783, "std": 0.0, "std_err": 0.0, "raw": [0.783, 0.783, 0.783, 0.783, 0.783]}}, "noise_pct_60": {"accuracy": {"mean": 0.748, "std": 0.0, "std_err": 0.0, "raw": [0.748, 0.748, 0.748, 0.748, 0.748]}}, "noise_pct_70": {"accuracy": {"mean": 0.713, "std": 0.0, "std_err": 0.0, "raw": [0.713, 0.713, 0.713, 0.713, 0.713]}}, "noise_pct_80": {"accuracy": {"mean": 0.666, "std": 0.0, "std_err": 0.0, "raw": [0.666, 0.666, 0.666, 0.666, 0.666]}}, "noise_pct_90": {"accuracy": {"mean": 0.5242, "std": 0.0484, "std_err": 0.0242, "raw": [0.5, 0.5, 0.5, 0.5, 0.621]}}, "noise_pct_100": {"accuracy": {"mean": 0.5, "std": 0.0, "std_err": 0.0, "raw": [0.5, 0.5, 0.5, 0.5, 0.5]}}}