{"noise_pct_95": {"structured_test_accuracy": {"mean": 0.35604395604395606, "std": 0.002574245499845167, "std_err": 0.0012871227499225834, "raw": [0.3516483516483517, 0.35564435564435565, 0.35664335664335667, 0.3596403596403596, 0.35664335664335667]}, "unstructured_test_accuracy": {"mean": 0.4545454545454546, "std": 0.011355262528178072, "std_err": 0.005677631264089036, "raw": [0.44455544455544455, 0.45554445554445555, 0.44255744255744256, 0.4745254745254745, 0.45554445554445555]}, "unstructured_test_brier_score": {"mean": 0.8882224662217499, "std": 0.008855431701864615, "std_err": 0.004427715850932307, "raw": [0.8840275189380352, 0.8925587251718153, 0.8791340988490175, 0.9034911157585646, 0.8819008723913176]}, "interpretability": {"num_predicates": {"mean": 1064.6, "std": 359.3853641983769, "std_err": 179.69268209918843, "raw": [1098, 739, 884, 1745, 857]}, "num_rules": {"mean": 130.4, "std": 36.164070567346265, "std_err": 18.08203528367313, "raw": [134, 99, 109, 199, 111]}}, "learning_time": {"mean": 107.7781008720398, "std": 0.5529550749248279, "std_err": 0.27647753746241394, "raw": [106.72435927391052, 107.78188133239746, 108.15969562530518, 107.95505881309509, 108.26950931549072]}}, "noise_pct_96": {"structured_test_accuracy": {"mean": 0.3414585414585415, "std": 0.014357837541036313, "std_err": 0.0071789187705181565, "raw": [0.33966033966033965, 0.35364635364635366, 0.35764235764235763, 0.33966033966033965, 0.3166833166833167]}, "unstructured_test_accuracy": {"mean": 0.4623376623376624, "std": 0.016310354950616224, "std_err": 0.008155177475308114, "raw": [0.44455544455544455, 0.45054945054945056, 0.45254745254745254, 0.4805194805194805, 0.4835164835164835]}, "unstructured_test_brier_score": {"mean": 0.8965884072086141, "std": 0.008826194924204101, "std_err": 0.004413097462102051, "raw": [0.8859478072629409, 0.8900607103387231, 0.8993977503260098, 0.9116002912919672, 0.8959354768234292]}, "interpretability": {"num_predicates": {"mean": 1253.4, "std": 424.8687326692799, "std_err": 212.43436633463992, "raw": [1056, 788, 991, 1990, 1442]}, "num_rules": {"mean": 149.8, "std": 41.97808952298806, "std_err": 20.98904476149403, "raw": [130, 102, 125, 221, 171]}}, "learning_time": {"mean": 108.30844073295593, "std": 0.12719444298460644, "std_err": 0.06359722149230322, "raw": [108.29191851615906, 108.45924305915833, 108.39965319633484, 108.30554580688477, 108.08584308624268]}}, "noise_pct_97": {"structured_test_accuracy": {"mean": 0.33966033966033965, "std": 0.004599746027261272, "std_err": 0.002299873013630636, "raw": [0.33466533466533466, 0.34465534465534464, 0.34565434565434566, 0.33766233766233766, 0.3356643356643357]}, "unstructured_test_accuracy": {"mean": 0.45254745254745254, "std": 0.007203898652275705, "std_err": 0.0036019493261378525, "raw": [0.46153846153846156, 0.46053946053946054, 0.44755244755244755, 0.4435564435564436, 0.44955044955044954]}, "unstructured_test_brier_score": {"mean": 0.8891526356809079, "std": 0.006759689074906758, "std_err": 0.003379844537453379, "raw": [0.8832374731044664, 0.8912372311746759, 0.8976369687638551, 0.8941168300501883, 0.879534675311354]}, "interpretability": {"num_predicates": {"mean": 877.6, "std": 206.83771416257724, "std_err": 103.4188570812886, "raw": [891, 604, 1066, 1138, 689]}, "num_rules": {"mean": 107.2, "std": 21.216974336601343, "std_err": 10.608487168300671, "raw": [109, 77, 130, 130, 90]}}, "learning_time": {"mean": 108.25278453826904, "std": 0.12043791121379256, "std_err": 0.060218955606896274, "raw": [108.14862561225891, 108.08924603462219, 108.41814947128296, 108.3382363319397, 108.26966524124146]}}, "noise_pct_98": {"structured_test_accuracy": {"mean": 0.3278721278721279, "std": 0.031186756801351228, "std_err": 0.015593378400675612, "raw": [0.2897102897102897, 0.3156843156843157, 0.38461538461538464, 0.32167832167832167, 0.3276723276723277]}, "unstructured_test_accuracy": {"mean": 0.4557442557442558, "std": 0.03703263151587019, "std_err": 0.018516315757935095, "raw": [0.48451548451548454, 0.4855144855144855, 0.38461538461538464, 0.46053946053946054, 0.46353646353646355]}, "unstructured_test_brier_score": {"mean": 0.8974843225151705, "std": 0.02441192921830969, "std_err": 0.012205964609154844, "raw": [0.9214499741627343, 0.9110507965976249, 0.8511413852212454, 0.9060626604581178, 0.8977167961361308]}, "interpretability": {"num_predicates": {"mean": 1355.25, "std": 310.4209843100173, "std_err": 179.22163885349707, "raw": [1690, 1445, 1439, 847]}, "num_rules": {"mean": 153.5, "std": 32.668792447839266, "std_err": 18.861336113860016, "raw": [191, 168, 153, 102]}}, "learning_time": {"mean": 108.2860373020172, "std": 0.13406413498415798, "std_err": 0.06703206749207899, "raw": [108.40370154380798, 108.19771885871887, 108.1695408821106, 108.17015743255615, 108.48906779289246]}}, "noise_pct_99": {"structured_test_accuracy": {"mean": 0.3034965034965035, "std": 0.01354226829397047, "std_err": 0.006771134146985234, "raw": [0.2827172827172827, 0.32367632367632365, 0.3016983016983017, 0.3106893106893107, 0.2987012987012987]}, "unstructured_test_accuracy": {"mean": 0.4641358641358641, "std": 0.017436502880536598, "std_err": 0.008718251440268297, "raw": [0.4855144855144855, 0.4485514485514486, 0.4835164835164835, 0.4595404595404595, 0.4435564435564436]}, "unstructured_test_brier_score": {"mean": 0.9127561204363562, "std": 0.015692067216797265, "std_err": 0.00784603360839863, "raw": [0.933364625022007, 0.8950934816962393, 0.9248192831609873, 0.9161229040252813, 0.8943803082772661]}, "interpretability": {"num_predicates": {"mean": 1257.0, "std": 328.45882542565363, "std_err": 164.2294127128268, "raw": [1758, 1075, 1533, 992, 927]}, "num_rules": {"mean": 144.0, "std": 33.448467827390836, "std_err": 16.724233913695418, "raw": [193, 124, 175, 118, 110]}}, "learning_time": {"mean": 108.3013030052185, "std": 0.04378021116634269, "std_err": 0.02189010558317134, "raw": [108.25299286842346, 108.35235500335693, 108.34308314323425, 108.30991816520691, 108.24816584587097]}}, "noise_pct_100": {"structured_test_accuracy": {"mean": 0.30389610389610394, "std": 0.048397036185120694, "std_err": 0.024198518092560344, "raw": [0.26073926073926074, 0.38461538461538464, 0.26073926073926074, 0.27972027972027974, 0.3336663336663337]}, "unstructured_test_accuracy": {"mean": 0.45494505494505494, "std": 0.04333223692360729, "std_err": 0.021666118461803646, "raw": [0.4875124875124875, 0.38461538461538464, 0.4915084915084915, 0.4875124875124875, 0.42357642357642356]}, "unstructured_test_brier_score": {"mean": 0.9114456857094894, "std": 0.04526754689669848, "std_err": 0.02263377344834924, "raw": [0.947786919508857, 0.8382103390635415, 0.9447057915253608, 0.9482542245968372, 0.8782711538528502]}, "interpretability": {"num_predicates": {"mean": 1291.0, "std": 421.3602971329881, "std_err": 243.27248097555136, "raw": [1696, 1518, 1359, 591]}, "num_rules": {"mean": 141.5, "std": 43.76356932426787, "std_err": 25.266908530064903, "raw": [183, 161, 154, 68]}}, "learning_time": {"mean": 108.38503088951111, "std": 0.10475932196381801, "std_err": 0.052379660981909, "raw": [108.52714228630066, 108.2765302658081, 108.4675645828247, 108.25859212875366, 108.39532518386841]}}}