{"noise_pct_95": {"structured_test_accuracy": {"mean": 0.4457542457542457, "std": 0.040532364992726236, "std_err": 0.020266182496363114, "raw": [0.5064935064935064, 0.38461538461538464, 0.43156843156843155, 0.43756243756243757, 0.46853146853146854]}, "unstructured_test_accuracy": {"mean": 0.388011988011988, "std": 0.004266564736076446, "std_err": 0.002133282368038223, "raw": [0.3866133866133866, 0.3826173826173826, 0.3956043956043956, 0.3866133866133866, 0.3886113886113886]}, "unstructured_test_brier_score": {"mean": 0.8136125117292364, "std": 0.004205397444789616, "std_err": 0.0021026987223948077, "raw": [0.81246823810525, 0.8106260754363325, 0.8125879957962884, 0.8218408265931542, 0.8105394227151569]}, "interpretability": {"num_predicates": {"mean": 702.2, "std": 506.36761349833586, "std_err": 253.18380674916793, "raw": [1588, 116, 559, 378, 870]}, "num_rules": {"mean": 87.4, "std": 51.585269215154824, "std_err": 25.79263460757741, "raw": [175, 23, 78, 55, 106]}}, "learning_time": {"mean": 116.69775714874268, "std": 0.32724329422468684, "std_err": 0.16362164711234342, "raw": [116.15245985984802, 116.89135980606079, 116.79480838775635, 117.10683155059814, 116.54332613945007]}}, "noise_pct_96": {"structured_test_accuracy": {"mean": 0.413986013986014, "std": 0.041100605727384276, "std_err": 0.020550302863692135, "raw": [0.38461538461538464, 0.4025974025974026, 0.4945054945054945, 0.38461538461538464, 0.4035964035964036]}, "unstructured_test_accuracy": {"mean": 0.387012987012987, "std": 0.0033789279770804646, "std_err": 0.001689463988540232, "raw": [0.38461538461538464, 0.3856143856143856, 0.3936063936063936, 0.38461538461538464, 0.3866133866133866]}, "unstructured_test_brier_score": {"mean": 0.8121685417848756, "std": 0.0027312288457182043, "std_err": 0.0013656144228591021, "raw": [0.8076376834737691, 0.8111264890512933, 0.8148361175899118, 0.815095498555535, 0.8121469202538691]}, "interpretability": {"num_predicates": {"mean": 701.3333333333334, "std": 592.5179790989937, "std_err": 418.9734809958476, "raw": [230, 1537, 337]}, "num_rules": {"mean": 87.0, "std": 64.50322989329035, "std_err": 45.610671265980436, "raw": [36, 178, 47]}}, "learning_time": {"mean": 115.88820090293885, "std": 1.580969222056774, "std_err": 0.790484611028387, "raw": [114.41218090057373, 117.81181526184082, 116.57950162887573, 116.97585225105286, 113.66165447235107]}}, "noise_pct_97": {"structured_test_accuracy": {"mean": 0.394005994005994, "std": 0.011847326337960908, "std_err": 0.005923663168980454, "raw": [0.38461538461538464, 0.38461538461538464, 0.4035964035964036, 0.4125874125874126, 0.38461538461538464]}, "unstructured_test_accuracy": {"mean": 0.38441558441558443, "std": 0.0015984015984015984, "std_err": 0.0007992007992007992, "raw": [0.38461538461538464, 0.38461538461538464, 0.38161838161838163, 0.3866133866133866, 0.38461538461538464]}, "unstructured_test_brier_score": {"mean": 0.8089465001893574, "std": 0.003989925403358414, "std_err": 0.001994962701679207, "raw": [0.8039203960215675, 0.8088615788823511, 0.8147920243658601, 0.8117327165366278, 0.8054257851403807]}, "interpretability": {"num_predicates": {"mean": 222.5, "std": 50.5, "std_err": 50.49999999999999, "raw": [273, 172]}, "num_rules": {"mean": 36.5, "std": 6.5, "std_err": 6.499999999999999, "raw": [43, 30]}}, "learning_time": {"mean": 112.52944054603577, "std": 0.3902659782837582, "std_err": 0.1951329891418791, "raw": [113.29843378067017, 112.24873352050781, 112.41115832328796, 112.41132831573486, 112.27754878997803]}}, "noise_pct_98": {"structured_test_accuracy": {"mean": 0.3892107892107892, "std": 0.00919080919080919, "std_err": 0.004595404595404595, "raw": [0.38461538461538464, 0.38461538461538464, 0.38461538461538464, 0.4075924075924076, 0.38461538461538464]}, "unstructured_test_accuracy": {"mean": 0.385014985014985, "std": 0.0007992007992007943, "std_err": 0.0003996003996003971, "raw": [0.38461538461538464, 0.38461538461538464, 0.38461538461538464, 0.3866133866133866, 0.38461538461538464]}, "unstructured_test_brier_score": {"mean": 0.8065734026264074, "std": 0.0058394515840178044, "std_err": 0.002919725792008902, "raw": [0.8016846976008681, 0.8025947406872468, 0.8157822722913135, 0.8111935381360217, 0.8016117644165864]}, "interpretability": {"num_predicates": {"mean": 501.0, "std": 0.0, "std_err": NaN, "raw": [501]}, "num_rules": {"mean": 74.0, "std": 0.0, "std_err": NaN, "raw": [74]}}, "learning_time": {"mean": 112.33229393959046, "std": 0.09908349880082502, "std_err": 0.049541749400412505, "raw": [112.3996033668518, 112.33534717559814, 112.45520114898682, 112.30902457237244, 112.16229343414307]}}, "noise_pct_99": {"structured_test_accuracy": {"mean": 0.38461538461538464, "std": 0.0, "std_err": 0.0, "raw": [0.38461538461538464, 0.38461538461538464, 0.38461538461538464, 0.38461538461538464, 0.38461538461538464]}, "unstructured_test_accuracy": {"mean": 0.38441558441558443, "std": 0.0003996003996004083, "std_err": 0.0001998001998002041, "raw": [0.38461538461538464, 0.38461538461538464, 0.38461538461538464, 0.38461538461538464, 0.3836163836163836]}, "unstructured_test_brier_score": {"mean": 0.8062579984190833, "std": 0.004133450561814126, "std_err": 0.0020667252809070634, "raw": [0.8009484769688234, 0.8041044997129434, 0.8121289194870985, 0.8099577859926277, 0.804150309933924]}, "interpretability": {"num_predicates": {"mean": 27.0, "std": 0.0, "std_err": NaN, "raw": [27]}, "num_rules": {"mean": 7.0, "std": 0.0, "std_err": NaN, "raw": [7]}}, "learning_time": {"mean": 112.35399441719055, "std": 0.15087405236177281, "std_err": 0.07543702618088641, "raw": [112.36546730995178, 112.41402077674866, 112.48955798149109, 112.06302618980408, 112.43789982795715]}}, "noise_pct_100": {"structured_test_accuracy": {"mean": 0.3826173826173826, "std": 0.0045121237924620255, "std_err": 0.0022560618962310128, "raw": [0.38461538461538464, 0.38461538461538464, 0.37362637362637363, 0.38461538461538464, 0.3856143856143856]}, "unstructured_test_accuracy": {"mean": 0.385014985014985, "std": 0.0007992007992007943, "std_err": 0.0003996003996003971, "raw": [0.38461538461538464, 0.38461538461538464, 0.3866133866133866, 0.38461538461538464, 0.38461538461538464]}, "unstructured_test_brier_score": {"mean": 0.8072638491848032, "std": 0.006445396342326376, "std_err": 0.0032226981711631878, "raw": [0.8025872112846436, 0.8013182275791532, 0.8151445258308702, 0.8151396813152891, 0.8021295999140597]}, "interpretability": {"num_predicates": {"mean": 206.0, "std": 0.0, "std_err": NaN, "raw": [206]}, "num_rules": {"mean": 32.0, "std": 0.0, "std_err": NaN, "raw": [32]}}, "learning_time": {"mean": 110.18521499633789, "std": 1.6867544010399877, "std_err": 0.8433772005199938, "raw": [112.14362835884094, 112.02960896492004, 110.11613488197327, 108.40020036697388, 108.23650240898132]}}}