{"noise_pct_10": {"structured_test_accuracy": {"mean": 0.8073926073926074, "std": 0.07369729971130923, "std_err": 0.036848649855654614, "raw": [0.7332667332667333, 0.8461538461538461, 0.9000999000999002, 0.7082917082917083, 0.8491508491508492]}, "unstructured_test_accuracy": {"mean": 0.7596403596403596, "std": 0.06404710636944942, "std_err": 0.03202355318472471, "raw": [0.6983016983016983, 0.7942057942057942, 0.8381618381618382, 0.6703296703296703, 0.7972027972027972]}, "unstructured_test_brier_score": {"mean": 0.282424536325817, "std": 0.04796743748201329, "std_err": 0.023983718741006646, "raw": [0.3267398695672323, 0.269827282638763, 0.21229027910853115, 0.34479001353786537, 0.25847523677669343]}, "interpretability": {"num_predicates": {"mean": 8418.8, "std": 2057.6856319661656, "std_err": 1028.8428159830828, "raw": [8833, 7340, 12076, 7918, 5927]}, "num_rules": {"mean": 595.8, "std": 121.23431857357882, "std_err": 60.6171592867894, "raw": [639, 538, 798, 572, 432]}}, "learning_time": {"mean": 113.32132892608642, "std": 0.3049486472056337, "std_err": 0.15247432360281685, "raw": [112.90380954742432, 113.73468017578125, 113.05423784255981, 113.38060975074768, 113.53330731391907]}}, "noise_pct_20": {"structured_test_accuracy": {"mean": 0.8621378621378621, "std": 0.014777112557123351, "std_err": 0.007388556278561676, "raw": [0.8661338661338661, 0.8891108891108891, 0.8491508491508492, 0.8501498501498501, 0.8561438561438561]}, "unstructured_test_accuracy": {"mean": 0.7654345654345655, "std": 0.012721484419365912, "std_err": 0.006360742209682955, "raw": [0.7602397602397603, 0.7902097902097902, 0.7542457542457542, 0.7592407592407593, 0.7632367632367633]}, "unstructured_test_brier_score": {"mean": 0.30618909907333275, "std": 0.015481510171203392, "std_err": 0.007740755085601696, "raw": [0.2988160215180915, 0.2809339667754301, 0.32224823337975833, 0.32192477363838207, 0.30702250005500187]}, "interpretability": {"num_predicates": {"mean": 7621.6, "std": 678.9746976139833, "std_err": 339.4873488069916, "raw": [8511, 8271, 7456, 6688, 7182]}, "num_rules": {"mean": 563.8, "std": 56.211742545486, "std_err": 28.105871272742995, "raw": [605, 649, 520, 550, 495]}}, "learning_time": {"mean": 113.41309590339661, "std": 0.4178831759854483, "std_err": 0.20894158799272414, "raw": [113.07814288139343, 113.40890502929688, 114.01317191123962, 113.71087431907654, 112.85438537597656]}}, "noise_pct_30": {"structured_test_accuracy": {"mean": 0.7992007992007992, "std": 0.07661497517654738, "std_err": 0.03830748758827369, "raw": [0.7102897102897103, 0.8531468531468531, 0.7022977022977023, 0.8501498501498501, 0.8801198801198801]}, "unstructured_test_accuracy": {"mean": 0.6771228771228771, "std": 0.04652556907996927, "std_err": 0.023262784539984635, "raw": [0.6263736263736264, 0.7102897102897103, 0.6163836163836164, 0.7022977022977023, 0.7302697302697303]}, "unstructured_test_brier_score": {"mean": 0.3929393511523782, "std": 0.034345551923429314, "std_err": 0.017172775961714657, "raw": [0.4332582425382091, 0.3767482482992367, 0.43377079917751127, 0.3712593049836191, 0.3496601607633149]}, "interpretability": {"num_predicates": {"mean": 5679.6, "std": 988.6153144676648, "std_err": 494.3076572338324, "raw": [4832, 6061, 5234, 4830, 7441]}, "num_rules": {"mean": 471.0, "std": 74.86788363510752, "std_err": 37.43394181755375, "raw": [399, 501, 433, 418, 604]}}, "learning_time": {"mean": 113.34594678878784, "std": 0.4075347197591498, "std_err": 0.20376735987957487, "raw": [113.28603148460388, 113.2087790966034, 113.01820278167725, 114.13886952400208, 113.07785105705261]}}, "noise_pct_40": {"structured_test_accuracy": {"mean": 0.7978021978021979, "std": 0.06862955091989023, "std_err": 0.034314775459945115, "raw": [0.8401598401598401, 0.7262737262737263, 0.8651348651348651, 0.7032967032967034, 0.8541458541458542]}, "unstructured_test_accuracy": {"mean": 0.6177822177822178, "std": 0.026526063264332347, "std_err": 0.013263031632166173, "raw": [0.6413586413586414, 0.5864135864135864, 0.6413586413586414, 0.5844155844155844, 0.6353646353646354]}, "unstructured_test_brier_score": {"mean": 0.4498806948962897, "std": 0.018158105302294888, "std_err": 0.009079052651147442, "raw": [0.43956343171048945, 0.4680077970739869, 0.42891984607065253, 0.4749995877793005, 0.4379128118470191]}, "interpretability": {"num_predicates": {"mean": 5584.2, "std": 1360.8525856976573, "std_err": 680.4262928488287, "raw": [3991, 6224, 7655, 4189, 5862]}, "num_rules": {"mean": 444.4, "std": 69.0785060637533, "std_err": 34.53925303187665, "raw": [359, 493, 547, 384, 439]}}, "learning_time": {"mean": 113.49549169540406, "std": 0.3393169151401884, "std_err": 0.1696584575700942, "raw": [113.67076206207275, 113.83321619033813, 113.0578453540802, 113.11392116546631, 113.80171370506287]}}, "noise_pct_50": {"structured_test_accuracy": {"mean": 0.8509490509490509, "std": 0.00518711487941945, "std_err": 0.0025935574397097246, "raw": [0.8501498501498501, 0.8441558441558441, 0.8491508491508492, 0.8511488511488512, 0.8601398601398601]}, "unstructured_test_accuracy": {"mean": 0.6031968031968031, "std": 0.008271824793000784, "std_err": 0.004135912396500392, "raw": [0.6043956043956044, 0.6043956043956044, 0.5874125874125874, 0.6103896103896104, 0.6093906093906094]}, "unstructured_test_brier_score": {"mean": 0.4834780518651044, "std": 0.0020871248353588273, "std_err": 0.0010435624176794137, "raw": [0.48170745115088476, 0.48547699856032356, 0.4846457643846018, 0.4852611104222238, 0.480298934807488]}, "interpretability": {"num_predicates": {"mean": 4511.8, "std": 282.43682479450166, "std_err": 141.2184123972508, "raw": [4486, 4101, 4656, 4370, 4946]}, "num_rules": {"mean": 399.8, "std": 23.198275797998438, "std_err": 11.599137898999217, "raw": [390, 367, 407, 397, 438]}}, "learning_time": {"mean": 113.74114942550659, "std": 0.29573636176099827, "std_err": 0.1478681808804991, "raw": [113.39861607551575, 114.20927929878235, 113.60079455375671, 113.54726147651672, 113.94979572296143]}}, "noise_pct_60": {"structured_test_accuracy": {"mean": 0.8593406593406593, "std": 0.021652295199431074, "std_err": 0.010826147599715537, "raw": [0.8471528471528471, 0.8471528471528471, 0.8451548451548452, 0.9020979020979021, 0.8551448551448552]}, "unstructured_test_accuracy": {"mean": 0.5666333666333666, "std": 0.007486511086991085, "std_err": 0.0037432555434955424, "raw": [0.5604395604395604, 0.5664335664335665, 0.5564435564435565, 0.5754245754245755, 0.5744255744255744]}, "unstructured_test_brier_score": {"mean": 0.5289221492375502, "std": 0.008612729104783029, "std_err": 0.0043063645523915145, "raw": [0.5383437345000812, 0.535462258686042, 0.5307657454609376, 0.5137968366154948, 0.5262421709251952]}, "interpretability": {"num_predicates": {"mean": 4323.4, "std": 884.1521588505001, "std_err": 442.0760794252501, "raw": [3671, 3787, 4431, 6004, 3724]}, "num_rules": {"mean": 385.6, "std": 63.15251380586525, "std_err": 31.57625690293262, "raw": [344, 344, 389, 507, 344]}}, "learning_time": {"mean": 113.51226949691772, "std": 0.2676817158799858, "std_err": 0.1338408579399929, "raw": [113.04109072685242, 113.74096703529358, 113.39179062843323, 113.7360007762909, 113.6514983177185]}}, "noise_pct_70": {"structured_test_accuracy": {"mean": 0.8133866133866133, "std": 0.05785035286567668, "std_err": 0.02892517643283834, "raw": [0.6983016983016983, 0.8441558441558441, 0.8351648351648352, 0.8371628371628371, 0.8521478521478522]}, "unstructured_test_accuracy": {"mean": 0.5114885114885116, "std": 0.020316841268948924, "std_err": 0.010158420634474462, "raw": [0.4745254745254745, 0.5314685314685315, 0.5184815184815185, 0.5064935064935064, 0.5264735264735265]}, "unstructured_test_brier_score": {"mean": 0.585717758803185, "std": 0.013536433936053265, "std_err": 0.0067682169680266325, "raw": [0.6121688237044965, 0.5752355957560182, 0.578701068154828, 0.584185770349254, 0.5782975360513284]}, "interpretability": {"num_predicates": {"mean": 3471.2, "std": 540.0953249195923,