{"noise_pct_10": {"structured_test_accuracy": {"mean": 0.8259740259740258, "std": 0.06938390974865175, "std_err": 0.03469195487432587, "raw": [0.8561438561438561, 0.8831168831168831, 0.8501498501498501, 0.8511488511488512, 0.6893106893106893]}, "unstructured_test_accuracy": {"mean": 0.7718281718281719, "std": 0.06230947901546335, "std_err": 0.031154739507731677, "raw": [0.7992007992007992, 0.8241758241758241, 0.7912087912087912, 0.7952047952047953, 0.6493506493506493]}, "unstructured_test_brier_score": {"mean": 0.29057832140724715, "std": 0.04955813801455235, "std_err": 0.024779069007276174, "raw": [0.2703738751009353, 0.24407829901121705, 0.27568046436969773, 0.2758900368273386, 0.38686893172704684]}, "interpretability": {"num_predicates": {"mean": 9696.6, "std": 2222.759600136731, "std_err": 1111.3798000683653, "raw": [10048, 13533, 9602, 8509, 6791]}, "num_rules": {"mean": 710.6, "std": 125.69900556488106, "std_err": 62.84950278244054, "raw": [688, 937, 717, 656, 555]}}, "learning_time": {"mean": 111.77562651634216, "std": 0.5003832237249497, "std_err": 0.25019161186247485, "raw": [111.69352269172668, 112.03892707824707, 112.1933958530426, 110.83507513999939, 112.11721181869507]}}, "noise_pct_20": {"structured_test_accuracy": {"mean": 0.7928071928071928, "std": 0.08251191888610222, "std_err": 0.04125595944305111, "raw": [0.6893106893106893, 0.8781218781218781, 0.6963036963036963, 0.8411588411588412, 0.8591408591408591]}, "unstructured_test_accuracy": {"mean": 0.7032967032967032, "std": 0.06101271322518469, "std_err": 0.030506356612592343, "raw": [0.6223776223776224, 0.7632367632367633, 0.6363636363636364, 0.7392607392607392, 0.7552447552447552]}, "unstructured_test_brier_score": {"mean": 0.3693609861604429, "std": 0.046026095734583806, "std_err": 0.023013047867291903, "raw": [0.42981544167147323, 0.3200943861164047, 0.4199711473340734, 0.342888179791737, 0.3340357758885259]}, "interpretability": {"num_predicates": {"mean": 9202.2, "std": 1275.2147113329584, "std_err": 637.6073556664791, "raw": [6882, 10285, 8937, 9520, 10387]}, "num_rules": {"mean": 717.6, "std": 75.76437157397928, "std_err": 37.882185786989645, "raw": [595, 798, 674, 732, 789]}}, "learning_time": {"mean": 110.56936354637146, "std": 0.17546635819865297, "std_err": 0.08773317909932647, "raw": [110.36348056793213, 110.57818341255188, 110.41623592376709, 110.86002659797668, 110.62889122962952]}}, "noise_pct_30": {"structured_test_accuracy": {"mean": 0.7312687312687313, "std": 0.1139018864938879, "std_err": 0.05695094324694394, "raw": [0.8421578421578422, 0.6823176823176823, 0.7252747252747253, 0.5474525474525475, 0.8591408591408591]}, "unstructured_test_accuracy": {"mean": 0.6131868131868131, "std": 0.0771275355360686, "std_err": 0.0385637677680343, "raw": [0.6793206793206793, 0.5844155844155844, 0.6203796203796204, 0.4825174825174825, 0.6993006993006993]}, "unstructured_test_brier_score": {"mean": 0.45566803364582126, "std": 0.05076298726576732, "std_err": 0.02538149363288366, "raw": [0.41388772354928177, 0.4801306417651441, 0.4389370063010948, 0.5422654017374708, 0.4031193948761149]}, "interpretability": {"num_predicates": {"mean": 8087.8, "std": 2432.970151892538, "std_err": 1216.485075946269, "raw": [9498, 6227, 10075, 4236, 10403]}, "num_rules": {"mean": 652.8, "std": 164.58359578038147, "std_err": 82.29179789019074, "raw": [759, 544, 770, 381, 810]}}, "learning_time": {"mean": 110.84518303871155, "std": 0.33602612205820226, "std_err": 0.16801306102910113, "raw": [110.7890362739563, 110.63342809677124, 110.83317613601685, 110.4966413974762, 111.47363328933716]}}, "noise_pct_40": {"structured_test_accuracy": {"mean": 0.7324675324675325, "std": 0.12368810454865539, "std_err": 0.0618440522743277, "raw": [0.8531468531468531, 0.6993006993006993, 0.8801198801198801, 0.5394605394605395, 0.6903096903096904]}, "unstructured_test_accuracy": {"mean": 0.5648351648351648, "std": 0.06860337053440005, "std_err": 0.034301685267200024, "raw": [0.6243756243756243, 0.5344655344655345, 0.6523476523476524, 0.45854145854145856, 0.5544455544455544]}, "unstructured_test_brier_score": {"mean": 0.5181934623741736, "std": 0.044015216709245346, "std_err": 0.022007608354622673, "raw": [0.4832071270346827, 0.5374063337762837, 0.45532680124619457, 0.5804173095862459, 0.5346097402274617]}, "interpretability": {"num_predicates": {"mean": 9363.0, "std": 2247.2600205583685, "std_err": 1123.6300102791843, "raw": [10824, 6774, 12644, 6996, 9577]}, "num_rules": {"mean": 756.6, "std": 149.3754999991632, "std_err": 74.6877499995816, "raw": [851, 573, 956, 594, 809]}}, "learning_time": {"mean": 111.22891726493836, "std": 0.23872453477777023, "std_err": 0.11936226738888511, "raw": [111.05471277236938, 111.17933917045593, 111.31993246078491, 110.95248579978943, 111.63811612129211]}}, "noise_pct_50": {"structured_test_accuracy": {"mean": 0.6575424575424575, "std": 0.1498200435957368, "std_err": 0.07491002179786839, "raw": [0.6943056943056943, 0.8441558441558441, 0.6693306693306693, 0.38461538461538464, 0.6953046953046953]}, "unstructured_test_accuracy": {"mean": 0.49390609390609386, "std": 0.061347446711779885, "std_err": 0.03067372335588994, "raw": [0.5084915084915085, 0.5724275724275725, 0.4885114885114885, 0.38461538461538464, 0.5154845154845155]}, "unstructured_test_brier_score": {"mean": 0.5870131522727883, "std": 0.03675761164993328, "std_err": 0.01837880582496664, "raw": [0.587799813020229, 0.5421986129734668, 0.5966221203459576, 0.6492891435260901, 0.559156071498198]}, "interpretability": {"num_predicates": {"mean": 9327.75, "std": 1304.7283960656332, "std_err": 753.285290687842, "raw": [7206, 10322, 10476, 9307]}, "num_rules": {"mean": 776.0, "std": 84.15461959987698, "std_err": 48.586692279539534, "raw": [634, 812, 854, 804]}}, "learning_time": {"mean": 111.41041269302369, "std": 0.689081176514012, "std_err": 0.344540588257006, "raw": [111.868408203125, 111.29461526870728, 110.60883712768555, 112.47764492034912, 110.80255794525146]}}, "noise_pct_60": {"structured_test_accuracy": {"mean": 0.6927072927072928, "std": 0.16750431800167134, "std_err": 0.08375215900083566, "raw": [0.8421578421578422, 0.8431568431568431, 0.38461538461538464, 0.6833166833166833, 0.7102897102897103]}, "unstructured_test_accuracy": {"mean": 0.4873126873126873, "std": 0.04812821452752794, "std_err": 0.024064107263763967, "raw": [0.5314685314685315, 0.5334665334665335, 0.4015984015984016, 0.4935064935064935, 0.47652347652347654]}, "unstructured_test_brier_score": {"mean": 0.6136351779065929, "std": 0.027607498207615933, "std_err": 0.013803749103807966, "raw": [0.5934821469154032, 0.59027150927765, 0.6664655633380284, 0.6124741982672045, 0.6054824717346782]}, "interpretability": {"num_predicates": {"mean": 7489.2, "std": 3415.315704294407, "std_err": 1707.6578521472034, "raw": [9053, 10368, 780, 8564, 8681]}, "num_rules": {"mean": 638.8, "std": 272.7763919403584, "std_err": 136.3881959701792, "raw": [758, 814, 95, 751, 776]}}, "learning_time": {"mean": 109.78957085609436, "std": 1.1865179421830998, "std_err": 0.5932589710915498, "raw": [110.25917625427246, 110.56184983253479, 110.23725485801697, 110.460444688797, 107.42912864685059]}}, "noise_pct_70": {"structured_test_accuracy": {"mean": 0.598001998001998, "std": 0.15759613599101763, "std_err": 0.0787980679955088, "raw": [0.8431568431568431, 0.6973026973026973, 0.38461538461538464, 0.5394605394605395, 0.5254745254745254]}, "unstructured_test_accuracy": {"mean": 0.434965034965035, "std": 0.03418043632318473, "std_err": 0.017090218161592365, "raw": [0.5014985014985015, 0.43156843156843155, 0.4085914085914086, 0.4205794205794206, 0.4125874125874126]}, "unstructured_test_brier_score": {"mean": 0.6642998548316339, "std": 0.0165166327308989, "std_err": 0.008258316365449448, "raw": [0.6325764896766585, 0.6654195963490107, 0.6717279902871545, 0.6718477199993028, 0.6799274778460429]}, "interpretability": {"num_predicates": {"mean": 5599.6, "std": 2885.587399473459, "std_err": 1442.7936997367294,