{"noise_pct_10": {"structured_test_accuracy": {"mean": 0.6459540459540459, "std": 0.12200186967066334, "std_err": 0.06100093483533168, "raw": [0.5484515484515484, 0.7162837162837162, 0.5664335664335665, 0.5444555444555444, 0.8541458541458542]}, "unstructured_test_accuracy": {"mean": 0.611988011988012, "std": 0.10550623553591676, "std_err": 0.05275311776795837, "raw": [0.5284715284715285, 0.6753246753246753, 0.5474525474525475, 0.5184815184815185, 0.7902097902097902]}, "unstructured_test_brier_score": {"mean": 0.40188054618196045, "std": 0.07756523812477166, "std_err": 0.03878261906238583, "raw": [0.46457109247201933, 0.35537063008141284, 0.451483142214794, 0.4673871545425963, 0.2705907115989796]}, "interpretability": {"num_predicates": {"mean": 4715.2, "std": 1532.814979049983, "std_err": 766.4074895249914, "raw": [4437, 4525, 4171, 2895, 7548]}, "num_rules": {"mean": 366.4, "std": 95.20210081715634, "std_err": 47.60105040857817, "raw": [366, 364, 330, 239, 533]}}, "learning_time": {"mean": 104.08789992332458, "std": 0.61144510254199, "std_err": 0.305722551270995, "raw": [105.2768063545227, 103.66827392578125, 103.85629153251648, 103.61713194847107, 104.02099585533142]}}, "noise_pct_20": {"structured_test_accuracy": {"mean": 0.7574425574425574, "std": 0.12935330962252448, "std_err": 0.06467665481126224, "raw": [0.8531468531468531, 0.7002997002997003, 0.8571428571428571, 0.8491508491508492, 0.5274725274725275]}, "unstructured_test_accuracy": {"mean": 0.6735264735264735, "std": 0.09621038336804652, "std_err": 0.04810519168402326, "raw": [0.7542457542457542, 0.6433566433566433, 0.7362637362637363, 0.7362637362637363, 0.4975024975024975]}, "unstructured_test_brier_score": {"mean": 0.383254539889686, "std": 0.0738538663411225, "std_err": 0.03692693317056125, "raw": [0.3282599400992425, 0.4013290174287038, 0.33234883443085184, 0.33369875238311775, 0.5206361551065144]}, "interpretability": {"num_predicates": {"mean": 6273.4, "std": 1999.7571452553934, "std_err": 999.8785726276967, "raw": [7594, 5672, 8078, 7404, 2619]}, "num_rules": {"mean": 493.8, "std": 144.5564249696291, "std_err": 72.27821248481453, "raw": [561, 447, 642, 585, 234]}}, "learning_time": {"mean": 105.57191157341003, "std": 1.5507661215931527, "std_err": 0.7753830607965764, "raw": [106.69729423522949, 103.77354335784912, 103.71034169197083, 107.4897027015686, 106.18867588043213]}}, "noise_pct_30": {"structured_test_accuracy": {"mean": 0.8001998001998002, "std": 0.06474574723037317, "std_err": 0.032372873615186586, "raw": [0.7042957042957043, 0.8451548451548452, 0.8551448551448552, 0.7402597402597403, 0.8561438561438561]}, "unstructured_test_accuracy": {"mean": 0.663136863136863, "std": 0.038698363992360894, "std_err": 0.019349181996180447, "raw": [0.6043956043956044, 0.6863136863136863, 0.6803196803196803, 0.6333666333666333, 0.7112887112887113]}, "unstructured_test_brier_score": {"mean": 0.438774511356932, "std": 0.049922678277565614, "std_err": 0.024961339138782807, "raw": [0.4535637230020653, 0.3971863633183648, 0.5294438284758695, 0.41807400745708245, 0.39560463453127787]}, "interpretability": {"num_predicates": {"mean": 6851.8, "std": 809.3974054813865, "std_err": 404.6987027406932, "raw": [5435, 6833, 6889, 7931, 7171]}, "num_rules": {"mean": 542.8, "std": 51.989999038276586, "std_err": 25.99499951913829, "raw": [461, 513, 568, 614, 558]}}, "learning_time": {"mean": 104.3800528049469, "std": 1.1457886421253394, "std_err": 0.5728943210626697, "raw": [103.75915479660034, 103.77616548538208, 106.66771006584167, 103.75990462303162, 103.93732905387878]}}, "noise_pct_40": {"structured_test_accuracy": {"mean": 0.8477522477522477, "std": 0.00614527732236953, "std_err": 0.003072638661184765, "raw": [0.8401598401598401, 0.8581418581418582, 0.8481518481518482, 0.8431568431568431, 0.8491508491508492]}, "unstructured_test_accuracy": {"mean": 0.6457542457542458, "std": 0.0050782277830724734, "std_err": 0.0025391138915362363, "raw": [0.6473526473526473, 0.6543456543456544, 0.6453546453546454, 0.6393606393606394, 0.6423576423576424]}, "unstructured_test_brier_score": {"mean": 0.4546340698227306, "std": 0.005110529120447852, "std_err": 0.002555264560223926, "raw": [0.45622558188837287, 0.4458018256823615, 0.4544083732956293, 0.46169304533644345, 0.455041522910846]}, "interpretability": {"num_predicates": {"mean": 6822.6, "std": 802.5809865677109, "std_err": 401.29049328385537, "raw": [6055, 7101, 7798, 5718, 7441]}, "num_rules": {"mean": 541.0, "std": 39.45630494610462, "std_err": 19.728152473052308, "raw": [500, 580, 576, 487, 562]}}, "learning_time": {"mean": 104.39815349578858, "std": 1.0162220032216578, "std_err": 0.5081110016108288, "raw": [103.80694937705994, 103.88131427764893, 103.8791139125824, 106.42697048187256, 103.99641942977905]}}, "noise_pct_50": {"structured_test_accuracy": {"mean": 0.7286713286713288, "std": 0.10714694388718557, "std_err": 0.053573471943592785, "raw": [0.7112887112887113, 0.8381618381618382, 0.5504495504495505, 0.8411588411588412, 0.7022977022977023]}, "unstructured_test_accuracy": {"mean": 0.5394605394605394, "std": 0.04594101365829187, "std_err": 0.02297050682914593, "raw": [0.5274725274725275, 0.5874125874125874, 0.46653346653346656, 0.5904095904095904, 0.5254745254745254]}, "unstructured_test_brier_score": {"mean": 0.534709202347585, "std": 0.027855149254441974, "std_err": 0.013927574627220987, "raw": [0.5397033957622279, 0.5033900958928665, 0.5832136049600469, 0.5118917904593262, 0.5353471246634575]}, "interpretability": {"num_predicates": {"mean": 4948.8, "std": 1019.5389938594797, "std_err": 509.76949692973983, "raw": [5290, 6107, 3182, 5622, 4543]}, "num_rules": {"mean": 420.2, "std": 80.85146875598488, "std_err": 40.425734377992434, "raw": [450, 496, 276, 487, 392]}}, "learning_time": {"mean": 104.83208622932435, "std": 0.9290006146682502, "std_err": 0.4645003073341251, "raw": [103.8142499923706, 105.01584887504578, 106.09685945510864, 103.73553013801575, 105.49794268608093]}}, "noise_pct_60": {"structured_test_accuracy": {"mean": 0.692907092907093, "std": 0.1391312532511366, "std_err": 0.06956562662556828, "raw": [0.5364635364635365, 0.8451548451548452, 0.8351648351648352, 0.5254745254745254, 0.7222777222777222]}, "unstructured_test_accuracy": {"mean": 0.5004995004995004, "std": 0.0653166380589368, "std_err": 0.0326583190294684, "raw": [0.41858141858141856, 0.5744255744255744, 0.5624375624375625, 0.42957042957042957, 0.5174825174825175]}, "unstructured_test_brier_score": {"mean": 0.5888941550020235, "std": 0.04429685487266185, "std_err": 0.02214842743633092, "raw": [0.6412996247648961, 0.5403608115858106, 0.5472526840359163, 0.6414089051670875, 0.5741487494564075]}, "interpretability": {"num_predicates": {"mean": 4276.6, "std": 1332.91359059768, "std_err": 666.45679529884, "raw": [3611, 4831, 5448, 1986, 5507]}, "num_rules": {"mean": 380.6, "std": 105.92752239149182, "std_err": 52.9637611957459, "raw": [328, 422, 494, 200, 459]}}, "learning_time": {"mean": 109.28446550369263, "std": 2.991444199441489, "std_err": 1.4957220997207443, "raw": [106.94656562805176, 112.04379725456238, 112.99247241020203, 105.0531177520752, 109.38637447357178]}}, "noise_pct_70": {"structured_test_accuracy": {"mean": 0.7136863136863136, "std": 0.1162892089429914, "std_err": 0.0581446044714957, "raw": [0.6683316683316683, 0.8441558441558441, 0.5324675324675324, 0.8361638361638362, 0.6873126873126874]}, "unstructured_test_accuracy": {"mean": 0.4697302697302697, "std": 0.03034990683993559, "std_err": 0.015174953419967793, "raw": [0.45754245754245754, 0.4755244755244755, 0.4245754245754246, 0.5184815184815185, 0.4725274725274725]}, "unstructured_test_brier_score": {"mean": 0.6241593897667779, "std": 0.0240123134263813, "std_err": 0.01200615671319065, "raw": [0.6327182402259635, 0.6121472063922061, 0.6601899197713009, 0.5874187310285792, 0.6283228514158398]}, "interpretability": {"num_predicates": {"mean": 4303.0, "std": 835.5407829663374, "std_err": 417.7703914831686,