{"noise_pct_95": {"structured_test_accuracy": {"mean": 0.747052947052947, "std": 0.05584192189741831, "std_err": 0.02792096094870915, "raw": [0.7632367632367633, 0.7622377622377622, 0.7862137862137862, 0.7862137862137862, 0.6373626373626373]}, "unstructured_test_accuracy": {"mean": 0.3944055944055945, "std": 0.005872902480199423, "std_err": 0.002936451240099711, "raw": [0.4005994005994006, 0.3986013986013986, 0.3946053946053946, 0.3836163836163836, 0.3946053946053946]}, "unstructured_test_brier_score": {"mean": 0.83033913691965, "std": 0.004870981694546178, "std_err": 0.002435490847273089, "raw": [0.8238615793390033, 0.8300414232541512, 0.8310949230400927, 0.8279685163694454, 0.8387292425955575]}, "interpretability": {"num_predicates": {"mean": 1502.4, "std": 224.03803248555812, "std_err": 112.01901624277906, "raw": [1653, 1534, 1388, 1794, 1143]}, "num_rules": {"mean": 167.4, "std": 22.401785643113364, "std_err": 11.20089282155668, "raw": [184, 169, 159, 195, 130]}}, "learning_time": {"mean": 115.86534543037415, "std": 1.3672325971021133, "std_err": 0.6836162985510567, "raw": [115.11996984481812, 115.10513472557068, 114.36188244819641, 116.52561593055725, 118.21412420272827]}}, "noise_pct_96": {"structured_test_accuracy": {"mean": 0.5682317682317682, "std": 0.1030054810755605, "std_err": 0.05150274053778025, "raw": [0.6123876123876124, 0.38461538461538464, 0.5294705294705294, 0.6583416583416584, 0.6563436563436563]}, "unstructured_test_accuracy": {"mean": 0.3942057942057942, "std": 0.009362936674413562, "std_err": 0.00468146833720678, "raw": [0.3996003996003996, 0.38461538461538464, 0.3996003996003996, 0.38161838161838163, 0.40559440559440557]}, "unstructured_test_brier_score": {"mean": 0.805878727130896, "std": 0.02818505328307292, "std_err": 0.01409252664153646, "raw": [0.821867329029854, 0.75, 0.8187449273937527, 0.8137678239392625, 0.8250135552916109]}, "interpretability": {"num_predicates": {"mean": 948.25, "std": 158.33252192774546, "std_err": 91.41332415645617, "raw": [915, 752, 1194, 932]}, "num_rules": {"mean": 120.75, "std": 16.857861667483217, "std_err": 9.732890971682908, "raw": [117, 100, 147, 119]}}, "learning_time": {"mean": 114.4628873348236, "std": 0.25988284733548583, "std_err": 0.12994142366774292, "raw": [114.30190753936768, 114.46567440032959, 114.2962110042572, 114.28530550003052, 114.96533823013306]}}, "noise_pct_97": {"structured_test_accuracy": {"mean": 0.5828171828171829, "std": 0.08584575495165685, "std_err": 0.04292287747582842, "raw": [0.4485514485514486, 0.5174825174825175, 0.6423576423576424, 0.6283716283716284, 0.6773226773226774]}, "unstructured_test_accuracy": {"mean": 0.38761238761238764, "std": 0.005544230539664991, "std_err": 0.0027721152698324952, "raw": [0.3866133866133866, 0.39760239760239763, 0.3876123876123876, 0.3856143856143856, 0.3806193806193806]}, "unstructured_test_brier_score": {"mean": 0.812014536131031, "std": 0.005977240044521808, "std_err": 0.0029886200222609036, "raw": [0.8011799349251473, 0.8104069817378514, 0.8139939677936674, 0.8173224896771655, 0.8171693065213237]}, "interpretability": {"num_predicates": {"mean": 841.2, "std": 430.9215241781269, "std_err": 215.46076208906342, "raw": [215, 472, 1000, 1148, 1371]}, "num_rules": {"mean": 104.4, "std": 45.350192943360234, "std_err": 22.675096471680117, "raw": [37, 68, 117, 143, 157]}}, "learning_time": {"mean": 116.7953830242157, "std": 0.7190563799126362, "std_err": 0.359528189956318, "raw": [117.91395425796509, 116.71864724159241, 116.25970005989075, 115.86663341522217, 117.21798014640808]}}, "noise_pct_98": {"structured_test_accuracy": {"mean": 0.412987012987013, "std": 0.056743256743256754, "std_err": 0.028371628371628377, "raw": [0.38461538461538464, 0.5264735264735265, 0.38461538461538464, 0.38461538461538464, 0.38461538461538464]}, "unstructured_test_accuracy": {"mean": 0.38641358641358636, "std": 0.0035964035964035856, "std_err": 0.0017982017982017926, "raw": [0.38461538461538464, 0.3936063936063936, 0.38461538461538464, 0.38461538461538464, 0.38461538461538464]}, "unstructured_test_brier_score": {"mean": 0.8045643204583681, "std": 0.005123207022168912, "std_err": 0.0025616035110844555, "raw": [0.7981229407549134, 0.8020620649196609, 0.8119357443583104, 0.8090860506508931, 0.8016148016080634]}, "interpretability": {"num_predicates": {"mean": 606.0, "std": 0.0, "std_err": NaN, "raw": [606]}, "num_rules": {"mean": 80.0, "std": 0.0, "std_err": NaN, "raw": [80]}}, "learning_time": {"mean": 116.13060278892517, "std": 1.9644423286660673, "std_err": 0.9822211643330335, "raw": [116.03183150291443, 115.6887309551239, 117.77353382110596, 118.3886775970459, 112.77024006843567]}}, "noise_pct_99": {"structured_test_accuracy": {"mean": 0.4353646353646353, "std": 0.03441786797781187, "std_err": 0.017208933988905935, "raw": [0.4155844155844156, 0.38461538461538464, 0.45854145854145856, 0.43356643356643354, 0.48451548451548454]}, "unstructured_test_accuracy": {"mean": 0.38521478521478525, "std": 0.0020570689592381516, "std_err": 0.0010285344796190758, "raw": [0.3876123876123876, 0.38461538461538464, 0.38161838161838163, 0.3856143856143856, 0.3866133866133866]}, "unstructured_test_brier_score": {"mean": 0.8048244497146623, "std": 0.00752216876692958, "std_err": 0.00376108438346479, "raw": [0.7915212516853208, 0.8032106129628415, 0.8141135026441931, 0.8068599890579491, 0.8084168922230065]}, "interpretability": {"num_predicates": {"mean": 262.5, "std": 92.69978425001862, "std_err": 53.520245390568476, "raw": [213, 352, 135, 350]}, "num_rules": {"mean": 42.0, "std": 12.509996003196804, "std_err": 7.222649560006817, "raw": [37, 51, 24, 56]}}, "learning_time": {"mean": 116.34532537460328, "std": 1.1929128818881531, "std_err": 0.5964564409440766, "raw": [115.08183693885803, 117.09944915771484, 114.95527482032776, 118.07412552833557, 116.51594042778015]}}, "noise_pct_100": {"structured_test_accuracy": {"mean": 0.3848151848151848, "std": 0.0003996003996003861, "std_err": 0.00019980019980019302, "raw": [0.3856143856143856, 0.38461538461538464, 0.38461538461538464, 0.38461538461538464, 0.38461538461538464]}, "unstructured_test_accuracy": {"mean": 0.38461538461538464, "std": 0.0, "std_err": 0.0, "raw": [0.38461538461538464, 0.38461538461538464, 0.38461538461538464, 0.38461538461538464, 0.38461538461538464]}, "unstructured_test_brier_score": {"mean": 0.8007958864470058, "std": 0.005996214230681248, "std_err": 0.0029981071153406236, "raw": [0.7943469820027862, 0.7956959602266052, 0.8069029602398002, 0.8089973031904325, 0.7980362265754057]}, "interpretability": {"num_predicates": {"mean": NaN, "std": NaN, "std_err": NaN, "raw": []}, "num_rules": {"mean": NaN, "std": NaN, "std_err": NaN, "raw": []}}, "learning_time": {"mean": 116.11900396347046, "std": 1.2574751982429866, "std_err": 0.6287375991214933, "raw": [116.62048506736755, 114.75243926048279, 116.38562965393066, 114.75434112548828, 118.08212471008301]}}}