{"noise_pct_95": {"structured_test_accuracy": {"mean": 0.7436563436563436, "std": 0.006644670988338013, "std_err": 0.0033223354941690065, "raw": [0.7402597402597403, 0.7452547452547452, 0.7532467532467533, 0.7462537462537463, 0.7332667332667333]}, "unstructured_test_accuracy": {"mean": 0.4601398601398602, "std": 0.007727903938387111, "std_err": 0.0038639519691935553, "raw": [0.45554445554445555, 0.47352647352647353, 0.4565434565434565, 0.46353646353646355, 0.4515484515484515]}, "unstructured_test_brier_score": {"mean": 0.9198272430776477, "std": 0.009355676319076592, "std_err": 0.004677838159538295, "raw": [0.9051896322103994, 0.912478893270649, 0.9248180797595873, 0.9281517016265335, 0.9284979085210688]}, "interpretability": {"num_predicates": {"mean": 19415.8, "std": 1498.5725741518158, "std_err": 749.2862870759079, "raw": [17661, 22023, 19080, 19901, 18414]}, "num_rules": {"mean": 1534.6, "std": 109.49995433789002, "std_err": 54.749977168945, "raw": [1416, 1730, 1506, 1564, 1457]}}, "learning_time": {"mean": 117.44011554718017, "std": 0.7455288918163763, "std_err": 0.37276444590818814, "raw": [117.47364354133606, 116.22522401809692, 118.55517673492432, 117.30530595779419, 117.64122748374939]}}, "noise_pct_96": {"structured_test_accuracy": {"mean": 0.7164835164835164, "std": 0.05612003149208596, "std_err": 0.028060015746042978, "raw": [0.7532467532467533, 0.7262737262737263, 0.7572427572427572, 0.7392607392607392, 0.6063936063936064]}, "unstructured_test_accuracy": {"mean": 0.45254745254745254, "std": 0.019999990019967547, "std_err": 0.009999995009983774, "raw": [0.4435564435564436, 0.47952047952047955, 0.45354645354645357, 0.46553446553446554, 0.4205794205794206]}, "unstructured_test_brier_score": {"mean": 0.9127874435430414, "std": 0.005963035724448991, "std_err": 0.002981517862224495, "raw": [0.9014821014600536, 0.9155408504956651, 0.9184164635619195, 0.9160432509877044, 0.9124545512098637]}, "interpretability": {"num_predicates": {"mean": 18546.0, "std": 1943.2222724125, "std_err": 971.61113620625, "raw": [18994, 21043, 17957, 19527, 15209]}, "num_rules": {"mean": 1459.6, "std": 140.06941136450885, "std_err": 70.03470568225443, "raw": [1481, 1638, 1429, 1534, 1216]}}, "learning_time": {"mean": 120.72430047988891, "std": 1.8852420058388104, "std_err": 0.9426210029194051, "raw": [120.07685995101929, 120.83847093582153, 119.93821358680725, 118.56882452964783, 124.19913339614868]}}, "noise_pct_97": {"structured_test_accuracy": {"mean": 0.6133866133866133, "std": 0.09861713641892805, "std_err": 0.04930856820946402, "raw": [0.5064935064935064, 0.4885114885114885, 0.6463536463536463, 0.7322677322677322, 0.6933066933066933]}, "unstructured_test_accuracy": {"mean": 0.43036963036963033, "std": 0.02955017261175524, "std_err": 0.014775086305877618, "raw": [0.4045954045954046, 0.3906093906093906, 0.43156843156843155, 0.4675324675324675, 0.45754245754245754]}, "unstructured_test_brier_score": {"mean": 0.8834114412308633, "std": 0.020189821038975278, "std_err": 0.010094910519487639, "raw": [0.8497276148460817, 0.875222001863101, 0.8844287166397713, 0.9044861465826208, 0.9031927262227417]}, "interpretability": {"num_predicates": {"mean": 12806.4, "std": 5762.293696090125, "std_err": 2881.1468480450626, "raw": [6388, 6927, 11999, 17993, 20725]}, "num_rules": {"mean": 1059.2, "std": 424.67653573043094, "std_err": 212.33826786521547, "raw": [586, 622, 1000, 1463, 1625]}}, "learning_time": {"mean": 126.24110455513001, "std": 4.207467216887687, "std_err": 2.103733608443843, "raw": [128.808917760849, 133.0626163482666, 125.07465171813965, 122.46041655540466, 121.79892039299011]}}, "noise_pct_98": {"structured_test_accuracy": {"mean": 0.6383616383616384, "std": 0.09181465954113747, "std_err": 0.04590732977056874, "raw": [0.7032967032967034, 0.7002997002997003, 0.7252747252747253, 0.5744255744255744, 0.4885114885114885]}, "unstructured_test_accuracy": {"mean": 0.4303696303696304, "std": 0.027075691694681187, "std_err": 0.013537845847340593, "raw": [0.44555444555444557, 0.4565434565434565, 0.45054945054945056, 0.4145854145854146, 0.38461538461538464]}, "unstructured_test_brier_score": {"mean": 0.89500572499988, "std": 0.013427170062164392, "std_err": 0.006713585031082196, "raw": [0.8896425223165999, 0.8918496072951316, 0.9056152812325926, 0.9132993277048825, 0.8746218864501936]}, "interpretability": {"num_predicates": {"mean": 15280.0, "std": 4438.047453554322, "std_err": 2219.023726777161, "raw": [17287, 20896, 17052, 13379, 7786]}, "num_rules": {"mean": 1233.2, "std": 323.4955331994555, "std_err": 161.74776659972773, "raw": [1389, 1643, 1346, 1104, 684]}}, "learning_time": {"mean": 114.9934003829956, "std": 1.1949347473027616, "std_err": 0.5974673736513808, "raw": [116.19921112060547, 113.636962890625, 113.58529114723206, 115.20362758636475, 116.34190917015076]}}, "noise_pct_99": {"structured_test_accuracy": {"mean": 0.6837162837162836, "std": 0.049888473534044867, "std_err": 0.024944236767022433, "raw": [0.7272727272727273, 0.7022977022977023, 0.6003996003996004, 0.6553446553446554, 0.7332667332667333]}, "unstructured_test_accuracy": {"mean": 0.4415584415584416, "std": 0.01659665107476138, "std_err": 0.008298325537380689, "raw": [0.4385614385614386, 0.45454545454545453, 0.4125874125874126, 0.44155844155844154, 0.46053946053946054]}, "unstructured_test_brier_score": {"mean": 0.8942572575198652, "std": 0.006275895055080047, "std_err": 0.0031379475275400237, "raw": [0.8876504563700374, 0.8893241396796185, 0.8906037081626413, 0.902153706171738, 0.9015542772152909]}, "interpretability": {"num_predicates": {"mean": 17659.2, "std": 3552.126315321571, "std_err": 1776.0631576607855, "raw": [19263, 20681, 10790, 17864, 19698]}, "num_rules": {"mean": 1413.2, "std": 258.71791588523587, "std_err": 129.35895794261796, "raw": [1523, 1622, 908, 1450, 1563]}}, "learning_time": {"mean": 118.1995240688324, "std": 1.5405293700398905, "std_err": 0.7702646850199453, "raw": [117.89024829864502, 118.00447678565979, 115.61703681945801, 119.35626435279846, 120.12959408760071]}}, "noise_pct_100": {"structured_test_accuracy": {"mean": 0.6223776223776224, "std": 0.0707557929017791, "std_err": 0.035377896450889554, "raw": [0.5184815184815185, 0.6793206793206793, 0.5584415584415584, 0.6583416583416584, 0.6973026973026973]}, "unstructured_test_accuracy": {"mean": 0.4329670329670329, "std": 0.016263785354620357, "std_err": 0.008131892677310178, "raw": [0.41358641358641357, 0.45254745254745254, 0.4145854145854146, 0.43656343656343655, 0.44755244755244755]}, "unstructured_test_brier_score": {"mean": 0.8843657128352655, "std": 0.02111924733958907, "std_err": 0.010559623669794535, "raw": [0.8430297483342423, 0.8879710248957449, 0.892287833452019, 0.8984278015511239, 0.9001121559431977]}, "interpretability": {"num_predicates": {"mean": 14924.4, "std": 5350.019162582505, "std_err": 2675.009581291252, "raw": [5988, 19223, 11472, 18713, 19226]}, "num_rules": {"mean": 1185.2, "std": 376.7101803774355, "std_err": 188.35509018871775, "raw": [543, 1494, 965, 1467, 1457]}}, "learning_time": {"mean": 122.17460265159608, "std": 1.9830535037745787, "std_err": 0.9915267518872893, "raw": [122.61550092697144, 120.10541248321533, 121.19447088241577, 125.80518198013306, 121.15244698524475]}}}