{"noise_pct_10": {"structured_test_accuracy": {"mean": 0.8093906093906093, "std": 0.08219392654592167, "std_err": 0.04109696327296083, "raw": [0.8921078921078921, 0.7092907092907093, 0.8551448551448552, 0.7102897102897103, 0.8801198801198801]}, "unstructured_test_accuracy": {"mean": 0.7634365634365634, "std": 0.07554825751817656, "std_err": 0.03777412875908828, "raw": [0.8391608391608392, 0.6723276723276723, 0.8061938061938062, 0.6713286713286714, 0.8281718281718282]}, "unstructured_test_brier_score": {"mean": 0.30063822861688383, "std": 0.05399090163182375, "std_err": 0.026995450815911873, "raw": [0.24284746460934506, 0.36384504256673966, 0.2817570530715564, 0.36565054762538485, 0.24909103521139336]}, "interpretability": {"num_predicates": {"mean": 8809.4, "std": 2663.75055889248, "std_err": 1331.8752794462398, "raw": [12066, 6488, 9784, 4964, 10745]}, "num_rules": {"mean": 666.0, "std": 168.98994052901492, "std_err": 84.49497026450746, "raw": [854, 521, 729, 417, 809]}}, "learning_time": {"mean": 114.85166807174683, "std": 1.7727114194975169, "std_err": 0.8863557097487584, "raw": [115.32534551620483, 112.63119387626648, 113.19940829277039, 117.56384086608887, 115.53855180740356]}}, "noise_pct_20": {"structured_test_accuracy": {"mean": 0.7712287712287712, "std": 0.08345814825239088, "std_err": 0.041729074126195434, "raw": [0.7012987012987013, 0.8541458541458542, 0.7282717282717283, 0.8881118881118881, 0.6843156843156843]}, "unstructured_test_accuracy": {"mean": 0.6965034965034964, "std": 0.06947303195600084, "std_err": 0.03473651597800041, "raw": [0.6423576423576424, 0.7682317682317682, 0.6553446553446554, 0.7922077922077922, 0.6243756243756243]}, "unstructured_test_brier_score": {"mean": 0.38396184172272496, "std": 0.04787724128772389, "std_err": 0.023938620643861944, "raw": [0.4181193272564116, 0.3405058557101178, 0.4092990922976259, 0.3141549371510243, 0.43772999619844516]}, "interpretability": {"num_predicates": {"mean": 9183.0, "std": 2275.9874340602146, "std_err": 1137.9937170301073, "raw": [9280, 7851, 9110, 13247, 6427]}, "num_rules": {"mean": 729.8, "std": 149.45420703345894, "std_err": 74.72710351672946, "raw": [716, 635, 768, 987, 543]}}, "learning_time": {"mean": 114.73193607330322, "std": 2.6223712013024416, "std_err": 1.3111856006512208, "raw": [115.14517951011658, 115.56368684768677, 118.95279860496521, 111.37929058074951, 112.61872482299805]}}, "noise_pct_30": {"structured_test_accuracy": {"mean": 0.8247752247752247, "std": 0.05686623978930926, "std_err": 0.028433119894654628, "raw": [0.7132867132867133, 0.8621378621378621, 0.8501498501498501, 0.8331668331668332, 0.8651348651348651]}, "unstructured_test_accuracy": {"mean": 0.6991008991008991, "std": 0.04340495519797694, "std_err": 0.021702477598988468, "raw": [0.6153846153846154, 0.7322677322677322, 0.7132867132867133, 0.7022977022977023, 0.7322677322677322]}, "unstructured_test_brier_score": {"mean": 0.41727921698453124, "std": 0.026708711244064178, "std_err": 0.013354355622032087, "raw": [0.46913004678724607, 0.3966167746513786, 0.41141202952837796, 0.4115585641493789, 0.3976786698062746]}, "interpretability": {"num_predicates": {"mean": 9994.2, "std": 1606.8196414034776, "std_err": 803.4098207017387, "raw": [9271, 12694, 9643, 7830, 10533]}, "num_rules": {"mean": 803.2, "std": 117.49621270492082, "std_err": 58.748106352460404, "raw": [771, 1000, 779, 636, 830]}}, "learning_time": {"mean": 114.12403893470764, "std": 0.8728766832796433, "std_err": 0.43643834163982165, "raw": [115.6532084941864, 113.63885116577148, 114.51299095153809, 113.57767271995544, 113.23747134208679]}}, "noise_pct_40": {"structured_test_accuracy": {"mean": 0.7616383616383617, "std": 0.12498871956214455, "std_err": 0.062494359781072276, "raw": [0.8441558441558441, 0.5294705294705294, 0.8481518481518482, 0.7302697302697303, 0.8561438561438561]}, "unstructured_test_accuracy": {"mean": 0.6097902097902098, "std": 0.0771565148985465, "std_err": 0.03857825744927324, "raw": [0.6603396603396603, 0.46353646353646355, 0.6563436563436563, 0.5994005994005994, 0.6693306693306693]}, "unstructured_test_brier_score": {"mean": 0.5065840106304086, "std": 0.04718165272314441, "std_err": 0.0235908263615722, "raw": [0.4759291088350587, 0.5984293082251515, 0.481018842556421, 0.5040538021770787, 0.47348899135833333]}, "interpretability": {"num_predicates": {"mean": 9437.0, "std": 2659.787811085689, "std_err": 1329.8939055428443, "raw": [11290, 4234, 10542, 9809, 11310]}, "num_rules": {"mean": 792.6, "std": 199.0272343173165, "std_err": 99.51361715865823, "raw": [940, 406, 881, 806, 930]}}, "learning_time": {"mean": 115.13311033248901, "std": 1.0995123953754533, "std_err": 0.5497561976877267, "raw": [114.44999384880066, 114.42405200004578, 114.75126266479492, 117.31546711921692, 114.72477602958679]}}, "noise_pct_50": {"structured_test_accuracy": {"mean": 0.8241758241758241, "std": 0.0686016248201247, "std_err": 0.03430081241006236, "raw": [0.8441558441558441, 0.8461538461538461, 0.8621378621378621, 0.8791208791208791, 0.6893106893106893]}, "unstructured_test_accuracy": {"mean": 0.6061938061938061, "std": 0.04027052207742375, "std_err": 0.020135261038711876, "raw": [0.6193806193806194, 0.6223776223776224, 0.6263736263736264, 0.6363636363636364, 0.5264735264735265]}, "unstructured_test_brier_score": {"mean": 0.530175503899726, "std": 0.024602043300335736, "std_err": 0.012301021650167866, "raw": [0.5259985945459179, 0.5253583338057568, 0.5216197741847266, 0.5018124726101428, 0.5760883443520854]}, "interpretability": {"num_predicates": {"mean": 12308.0, "std": 1763.6892016452332, "std_err": 881.8446008226166, "raw": [11319, 10751, 14456, 14438, 10576]}, "num_rules": {"mean": 980.8, "std": 99.0018181651226, "std_err": 49.50090908256129, "raw": [937, 876, 1104, 1095, 892]}}, "learning_time": {"mean": 114.0834662437439, "std": 1.5655668721228766, "std_err": 0.7827834360614382, "raw": [114.4880633354187, 112.67220568656921, 113.64072728157043, 116.91212105751038, 112.70421385765076]}}, "noise_pct_60": {"structured_test_accuracy": {"mean": 0.7178821178821179, "std": 0.1153413172174898, "std_err": 0.0576706586087449, "raw": [0.7052947052947053, 0.8431568431568431, 0.8311688311688312, 0.5264735264735265, 0.6833166833166833]}, "unstructured_test_accuracy": {"mean": 0.528071928071928, "std": 0.05437943358736497, "std_err": 0.02718971679368248, "raw": [0.5254745254745254, 0.5934065934065934, 0.5704295704295704, 0.4355644355644356, 0.5154845154845155]}, "unstructured_test_brier_score": {"mean": 0.5872408897392212, "std": 0.02940116909953733, "std_err": 0.014700584549768666, "raw": [0.5749879867055719, 0.5539818498426116, 0.5665266050720827, 0.635250448656459, 0.6054575584193803]}, "interpretability": {"num_predicates": {"mean": 9978.6, "std": 2099.302798550033, "std_err": 1049.6513992750165, "raw": [9545, 11463, 11844, 6080, 10961]}, "num_rules": {"mean": 844.4, "std": 162.78771452416183, "std_err": 81.3938572620809, "raw": [817, 961, 980, 539, 925]}}, "learning_time": {"mean": 113.36006951332092, "std": 1.3665840824300648, "std_err": 0.6832920412150323, "raw": [113.44761085510254, 111.56607031822205, 115.59219622612, 113.80119180679321, 112.39327836036682]}}, "noise_pct_70": {"structured_test_accuracy": {"mean": 0.8021978021978022, "std": 0.061563107277236795, "std_err": 0.03078155363861839, "raw": [0.8341658341658341, 0.6793206793206793, 0.8311688311688312, 0.8271728271728271, 0.8391608391608392]}, "unstructured_test_accuracy": {"mean": 0.5300699300699302, "std": 0.02201069227399867, "std_err": 0.011005346136999335, "raw": [0.5304695304695305, 0.4875124875124875, 0.5474525474525475, 0.5434565434565435, 0.5414585414585414]}, "unstructured_test_brier_score": {"mean": 0.6025713891242608, "std": 0.014924395195114465, "std_err": 0.007462197597557232, "raw": [0.6003115173640707, 0.6319159997792961, 0.5937291456129336, 0.5922470047799946, 0.5946532780850089]}, "interpretability": {"num_predicates": {"mean": 13184.0, "std": 1116.3800428169611,