{"noise_pct_95": {"structured_test_accuracy": {"mean": 0.5606393606393606, "std": 0.06421455332534512, "std_err": 0.03210727666267256, "raw": [0.5914085914085914, 0.5974025974025974, 0.5974025974025974, 0.5844155844155844, 0.4325674325674326]}, "unstructured_test_accuracy": {"mean": 0.4545454545454545, "std": 0.01862540848978449, "std_err": 0.009312704244892245, "raw": [0.44255744255744256, 0.44955044955044954, 0.4915084915084915, 0.44455544455544455, 0.44455544455544455]}, "unstructured_test_brier_score": {"mean": 0.9263109443213337, "std": 0.01544546270231545, "std_err": 0.0077227313511577245, "raw": [0.9205647543663562, 0.9375902639441809, 0.9428569166830557, 0.9313190919838966, 0.8992236946291786]}, "interpretability": {"num_predicates": {"mean": 9740.4, "std": 2534.000678768654, "std_err": 1267.000339384327, "raw": [8989, 11322, 12966, 9994, 5431]}, "num_rules": {"mean": 787.6, "std": 162.53811860606731, "std_err": 81.26905930303364, "raw": [745, 914, 976, 796, 507]}}, "learning_time": {"mean": 118.82173657417297, "std": 0.5992564626657488, "std_err": 0.2996282313328744, "raw": [118.938800573349, 119.83583664894104, 117.98990678787231, 118.76344037055969, 118.58069849014282]}}, "noise_pct_96": {"structured_test_accuracy": {"mean": 0.5414585414585414, "std": 0.08442592846671967, "std_err": 0.04221296423335983, "raw": [0.5944055944055944, 0.6813186813186813, 0.4785214785214785, 0.4975024975024975, 0.45554445554445555]}, "unstructured_test_accuracy": {"mean": 0.4561438561438561, "std": 0.01668780261164523, "std_err": 0.008343901305822613, "raw": [0.4435564435564436, 0.4855144855144855, 0.44755244755244755, 0.4405594405594406, 0.46353646353646355]}, "unstructured_test_brier_score": {"mean": 0.91291196202965, "std": 0.013281684716326257, "std_err": 0.006640842358163129, "raw": [0.9277533354823413, 0.9285957101167772, 0.9032159578832981, 0.8952575531136346, 0.9097372535521988]}, "interpretability": {"num_predicates": {"mean": 8226.8, "std": 3426.343497082568, "std_err": 1713.1717485412837, "raw": [11441, 13219, 6285, 4932, 5257]}, "num_rules": {"mean": 664.4, "std": 220.70849553200256, "std_err": 110.35424776600127, "raw": [856, 999, 526, 454, 487]}}, "learning_time": {"mean": 117.90475192070008, "std": 1.4095237466540318, "std_err": 0.7047618733270159, "raw": [118.76209783554077, 118.28357791900635, 119.85645771026611, 116.59786462783813, 116.023761510849]}}, "noise_pct_97": {"structured_test_accuracy": {"mean": 0.5220779220779221, "std": 0.10066956413609902, "std_err": 0.050334782068049505, "raw": [0.5974025974025974, 0.43156843156843155, 0.38461538461538464, 0.5424575424575424, 0.6543456543456544]}, "unstructured_test_accuracy": {"mean": 0.448951048951049, "std": 0.038611614775247355, "std_err": 0.019305807387623677, "raw": [0.46053946053946054, 0.43456543456543456, 0.38461538461538464, 0.46353646353646355, 0.5014985014985015]}, "unstructured_test_brier_score": {"mean": 0.9063615873561306, "std": 0.021577690293155503, "std_err": 0.01078884514657775, "raw": [0.9141288096546359, 0.8940267898446115, 0.873932109866375, 0.9110861408701705, 0.9386340865448597]}, "interpretability": {"num_predicates": {"mean": 9913.5, "std": 3029.024306604356, "std_err": 1748.8079987999445, "raw": [11848, 4728, 10913, 12165]}, "num_rules": {"mean": 776.25, "std": 192.68805749189542, "std_err": 111.24850186257191, "raw": [899, 445, 849, 912]}}, "learning_time": {"mean": 115.77298378944397, "std": 0.9351244401997597, "std_err": 0.4675622200998798, "raw": [117.45886611938477, 114.9831919670105, 115.29974603652954, 116.10605812072754, 115.0170567035675]}}, "noise_pct_98": {"structured_test_accuracy": {"mean": 0.4955044955044955, "std": 0.10672398321279898, "std_err": 0.053361991606399484, "raw": [0.38961038961038963, 0.6513486513486514, 0.36163836163836166, 0.5354645354645354, 0.5394605394605395]}, "unstructured_test_accuracy": {"mean": 0.48391608391608393, "std": 0.022557079764082624, "std_err": 0.011278539882041312, "raw": [0.45354645354645357, 0.4695304695304695, 0.47652347652347654, 0.5094905094905094, 0.5104895104895105]}, "unstructured_test_brier_score": {"mean": 0.928732234733344, "std": 0.02389819094616972, "std_err": 0.01194909547308486, "raw": [0.8895990100877903, 0.915803124350759, 0.9350325874336514, 0.9456856408654423, 0.9575408109290772]}, "interpretability": {"num_predicates": {"mean": 9635.4, "std": 3661.787792868396, "std_err": 1830.893896434198, "raw": [5182, 12727, 5229, 11625, 13414]}, "num_rules": {"mean": 747.0, "std": 228.90172563788155, "std_err": 114.45086281894076, "raw": [464, 954, 474, 879, 964]}}, "learning_time": {"mean": 114.87004055976868, "std": 0.7237688498744608, "std_err": 0.36188442493723033, "raw": [114.58032178878784, 114.9412796497345, 115.30996513366699, 113.68411064147949, 115.83452558517456]}}, "noise_pct_99": {"structured_test_accuracy": {"mean": 0.4541458541458542, "std": 0.12364000570659457, "std_err": 0.061820002853297286, "raw": [0.4955044955044955, 0.5534465534465535, 0.2857142857142857, 0.3336663336663337, 0.6023976023976024]}, "unstructured_test_accuracy": {"mean": 0.4509490509490509, "std": 0.029382180172072992, "std_err": 0.014691090086036496, "raw": [0.46053946053946054, 0.4825174825174825, 0.4355644355644356, 0.4015984015984016, 0.4745254745254745]}, "unstructured_test_brier_score": {"mean": 0.9068936613274813, "std": 0.01538681329380446, "std_err": 0.0076934066469022296, "raw": [0.9096860490178588, 0.9138608001293402, 0.9290717826612848, 0.883001582894781, 0.898848091934142]}, "interpretability": {"num_predicates": {"mean": 6032.8, "std": 4227.997322610316, "std_err": 2113.998661305158, "raw": [8131, 10625, 1470, 452, 9486]}, "num_rules": {"mean": 498.6, "std": 320.0203743513841, "std_err": 160.01018717569204, "raw": [663, 835, 166, 63, 766]}}, "learning_time": {"mean": 115.4141863822937, "std": 1.1098736912372513, "std_err": 0.5549368456186257, "raw": [116.56998801231384, 114.77797412872314, 115.68982172012329, 116.43542718887329, 113.59772086143494]}}, "noise_pct_100": {"structured_test_accuracy": {"mean": 0.4293706293706293, "std": 0.07545308456842735, "std_err": 0.037726542284213675, "raw": [0.46053946053946054, 0.5164835164835165, 0.3756243756243756, 0.4835164835164835, 0.3106893106893107]}, "unstructured_test_accuracy": {"mean": 0.43216783216783217, "std": 0.019825576913336126, "std_err": 0.009912788456668063, "raw": [0.4205794205794206, 0.44955044955044954, 0.4325674325674326, 0.4565434565434565, 0.4015984015984016]}, "unstructured_test_brier_score": {"mean": 0.8908394922056617, "std": 0.01951548019851525, "std_err": 0.009757740099257626, "raw": [0.8747782668840536, 0.8761206944452101, 0.9096606439219684, 0.9192234008398167, 0.8744144549372604]}, "interpretability": {"num_predicates": {"mean": 4685.4, "std": 2655.2564169962943, "std_err": 1327.6282084981472, "raw": [4275, 6308, 4410, 8213, 221]}, "num_rules": {"mean": 410.6, "std": 217.23959123511534, "std_err": 108.61979561755767, "raw": [396, 535, 391, 694, 37]}}, "learning_time": {"mean": 114.97338013648987, "std": 1.0130781283873795, "std_err": 0.5065390641936898, "raw": [114.91079020500183, 114.52374815940857, 116.93488931655884, 114.36666655540466, 114.13080644607544]}}}