{"noise_pct_10": {"structured_test_accuracy": {"mean": 0.799000999000999, "std": 0.06705492359313413, "std_err": 0.033527461796567064, "raw": [0.8571428571428571, 0.8471528471528471, 0.7262737262737263, 0.8561438561438561, 0.7082917082917083]}, "unstructured_test_accuracy": {"mean": 0.7556443556443557, "std": 0.06091645639616283, "std_err": 0.030458228198081416, "raw": [0.8091908091908092, 0.8001998001998002, 0.6883116883116883, 0.8061938061938062, 0.6743256743256744]}, "unstructured_test_brier_score": {"mean": 0.30868804432795083, "std": 0.03519257604528499, "std_err": 0.017596288022642494, "raw": [0.27802573566178046, 0.2813891304091809, 0.3394212222343441, 0.28235229985377824, 0.36225183348067025]}, "interpretability": {"num_predicates": {"mean": 7700.4, "std": 798.1116713843996, "std_err": 399.05583569219976, "raw": [8703, 6579, 8521, 7385, 7314]}, "num_rules": {"mean": 572.4, "std": 45.985215015263336, "std_err": 22.992607507631664, "raw": [630, 523, 625, 552, 532]}}, "learning_time": {"mean": 113.8901720046997, "std": 0.26891358635913454, "std_err": 0.13445679317956724, "raw": [114.10978698730469, 113.4991135597229, 114.20990037918091, 113.66241526603699, 113.96964383125305]}}, "noise_pct_20": {"structured_test_accuracy": {"mean": 0.7348651348651348, "std": 0.12274726534960864, "std_err": 0.06137363267480432, "raw": [0.6933066933066933, 0.7062937062937062, 0.5404595404595405, 0.8691308691308691, 0.8651348651348651]}, "unstructured_test_accuracy": {"mean": 0.6767232767232767, "std": 0.10137098977905297, "std_err": 0.05068549488952648, "raw": [0.6493506493506493, 0.6533466533466533, 0.5124875124875125, 0.7832167832167832, 0.7852147852147852]}, "unstructured_test_brier_score": {"mean": 0.39509411002166134, "std": 0.06546989020845338, "std_err": 0.03273494510422669, "raw": [0.42074108518264686, 0.4065885348300945, 0.4986844110106157, 0.3267266584827701, 0.32272986060217956]}, "interpretability": {"num_predicates": {"mean": 7084.0, "std": 2110.262258583042, "std_err": 1055.1311292915207, "raw": [6568, 6447, 3746, 8901, 9758]}, "num_rules": {"mean": 563.8, "std": 136.00352936596903, "std_err": 68.00176468298451, "raw": [564, 528, 333, 662, 732]}}, "learning_time": {"mean": 113.66294021606446, "std": 0.25197060885253597, "std_err": 0.12598530442626799, "raw": [113.37612724304199, 114.0868730545044, 113.47103452682495, 113.78289842605591, 113.59776782989502]}}, "noise_pct_30": {"structured_test_accuracy": {"mean": 0.7872127872127872, "std": 0.1333297737417992, "std_err": 0.06666488687089958, "raw": [0.8781218781218781, 0.7392607392607392, 0.8791208791208791, 0.8941058941058941, 0.5454545454545454]}, "unstructured_test_accuracy": {"mean": 0.6867132867132867, "std": 0.10226686910458622, "std_err": 0.05113343455229311, "raw": [0.7572427572427572, 0.6563436563436563, 0.7582417582417582, 0.7632367632367633, 0.4985014985014985]}, "unstructured_test_brier_score": {"mean": 0.4038491283585165, "std": 0.06439250960963042, "std_err": 0.03219625480481521, "raw": [0.3521240083671872, 0.42153548291414383, 0.36220225833774444, 0.3606207989263894, 0.5227630932471172]}, "interpretability": {"num_predicates": {"mean": 10594.0, "std": 4081.7173836511515, "std_err": 2040.8586918255758, "raw": [13846, 8619, 12155, 14759, 3591]}, "num_rules": {"mean": 775.6, "std": 244.17501919729628, "std_err": 122.08750959864813, "raw": [958, 716, 874, 1002, 328]}}, "learning_time": {"mean": 113.8907299041748, "std": 0.2594358642940005, "std_err": 0.12971793214700023, "raw": [114.25289106369019, 113.54879903793335, 113.96085786819458, 113.64623045921326, 114.04487109184265]}}, "noise_pct_40": {"structured_test_accuracy": {"mean": 0.724875124875125, "std": 0.12649356803359413, "std_err": 0.06324678401679708, "raw": [0.6813186813186813, 0.8421578421578422, 0.6983016983016983, 0.8781218781218781, 0.5244755244755245]}, "unstructured_test_accuracy": {"mean": 0.6037962037962037, "std": 0.082458682574377, "std_err": 0.0412293412871885, "raw": [0.5764235764235764, 0.6813186813186813, 0.5884115884115884, 0.7012987012987013, 0.47152847152847155]}, "unstructured_test_brier_score": {"mean": 0.5027688678028193, "std": 0.05148533633683993, "std_err": 0.025742668168419962, "raw": [0.5167703803307753, 0.4649388190035325, 0.49752995071091716, 0.4425475288749634, 0.5920576600939081]}, "interpretability": {"num_predicates": {"mean": 7290.8, "std": 3285.0149101640313, "std_err": 1642.5074550820157, "raw": [5547, 7798, 6466, 13213, 3430]}, "num_rules": {"mean": 589.6, "std": 210.83320421603423, "std_err": 105.41660210801712, "raw": [500, 617, 550, 962, 319]}}, "learning_time": {"mean": 113.67495951652526, "std": 0.171104603386452, "std_err": 0.085552301693226, "raw": [113.54686832427979, 113.93250799179077, 113.78211879730225, 113.66657972335815, 113.44672274589539]}}, "noise_pct_50": {"structured_test_accuracy": {"mean": 0.8593406593406593, "std": 0.006393606393606391, "std_err": 0.0031968031968031955, "raw": [0.8581418581418582, 0.8591408591408591, 0.8611388611388612, 0.8691308691308691, 0.8491508491508492]}, "unstructured_test_accuracy": {"mean": 0.653946053946054, "std": 0.006013952824492449, "std_err": 0.0030069764122462243, "raw": [0.6593406593406593, 0.6483516483516484, 0.6563436563436563, 0.6603396603396603, 0.6453546453546454]}, "unstructured_test_brier_score": {"mean": 0.505439031340887, "std": 0.00863844135572776, "std_err": 0.00431922067786388, "raw": [0.5040245675856941, 0.5164884211141759, 0.5025525657027231, 0.491626384590569, 0.5125032177112733]}, "interpretability": {"num_predicates": {"mean": 10270.0, "std": 534.3403409812888, "std_err": 267.17017049064435, "raw": [10321, 9286, 10366, 10909, 10468]}, "num_rules": {"mean": 782.2, "std": 43.35158589948008, "std_err": 21.67579294974004, "raw": [818, 701, 774, 812, 806]}}, "learning_time": {"mean": 113.74455466270447, "std": 0.203593310070501, "std_err": 0.1017966550352505, "raw": [114.00900268554688, 113.57825970649719, 113.75748085975647, 113.4617178440094, 113.9163122177124]}}, "noise_pct_60": {"structured_test_accuracy": {"mean": 0.7246753246753247, "std": 0.17713006099452921, "std_err": 0.08856503049726461, "raw": [0.8391608391608392, 0.8521478521478522, 0.7142857142857143, 0.8331668331668332, 0.38461538461538464]}, "unstructured_test_accuracy": {"mean": 0.555044955044955, "std": 0.08739882865887198, "std_err": 0.04369941432943599, "raw": [0.6103896103896104, 0.6173826173826173, 0.5564435564435565, 0.6053946053946054, 0.3856143856143856]}, "unstructured_test_brier_score": {"mean": 0.5743495813470993, "std": 0.03476583821625779, "std_err": 0.017382919108128895, "raw": [0.5499126173056983, 0.5550519921690468, 0.5727223318513035, 0.5520734984806944, 0.6419874669287534]}, "interpretability": {"num_predicates": {"mean": 8255.6, "std": 3906.053128158909, "std_err": 1953.0265640794544, "raw": [10541, 9954, 8871, 11305, 607]}, "num_rules": {"mean": 655.6, "std": 294.3811135246281, "std_err": 147.19055676231406, "raw": [837, 770, 723, 872, 76]}}, "learning_time": {"mean": 113.61173214912415, "std": 0.21875471484137057, "std_err": 0.10937735742068529, "raw": [113.51209735870361, 114.03048300743103, 113.42818713188171, 113.61847925186157, 113.4694139957428]}}, "noise_pct_70": {"structured_test_accuracy": {"mean": 0.7166833166833168, "std": 0.11826517960892557, "std_err": 0.05913258980446278, "raw": [0.8501498501498501, 0.6873126873126874, 0.5274725274725275, 0.8361638361638362, 0.6823176823176823]}, "unstructured_test_accuracy": {"mean": 0.5232767232767233, "std": 0.05086632134647352, "std_err": 0.025433160673236758, "raw": [0.5744255744255744, 0.5134865134865135, 0.44155844155844154, 0.5804195804195804, 0.5064935064935064]}, "unstructured_test_brier_score": {"mean": 0.6159854358608488, "std": 0.019308398956057935, "std_err": 0.009654199478028966, "raw": [0.5947279793665765, 0.6135235485606856, 0.647279542993179, 0.598089167904802, 0.6263069404790004]}, "interpretability": {"num_predicates": {"mean": 8532.2, "std": 2537.1968311504725,