{"noise_pct_0": {"structured_test_accuracy": {"mean": 0.8349650382995606, "std": 0.058495399463970955, "std_err": 0.029247699731985474, "raw": [0.8621378540992737, 0.8651348948478699, 0.8711288571357727, 0.7182817459106445, 0.8581418395042419]}, "unstructured_test_accuracy": {"mean": 0.8349650382995606, "std": 0.058495399463970955, "std_err": 0.029247699731985474, "raw": [0.8621378540992737, 0.8651348948478699, 0.8711288571357727, 0.7182817459106445, 0.8581418395042419]}, "unstructured_test_brier_score": {"mean": 1.6065696312946052, "std": 0.07519707888860931, "std_err": 0.03759853944430465, "raw": [1.627422380674862, 1.654684769421872, 1.6675000431013733, 1.4598470124440166, 1.6233939508309028]}, "interpretability": {"num_predicates": {"mean": 7640.6, "std": 1308.361356812406, "std_err": 654.180678406203, "raw": [6348, 6788, 10087, 7234, 7746]}, "num_rules": {"mean": 550.8, "std": 77.33666659483069, "std_err": 38.66833329741534, "raw": [475, 505, 695, 517, 562]}}, "learning_time": {"mean": 90.93368258476258, "std": 1.756503682034565, "std_err": 0.8782518410172825, "raw": [89.99436902999878, 94.20851302146912, 89.07168316841125, 90.35011672973633, 91.04373097419739]}}}