{"noise_pct_0": {"structured_test_accuracy": {"mean": 0.8613386613386613, "std": 0.008319945180282517, "std_err": 0.0041599725901412575, "raw": [0.8721278721278721, 0.8581418581418582, 0.8491508491508492, 0.8691308691308691, 0.8581418581418582]}, "unstructured_test_accuracy": {"mean": 0.8613386613386613, "std": 0.008319945180282517, "std_err": 0.0041599725901412575, "raw": [0.8721278721278721, 0.8581418581418582, 0.8491508491508492, 0.8691308691308691, 0.8581418581418582]}, "unstructured_test_brier_score": {"mean": 0.1898625043462038, "std": 0.0055556053743049645, "std_err": 0.0027778026871524823, "raw": [0.18411840344243477, 0.19467465883758012, 0.197855452258156, 0.184169118726406, 0.1884948884664422]}, "interpretability": {"num_predicates": {"mean": 7713.8, "std": 587.3940415087644, "std_err": 293.6970207543822, "raw": [8245, 7650, 6619, 7880, 8175]}, "num_rules": {"mean": 552.6, "std": 42.235530066521, "std_err": 21.1177650332605, "raw": [592, 563, 472, 556, 580]}}, "learning_time": {"mean": 116.76866192817688, "std": 2.681306888289988, "std_err": 1.340653444144994, "raw": [114.27830576896667, 114.7620918750763, 119.7635145187378, 120.31447792053223, 114.72491955757141]}}}