{"noise_pct_10": {"accuracy": {"mean": 0.8603999999999999, "std": 0.006621178142898746, "std_err": 0.0033105890714493725, "raw": [0.86, 0.855, 0.855, 0.859, 0.873]}, "brier_score": {"mean": 0.24621900000266667, "std": 0.006487928213054824, "std_err": 0.003243964106527412, "raw": [0.24570750001333336, 0.24948888889111112, 0.25213583332666667, 0.24984611110888888, 0.23391666667333333]}}, "noise_pct_20": {"accuracy": {"mean": 0.8118000000000001, "std": 0.0037094473981982346, "std_err": 0.001854723699099117, "raw": [0.811, 0.817, 0.809, 0.807, 0.815]}, "brier_score": {"mean": 0.3419101111142222, "std": 0.003998014263614484, "std_err": 0.001999007131807242, "raw": [0.3419497222311111, 0.3374305555511111, 0.34351055557111115, 0.3484902777888889, 0.33816944442888885]}}, "noise_pct_30": {"accuracy": {"mean": 0.763, "std": 0.003949683531626304, "std_err": 0.0019748417658131514, "raw": [0.759, 0.762, 0.766, 0.769, 0.759]}, "brier_score": {"mean": 0.4460621065785125, "std": 0.004595103844374905, "std_err": 0.0022975519221874524, "raw": [0.45269916666666665, 0.4478140816363946, 0.44500861111555556, 0.43849305556444446, 0.4462956179095012]}}, "noise_pct_40": {"accuracy": {"mean": 0.7182, "std": 0.0029257477676655616, "std_err": 0.0014628738838327806, "raw": [0.718, 0.723, 0.717, 0.714, 0.719]}, "brier_score": {"mean": 0.5411439444515554, "std": 0.005308101206248292, "std_err": 0.0026540506031241455, "raw": [0.5432505555511111, 0.5334277777888888, 0.5407605555711111, 0.5495625, 0.5387183333466666]}}, "noise_pct_50": {"accuracy": {"mean": 0.6895999999999999, "std": 0.0010198039027185578, "std_err": 0.0005099019513592788, "raw": [0.688, 0.69, 0.689, 0.691, 0.69]}, "brier_score": {"mean": 0.6036347777888889, "std": 0.0012280130810384132, "std_err": 0.0006140065405192066, "raw": [0.6045330555644445, 0.6017291666666666, 0.6026333333533334, 0.6044375000266666, 0.6048408333333333]}}, "noise_pct_60": {"accuracy": {"mean": 0.652, "std": 0.003162277660168382, "std_err": 0.001581138830084191, "raw": [0.654, 0.655, 0.652, 0.653, 0.646]}, "brier_score": {"mean": 0.6798394682563174, "std": 0.0037588082834455797, "std_err": 0.0018794041417227899, "raw": [0.6775369444488889, 0.6763599999933333, 0.6778869444288889, 0.6805833333466667, 0.6868301190638095]}}, "noise_pct_70": {"accuracy": {"mean": 0.6106, "std": 0.0018547236990991425, "std_err": 0.0009273618495495711, "raw": [0.612, 0.608, 0.609, 0.611, 0.613]}, "brier_score": {"mean": 0.7650344217691021, "std": 0.0016842010793902834, "std_err": 0.0008421005396951417, "raw": [0.7643319444488889, 0.7664512755255103, 0.7668194444422223, 0.7654236110955556, 0.7621458333333334]}}, "noise_pct_80": {"accuracy": {"mean": 0.5740000000000001, "std": 0.0026076809620810618, "std_err": 0.0013038404810405309, "raw": [0.576, 0.57, 0.572, 0.575, 0.577]}, "brier_score": {"mean": 0.8416958662166575, "std": 0.001904843045769437, "std_err": 0.0009524215228847184, "raw": [0.8398944444488888, 0.8446371088588435, 0.8426227777755555, 0.8419374999933334, 0.8393875000066666]}}, "noise_pct_90": {"accuracy": {"mean": 0.5328, "std": 0.001326649916142161, "std_err": 0.0006633249580710806, "raw": [0.535, 0.531, 0.533, 0.532, 0.533]}, "brier_score": {"mean": 0.9299385068052789, "std": 0.0016727519017364536, "std_err": 0.0008363759508682268, "raw": [0.9271475, 0.9313449716580046, 0.9305694444488888, 0.9316458333333334, 0.9289847845861677]}}, "noise_pct_100": {"accuracy": {"mean": 0.5, "std": 0.0, "std_err": 0.0, "raw": [0.5, 0.5, 0.5, 0.5, 0.5]}, "brier_score": {"mean": 0.9996877692731474, "std": 0.000624461453705205, "std_err": 0.0003122307268526025, "raw": [1.0, 1.0, 0.998438846365737, 1.0, 1.0]}}}