{"noise_pct_0": {"accuracy": {"mean": 0.9006000000000001, "std": 0.010209799214480184, "std_err": 0.005104899607240092, "raw": [0.898, 0.917, 0.89, 0.891, 0.907]}, "brier_score": {"mean": 0.16002773128481634, "std": 0.007537211092420358, "std_err": 0.0037686055462101786, "raw": [0.16024055555777778, 0.14772222221777778, 0.1677170237752381, 0.16787552151995463, 0.15658333335333333]}}}