{"noise_pct_10": {"digit_accuracy": 0.9170864006199148}, "noise_pct_20": {"digit_accuracy": 0.8324292909724913}, "noise_pct_30": {"digit_accuracy": 0.755133669120496}, "noise_pct_40": {"digit_accuracy": 0.6712514529252228}, "noise_pct_50": {"digit_accuracy": 0.5906625339015885}, "noise_pct_60": {"digit_accuracy": 0.516272762495157}, "noise_pct_70": {"digit_accuracy": 0.4347152266563348}, "noise_pct_80": {"digit_accuracy": 0.355288647810926}, "noise_pct_90": {"digit_accuracy": 0.2750871755133669}, "noise_pct_100": {"digit_accuracy": 0.1919798527702441}}