{"noise_pct_10": {"digit_accuracy": {"mean": 0.9180514750267971, "std": 0.0036453509824882703, "std_err": 0.001822675491244135, "raw": [0.9183922046285018, 0.9234449760765551, 0.91548463356974, 0.9200477326968973, 0.9128878281622912]}, "digit_confidence_dist": {">0%": 0.0, ">25%": 0.02656137832017229, ">50%": 0.02189519023689878, ">75%": 0.02512562814070352, ">90%": 0.013519980856664273, ">95%": 0.9128978224455612}}, "noise_pct_20": {"digit_accuracy": {"mean": 0.832386899953422, "std": 0.005056610724920555, "std_err": 0.0025283053624602773, "raw": [0.8325213154689404, 0.8409090909090909, 0.8291962174940898, 0.8335322195704057, 0.8257756563245824]}, "digit_confidence_dist": {">0%": 0.0, ">25%": 0.05384063173007897, ">50%": 0.04055994256999282, ">75%": 0.03900454654223499, ">90%": 0.023091648719789422, ">95%": 0.8435032304379038}}, "noise_pct_30": {"digit_accuracy": {"mean": 0.7476567828567322, "std": 0.005388422323578791, "std_err": 0.0026942111617893954, "raw": [0.7454323995127893, 0.7547846889952153, 0.75, 0.7494033412887828, 0.7386634844868735]}, "digit_confidence_dist": {">0%": 0.0, ">25%": 0.07812873893275904, ">50%": 0.057669298875329025, ">75%": 0.05300311079205552, ">90%": 0.03039004546542235, ">95%": 0.780808805934434}}, "noise_pct_40": {"digit_accuracy": {"mean": 0.6643778432010139, "std": 0.0046597768288736095, "std_err": 0.0023298884144368048, "raw": [0.6632155907429963, 0.6674641148325359, 0.6708037825059102, 0.6634844868735084, 0.6569212410501193]}, "digit_confidence_dist": {">0%": 0.0, ">25%": 0.10277578368030629, ">50%": 0.07430007178750897, ">75%": 0.06879636276621201, ">90%": 0.037568796362766214, ">95%": 0.7165589854032065}}, "noise_pct_50": {"digit_accuracy": {"mean": 0.5799152694568614, "std": 0.005256871736772301, "std_err": 0.0026284358683861505, "raw": [0.5803897685749086, 0.5843301435406698, 0.5862884160756501, 0.5769689737470167, 0.5715990453460621]}, "digit_confidence_dist": {">0%": 0.0, ">25%": 0.12766212012443168, ">50%": 0.09236659487915769, ">75%": 0.08530748983010289, ">90%": 0.04570471404642259, ">95%": 0.6489590811198851}}, "noise_pct_60": {"digit_accuracy": {"mean": 0.5013148747961377, "std": 0.007324245897442875, "std_err": 0.003662122948721438, "raw": [0.5054811205846529, 0.5029904306220095, 0.5112293144208038, 0.4970167064439141, 0.48985680190930786]}, "digit_confidence_dist": {">0%": 0.0, ">25%": 0.15326633165829145, ">50%": 0.11091170136396267, ">75%": 0.10002392916965781, ">90%": 0.05336204833692271, ">95%": 0.5824359894711654}}, "noise_pct_70": {"digit_accuracy": {"mean": 0.41838038949385037, "std": 0.006888392788006872, "std_err": 0.003444196394003436, "raw": [0.41839220462850185, 0.4192583732057416, 0.4296690307328605, 0.41646778042959426, 0.4081145584725537]}, "digit_confidence_dist": {">0%": 0.0, ">25%": 0.176597272074659, ">50%": 0.12921751615218952, ">75%": 0.11665470208183776, ">90%": 0.06089973677913377, ">95%": 0.51663077291218}}, "noise_pct_80": {"digit_accuracy": {"mean": 0.3366378211968068, "std": 0.007553654568597461, "std_err": 0.003776827284298731, "raw": [0.3313032886723508, 0.3373205741626794, 0.34929078014184395, 0.3383054892601432, 0.3269689737470167]}, "digit_confidence_dist": {">0%": 0.0, ">25%": 0.20339794209140943, ">50%": 0.14764297678870544, ">75%": 0.13316582914572864, ">90%": 0.06843742522134481, ">95%": 0.44735582675281166}}, "noise_pct_90": {"digit_accuracy": {"mean": 0.25219323080448863, "std": 0.0052843885644105115, "std_err": 0.0026421942822052553, "raw": [0.2515225334957369, 0.25179425837320574, 0.26122931442080377, 0.25178997613365156, 0.24463007159904535]}, "digit_confidence_dist": {">0%": 0.0, ">25%": 0.22720746590093324, ">50%": 0.16642737497008853, ">75%": 0.14800191433357263, ">90%": 0.0752572385738215, ">95%": 0.3831060062215841}}, "noise_pct_100": {"digit_accuracy": {"mean": 0.17286787645953386, "std": 0.004584878210693591, "std_err": 0.002292439105346795, "raw": [0.17113276492082827, 0.1722488038277512, 0.17966903073286053, 0.17541766109785203, 0.1658711217183771]}, "digit_confidence_dist": {">0%": 0.0, ">25%": 0.2537688442211055, ">50%": 0.1843742522134482, ">75%": 0.16307729121799475, ">90%": 0.08219669777458723, ">95%": 0.3165829145728643}}}