{"noise_pct_0": {"digit_accuracy": {"mean": 0.9977344407095282, "std": 0.0008688318491587667, "std_err": 0.0004344159245793834, "raw": [0.9993909866017052, 0.9970095693779905, 0.9970449172576832, 0.9976133651551312, 0.9976133651551312]}, "digit_confidence_dist": {">0%": 0.0, ">25%": 0.0023929169657812875, ">50%": 0.003948312993539124, ">75%": 0.011007418042593921, ">90%": 0.00765733429050012, ">95%": 0.9749940177075855}}}