{"noise_pct_95": {"pct_incorrect_examples": 0.7353846153846155, "std": 0.0399352286234485, "std_err": 0.005705032660492643, "raw": [0.7403846153846154, 0.6634615384615384, 0.7884615384615384, 0.7307692307692308, 0.7019230769230769, 0.8076923076923077, 0.7596153846153846, 0.7019230769230769, 0.7307692307692308, 0.6730769230769231, 0.7307692307692308, 0.7211538461538461, 0.6923076923076923, 0.75, 0.6923076923076923, 0.7211538461538461, 0.7788461538461539, 0.75, 0.75, 0.7788461538461539, 0.7403846153846154, 0.6923076923076923, 0.75, 0.75, 0.6923076923076923, 0.6826923076923077, 0.6826923076923077, 0.75, 0.75, 0.6730769230769231, 0.7115384615384616, 0.7788461538461539, 0.8173076923076923, 0.6923076923076923, 0.75, 0.7403846153846154, 0.7596153846153846, 0.7788461538461539, 0.7403846153846154, 0.7692307692307692, 0.6826923076923077, 0.7211538461538461, 0.7211538461538461, 0.7788461538461539, 0.7692307692307692, 0.7019230769230769, 0.8173076923076923, 0.7788461538461539, 0.7692307692307692, 0.6634615384615384]}, "noise_pct_96": {"pct_incorrect_examples": 0.7436538461538461, "std": 0.03985968362516472, "std_err": 0.005694240517880673, "raw": [0.75, 0.6730769230769231, 0.7980769230769231, 0.7403846153846154, 0.7115384615384616, 0.8173076923076923, 0.7692307692307692, 0.7115384615384616, 0.7403846153846154, 0.6826923076923077, 0.7403846153846154, 0.7307692307692308, 0.7019230769230769, 0.7596153846153846, 0.7019230769230769, 0.7307692307692308, 0.7884615384615384, 0.7596153846153846, 0.7596153846153846, 0.7788461538461539, 0.75, 0.6923076923076923, 0.7596153846153846, 0.7596153846153846, 0.7019230769230769, 0.6923076923076923, 0.6923076923076923, 0.7596153846153846, 0.7596153846153846, 0.6826923076923077, 0.7211538461538461, 0.7788461538461539, 0.8269230769230769, 0.7019230769230769, 0.7596153846153846, 0.75, 0.7692307692307692, 0.7884615384615384, 0.7403846153846154, 0.7692307692307692, 0.6923076923076923, 0.7307692307692308, 0.7307692307692308, 0.7884615384615384, 0.7788461538461539, 0.7115384615384616, 0.8269230769230769, 0.7884615384615384, 0.7692307692307692, 0.6634615384615384]}, "noise_pct_97": {"pct_incorrect_examples": 0.7509615384615383, "std": 0.0398893625244068, "std_err": 0.005698480360629543, "raw": [0.75, 0.6826923076923077, 0.8076923076923077, 0.7403846153846154, 0.7211538461538461, 0.8269230769230769, 0.7788461538461539, 0.7211538461538461, 0.75, 0.6923076923076923, 0.75, 0.7403846153846154, 0.7019230769230769, 0.7692307692307692, 0.7019230769230769, 0.7307692307692308, 0.7884615384615384, 0.7692307692307692, 0.7692307692307692, 0.7884615384615384, 0.7596153846153846, 0.7019230769230769, 0.7692307692307692, 0.7596153846153846, 0.7115384615384616, 0.7019230769230769, 0.7019230769230769, 0.7692307692307692, 0.7692307692307692, 0.6826923076923077, 0.7307692307692308, 0.7884615384615384, 0.8365384615384616, 0.7115384615384616, 0.7692307692307692, 0.7596153846153846, 0.7692307692307692, 0.7884615384615384, 0.75, 0.7692307692307692, 0.7019230769230769, 0.7403846153846154, 0.7403846153846154, 0.7980769230769231, 0.7788461538461539, 0.7211538461538461, 0.8365384615384616, 0.7980769230769231, 0.7788461538461539, 0.6730769230769231]}, "noise_pct_98": {"pct_incorrect_examples": 0.7578846153846154, "std": 0.039161420606322814, "std_err": 0.005594488658046116, "raw": [0.75, 0.6923076923076923, 0.8173076923076923, 0.75, 0.7211538461538461, 0.8269230769230769, 0.7884615384615384, 0.7307692307692308, 0.75, 0.7019230769230769, 0.7596153846153846, 0.75, 0.7115384615384616, 0.7788461538461539, 0.7115384615384616, 0.7403846153846154, 0.7980769230769231, 0.7788461538461539, 0.7788461538461539, 0.7884615384615384, 0.7596153846153846, 0.7115384615384616, 0.7692307692307692, 0.7692307692307692, 0.7211538461538461, 0.7115384615384616, 0.7019230769230769, 0.7788461538461539, 0.7788461538461539, 0.6826923076923077, 0.7403846153846154, 0.7884615384615384, 0.8461538461538461, 0.7211538461538461, 0.7692307692307692, 0.7692307692307692, 0.7788461538461539, 0.7980769230769231, 0.7596153846153846, 0.7692307692307692, 0.7115384615384616, 0.75, 0.75, 0.7980769230769231, 0.7884615384615384, 0.7307692307692308, 0.8365384615384616, 0.8076923076923077, 0.7884615384615384, 0.6826923076923077]}, "noise_pct_99": {"pct_incorrect_examples": 0.7653846153846152, "std": 0.03959857746533462, "std_err": 0.005656939637904946, "raw": [0.75, 0.7019230769230769, 0.8269230769230769, 0.7596153846153846, 0.7307692307692308, 0.8365384615384616, 0.7980769230769231, 0.7403846153846154, 0.75, 0.7019230769230769, 0.7692307692307692, 0.7596153846153846, 0.7211538461538461, 0.7884615384615384, 0.7211538461538461, 0.75, 0.8076923076923077, 0.7884615384615384, 0.7884615384615384, 0.7884615384615384, 0.7692307692307692, 0.7115384615384616, 0.7692307692307692, 0.7788461538461539, 0.7211538461538461, 0.7211538461538461, 0.7115384615384616, 0.7884615384615384, 0.7884615384615384, 0.6923076923076923, 0.7403846153846154, 0.7884615384615384, 0.8557692307692308, 0.7307692307692308, 0.7788461538461539, 0.7788461538461539, 0.7884615384615384, 0.8076923076923077, 0.7692307692307692, 0.7788461538461539, 0.7211538461538461, 0.7596153846153846, 0.7596153846153846, 0.8076923076923077, 0.7980769230769231, 0.7307692307692308, 0.8365384615384616, 0.8173076923076923, 0.7980769230769231, 0.6923076923076923]}, "noise_pct_100": {"pct_incorrect_examples": 0.7801923076923077, "std": 0.041780367547761425, "std_err": 0.0059686239353944895, "raw": [0.7692307692307692, 0.7115384615384616, 0.8365384615384616, 0.7692307692307692, 0.75, 0.8557692307692308, 0.8076923076923077, 0.7596153846153846, 0.7692307692307692, 0.7211538461538461, 0.7788461538461539, 0.7692307692307692, 0.7307692307692308, 0.7980769230769231, 0.7403846153846154, 0.7692307692307692, 0.8173076923076923, 0.8076923076923077, 0.8076923076923077, 0.8076923076923077, 0.7884615384615384, 0.7115384615384616, 0.7884615384615384, 0.7980769230769231, 0.7211538461538461, 0.7307692307692308, 0.7115384615384616, 0.8076923076923077, 0.8076923076923077, 0.7019230769230769, 0.75, 0.8076923076923077, 0.875, 0.7403846153846154, 0.7980769230769231, 0.7980769230769231, 0.7980769230769231, 0.8173076923076923, 0.7788461538461539, 0.7980769230769231, 0.7403846153846154, 0.7788461538461539, 0.7692307692307692, 0.8269230769230769, 0.8173076923076923, 0.75, 0.8557692307692308, 0.8365384615384616, 0.8173076923076923, 0.7115384615384616]}}