{"noise_pct_10": {"pct_incorrect_examples": 0.08076923076923079, "std": 0.016764995936694883, "std_err": 0.00838249796834744, "raw": [0.09615384615384615, 0.04807692307692313, 0.08653846153846156, 0.08653846153846156, 0.08653846153846156]}, "noise_pct_20": {"pct_incorrect_examples": 0.15384615384615385, "std": 0.02016940092634906, "std_err": 0.01008470046317453, "raw": [0.17307692307692313, 0.11538461538461542, 0.16346153846153844, 0.16346153846153844, 0.15384615384615385]}, "noise_pct_30": {"pct_incorrect_examples": 0.24230769230769228, "std": 0.018644922528524326, "std_err": 0.009322461264262161, "raw": [0.2596153846153846, 0.21153846153846156, 0.25, 0.2596153846153846, 0.23076923076923073]}, "noise_pct_40": {"pct_incorrect_examples": 0.3153846153846153, "std": 0.03064880278944081, "std_err": 0.015324401394720404, "raw": [0.3076923076923077, 0.28846153846153844, 0.34615384615384615, 0.3557692307692307, 0.27884615384615385]}, "noise_pct_50": {"pct_incorrect_examples": 0.39038461538461544, "std": 0.025512498387349224, "std_err": 0.012756249193674612, "raw": [0.3846153846153846, 0.3653846153846154, 0.4326923076923077, 0.40384615384615385, 0.3653846153846154]}, "noise_pct_60": {"pct_incorrect_examples": 0.4615384615384615, "std": 0.03217923178977213, "std_err": 0.016089615894886066, "raw": [0.47115384615384615, 0.41346153846153844, 0.5096153846153846, 0.47115384615384615, 0.4423076923076923]}, "noise_pct_70": {"pct_incorrect_examples": 0.5384615384615384, "std": 0.031008683647302113, "std_err": 0.015504341823651057, "raw": [0.5480769230769231, 0.4903846153846154, 0.5865384615384616, 0.5288461538461539, 0.5384615384615384]}, "noise_pct_80": {"pct_incorrect_examples": 0.6173076923076923, "std": 0.04097553029358176, "std_err": 0.02048776514679088, "raw": [0.6442307692307692, 0.5576923076923077, 0.6730769230769231, 0.625, 0.5865384615384616]}, "noise_pct_90": {"pct_incorrect_examples": 0.6903846153846154, "std": 0.045263854984383914, "std_err": 0.022631927492191957, "raw": [0.7211538461538461, 0.625, 0.75, 0.7019230769230769, 0.6538461538461539]}, "noise_pct_100": {"pct_incorrect_examples": 0.7673076923076924, "std": 0.040521745203279766, "std_err": 0.020260872601639883, "raw": [0.7692307692307692, 0.7115384615384616, 0.8365384615384616, 0.7692307692307692, 0.75]}}