{"noise_pct_10": {"pct_incorrect_examples": 0.08846153846153845, "std": 0.007195494974565282, "std_err": 0.0035977474872826406, "raw": [0.09615384615384615, 0.07692307692307687, 0.09615384615384615, 0.08653846153846156, 0.08653846153846156]}, "noise_pct_20": {"pct_incorrect_examples": 0.17500000000000004, "std": 0.0038461538461538325, "std_err": 0.001923076923076916, "raw": [0.1826923076923077, 0.17307692307692313, 0.17307692307692313, 0.17307692307692313, 0.17307692307692313]}, "noise_pct_30": {"pct_incorrect_examples": 0.2730769230769231, "std": 0.009805806756909197, "std_err": 0.004902903378454598, "raw": [0.28846153846153844, 0.2692307692307693, 0.27884615384615385, 0.2596153846153846, 0.2692307692307693]}, "noise_pct_40": {"pct_incorrect_examples": 0.35961538461538467, "std": 0.0130429422752409, "std_err": 0.00652147113762045, "raw": [0.3653846153846154, 0.3557692307692307, 0.375, 0.33653846153846156, 0.3653846153846154]}, "noise_pct_50": {"pct_incorrect_examples": 0.448076923076923, "std": 0.019799288732667317, "std_err": 0.009899644366333659, "raw": [0.46153846153846156, 0.45192307692307687, 0.47115384615384615, 0.41346153846153844, 0.4423076923076923]}, "noise_pct_60": {"pct_incorrect_examples": 0.5326923076923078, "std": 0.024777112936009853, "std_err": 0.012388556468004927, "raw": [0.5576923076923077, 0.5288461538461539, 0.5576923076923077, 0.4903846153846154, 0.5288461538461539]}, "noise_pct_70": {"pct_incorrect_examples": 0.6249999999999999, "std": 0.028523840334983338, "std_err": 0.014261920167491669, "raw": [0.6538461538461539, 0.625, 0.6538461538461539, 0.5769230769230769, 0.6153846153846154]}, "noise_pct_80": {"pct_incorrect_examples": 0.7211538461538461, "std": 0.03159937831760572, "std_err": 0.01579968915880286, "raw": [0.7596153846153846, 0.7211538461538461, 0.75, 0.6730769230769231, 0.7019230769230769]}, "noise_pct_90": {"pct_incorrect_examples": 0.8115384615384615, "std": 0.030769230769230778, "std_err": 0.015384615384615387, "raw": [0.8365384615384616, 0.8173076923076923, 0.8461538461538461, 0.7596153846153846, 0.7980769230769231]}, "noise_pct_100": {"pct_incorrect_examples": 0.9115384615384615, "std": 0.026085884550481792, "std_err": 0.013042942275240896, "raw": [0.9230769230769231, 0.9230769230769231, 0.9423076923076923, 0.8653846153846154, 0.9038461538461539]}}