{"noise_pct_95": {"pct_incorrect_examples": 0.8648076923076924, "std": 0.025901640303544516, "std_err": 0.0037002343290777878, "raw": [0.875, 0.8653846153846154, 0.8846153846153846, 0.8076923076923077, 0.8461538461538461, 0.8653846153846154, 0.875, 0.8653846153846154, 0.9134615384615384, 0.8173076923076923, 0.875, 0.8557692307692308, 0.8173076923076923, 0.8942307692307693, 0.8269230769230769, 0.8173076923076923, 0.8942307692307693, 0.8846153846153846, 0.875, 0.9038461538461539, 0.8269230769230769, 0.8557692307692308, 0.9038461538461539, 0.8653846153846154, 0.8653846153846154, 0.8942307692307693, 0.8269230769230769, 0.875, 0.8846153846153846, 0.8461538461538461, 0.8461538461538461, 0.8846153846153846, 0.8653846153846154, 0.8653846153846154, 0.8653846153846154, 0.8269230769230769, 0.8846153846153846, 0.8461538461538461, 0.8653846153846154, 0.8846153846153846, 0.8461538461538461, 0.875, 0.875, 0.8557692307692308, 0.9038461538461539, 0.8942307692307693, 0.8653846153846154, 0.8653846153846154, 0.8942307692307693, 0.8269230769230769]}, "noise_pct_96": {"pct_incorrect_examples": 0.8740384615384617, "std": 0.025602936453258358, "std_err": 0.0036575623504654796, "raw": [0.8846153846153846, 0.875, 0.8942307692307693, 0.8173076923076923, 0.8557692307692308, 0.875, 0.8846153846153846, 0.875, 0.9230769230769231, 0.8269230769230769, 0.8846153846153846, 0.8653846153846154, 0.8269230769230769, 0.9038461538461539, 0.8365384615384616, 0.8269230769230769, 0.9038461538461539, 0.8942307692307693, 0.8846153846153846, 0.9134615384615384, 0.8365384615384616, 0.8653846153846154, 0.9134615384615384, 0.875, 0.875, 0.9038461538461539, 0.8365384615384616, 0.8846153846153846, 0.8846153846153846, 0.8557692307692308, 0.8557692307692308, 0.8942307692307693, 0.875, 0.875, 0.875, 0.8365384615384616, 0.8942307692307693, 0.8557692307692308, 0.875, 0.8942307692307693, 0.8557692307692308, 0.8846153846153846, 0.8846153846153846, 0.8653846153846154, 0.9134615384615384, 0.8942307692307693, 0.875, 0.875, 0.9038461538461539, 0.8365384615384616]}, "noise_pct_97": {"pct_incorrect_examples": 0.8830769230769231, "std": 0.02604047827663194, "std_err": 0.003720068325233134, "raw": [0.8846153846153846, 0.8846153846153846, 0.9038461538461539, 0.8269230769230769, 0.8653846153846154, 0.8846153846153846, 0.8942307692307693, 0.8846153846153846, 0.9326923076923077, 0.8365384615384616, 0.8942307692307693, 0.875, 0.8365384615384616, 0.9134615384615384, 0.8365384615384616, 0.8365384615384616, 0.9134615384615384, 0.9038461538461539, 0.8942307692307693, 0.9230769230769231, 0.8461538461538461, 0.875, 0.9230769230769231, 0.8846153846153846, 0.8846153846153846, 0.9134615384615384, 0.8461538461538461, 0.8942307692307693, 0.8942307692307693, 0.8653846153846154, 0.8653846153846154, 0.9038461538461539, 0.8846153846153846, 0.8846153846153846, 0.8846153846153846, 0.8461538461538461, 0.9038461538461539, 0.8557692307692308, 0.8846153846153846, 0.9038461538461539, 0.8653846153846154, 0.8942307692307693, 0.8942307692307693, 0.875, 0.9230769230769231, 0.9038461538461539, 0.8846153846153846, 0.8846153846153846, 0.9134615384615384, 0.8461538461538461]}, "noise_pct_98": {"pct_incorrect_examples": 0.8917307692307692, "std": 0.02663374755598129, "std_err": 0.003804821079425899, "raw": [0.8942307692307693, 0.8942307692307693, 0.9134615384615384, 0.8365384615384616, 0.875, 0.8942307692307693, 0.8942307692307693, 0.8942307692307693, 0.9423076923076923, 0.8461538461538461, 0.9038461538461539, 0.8846153846153846, 0.8461538461538461, 0.9230769230769231, 0.8365384615384616, 0.8461538461538461, 0.9230769230769231, 0.9134615384615384, 0.8942307692307693, 0.9326923076923077, 0.8557692307692308, 0.8846153846153846, 0.9326923076923077, 0.8942307692307693, 0.8846153846153846, 0.9230769230769231, 0.8461538461538461, 0.9038461538461539, 0.9038461538461539, 0.875, 0.875, 0.9134615384615384, 0.8942307692307693, 0.8942307692307693, 0.8942307692307693, 0.8557692307692308, 0.9134615384615384, 0.8653846153846154, 0.8942307692307693, 0.9134615384615384, 0.875, 0.9038461538461539, 0.9038461538461539, 0.8846153846153846, 0.9326923076923077, 0.9134615384615384, 0.8942307692307693, 0.8942307692307693, 0.9230769230769231, 0.8557692307692308]}, "noise_pct_99": {"pct_incorrect_examples": 0.9011538461538461, "std": 0.026300493841967313, "std_err": 0.00375721340599533, "raw": [0.9038461538461539, 0.9038461538461539, 0.9230769230769231, 0.8461538461538461, 0.8846153846153846, 0.9038461538461539, 0.9038461538461539, 0.9038461538461539, 0.9423076923076923, 0.8557692307692308, 0.9134615384615384, 0.8942307692307693, 0.8557692307692308, 0.9326923076923077, 0.8461538461538461, 0.8557692307692308, 0.9326923076923077, 0.9230769230769231, 0.9038461538461539, 0.9423076923076923, 0.8653846153846154, 0.8942307692307693, 0.9423076923076923, 0.9038461538461539, 0.8942307692307693, 0.9326923076923077, 0.8557692307692308, 0.9134615384615384, 0.9134615384615384, 0.8846153846153846, 0.8846153846153846, 0.9230769230769231, 0.9038461538461539, 0.9038461538461539, 0.9038461538461539, 0.8653846153846154, 0.9230769230769231, 0.875, 0.9038461538461539, 0.9230769230769231, 0.8846153846153846, 0.9134615384615384, 0.9134615384615384, 0.8942307692307693, 0.9423076923076923, 0.9230769230769231, 0.9038461538461539, 0.9038461538461539, 0.9326923076923077, 0.8653846153846154]}, "noise_pct_100": {"pct_incorrect_examples": 0.9196153846153848, "std": 0.026630275958636554, "std_err": 0.003804325136948079, "raw": [0.9230769230769231, 0.9230769230769231, 0.9423076923076923, 0.8653846153846154, 0.9038461538461539, 0.9134615384615384, 0.9134615384615384, 0.9230769230769231, 0.9615384615384616, 0.875, 0.9230769230769231, 0.9134615384615384, 0.875, 0.9519230769230769, 0.8653846153846154, 0.875, 0.9519230769230769, 0.9423076923076923, 0.9230769230769231, 0.9615384615384616, 0.8846153846153846, 0.9134615384615384, 0.9615384615384616, 0.9230769230769231, 0.9134615384615384, 0.9519230769230769, 0.8653846153846154, 0.9326923076923077, 0.9326923076923077, 0.9038461538461539, 0.9038461538461539, 0.9423076923076923, 0.9230769230769231, 0.9230769230769231, 0.9230769230769231, 0.8846153846153846, 0.9423076923076923, 0.8942307692307693, 0.9230769230769231, 0.9423076923076923, 0.9038461538461539, 0.9326923076923077, 0.9326923076923077, 0.9134615384615384, 0.9615384615384616, 0.9423076923076923, 0.9230769230769231, 0.9230769230769231, 0.9519230769230769, 0.8846153846153846]}}