{"noise_pct_95": {"pct_incorrect_examples": 0.8224999999999999, "std": 0.029867186284751494, "std_err": 0.0042667408978216415, "raw": [0.7980769230769231, 0.7884615384615384, 0.7884615384615384, 0.7980769230769231, 0.8269230769230769, 0.8557692307692308, 0.8653846153846154, 0.8653846153846154, 0.8365384615384616, 0.7980769230769231, 0.8076923076923077, 0.8365384615384616, 0.8173076923076923, 0.8365384615384616, 0.7980769230769231, 0.8461538461538461, 0.8076923076923077, 0.8365384615384616, 0.7788461538461539, 0.8557692307692308, 0.8365384615384616, 0.7980769230769231, 0.8269230769230769, 0.8557692307692308, 0.8173076923076923, 0.8076923076923077, 0.8173076923076923, 0.8173076923076923, 0.7596153846153846, 0.8365384615384616, 0.8461538461538461, 0.7788461538461539, 0.8942307692307693, 0.8461538461538461, 0.7788461538461539, 0.8076923076923077, 0.8173076923076923, 0.8653846153846154, 0.8461538461538461, 0.8557692307692308, 0.8173076923076923, 0.8076923076923077, 0.7980769230769231, 0.8076923076923077, 0.8076923076923077, 0.8076923076923077, 0.8846153846153846, 0.8461538461538461, 0.8365384615384616, 0.7596153846153846]}, "noise_pct_96": {"pct_incorrect_examples": 0.8315384615384613, "std": 0.030360262879793685, "std_err": 0.0043371804113990975, "raw": [0.8076923076923077, 0.7980769230769231, 0.7980769230769231, 0.8076923076923077, 0.8365384615384616, 0.8653846153846154, 0.875, 0.875, 0.8365384615384616, 0.8076923076923077, 0.8173076923076923, 0.8461538461538461, 0.8269230769230769, 0.8461538461538461, 0.8076923076923077, 0.8557692307692308, 0.8173076923076923, 0.8461538461538461, 0.7884615384615384, 0.8653846153846154, 0.8461538461538461, 0.8076923076923077, 0.8365384615384616, 0.8653846153846154, 0.8269230769230769, 0.8173076923076923, 0.8269230769230769, 0.8269230769230769, 0.7596153846153846, 0.8461538461538461, 0.8557692307692308, 0.7884615384615384, 0.9038461538461539, 0.8557692307692308, 0.7884615384615384, 0.8173076923076923, 0.8269230769230769, 0.875, 0.8557692307692308, 0.8653846153846154, 0.8269230769230769, 0.8173076923076923, 0.8076923076923077, 0.8173076923076923, 0.8173076923076923, 0.8076923076923077, 0.8942307692307693, 0.8557692307692308, 0.8461538461538461, 0.7692307692307692]}, "noise_pct_97": {"pct_incorrect_examples": 0.8405769230769232, "std": 0.030411988643533953, "std_err": 0.004344569806219136, "raw": [0.8173076923076923, 0.8076923076923077, 0.8076923076923077, 0.8173076923076923, 0.8461538461538461, 0.875, 0.8846153846153846, 0.8846153846153846, 0.8461538461538461, 0.8173076923076923, 0.8269230769230769, 0.8557692307692308, 0.8365384615384616, 0.8557692307692308, 0.8173076923076923, 0.8653846153846154, 0.8173076923076923, 0.8557692307692308, 0.7980769230769231, 0.875, 0.8557692307692308, 0.8173076923076923, 0.8461538461538461, 0.875, 0.8365384615384616, 0.8269230769230769, 0.8365384615384616, 0.8365384615384616, 0.7692307692307692, 0.8557692307692308, 0.8653846153846154, 0.7980769230769231, 0.9134615384615384, 0.8653846153846154, 0.7980769230769231, 0.8269230769230769, 0.8365384615384616, 0.8846153846153846, 0.8557692307692308, 0.875, 0.8269230769230769, 0.8269230769230769, 0.8173076923076923, 0.8269230769230769, 0.8269230769230769, 0.8173076923076923, 0.9038461538461539, 0.8653846153846154, 0.8557692307692308, 0.7788461538461539]}, "noise_pct_98": {"pct_incorrect_examples": 0.8486538461538461, "std": 0.030997351480676026, "std_err": 0.004428193068668003, "raw": [0.8269230769230769, 0.8173076923076923, 0.8173076923076923, 0.8269230769230769, 0.8557692307692308, 0.875, 0.8942307692307693, 0.8942307692307693, 0.8557692307692308, 0.8269230769230769, 0.8365384615384616, 0.8557692307692308, 0.8365384615384616, 0.8653846153846154, 0.8269230769230769, 0.875, 0.8269230769230769, 0.8653846153846154, 0.7980769230769231, 0.8846153846153846, 0.8557692307692308, 0.8269230769230769, 0.8461538461538461, 0.8846153846153846, 0.8461538461538461, 0.8365384615384616, 0.8461538461538461, 0.8461538461538461, 0.7788461538461539, 0.8653846153846154, 0.875, 0.7980769230769231, 0.9230769230769231, 0.875, 0.7980769230769231, 0.8365384615384616, 0.8461538461538461, 0.8942307692307693, 0.8653846153846154, 0.8846153846153846, 0.8365384615384616, 0.8365384615384616, 0.8269230769230769, 0.8365384615384616, 0.8365384615384616, 0.8269230769230769, 0.9134615384615384, 0.875, 0.8653846153846154, 0.7884615384615384]}, "noise_pct_99": {"pct_incorrect_examples": 0.8576923076923078, "std": 0.030948994114290546, "std_err": 0.004421284873470078, "raw": [0.8365384615384616, 0.8269230769230769, 0.8269230769230769, 0.8365384615384616, 0.8653846153846154, 0.8846153846153846, 0.9038461538461539, 0.9038461538461539, 0.8653846153846154, 0.8365384615384616, 0.8461538461538461, 0.8653846153846154, 0.8461538461538461, 0.875, 0.8365384615384616, 0.8846153846153846, 0.8365384615384616, 0.875, 0.8076923076923077, 0.8942307692307693, 0.8653846153846154, 0.8365384615384616, 0.8557692307692308, 0.8942307692307693, 0.8557692307692308, 0.8461538461538461, 0.8557692307692308, 0.8557692307692308, 0.7884615384615384, 0.875, 0.875, 0.8076923076923077, 0.9326923076923077, 0.8846153846153846, 0.8076923076923077, 0.8461538461538461, 0.8557692307692308, 0.9038461538461539, 0.8653846153846154, 0.8942307692307693, 0.8461538461538461, 0.8461538461538461, 0.8365384615384616, 0.8461538461538461, 0.8461538461538461, 0.8269230769230769, 0.9230769230769231, 0.8846153846153846, 0.875, 0.7980769230769231]}, "noise_pct_100": {"pct_incorrect_examples": 0.875, "std": 0.030467268303374727, "std_err": 0.004352466900482104, "raw": [0.8557692307692308, 0.8461538461538461, 0.8461538461538461, 0.8557692307692308, 0.8846153846153846, 0.9038461538461539, 0.9230769230769231, 0.9230769230769231, 0.8846153846153846, 0.8557692307692308, 0.8557692307692308, 0.875, 0.8557692307692308, 0.8942307692307693, 0.8557692307692308, 0.9038461538461539, 0.8461538461538461, 0.8942307692307693, 0.8269230769230769, 0.9134615384615384, 0.875, 0.8557692307692308, 0.875, 0.9038461538461539, 0.875, 0.8653846153846154, 0.875, 0.875, 0.8076923076923077, 0.8942307692307693, 0.8846153846153846, 0.8269230769230769, 0.9519230769230769, 0.9038461538461539, 0.8269230769230769, 0.8653846153846154, 0.875, 0.9134615384615384, 0.875, 0.9038461538461539, 0.8653846153846154, 0.8653846153846154, 0.8557692307692308, 0.8653846153846154, 0.8653846153846154, 0.8461538461538461, 0.9423076923076923, 0.9038461538461539, 0.8942307692307693, 0.8173076923076923]}}