{"noise_pct_10": {"pct_incorrect_examples": 0.08653846153846152, "std": 0.008600261451922287, "std_err": 0.004300130725961144, "raw": [0.08653846153846156, 0.07692307692307687, 0.09615384615384615, 0.07692307692307687, 0.09615384615384615]}, "noise_pct_20": {"pct_incorrect_examples": 0.17500000000000002, "std": 0.00942111439531991, "std_err": 0.004710557197659955, "raw": [0.17307692307692313, 0.17307692307692313, 0.17307692307692313, 0.16346153846153844, 0.1923076923076923]}, "noise_pct_30": {"pct_incorrect_examples": 0.26730769230769225, "std": 0.014131671592979875, "std_err": 0.007065835796489937, "raw": [0.25, 0.2596153846153846, 0.27884615384615385, 0.2596153846153846, 0.28846153846153844]}, "noise_pct_40": {"pct_incorrect_examples": 0.34615384615384615, "std": 0.01608961589488609, "std_err": 0.008044807947443045, "raw": [0.32692307692307687, 0.33653846153846156, 0.3653846153846154, 0.33653846153846156, 0.3653846153846154]}, "noise_pct_50": {"pct_incorrect_examples": 0.4288461538461538, "std": 0.018842228790639817, "std_err": 0.009421114395319908, "raw": [0.41346153846153844, 0.41346153846153844, 0.45192307692307687, 0.41346153846153844, 0.45192307692307687]}, "noise_pct_60": {"pct_incorrect_examples": 0.5076923076923077, "std": 0.023864757011520892, "std_err": 0.011932378505760446, "raw": [0.4903846153846154, 0.4807692307692307, 0.5192307692307692, 0.5, 0.5480769230769231]}, "noise_pct_70": {"pct_incorrect_examples": 0.5903846153846153, "std": 0.023236626872297265, "std_err": 0.011618313436148631, "raw": [0.5865384615384616, 0.5769230769230769, 0.6057692307692308, 0.5576923076923077, 0.625]}, "noise_pct_80": {"pct_incorrect_examples": 0.6711538461538462, "std": 0.021414478318577016, "std_err": 0.010707239159288508, "raw": [0.6730769230769231, 0.6634615384615384, 0.6538461538461539, 0.6538461538461539, 0.7115384615384616]}, "noise_pct_90": {"pct_incorrect_examples": 0.7596153846153847, "std": 0.01923076923076925, "std_err": 0.009615384615384625, "raw": [0.75, 0.75, 0.75, 0.75, 0.7980769230769231]}, "noise_pct_100": {"pct_incorrect_examples": 0.8576923076923076, "std": 0.01413167159297986, "std_err": 0.007065835796489929, "raw": [0.8557692307692308, 0.8461538461538461, 0.8461538461538461, 0.8557692307692308, 0.8846153846153846]}}