{"noise_pct_10": {"pct_incorrect_examples": 0.0692307692307692, "std": 0.007195494974565246, "std_err": 0.0035977474872826228, "raw": [0.07692307692307687, 0.06730769230769229, 0.07692307692307687, 0.05769230769230771, 0.06730769230769229]}, "noise_pct_20": {"pct_incorrect_examples": 0.12692307692307692, "std": 0.009421114395319882, "std_err": 0.004710557197659941, "raw": [0.13461538461538458, 0.13461538461538458, 0.13461538461538458, 0.11538461538461542, 0.11538461538461542]}, "noise_pct_30": {"pct_incorrect_examples": 0.20192307692307693, "std": 0.017200522903844526, "std_err": 0.008600261451922261, "raw": [0.21153846153846156, 0.22115384615384615, 0.21153846153846156, 0.17307692307692313, 0.1923076923076923]}, "noise_pct_40": {"pct_incorrect_examples": 0.2576923076923077, "std": 0.01762529113444553, "std_err": 0.008812645567222764, "raw": [0.25, 0.27884615384615385, 0.27884615384615385, 0.24038461538461542, 0.24038461538461542]}, "noise_pct_50": {"pct_incorrect_examples": 0.32692307692307687, "std": 0.02192645048267573, "std_err": 0.010963225241337865, "raw": [0.33653846153846156, 0.32692307692307687, 0.3557692307692307, 0.28846153846153844, 0.32692307692307687]}, "noise_pct_60": {"pct_incorrect_examples": 0.3769230769230769, "std": 0.04142434467026542, "std_err": 0.02071217233513271, "raw": [0.41346153846153844, 0.33653846153846156, 0.4326923076923077, 0.32692307692307687, 0.375]}, "noise_pct_70": {"pct_incorrect_examples": 0.43076923076923085, "std": 0.04917966097132468, "std_err": 0.02458983048566234, "raw": [0.47115384615384615, 0.3942307692307693, 0.5, 0.3653846153846154, 0.42307692307692313]}, "noise_pct_80": {"pct_incorrect_examples": 0.49615384615384617, "std": 0.05036846482195693, "std_err": 0.02518423241097846, "raw": [0.5576923076923077, 0.45192307692307687, 0.5576923076923077, 0.45192307692307687, 0.46153846153846156]}, "noise_pct_90": {"pct_incorrect_examples": 0.5653846153846154, "std": 0.04317296984739164, "std_err": 0.02158648492369582, "raw": [0.5961538461538461, 0.5384615384615384, 0.6346153846153846, 0.5192307692307692, 0.5384615384615384]}, "noise_pct_100": {"pct_incorrect_examples": 0.6423076923076924, "std": 0.04317296984739161, "std_err": 0.021586484923695803, "raw": [0.6826923076923077, 0.625, 0.7019230769230769, 0.5865384615384616, 0.6153846153846154]}}