{"noise_pct_95": {"pct_incorrect_examples": 0.5926923076923077, "std": 0.038449998268711344, "std_err": 0.005492856895530192, "raw": [0.6346153846153846, 0.5673076923076923, 0.6634615384615384, 0.5480769230769231, 0.5865384615384616, 0.6634615384615384, 0.6346153846153846, 0.6057692307692308, 0.5480769230769231, 0.5673076923076923, 0.6057692307692308, 0.5576923076923077, 0.5961538461538461, 0.5673076923076923, 0.5384615384615384, 0.5576923076923077, 0.5769230769230769, 0.5769230769230769, 0.5769230769230769, 0.625, 0.5769230769230769, 0.5192307692307692, 0.5576923076923077, 0.5673076923076923, 0.5769230769230769, 0.5865384615384616, 0.5480769230769231, 0.6057692307692308, 0.625, 0.5961538461538461, 0.5673076923076923, 0.5480769230769231, 0.6826923076923077, 0.5865384615384616, 0.6634615384615384, 0.5961538461538461, 0.5961538461538461, 0.5865384615384616, 0.6634615384615384, 0.5673076923076923, 0.5673076923076923, 0.5576923076923077, 0.5961538461538461, 0.5961538461538461, 0.6730769230769231, 0.6634615384615384, 0.6153846153846154, 0.5769230769230769, 0.5961538461538461, 0.5769230769230769]}, "noise_pct_96": {"pct_incorrect_examples": 0.6005769230769231, "std": 0.03774378353141445, "std_err": 0.00539196907591635, "raw": [0.6442307692307692, 0.5769230769230769, 0.6730769230769231, 0.5576923076923077, 0.5961538461538461, 0.6730769230769231, 0.6442307692307692, 0.6153846153846154, 0.5576923076923077, 0.5769230769230769, 0.6153846153846154, 0.5673076923076923, 0.5961538461538461, 0.5769230769230769, 0.5480769230769231, 0.5673076923076923, 0.5865384615384616, 0.5769230769230769, 0.5865384615384616, 0.625, 0.5865384615384616, 0.5288461538461539, 0.5673076923076923, 0.5769230769230769, 0.5865384615384616, 0.5961538461538461, 0.5576923076923077, 0.6153846153846154, 0.625, 0.6057692307692308, 0.5769230769230769, 0.5576923076923077, 0.6923076923076923, 0.5961538461538461, 0.6634615384615384, 0.5961538461538461, 0.6057692307692308, 0.5961538461538461, 0.6634615384615384, 0.5673076923076923, 0.5769230769230769, 0.5673076923076923, 0.6057692307692308, 0.6057692307692308, 0.6826923076923077, 0.6730769230769231, 0.625, 0.5865384615384616, 0.5961538461538461, 0.5865384615384616]}, "noise_pct_97": {"pct_incorrect_examples": 0.6069230769230769, "std": 0.038202977051812366, "std_err": 0.005457568150258909, "raw": [0.6442307692307692, 0.5865384615384616, 0.6826923076923077, 0.5576923076923077, 0.6057692307692308, 0.6826923076923077, 0.6538461538461539, 0.625, 0.5673076923076923, 0.5865384615384616, 0.625, 0.5769230769230769, 0.5961538461538461, 0.5769230769230769, 0.5576923076923077, 0.5769230769230769, 0.5865384615384616, 0.5865384615384616, 0.5961538461538461, 0.6346153846153846, 0.5865384615384616, 0.5288461538461539, 0.5769230769230769, 0.5865384615384616, 0.5961538461538461, 0.6057692307692308, 0.5673076923076923, 0.6153846153846154, 0.6346153846153846, 0.6057692307692308, 0.5865384615384616, 0.5673076923076923, 0.7019230769230769, 0.6057692307692308, 0.6730769230769231, 0.6057692307692308, 0.6057692307692308, 0.6057692307692308, 0.6730769230769231, 0.5673076923076923, 0.5769230769230769, 0.5673076923076923, 0.6057692307692308, 0.6153846153846154, 0.6826923076923077, 0.6730769230769231, 0.6346153846153846, 0.5961538461538461, 0.5961538461538461, 0.5961538461538461]}, "noise_pct_98": {"pct_incorrect_examples": 0.6132692307692308, "std": 0.039142528967409565, "std_err": 0.005591789852487081, "raw": [0.6538461538461539, 0.5961538461538461, 0.6923076923076923, 0.5673076923076923, 0.6057692307692308, 0.6923076923076923, 0.6538461538461539, 0.6346153846153846, 0.5673076923076923, 0.5961538461538461, 0.6346153846153846, 0.5865384615384616, 0.5961538461538461, 0.5769230769230769, 0.5576923076923077, 0.5769230769230769, 0.5865384615384616, 0.5961538461538461, 0.5961538461538461, 0.6346153846153846, 0.5865384615384616, 0.5384615384615384, 0.5865384615384616, 0.5961538461538461, 0.6057692307692308, 0.6153846153846154, 0.5673076923076923, 0.625, 0.6442307692307692, 0.6153846153846154, 0.5961538461538461, 0.5769230769230769, 0.7115384615384616, 0.6153846153846154, 0.6730769230769231, 0.6153846153846154, 0.6057692307692308, 0.6153846153846154, 0.6826923076923077, 0.5673076923076923, 0.5865384615384616, 0.5769230769230769, 0.6153846153846154, 0.625, 0.6923076923076923, 0.6826923076923077, 0.6346153846153846, 0.5961538461538461, 0.6057692307692308, 0.6057692307692308]}, "noise_pct_99": {"pct_incorrect_examples": 0.6203846153846154, "std": 0.039609783024432264, "std_err": 0.005658540432061752, "raw": [0.6634615384615384, 0.6057692307692308, 0.6923076923076923, 0.5769230769230769, 0.6153846153846154, 0.7019230769230769, 0.6634615384615384, 0.6442307692307692, 0.5673076923076923, 0.6057692307692308, 0.6442307692307692, 0.5961538461538461, 0.5961538461538461, 0.5769230769230769, 0.5576923076923077, 0.5865384615384616, 0.5961538461538461, 0.6057692307692308, 0.6057692307692308, 0.6442307692307692, 0.5961538461538461, 0.5480769230769231, 0.5961538461538461, 0.5961538461538461, 0.6153846153846154, 0.6153846153846154, 0.5769230769230769, 0.6346153846153846, 0.6442307692307692, 0.625, 0.5961538461538461, 0.5769230769230769, 0.7211538461538461, 0.625, 0.6826923076923077, 0.625, 0.6153846153846154, 0.625, 0.6826923076923077, 0.5769230769230769, 0.5865384615384616, 0.5865384615384616, 0.625, 0.6346153846153846, 0.7019230769230769, 0.6923076923076923, 0.6346153846153846, 0.6057692307692308, 0.6153846153846154, 0.6153846153846154]}, "noise_pct_100": {"pct_incorrect_examples": 0.633653846153846, "std": 0.03861747236158307, "std_err": 0.005516781765940439, "raw": [0.6826923076923077, 0.625, 0.7019230769230769, 0.5865384615384616, 0.6153846153846154, 0.7019230769230769, 0.6826923076923077, 0.6634615384615384, 0.5865384615384616, 0.6153846153846154, 0.6538461538461539, 0.6057692307692308, 0.6057692307692308, 0.5961538461538461, 0.5769230769230769, 0.6057692307692308, 0.6153846153846154, 0.6153846153846154, 0.6153846153846154, 0.6634615384615384, 0.6057692307692308, 0.5673076923076923, 0.6153846153846154, 0.6153846153846154, 0.6153846153846154, 0.6346153846153846, 0.5865384615384616, 0.6346153846153846, 0.6634615384615384, 0.6346153846153846, 0.6153846153846154, 0.5865384615384616, 0.7403846153846154, 0.6346153846153846, 0.6826923076923077, 0.6442307692307692, 0.625, 0.6346153846153846, 0.6923076923076923, 0.5961538461538461, 0.6057692307692308, 0.5961538461538461, 0.6346153846153846, 0.6538461538461539, 0.7211538461538461, 0.6923076923076923, 0.6538461538461539, 0.6153846153846154, 0.6346153846153846, 0.6346153846153846]}}