{"noise_pct_95": {"pct_incorrect_examples": 0.6130769230769231, "std": 0.046015819250577024, "std_err": 0.006573688464368146, "raw": [0.7211538461538461, 0.5673076923076923, 0.6153846153846154, 0.6442307692307692, 0.5480769230769231, 0.6826923076923077, 0.6538461538461539, 0.6153846153846154, 0.625, 0.5, 0.5961538461538461, 0.5865384615384616, 0.5192307692307692, 0.6346153846153846, 0.5480769230769231, 0.6057692307692308, 0.625, 0.5192307692307692, 0.6057692307692308, 0.625, 0.6442307692307692, 0.625, 0.6346153846153846, 0.6634615384615384, 0.5961538461538461, 0.6442307692307692, 0.5769230769230769, 0.6346153846153846, 0.5673076923076923, 0.6153846153846154, 0.6730769230769231, 0.625, 0.6634615384615384, 0.6057692307692308, 0.6442307692307692, 0.6634615384615384, 0.6730769230769231, 0.6153846153846154, 0.6826923076923077, 0.6442307692307692, 0.625, 0.6153846153846154, 0.5865384615384616, 0.625, 0.5961538461538461, 0.5384615384615384, 0.6442307692307692, 0.5769230769230769, 0.5576923076923077, 0.5576923076923077]}, "noise_pct_96": {"pct_incorrect_examples": 0.6209615384615385, "std": 0.04579548374415262, "std_err": 0.006542211963450374, "raw": [0.7307692307692308, 0.5769230769230769, 0.625, 0.6538461538461539, 0.5576923076923077, 0.6923076923076923, 0.6634615384615384, 0.625, 0.625, 0.5096153846153846, 0.6057692307692308, 0.5961538461538461, 0.5288461538461539, 0.6442307692307692, 0.5576923076923077, 0.6057692307692308, 0.6346153846153846, 0.5288461538461539, 0.6153846153846154, 0.6346153846153846, 0.6442307692307692, 0.6346153846153846, 0.6442307692307692, 0.6730769230769231, 0.6057692307692308, 0.6538461538461539, 0.5865384615384616, 0.6442307692307692, 0.5769230769230769, 0.625, 0.6730769230769231, 0.625, 0.6730769230769231, 0.6153846153846154, 0.6538461538461539, 0.6730769230769231, 0.6730769230769231, 0.625, 0.6923076923076923, 0.6538461538461539, 0.6346153846153846, 0.6153846153846154, 0.5865384615384616, 0.6346153846153846, 0.6057692307692308, 0.5480769230769231, 0.6538461538461539, 0.5865384615384616, 0.5576923076923077, 0.5673076923076923]}, "noise_pct_97": {"pct_incorrect_examples": 0.628653846153846, "std": 0.04534099925032256, "std_err": 0.006477285607188937, "raw": [0.7307692307692308, 0.5865384615384616, 0.6346153846153846, 0.6538461538461539, 0.5673076923076923, 0.7019230769230769, 0.6730769230769231, 0.6346153846153846, 0.6346153846153846, 0.5192307692307692, 0.6153846153846154, 0.6057692307692308, 0.5384615384615384, 0.6538461538461539, 0.5576923076923077, 0.6153846153846154, 0.6442307692307692, 0.5384615384615384, 0.625, 0.6442307692307692, 0.6442307692307692, 0.6442307692307692, 0.6538461538461539, 0.6730769230769231, 0.6153846153846154, 0.6634615384615384, 0.5961538461538461, 0.6538461538461539, 0.5865384615384616, 0.625, 0.6826923076923077, 0.6346153846153846, 0.6730769230769231, 0.625, 0.6634615384615384, 0.6826923076923077, 0.6826923076923077, 0.6346153846153846, 0.7019230769230769, 0.6538461538461539, 0.6442307692307692, 0.625, 0.5865384615384616, 0.6442307692307692, 0.6153846153846154, 0.5576923076923077, 0.6634615384615384, 0.5961538461538461, 0.5576923076923077, 0.5769230769230769]}, "noise_pct_98": {"pct_incorrect_examples": 0.6349999999999999, "std": 0.04439601240156331, "std_err": 0.006342287485937616, "raw": [0.7307692307692308, 0.5961538461538461, 0.6442307692307692, 0.6538461538461539, 0.5769230769230769, 0.7019230769230769, 0.6826923076923077, 0.6442307692307692, 0.6442307692307692, 0.5288461538461539, 0.625, 0.6057692307692308, 0.5480769230769231, 0.6634615384615384, 0.5673076923076923, 0.6153846153846154, 0.6442307692307692, 0.5480769230769231, 0.625, 0.6442307692307692, 0.6538461538461539, 0.6442307692307692, 0.6538461538461539, 0.6730769230769231, 0.625, 0.6730769230769231, 0.5961538461538461, 0.6634615384615384, 0.5961538461538461, 0.6346153846153846, 0.6923076923076923, 0.6442307692307692, 0.6826923076923077, 0.6346153846153846, 0.6634615384615384, 0.6923076923076923, 0.6923076923076923, 0.6442307692307692, 0.7115384615384616, 0.6538461538461539, 0.6538461538461539, 0.6346153846153846, 0.5961538461538461, 0.6538461538461539, 0.6153846153846154, 0.5673076923076923, 0.6634615384615384, 0.6057692307692308, 0.5673076923076923, 0.5769230769230769]}, "noise_pct_99": {"pct_incorrect_examples": 0.6417307692307692, "std": 0.04376045944286791, "std_err": 0.006251494206123987, "raw": [0.7403846153846154, 0.5961538461538461, 0.6442307692307692, 0.6634615384615384, 0.5865384615384616, 0.7115384615384616, 0.6923076923076923, 0.6538461538461539, 0.6442307692307692, 0.5384615384615384, 0.6346153846153846, 0.6153846153846154, 0.5576923076923077, 0.6634615384615384, 0.5673076923076923, 0.625, 0.6538461538461539, 0.5576923076923077, 0.6346153846153846, 0.6442307692307692, 0.6634615384615384, 0.6442307692307692, 0.6538461538461539, 0.6826923076923077, 0.6346153846153846, 0.6826923076923077, 0.6057692307692308, 0.6730769230769231, 0.5961538461538461, 0.6442307692307692, 0.6923076923076923, 0.6442307692307692, 0.6923076923076923, 0.6442307692307692, 0.6634615384615384, 0.7019230769230769, 0.6923076923076923, 0.6538461538461539, 0.7115384615384616, 0.6634615384615384, 0.6634615384615384, 0.6442307692307692, 0.6057692307692308, 0.6634615384615384, 0.625, 0.5769230769230769, 0.6634615384615384, 0.6153846153846154, 0.5769230769230769, 0.5865384615384616]}, "noise_pct_100": {"pct_incorrect_examples": 0.6546153846153847, "std": 0.043930418354538044, "std_err": 0.0062757740506482924, "raw": [0.75, 0.6153846153846154, 0.6634615384615384, 0.6634615384615384, 0.5961538461538461, 0.7211538461538461, 0.6923076923076923, 0.6730769230769231, 0.6634615384615384, 0.5576923076923077, 0.6346153846153846, 0.625, 0.5576923076923077, 0.6730769230769231, 0.5769230769230769, 0.6442307692307692, 0.6538461538461539, 0.5769230769230769, 0.6442307692307692, 0.6634615384615384, 0.6730769230769231, 0.6442307692307692, 0.6730769230769231, 0.7019230769230769, 0.6442307692307692, 0.7019230769230769, 0.6057692307692308, 0.6826923076923077, 0.6153846153846154, 0.6634615384615384, 0.7019230769230769, 0.6634615384615384, 0.7115384615384616, 0.6634615384615384, 0.6826923076923077, 0.7115384615384616, 0.7115384615384616, 0.6634615384615384, 0.7211538461538461, 0.6730769230769231, 0.6826923076923077, 0.6538461538461539, 0.6153846153846154, 0.6826923076923077, 0.6442307692307692, 0.5865384615384616, 0.6826923076923077, 0.625, 0.5961538461538461, 0.6057692307692308]}}