{"noise_pct_10": {"pct_incorrect_examples": 0.07307692307692308, "std": 0.0130429422752409, "std_err": 0.006521471137620449, "raw": [0.08653846153846156, 0.08653846153846156, 0.07692307692307687, 0.05769230769230771, 0.05769230769230771]}, "noise_pct_20": {"pct_incorrect_examples": 0.13461538461538458, "std": 0.018243909577894502, "std_err": 0.00912195478894725, "raw": [0.13461538461538458, 0.16346153846153844, 0.13461538461538458, 0.13461538461538458, 0.10576923076923073]}, "noise_pct_30": {"pct_incorrect_examples": 0.20769230769230768, "std": 0.03252218177939954, "std_err": 0.01626109088969977, "raw": [0.22115384615384615, 0.25, 0.1923076923076923, 0.22115384615384615, 0.15384615384615385]}, "noise_pct_40": {"pct_incorrect_examples": 0.26153846153846155, "std": 0.048038446141526116, "std_err": 0.024019223070763058, "raw": [0.28846153846153844, 0.28846153846153844, 0.25, 0.3076923076923077, 0.17307692307692313]}, "noise_pct_50": {"pct_incorrect_examples": 0.33076923076923076, "std": 0.036284542815602304, "std_err": 0.01814227140780115, "raw": [0.375, 0.3173076923076923, 0.33653846153846156, 0.3557692307692307, 0.2692307692307693]}, "noise_pct_60": {"pct_incorrect_examples": 0.39230769230769236, "std": 0.0423076923076923, "std_err": 0.021153846153846148, "raw": [0.45192307692307687, 0.3557692307692307, 0.3942307692307693, 0.42307692307692313, 0.33653846153846156]}, "noise_pct_70": {"pct_incorrect_examples": 0.45384615384615384, "std": 0.04765196805139948, "std_err": 0.02382598402569974, "raw": [0.5192307692307692, 0.42307692307692313, 0.45192307692307687, 0.4903846153846154, 0.3846153846153846]}, "noise_pct_80": {"pct_incorrect_examples": 0.5211538461538462, "std": 0.061838212272359735, "std_err": 0.03091910613617987, "raw": [0.6057692307692308, 0.47115384615384615, 0.5096153846153846, 0.5769230769230769, 0.4423076923076923]}, "noise_pct_90": {"pct_incorrect_examples": 0.5903846153846154, "std": 0.06159852837710374, "std_err": 0.03079926418855187, "raw": [0.6826923076923077, 0.5384615384615384, 0.5961538461538461, 0.625, 0.5096153846153846]}, "noise_pct_100": {"pct_incorrect_examples": 0.6576923076923077, "std": 0.05322443270422325, "std_err": 0.026612216352111626, "raw": [0.75, 0.6153846153846154, 0.6634615384615384, 0.6634615384615384, 0.5961538461538461]}}