{"noise_pct_10": {"digit_accuracy": 0.9052188075343436}, "noise_pct_20": {"digit_accuracy": 0.8155006373034981}, "noise_pct_30": {"digit_accuracy": 0.7269508568191474}, "noise_pct_40": {"digit_accuracy": 0.6361705140914885}, "noise_pct_50": {"digit_accuracy": 0.5465231553604305}, "noise_pct_60": {"digit_accuracy": 0.45595524713213426}, "noise_pct_70": {"digit_accuracy": 0.3677595241467214}, "noise_pct_80": {"digit_accuracy": 0.2787848746636454}, "noise_pct_90": {"digit_accuracy": 0.19016428267950716}, "noise_pct_100": {"digit_accuracy": 0.10168531369494406}}