{"noise_pct_10": {"digit_accuracy": {"mean": 0.9025832233510431, "std": 0.00216855647411623, "std_err": 0.001084278237058115, "raw": [0.9025851547764341, 0.8995783399911229, 0.9009966777408638, 0.9057250221043325, 0.9040309221424627]}, "digit_confidence_dist": {">0%": 0.0, ">25%": 0.0038088489304220737, ">50%": 0.02057221311838434, ">75%": 0.016940519952167943, ">90%": 0.01149298020284335, ">95%": 0.9471854377961823}}, "noise_pct_20": {"digit_accuracy": {"mean": 0.8148712296875165, "std": 0.0023720309742190264, "std_err": 0.001186015487109513, "raw": [0.8179296571618773, 0.8123612960497115, 0.8124031007751938, 0.8143236074270557, 0.8173384870237438]}, "digit_confidence_dist": {">0%": 0.0, ">25%": 0.007285530802958501, ">50%": 0.03698126577793525, ">75%": 0.031046547677045042, ">90%": 0.019177111475264626, ">95%": 0.9055095442667965}}, "noise_pct_30": {"digit_accuracy": {"mean": 0.7283980380035631, "std": 0.0022365267391715907, "std_err": 0.0011182633695857953, "raw": [0.7319427493620326, 0.7264758100310696, 0.7258028792912514, 0.7280061892130858, 0.7297625621203755]}, "digit_confidence_dist": {">0%": 0.0, ">25%": 0.011005801851277737, ">50%": 0.05314672926170335, ">75%": 0.04380176269985385, ">90%": 0.028123477567651357, ">95%": 0.8639222286195137}}, "noise_pct_40": {"digit_accuracy": {"mean": 0.64187776741267, "std": 0.0015647999131399037, "std_err": 0.0007823999565699519, "raw": [0.6429601686452902, 0.6391478029294274, 0.6410852713178294, 0.6430150309460654, 0.6431805632247377]}, "digit_confidence_dist": {">0%": 0.0, ">25%": 0.01481465078169981, ">50%": 0.07041941627175695, ">75%": 0.055649054431108555, ">90%": 0.03731343283582089, ">95%": 0.8218034456796138}}, "noise_pct_50": {"digit_accuracy": {"mean": 0.5551602909801645, "std": 0.0020717491722636685, "std_err": 0.001035874586131834, "raw": [0.5574170642405415, 0.551930758988016, 0.5535991140642303, 0.5568081343943413, 0.556046383213694]}, "digit_confidence_dist": {">0%": 0.0, ">25%": 0.019044244652110368, ">50%": 0.08645201293237079, ">75%": 0.06979937109703707, ">90%": 0.045573320341910625, ">95%": 0.7791310509765712}}, "noise_pct_60": {"digit_accuracy": {"mean": 0.46749381646058746, "std": 0.002257805670282596, "std_err": 0.001128902835141298, "raw": [0.47154110728947074, 0.4671549045716822, 0.4646733111849391, 0.46761715296198053, 0.4664826062948647]}, "digit_confidence_dist": {">0%": 0.0, ">25%": 0.022565215465698216, ">50%": 0.10374684441295008, ">75%": 0.08397183223349129, ">90%": 0.05447539749324594, ">95%": 0.7352407103946145}}, "noise_pct_70": {"digit_accuracy": {"mean": 0.37920576190508337, "std": 0.0021654061441771745, "std_err": 0.0010827030720885872, "raw": [0.3822256740264063, 0.380936529072348, 0.37829457364341085, 0.3785366931918656, 0.37603533959138596]}, "digit_confidence_dist": {">0%": 0.0, ">25%": 0.026462642278223127, ">50%": 0.12037734177775809, ">75%": 0.09829930466362549, ">90%": 0.06424110899508392, ">95%": 0.6906196022853094}}, "noise_pct_80": {"digit_accuracy": {"mean": 0.290959156769826, "std": 0.0022948407165169155, "std_err": 0.0011474203582584577, "raw": [0.2929102407633418, 0.29105636928539724, 0.29269102990033224, 0.29155614500442084, 0.2865819988956378]}, "digit_confidence_dist": {">0%": 0.0, ">25%": 0.03031578014969662, ">50%": 0.13618849373311484, ">75%": 0.11275964391691394, ">90%": 0.07294388591168785, ">95%": 0.6477921962885868}}, "noise_pct_90": {"digit_accuracy": {"mean": 0.2028016963761572, "std": 0.0024246917257906325, "std_err": 0.0012123458628953163, "raw": [0.20592477532453124, 0.20195295162006213, 0.20343300110741971, 0.20402298850574713, 0.19867476532302594]}, "digit_confidence_dist": {">0%": 0.0, ">25%": 0.03379246202223305, ">50%": 0.15286328003897426, ">75%": 0.12666637140705966, ">90%": 0.08118162894725187, ">95%": 0.6054962575844811}}, "noise_pct_100": {"digit_accuracy": {"mean": 0.115816140671822, "std": 0.0028327831134813282, "std_err": 0.001416391556740664, "raw": [0.11727504715411073, 0.11284953395472704, 0.11882613510520487, 0.11814765694076039, 0.111982330204307]}, "digit_confidence_dist": {">0%": 0.0, ">25%": 0.03768988883475796, ">50%": 0.16854156517117674, ">75%": 0.14050666548562823, ">90%": 0.09006156162806148, ">95%": 0.5632003188803756}}}