{"noise_pct_0": {"digit_accuracy": {"mean": 0.9913402142822625, "std": 0.001119311242572267, "std_err": 0.0005596556212861334, "raw": [0.9916786863419506, 0.9892365734576121, 0.9916943521594684, 0.9925950486295314, 0.9914964108227499]}, "digit_confidence_dist": {">0%": 0.0, ">25%": 0.0, ">50%": 0.003963860224102042, ">75%": 0.0027459143451880066, ">90%": 0.002635191992559458, ">95%": 0.9906550334381505}}}