{"noise_pct_10": {"correct": {"mean_penalty_ratio": 0.95625, "std": 0.008149003006503315, "std_err": 0.004074501503251658, "raw": [0.959375, 0.95625, 0.953125, 0.94375, 0.96875]}, "constant_correct": {"mean_penalty_ratio": 0.95625, "std": 0.008149003006503315, "std_err": 0.004074501503251658, "raw": [0.959375, 0.95625, 0.953125, 0.94375, 0.96875]}}, "noise_pct_20": {"correct": {"mean_penalty_ratio": 0.925, "std": 0.007905694150420972, "std_err": 0.003952847075210486, "raw": [0.93125, 0.93125, 0.91875, 0.9125, 0.93125]}, "constant_correct": {"mean_penalty_ratio": 0.925, "std": 0.007905694150420972, "std_err": 0.003952847075210486, "raw": [0.93125, 0.93125, 0.91875, 0.9125, 0.93125]}}, "noise_pct_30": {"correct": {"mean_penalty_ratio": 0.88125, "std": 0.009882117688026163, "std_err": 0.0049410588440130816, "raw": [0.878125, 0.896875, 0.86875, 0.875, 0.8875]}, "constant_correct": {"mean_penalty_ratio": 0.88125, "std": 0.009882117688026163, "std_err": 0.0049410588440130816, "raw": [0.878125, 0.896875, 0.86875, 0.875, 0.8875]}}, "noise_pct_40": {"correct": {"mean_penalty_ratio": 0.8293750000000001, "std": 0.010000000000000012, "std_err": 0.005000000000000006, "raw": [0.828125, 0.84375, 0.81875, 0.81875, 0.8375]}, "constant_correct": {"mean_penalty_ratio": 0.8293750000000001, "std": 0.010000000000000012, "std_err": 0.005000000000000006, "raw": [0.828125, 0.84375, 0.81875, 0.81875, 0.8375]}}, "noise_pct_50": {"correct": {"mean_penalty_ratio": 0.79375, "std": 0.011692679333668585, "std_err": 0.0058463396668342925, "raw": [0.7875, 0.8125, 0.778125, 0.790625, 0.8]}, "constant_correct": {"mean_penalty_ratio": 0.79375, "std": 0.011692679333668585, "std_err": 0.0058463396668342925, "raw": [0.7875, 0.8125, 0.778125, 0.790625, 0.8]}}, "noise_pct_60": {"correct": {"mean_penalty_ratio": 0.7537499999999999, "std": 0.012405895775799477, "std_err": 0.006202947887899738, "raw": [0.74375, 0.771875, 0.7375, 0.7625, 0.753125]}, "constant_correct": {"mean_penalty_ratio": 0.7537499999999999, "std": 0.012405895775799477, "std_err": 0.006202947887899738, "raw": [0.74375, 0.771875, 0.7375, 0.7625, 0.753125]}}, "noise_pct_70": {"correct": {"mean_penalty_ratio": 0.7056250000000001, "std": 0.012405895775799506, "std_err": 0.006202947887899753, "raw": [0.696875, 0.71875, 0.690625, 0.721875, 0.7]}, "constant_correct": {"mean_penalty_ratio": 0.7056250000000001, "std": 0.012405895775799506, "std_err": 0.006202947887899753, "raw": [0.696875, 0.71875, 0.690625, 0.721875, 0.7]}}, "noise_pct_80": {"correct": {"mean_penalty_ratio": 0.6581250000000001, "std": 0.01460415180693491, "std_err": 0.007302075903467455, "raw": [0.65625, 0.671875, 0.634375, 0.675, 0.653125]}, "constant_correct": {"mean_penalty_ratio": 0.6581250000000001, "std": 0.01460415180693491, "std_err": 0.007302075903467455, "raw": [0.65625, 0.671875, 0.634375, 0.675, 0.653125]}}, "noise_pct_90": {"correct": {"mean_penalty_ratio": 0.619375, "std": 0.021776564237730424, "std_err": 0.010888282118865212, "raw": [0.6125, 0.646875, 0.584375, 0.6375, 0.615625]}, "constant_correct": {"mean_penalty_ratio": 0.619375, "std": 0.021776564237730424, "std_err": 0.010888282118865212, "raw": [0.6125, 0.646875, 0.584375, 0.6375, 0.615625]}}, "noise_pct_95": {"correct": {"mean_penalty_ratio": 0.593125, "std": 0.021505813167606573, "std_err": 0.010752906583803285, "raw": [0.584375, 0.621875, 0.559375, 0.609375, 0.590625]}, "constant_correct": {"mean_penalty_ratio": 0.593125, "std": 0.021505813167606573, "std_err": 0.010752906583803285, "raw": [0.584375, 0.621875, 0.559375, 0.609375, 0.590625]}}, "noise_pct_96": {"correct": {"mean_penalty_ratio": 0.5887499999999999, "std": 0.020213702035995273, "std_err": 0.010106851017997636, "raw": [0.58125, 0.615625, 0.55625, 0.603125, 0.5875]}, "constant_correct": {"mean_penalty_ratio": 0.5887499999999999, "std": 0.020213702035995273, "std_err": 0.010106851017997636, "raw": [0.58125, 0.615625, 0.55625, 0.603125, 0.5875]}}, "noise_pct_97": {"correct": {"mean_penalty_ratio": 0.5862499999999999, "std": 0.020213702035995304, "std_err": 0.010106851017997652, "raw": [0.578125, 0.6125, 0.553125, 0.6, 0.5875]}, "constant_correct": {"mean_penalty_ratio": 0.5862499999999999, "std": 0.020213702035995304, "std_err": 0.010106851017997652, "raw": [0.578125, 0.6125, 0.553125, 0.6, 0.5875]}}, "noise_pct_98": {"correct": {"mean_penalty_ratio": 0.5775, "std": 0.020000000000000014, "std_err": 0.010000000000000005, "raw": [0.571875, 0.603125, 0.54375, 0.590625, 0.578125]}, "constant_correct": {"mean_penalty_ratio": 0.5775, "std": 0.020000000000000014, "std_err": 0.010000000000000005, "raw": [0.571875, 0.603125, 0.54375, 0.590625, 0.578125]}}, "noise_pct_99": {"correct": {"mean_penalty_ratio": 0.57125, "std": 0.02086039908534829, "std_err": 0.010430199542674145, "raw": [0.565625, 0.6, 0.5375, 0.584375, 0.56875]}, "constant_correct": {"mean_penalty_ratio": 0.57125, "std": 0.02086039908534829, "std_err": 0.010430199542674145, "raw": [0.565625, 0.6, 0.5375, 0.584375, 0.56875]}}, "noise_pct_100": {"correct": {"mean_penalty_ratio": 0.5668749999999999, "std": 0.020213702035995283, "std_err": 0.010106851017997642, "raw": [0.559375, 0.59375, 0.534375, 0.58125, 0.565625]}, "constant_correct": {"mean_penalty_ratio": 0.5668749999999999, "std": 0.020213702035995283, "std_err": 0.010106851017997642, "raw": [0.559375, 0.59375, 0.534375, 0.58125, 0.565625]}}}