{"noise_pct_0": {"correct": {"mean_penalty_ratio": 0.9943750000000001, "std": 0.003644344934278315, "std_err": 0.0018221724671391574, "raw": [0.996875, 0.99375, 0.990625, 0.990625, 1.0]}, "constant_correct": {"mean_penalty_ratio": 0.9943750000000001, "std": 0.003644344934278315, "std_err": 0.0018221724671391574, "raw": [0.996875, 0.99375, 0.990625, 0.990625, 1.0]}}}