{"noise_pct_10": {"accuracy": {"mean": 0.8320000000000001, "std": 1.1102230246251565e-16, "std_err": 5.551115123125783e-17, "raw": [0.832, 0.832, 0.832, 0.832, 0.832]}, "interpretability": {"num_rules": {"mean": 3.0, "std": 0.0, "std_err": 0.0, "raw": [3, 3, 3, 3, 3]}, "num_predicates": {"mean": 3.0, "std": 0.0, "std_err": 0.0, "raw": [3, 3, 3, 3, 3]}}, "learning_time": {"mean": 31.421691846847533, "std": 0.6570851420803211, "std_err": 0.3285425710401605, "raw": [31.29040002822876, 30.731598138809204, 30.74451732635498, 31.966116905212402, 32.375826835632324]}}, "noise_pct_20": {"accuracy": {"mean": 0.8320000000000001, "std": 1.1102230246251565e-16, "std_err": 5.551115123125783e-17, "raw": [0.832, 0.832, 0.832, 0.832, 0.832]}, "interpretability": {"num_rules": {"mean": 3.0, "std": 0.0, "std_err": 0.0, "raw": [3, 3, 3, 3, 3]}, "num_predicates": {"mean": 3.0, "std": 0.0, "std_err": 0.0, "raw": [3, 3, 3, 3, 3]}}, "learning_time": {"mean": 30.019805002212525, "std": 0.5295750976725062, "std_err": 0.2647875488362531, "raw": [30.248539924621582, 30.385499000549316, 30.165531158447266, 30.328346014022827, 28.97110891342163]}}, "noise_pct_30": {"accuracy": {"mean": 0.8320000000000001, "std": 1.1102230246251565e-16, "std_err": 5.551115123125783e-17, "raw": [0.832, 0.832, 0.832, 0.832, 0.832]}, "interpretability": {"num_rules": {"mean": 3.0, "std": 0.0, "std_err": 0.0, "raw": [3, 3, 3, 3, 3]}, "num_predicates": {"mean": 3.0, "std": 0.0, "std_err": 0.0, "raw": [3, 3, 3, 3, 3]}}, "learning_time": {"mean": 30.664322710037233, "std": 2.664513515489129, "std_err": 1.3322567577445645, "raw": [30.545292615890503, 27.29008197784424, 30.200227737426758, 29.80992102622986, 35.4760901927948]}}, "noise_pct_40": {"accuracy": {"mean": 0.8320000000000001, "std": 1.1102230246251565e-16, "std_err": 5.551115123125783e-17, "raw": [0.832, 0.832, 0.832, 0.832, 0.832]}, "interpretability": {"num_rules": {"mean": 3.0, "std": 0.0, "std_err": 0.0, "raw": [3, 3, 3, 3, 3]}, "num_predicates": {"mean": 3.0, "std": 0.0, "std_err": 0.0, "raw": [3, 3, 3, 3, 3]}}, "learning_time": {"mean": 33.06041054725647, "std": 0.7242670333498589, "std_err": 0.36213351667492943, "raw": [33.956549882888794, 32.301116943359375, 32.64758086204529, 33.91767621040344, 32.47912883758545]}}, "noise_pct_50": {"accuracy": {"mean": 0.8320000000000001, "std": 1.1102230246251565e-16, "std_err": 5.551115123125783e-17, "raw": [0.832, 0.832, 0.832, 0.832, 0.832]}, "interpretability": {"num_rules": {"mean": 3.0, "std": 0.0, "std_err": 0.0, "raw": [3, 3, 3, 3, 3]}, "num_predicates": {"mean": 3.0, "std": 0.0, "std_err": 0.0, "raw": [3, 3, 3, 3, 3]}}, "learning_time": {"mean": 28.302147388458252, "std": 1.4447306544865317, "std_err": 0.7223653272432659, "raw": [26.315698862075806, 29.629478931427002, 28.249818086624146, 30.15330195426941, 27.162439107894897]}}, "noise_pct_60": {"accuracy": {"mean": 0.8320000000000001, "std": 1.1102230246251565e-16, "std_err": 5.551115123125783e-17, "raw": [0.832, 0.832, 0.832, 0.832, 0.832]}, "interpretability": {"num_rules": {"mean": 3.0, "std": 0.0, "std_err": 0.0, "raw": [3, 3, 3, 3, 3]}, "num_predicates": {"mean": 3.0, "std": 0.0, "std_err": 0.0, "raw": [3, 3, 3, 3, 3]}}, "learning_time": {"mean": 27.724184036254883, "std": 1.3643989822659581, "std_err": 0.682199491132979, "raw": [26.59421992301941, 26.792944192886353, 28.57300591468811, 30.019822120666504, 26.640928030014038]}}, "noise_pct_70": {"accuracy": {"mean": 0.8320000000000001, "std": 1.1102230246251565e-16, "std_err": 5.551115123125783e-17, "raw": [0.832, 0.832, 0.832, 0.832, 0.832]}, "interpretability": {"num_rules": {"mean": 3.0, "std": 0.0, "std_err": 0.0, "raw": [3, 3, 3, 3, 3]}, "num_predicates": {"mean": 3.0, "std": 0.0, "std_err": 0.0, "raw": [3, 3, 3, 3, 3]}}, "learning_time": {"mean": 27.114540767669677, "std": 1.2025544387735136, "std_err": 0.6012772193867568, "raw": [27.72262692451477, 25.883235931396484, 25.469360828399658, 28.067946910858154, 28.42953324317932]}}, "noise_pct_80": {"accuracy": {"mean": 0.8320000000000001, "std": 1.1102230246251565e-16, "std_err": 5.551115123125783e-17, "raw": [0.832, 0.832, 0.832, 0.832, 0.832]}, "interpretability": {"num_rules": {"mean": 3.0, "std": 0.0, "std_err": 0.0, "raw": [3, 3, 3, 3, 3]}, "num_predicates": {"mean": 3.0, "std": 0.0, "std_err": 0.0, "raw": [3, 3, 3, 3, 3]}}, "learning_time": {"mean": 26.63131628036499, "std": 1.9225205815537127, "std_err": 0.9612602907768564, "raw": [23.968143224716187, 27.46589994430542, 25.397353410720825, 26.666074991226196, 29.659109830856323]}}, "noise_pct_90": {"accuracy": {"mean": 0.8320000000000001, "std": 1.1102230246251565e-16, "std_err": 5.551115123125783e-17, "raw": [0.832, 0.832, 0.832, 0.832, 0.832]}, "interpretability": {"num_rules": {"mean": 3.0, "std": 0.0, "std_err": 0.0, "raw": [3, 3, 3, 3, 3]}, "num_predicates": {"mean": 3.0, "std": 0.0, "std_err": 0.0, "raw": [3, 3, 3, 3, 3]}}, "learning_time": {"mean": 28.826790523529052, "std": 3.3710868015756628, "std_err": 1.6855434007878314, "raw": [35.21151828765869, 27.25370192527771, 25.510181188583374, 28.93493914604187, 27.223612070083618]}}}