{"noise_pct_0": {"accuracy": {"mean": 0.8320000000000001, "std": 1.1102230246251565e-16, "std_err": 5.551115123125783e-17, "raw": [0.832, 0.832, 0.832, 0.832, 0.832]}, "interpretability": {"num_rules": {"mean": 3.0, "std": 0.0, "std_err": 0.0, "raw": [3, 3, 3, 3, 3]}, "num_predicates": {"mean": 3.0, "std": 0.0, "std_err": 0.0, "raw": [3, 3, 3, 3, 3]}}, "learning_time": {"mean": 33.94788980484009, "std": 2.1758851386776987, "std_err": 1.0879425693388494, "raw": [33.512717962265015, 37.74545407295227, 34.659876108169556, 32.26728582382202, 31.554115056991577]}}}