{"noise_pct_10": {"accuracy": {"mean": 0.829, "std": 0.0, "std_err": 0.0, "raw": [0.829, 0.829, 0.829, 0.829, 0.829]}}, "noise_pct_20": {"accuracy": {"mean": 0.789, "std": 0.0, "std_err": 0.0, "raw": [0.789, 0.789, 0.789, 0.789, 0.789]}}, "noise_pct_30": {"accuracy": {"mean": 0.743, "std": 0.0, "std_err": 0.0, "raw": [0.743, 0.743, 0.743, 0.743, 0.743]}}, "noise_pct_40": {"accuracy": {"mean": 0.7, "std": 0.0, "std_err": 0.0, "raw": [0.7, 0.7, 0.7, 0.7, 0.7]}}, "noise_pct_50": {"accuracy": {"mean": 0.67, "std": 0.0, "std_err": 0.0, "raw": [0.67, 0.67, 0.67, 0.67, 0.67]}}, "noise_pct_60": {"accuracy": {"mean": 0.635, "std": 0.0, "std_err": 0.0, "raw": [0.635, 0.635, 0.635, 0.635, 0.635]}}, "noise_pct_70": {"accuracy": {"mean": 0.599, "std": 0.0, "std_err": 0.0, "raw": [0.599, 0.599, 0.599, 0.599, 0.599]}}, "noise_pct_80": {"accuracy": {"mean": 0.565, "std": 0.0, "std_err": 0.0, "raw": [0.565, 0.565, 0.565, 0.565, 0.565]}}, "noise_pct_90": {"accuracy": {"mean": 0.529, "std": 0.0040000000000000036, "std_err": 0.0020000000000000018, "raw": [0.531, 0.531, 0.531, 0.521, 0.531]}}, "noise_pct_100": {"accuracy": {"mean": 0.5, "std": 0.0, "std_err": 0.0, "raw": [0.5, 0.5, 0.5, 0.5, 0.5]}}}