{"noise_pct_0": {"accuracy": {"mean": 0.8699999999999999, "std": 1.1102230246251565e-16, "std_err": 5.551115123125783e-17, "raw": [0.87, 0.87, 0.87, 0.87, 0.87]}}}