{"noise_pct_10": {"accuracy": {"mean": 0.549, "std": 0.01634625339336202, "std_err": 0.00817312669668101, "raw": [0.529, 0.557, 0.571, 0.531, 0.557]}, "brier_score": {"mean": 0.7842649445515555, "std": 0.014268515002840642, "std_err": 0.00713425750142032, "raw": [0.7711655556977778, 0.7986111111288888, 0.7884444444488888, 0.7989925003133332, 0.7641111111688889]}}, "noise_pct_20": {"accuracy": {"mean": 0.5606, "std": 0.02385455931263453, "std_err": 0.011927279656317263, "raw": [0.518, 0.575, 0.573, 0.585, 0.552]}, "brier_score": {"mean": 0.7966909444942224, "std": 0.014660371383307396, "std_err": 0.007330185691653697, "raw": [0.8249547223911111, 0.7887777777822224, 0.792861111108889, 0.782861111108889, 0.7940000000799999]}}, "noise_pct_30": {"accuracy": {"mean": 0.5498000000000001, "std": 0.018519179247472053, "std_err": 0.009259589623736027, "raw": [0.517, 0.559, 0.556, 0.572, 0.545]}, "brier_score": {"mean": 0.8339702222511111, "std": 0.011760525276383578, "std_err": 0.005880262638191789, "raw": [0.8459066667666667, 0.8187777777955555, 0.83675, 0.82175, 0.8466666666933333]}}, "noise_pct_40": {"accuracy": {"mean": 0.5454000000000001, "std": 0.015704776343520455, "std_err": 0.007852388171760226, "raw": [0.52, 0.553, 0.556, 0.563, 0.535]}, "brier_score": {"mean": 0.8542193333533333, "std": 0.012177941371227881, "std_err": 0.006088970685613941, "raw": [0.8664300000666666, 0.84083333334, 0.8420555555577778, 0.8515, 0.8702777778022223]}}, "noise_pct_50": {"accuracy": {"mean": 0.5358, "std": 0.006493073232299177, "std_err": 0.003246536616149588, "raw": [0.53, 0.538, 0.539, 0.545, 0.527]}, "brier_score": {"mean": 0.8783888889111111, "std": 0.002745759917534753, "std_err": 0.0013728799587673765, "raw": [0.8733888888777779, 0.8796944444555556, 0.8808055555577777, 0.8805, 0.8775555556644444]}}, "noise_pct_60": {"accuracy": {"mean": 0.5232000000000001, "std": 0.009152048950918049, "std_err": 0.004576024475459024, "raw": [0.511, 0.532, 0.535, 0.516, 0.522]}, "brier_score": {"mean": 0.8991272778422221, "std": 0.006188499336243621, "std_err": 0.0030942496681218104, "raw": [0.9062822222844445, 0.8907222222244445, 0.89775, 0.9061111112155557, 0.8947708334866666]}}, "noise_pct_70": {"accuracy": {"mean": 0.517, "std": 0.009208691546577078, "std_err": 0.004604345773288539, "raw": [0.502, 0.516, 0.531, 0.518, 0.518]}, "brier_score": {"mean": 0.9359846666759999, "std": 0.010402043472563077, "std_err": 0.0052010217362815385, "raw": [0.9419511111355555, 0.9352500000066666, 0.9175, 0.94875, 0.9364722222377778]}}, "noise_pct_80": {"accuracy": {"mean": 0.5176000000000001, "std": 0.004923413450036472, "std_err": 0.002461706725018236, "raw": [0.527, 0.514, 0.518, 0.515, 0.514]}, "brier_score": {"mean": 0.9556388888897779, "std": 0.007904776645894672, "std_err": 0.003952388322947336, "raw": [0.94375, 0.95325, 0.9524444444488889, 0.96325, 0.9655]}}, "noise_pct_90": {"accuracy": {"mean": 0.5072, "std": 0.002227105745132011, "std_err": 0.0011135528725660054, "raw": [0.503, 0.509, 0.508, 0.507, 0.509]}, "brier_score": {"mean": 0.9794095555591111, "std": 0.002347547667881518, "std_err": 0.001173773833940759, "raw": [0.9796866666866667, 0.97625, 0.98, 0.977861111108889, 0.98325]}}, "noise_pct_100": {"accuracy": {"mean": 0.5, "std": 0.0, "std_err": 0.0, "raw": [0.5, 0.5, 0.5, 0.5, 0.5]}, "brier_score": {"mean": 0.9976840328650386, "std": 0.004631934269922944, "std_err": 0.002315967134961472, "raw": [1.0, 1.0, 0.9884201643251926, 1.0, 1.0]}}}