{"noise_pct_0": {"accuracy": {"mean": 0.568, "std": 0.031298562267299095, "std_err": 0.015649281133649547, "raw": [0.541, 0.599, 0.526, 0.568, 0.606]}, "brier_score": {"mean": 0.7436823334406668, "std": 0.021805391482733413, "std_err": 0.010902695741366705, "raw": [0.7630838891911113, 0.743861111108889, 0.7655222223877778, 0.7412222222844445, 0.7047222222311111]}}}