{"noise_pct_95": {"correct": {"mean_penalty_ratio": 0.13714162342686756, "std": 0.025733665243082814, "std_err": 0.003676237891868973, "raw": [0.12882819560196807, 0.13925049309664694, 0.11598191468448987, 0.19173602853745542, 0.15373751639261576, 0.13765182186234817, 0.12885771543086172, 0.13583091255133728, 0.08954332902198786, 0.18748128182090446, 0.12860811504879302, 0.14489095315024234, 0.1796183356285658, 0.10926858158128516, 0.17706576728499157, 0.18409671712207587, 0.1096012695893672, 0.11784307785519539, 0.12377402903099255, 0.10130289869710131, 0.17632661053456042, 0.14765824025083285, 0.09658305352557772, 0.1375, 0.14123441897868919, 0.10568621613575468, 0.17641904391003796, 0.12278630460448642, 0.11983676719418732, 0.1524690143615975, 0.1510013880626611, 0.11958783315168929, 0.1293284103382896, 0.13877182420228779, 0.13588258785942492, 0.1706357016335367, 0.11986912552052349, 0.1592337623466028, 0.13940594059405942, 0.11450917477188409, 0.16079097173674223, 0.12461523185383776, 0.1296812749003984, 0.14759668232237433, 0.09547184932879182, 0.10507898420315936, 0.13414034051766557, 0.13644042532048098, 0.10948319116909182, 0.17408784802492713]}, "constant_correct": {"mean_penalty_ratio": 0.1351923076923077, "std": 0.025901640303544506, "std_err": 0.0037002343290777864, "raw": [0.125, 0.1346153846153846, 0.11538461538461539, 0.19230769230769232, 0.15384615384615385, 0.1346153846153846, 0.125, 0.1346153846153846, 0.08653846153846154, 0.18269230769230768, 0.125, 0.14423076923076922, 0.18269230769230768, 0.10576923076923077, 0.17307692307692307, 0.18269230769230768, 0.10576923076923077, 0.11538461538461539, 0.125, 0.09615384615384616, 0.17307692307692307, 0.14423076923076922, 0.09615384615384616, 0.1346153846153846, 0.1346153846153846, 0.10576923076923077, 0.17307692307692307, 0.125, 0.11538461538461539, 0.15384615384615385, 0.15384615384615385, 0.11538461538461539, 0.1346153846153846, 0.1346153846153846, 0.1346153846153846, 0.17307692307692307, 0.11538461538461539, 0.15384615384615385, 0.1346153846153846, 0.11538461538461539, 0.15384615384615385, 0.125, 0.125, 0.14423076923076922, 0.09615384615384616, 0.10576923076923077, 0.1346153846153846, 0.1346153846153846, 0.10576923076923077, 0.17307692307692307]}}, "noise_pct_96": {"correct": {"mean_penalty_ratio": 0.12745056256720877, "std": 0.02547720277486838, "std_err": 0.003639600396409768, "raw": [0.1186866151220002, 0.12928994082840237, 0.10611723052714397, 0.1817281014665081, 0.1435633575464084, 0.12805783896206793, 0.1187374749498998, 0.12571371331263148, 0.07950248756218906, 0.17739842268144154, 0.1182331792501284, 0.13470665454912653, 0.16976492574013965, 0.09929918073240548, 0.16706349206349205, 0.17418657229922344, 0.09958341598889109, 0.10767676767676768, 0.11387935262383521, 0.0911019088980911, 0.1665034280117532, 0.13782962454661307, 0.08661728395061728, 0.127632101708383, 0.13108162444712504, 0.09567288606589916, 0.16658553208061533, 0.11286037587326576, 0.11605357856857257, 0.1425339366515837, 0.14098750743604996, 0.10959175584621482, 0.11926147704590818, 0.12865027596588058, 0.1259748050389922, 0.16069671324542412, 0.10985524489391235, 0.14917182199161844, 0.1294921294921295, 0.10439229843561973, 0.15071913703555734, 0.11459781529294935, 0.11963342962446459, 0.1375037473768362, 0.08536218815749926, 0.10507898420315936, 0.12420037397893909, 0.12640365696114478, 0.09935768767563227, 0.16393607397728416]}, "constant_correct": {"mean_penalty_ratio": 0.12596153846153846, "std": 0.025602936453258358, "std_err": 0.0036575623504654796, "raw": [0.11538461538461539, 0.125, 0.10576923076923077, 0.18269230769230768, 0.14423076923076922, 0.125, 0.11538461538461539, 0.125, 0.07692307692307693, 0.17307692307692307, 0.11538461538461539, 0.1346153846153846, 0.17307692307692307, 0.09615384615384616, 0.16346153846153846, 0.17307692307692307, 0.09615384615384616, 0.10576923076923077, 0.11538461538461539, 0.08653846153846154, 0.16346153846153846, 0.1346153846153846, 0.08653846153846154, 0.125, 0.125, 0.09615384615384616, 0.16346153846153846, 0.11538461538461539, 0.11538461538461539, 0.14423076923076922, 0.14423076923076922, 0.10576923076923077, 0.125, 0.125, 0.125, 0.16346153846153846, 0.10576923076923077, 0.14423076923076922, 0.125, 0.10576923076923077, 0.14423076923076922, 0.11538461538461539, 0.11538461538461539, 0.1346153846153846, 0.08653846153846154, 0.10576923076923077, 0.125, 0.125, 0.09615384615384616, 0.16346153846153846]}}, "noise_pct_97": {"correct": {"mean_penalty_ratio": 0.11808008416104426, "std": 0.026037602356615442, "std_err": 0.003719657479516491, "raw": [0.1186866151220002, 0.11934115790511884, 0.09622195985832349, 0.17197578644437828, 0.13337368845843423, 0.11805486778250966, 0.10861723446893788, 0.1156080945702264, 0.06945273631840795, 0.16733226837060702, 0.10785824345146379, 0.12450772493183884, 0.159846547314578, 0.08933859822309971, 0.16698085127492807, 0.1643404757224297, 0.089565562388415, 0.09747474747474748, 0.10417280314187531, 0.0809009190990809, 0.1566265060240964, 0.1279286344476032, 0.07664197530864197, 0.11812586857256303, 0.12092882991556092, 0.0856575682382134, 0.15676728334956183, 0.10293249360362133, 0.10595761695321872, 0.13259885894156995, 0.1315344020710943, 0.099603567888999, 0.10943282984895468, 0.11860325105358217, 0.11587682463507298, 0.15075772485731156, 0.09985126425384235, 0.14917182199161844, 0.11968691172099474, 0.09426393902928198, 0.14132289471042858, 0.10456802383316782, 0.10966135458167331, 0.1274235458724765, 0.075250501002004, 0.09550110463948584, 0.11426040744021258, 0.11637845358775592, 0.08923910861272837, 0.15379975874547647]}, "constant_correct": {"mean_penalty_ratio": 0.11692307692307695, "std": 0.02604047827663193, "std_err": 0.0037200683252331334, "raw": [0.11538461538461539, 0.11538461538461539, 0.09615384615384616, 0.17307692307692307, 0.1346153846153846, 0.11538461538461539, 0.10576923076923077, 0.11538461538461539, 0.0673076923076923, 0.16346153846153846, 0.10576923076923077, 0.125, 0.16346153846153846, 0.08653846153846154, 0.16346153846153846, 0.16346153846153846, 0.08653846153846154, 0.09615384615384616, 0.10576923076923077, 0.07692307692307693, 0.15384615384615385, 0.125, 0.07692307692307693, 0.11538461538461539, 0.11538461538461539, 0.08653846153846154, 0.15384615384615385, 0.10576923076923077, 0.10576923076923077, 0.1346153846153846, 0.1346153846153846, 0.09615384615384616, 0.11538461538461539, 0.11538461538461539, 0.11538461538461539, 0.15384615384615385, 0.09615384615384616, 0.14423076923076922, 0.11538461538461539, 0.09615384615384616, 0.1346153846153846, 0.10576923076923077, 0.10576923076923077, 0.125, 0.07692307692307693, 0.09615384615384616, 0.11538461538461539, 0.11538461538461539, 0.08653846153846154, 0.15384615384615385]}}, "noise_pct_98": {"correct": {"mean_penalty_ratio": 0.10903794313152564, "std": 0.026743969525194384, "std_err": 0.003820567075027769, "raw": [0.10854503464203233, 0.10937962323700562, 0.0862849271940181, 0.1622105158532949, 0.12319644839067703, 0.10806259904912836, 0.10852790860807696, 0.105489881787217, 0.059408896407602746, 0.15726410384423364, 0.09751335799424579, 0.11430879531455114, 0.1499262174126906, 0.07937604896830881, 0.16698085127492807, 0.15441321014350304, 0.07973752237025254, 0.08727272727272728, 0.10364475881717261, 0.07073565076798706, 0.14673327456166127, 0.11821305841924398, 0.06666666666666667, 0.10811079122406433, 0.12013281014186537, 0.07563275434243176, 0.15668516895510762, 0.09299350521550875, 0.09587123862841147, 0.12266378123155616, 0.12147764612167679, 0.0896025374169888, 0.0993297989396819, 0.10847967887606623, 0.10578942105789421, 0.14081873646919899, 0.08984529948433162, 0.13910787346572198, 0.10970171439896938, 0.08413557962294424, 0.13164786462530217, 0.09454762141225544, 0.09970089730807577, 0.11744697879151661, 0.06513678725323178, 0.08536707843728031, 0.10436152407206853, 0.10664806139738862, 0.0791085232406385, 0.14366140544887906]},