{"noise_pct_10": {"correct": {"mean_penalty_ratio": 0.9162874592228822, "std": 0.005276321448371081, "std_err": 0.0026381607241855406, "raw": [0.911685566019604, 0.9233701868089973, 0.9089951144745665, 0.9199385619660171, 0.9174478668452267]}, "constant_correct": {"mean_penalty_ratio": 0.9115384615384615, "std": 0.007195494974565282, "std_err": 0.0035977474872826414, "raw": [0.9038461538461539, 0.9230769230769231, 0.9038461538461539, 0.9134615384615384, 0.9134615384615384]}}, "noise_pct_20": {"correct": {"mean_penalty_ratio": 0.8320564187200385, "std": 0.0026281195581894733, "std_err": 0.0013140597790947364, "raw": [0.8309599922503148, 0.8282278843401087, 0.8362002319288752, 0.8332212508406187, 0.8316727342402759]}, "constant_correct": {"mean_penalty_ratio": 0.8249999999999998, "std": 0.003846153846153832, "std_err": 0.001923076923076916, "raw": [0.8173076923076923, 0.8269230769230769, 0.8269230769230769, 0.8269230769230769, 0.8269230769230769]}}, "noise_pct_30": {"correct": {"mean_penalty_ratio": 0.7360618606339892, "std": 0.006880119621360259, "std_err": 0.0034400598106801294, "raw": [0.7258330904498203, 0.7359431970830934, 0.7332814930015552, 0.7469925897411221, 0.7382589328943546]}, "constant_correct": {"mean_penalty_ratio": 0.7269230769230769, "std": 0.009805806756909197, "std_err": 0.004902903378454598, "raw": [0.7115384615384616, 0.7307692307692307, 0.7211538461538461, 0.7403846153846154, 0.7307692307692307]}}, "noise_pct_40": {"correct": {"mean_penalty_ratio": 0.6508372151239609, "std": 0.010704283001709928, "std_err": 0.005352141500854964, "raw": [0.65160406885759, 0.6489443378119002, 0.6362839614373357, 0.6694939759036145, 0.6478597316093643]}, "constant_correct": {"mean_penalty_ratio": 0.6403846153846153, "std": 0.0130429422752409, "std_err": 0.00652147113762045, "raw": [0.6346153846153846, 0.6442307692307693, 0.625, 0.6634615384615384, 0.6346153846153846]}}, "noise_pct_50": {"correct": {"mean_penalty_ratio": 0.561913402053167, "std": 0.017997017834049844, "std_err": 0.008998508917024922, "raw": [0.5537813479623824, 0.5543457313547889, 0.5390396252195979, 0.5918981931222072, 0.5705021126068586]}, "constant_correct": {"mean_penalty_ratio": 0.551923076923077, "std": 0.019799288732667317, "std_err": 0.009899644366333659, "raw": [0.5384615384615384, 0.5480769230769231, 0.5288461538461539, 0.5865384615384616, 0.5576923076923077]}}, "noise_pct_60": {"correct": {"mean_penalty_ratio": 0.47714186980496337, "std": 0.023123417060846814, "std_err": 0.011561708530423407, "raw": [0.456853291350979, 0.47731660231660233, 0.45054193926374375, 0.5157165169855525, 0.4852809991079393]}, "constant_correct": {"mean_penalty_ratio": 0.4673076923076923, "std": 0.02477711293600985, "std_err": 0.012388556468004925, "raw": [0.4423076923076923, 0.47115384615384615, 0.4423076923076923, 0.5096153846153846, 0.47115384615384615]}}, "noise_pct_70": {"correct": {"mean_penalty_ratio": 0.38345037473866445, "std": 0.027024886153780278, "std_err": 0.013512443076890139, "raw": [0.359375, 0.38117373619988376, 0.35309101596943276, 0.42819409117589513, 0.3954180303481107]}, "constant_correct": {"mean_penalty_ratio": 0.375, "std": 0.028523840334983324, "std_err": 0.014261920167491659, "raw": [0.34615384615384615, 0.375, 0.34615384615384615, 0.4230769230769231, 0.38461538461538464]}}, "noise_pct_80": {"correct": {"mean_penalty_ratio": 0.2855419325057271, "std": 0.02986696190644862, "std_err": 0.01493348095322431, "raw": [0.2520227749475577, 0.2858119324284738, 0.2547382893057056, 0.3305360845098233, 0.3046005813370753]}, "constant_correct": {"mean_penalty_ratio": 0.27884615384615385, "std": 0.03159937831760574, "std_err": 0.015799689158802865, "raw": [0.2403846153846154, 0.27884615384615385, 0.25, 0.3269230769230769, 0.2980769230769231]}}, "noise_pct_90": {"correct": {"mean_penalty_ratio": 0.19179917125490867, "std": 0.029830872796669464, "std_err": 0.01491543639833473, "raw": [0.16930792377131393, 0.18834741599528396, 0.15564508204775473, 0.2415090603030003, 0.2041863741571903]}, "constant_correct": {"mean_penalty_ratio": 0.18846153846153846, "std": 0.030769230769230767, "std_err": 0.015384615384615384, "raw": [0.16346153846153846, 0.18269230769230768, 0.15384615384615385, 0.2403846153846154, 0.20192307692307693]}}, "noise_pct_100": {"correct": {"mean_penalty_ratio": 0.08801910501314279, "std": 0.025070545710720708, "std_err": 0.012535272855360354, "raw": [0.07825387246026956, 0.08007948335817189, 0.05662983425414365, 0.13248928322201176, 0.09264305177111716]}, "constant_correct": {"mean_penalty_ratio": 0.08846153846153845, "std": 0.0260858845504818, "std_err": 0.013042942275240898, "raw": [0.07692307692307693, 0.07692307692307693, 0.057692307692307696, 0.1346153846153846, 0.09615384615384616]}}}