{"noise_pct_95": {"correct": {"mean_penalty_ratio": 0.17827187351920787, "std": 0.029460912416898983, "std_err": 0.004208701773842712, "raw": [0.20529215030493803, 0.21184758880730303, 0.21145113524185588, 0.20594965675057209, 0.17464398734177214, 0.1475393603327062, 0.13529930439894192, 0.13977103036336486, 0.1693740095087163, 0.20049067713444554, 0.19405802861685215, 0.16750171922585716, 0.17777777777777778, 0.16058823529411764, 0.2025948103792415, 0.15789995047052996, 0.19736842105263158, 0.16252006420545748, 0.22102478691094346, 0.14416112709594206, 0.16470353363944898, 0.19651092841387607, 0.1705653021442495, 0.1492224880382775, 0.18405754261503596, 0.18827130022707078, 0.1756662341551053, 0.1808836611643768, 0.2406585822734891, 0.16277920537655663, 0.15354017501988862, 0.21809972516686296, 0.10576635793247685, 0.15952452302467285, 0.22478188412900696, 0.19272142354478738, 0.1841874939220072, 0.1376219091715102, 0.15562524500196, 0.13815461346633418, 0.17731979291119077, 0.19173306772908366, 0.20266798418972332, 0.1968294604174872, 0.191453162530024, 0.19273770654002176, 0.1204434235493858, 0.15818595000494023, 0.16673306772908367, 0.24499411071849234]}, "constant_correct": {"mean_penalty_ratio": 0.1775, "std": 0.029867186284751494, "std_err": 0.0042667408978216415, "raw": [0.20192307692307693, 0.21153846153846154, 0.21153846153846154, 0.20192307692307693, 0.17307692307692307, 0.14423076923076922, 0.1346153846153846, 0.1346153846153846, 0.16346153846153846, 0.20192307692307693, 0.19230769230769232, 0.16346153846153846, 0.18269230769230768, 0.16346153846153846, 0.20192307692307693, 0.15384615384615385, 0.19230769230769232, 0.16346153846153846, 0.22115384615384615, 0.14423076923076922, 0.16346153846153846, 0.20192307692307693, 0.17307692307692307, 0.14423076923076922, 0.18269230769230768, 0.19230769230769232, 0.18269230769230768, 0.18269230769230768, 0.2403846153846154, 0.16346153846153846, 0.15384615384615385, 0.22115384615384615, 0.10576923076923077, 0.15384615384615385, 0.22115384615384615, 0.19230769230769232, 0.18269230769230768, 0.1346153846153846, 0.15384615384615385, 0.14423076923076922, 0.18269230769230768, 0.19230769230769232, 0.20192307692307693, 0.19230769230769232, 0.19230769230769232, 0.19230769230769232, 0.11538461538461539, 0.15384615384615385, 0.16346153846153846, 0.2403846153846154]}}, "noise_pct_96": {"correct": {"mean_penalty_ratio": 0.16896425753962252, "std": 0.030040237834967308, "std_err": 0.004291462547852472, "raw": [0.19535707259492427, 0.2021667826259815, 0.20150064172178891, 0.19592039800995026, 0.1646721392542775, 0.13755199049316696, 0.12540413441755657, 0.12972919155714854, 0.1693740095087163, 0.19059770340563353, 0.18464606181455634, 0.15759481234034192, 0.16848306332842417, 0.15116050354051927, 0.19253418504840802, 0.1478949975235265, 0.18746931159776098, 0.1523876404494382, 0.21125379864719146, 0.13414029169560474, 0.15462168097424636, 0.18640328887997593, 0.16079960994636763, 0.13915470494417864, 0.17412297989751674, 0.1787764799049693, 0.16560191655020962, 0.17091735863977855, 0.2406585822734891, 0.15281209844815657, 0.1434964200477327, 0.20855457227138643, 0.09571713147410359, 0.14943562081710118, 0.21490196078431373, 0.18258596420671627, 0.17438241587239836, 0.127848475880438, 0.14644227930321818, 0.12807980049875312, 0.16738069144166584, 0.18167330677290836, 0.1927067892084198, 0.1868846002363135, 0.18134507606084868, 0.19273770654002176, 0.11035653650254669, 0.1482066989427922, 0.15668891323837036, 0.23508048684727129]}, "constant_correct": {"mean_penalty_ratio": 0.16846153846153844, "std": 0.030360262879793674, "std_err": 0.004337180411399096, "raw": [0.19230769230769232, 0.20192307692307693, 0.20192307692307693, 0.19230769230769232, 0.16346153846153846, 0.1346153846153846, 0.125, 0.125, 0.16346153846153846, 0.19230769230769232, 0.18269230769230768, 0.15384615384615385, 0.17307692307692307, 0.15384615384615385, 0.19230769230769232, 0.14423076923076922, 0.18269230769230768, 0.15384615384615385, 0.21153846153846154, 0.1346153846153846, 0.15384615384615385, 0.19230769230769232, 0.16346153846153846, 0.1346153846153846, 0.17307692307692307, 0.18269230769230768, 0.17307692307692307, 0.17307692307692307, 0.2403846153846154, 0.15384615384615385, 0.14423076923076922, 0.21153846153846154, 0.09615384615384616, 0.14423076923076922, 0.21153846153846154, 0.18269230769230768, 0.17307692307692307, 0.125, 0.14423076923076922, 0.1346153846153846, 0.17307692307692307, 0.18269230769230768, 0.19230769230769232, 0.18269230769230768, 0.18269230769230768, 0.19230769230769232, 0.10576923076923077, 0.14423076923076922, 0.15384615384615385, 0.23076923076923078]}}, "noise_pct_97": {"correct": {"mean_penalty_ratio": 0.15966505529547415, "std": 0.030100119891272505, "std_err": 0.004300017127324644, "raw": [0.1854402361042794, 0.19224266534062656, 0.19152927238621778, 0.18587064676616916, 0.15468301849470872, 0.12755000990295107, 0.11550896443617126, 0.12018798120187982, 0.15978152929493544, 0.18068505250760625, 0.17518759379689844, 0.14775855289028705, 0.15858208955223882, 0.14122738001573565, 0.1824715512078259, 0.13798910351659238, 0.18730969452902466, 0.1425555443852418, 0.20145083815312223, 0.12411945629526738, 0.14453982830904372, 0.17627594505163943, 0.15096547688706846, 0.12962040450333764, 0.16418645905193655, 0.16877845971094832, 0.15623746490172483, 0.16094908551655956, 0.23070097604259096, 0.14326789609359508, 0.13346593734460468, 0.19864293440849642, 0.08565737051792828, 0.13944660873039658, 0.20510053948013732, 0.17243112809169514, 0.16455942423652986, 0.11788497583111374, 0.14652627435544185, 0.11800498753117207, 0.16696570972886762, 0.17163064050204205, 0.18365928720341507, 0.17693974005513982, 0.17123698959167333, 0.18282548476454294, 0.10026964945570759, 0.13854228560110912, 0.14664275752141862, 0.22516686297605026]}, "constant_correct": {"mean_penalty_ratio": 0.1594230769230769, "std": 0.03041198864353395, "std_err": 0.004344569806219135, "raw": [0.18269230769230768, 0.19230769230769232, 0.19230769230769232, 0.18269230769230768, 0.15384615384615385, 0.125, 0.11538461538461539, 0.11538461538461539, 0.15384615384615385, 0.18269230769230768, 0.17307692307692307, 0.14423076923076922, 0.16346153846153846, 0.14423076923076922, 0.18269230769230768, 0.1346153846153846, 0.18269230769230768, 0.14423076923076922, 0.20192307692307693, 0.125, 0.14423076923076922, 0.18269230769230768, 0.15384615384615385, 0.125, 0.16346153846153846, 0.17307692307692307, 0.16346153846153846, 0.16346153846153846, 0.23076923076923078, 0.14423076923076922, 0.1346153846153846, 0.20192307692307693, 0.08653846153846154, 0.1346153846153846, 0.20192307692307693, 0.17307692307692307, 0.16346153846153846, 0.11538461538461539, 0.14423076923076922, 0.125, 0.17307692307692307, 0.17307692307692307, 0.18269230769230768, 0.17307692307692307, 0.17307692307692307, 0.18269230769230768, 0.09615384615384616, 0.1346153846153846, 0.14423076923076922, 0.22115384615384615]}}, "noise_pct_98": {"correct": {"mean_penalty_ratio": 0.15120549364073374, "std": 0.030633987737618842, "std_err": 0.004376283962516977,