{"noise_pct_10": {"correct": {"mean_penalty_ratio": 0.9157947548099589, "std": 0.00881203191825072, "std_err": 0.00440601595912536, "raw": [0.9166268285686968, 0.9256166618677416, 0.9053525426963076, 0.9252291825821237, 0.9061485583349246]}, "constant_correct": {"mean_penalty_ratio": 0.9134615384615385, "std": 0.008600261451922287, "std_err": 0.004300130725961144, "raw": [0.9134615384615384, 0.9230769230769231, 0.9038461538461539, 0.9230769230769231, 0.9038461538461539]}}, "noise_pct_20": {"correct": {"mean_penalty_ratio": 0.8290685049306484, "std": 0.00833705725110081, "std_err": 0.004168528625550404, "raw": [0.8299703547862676, 0.8309276366435719, 0.828814206606836, 0.8408546517198429, 0.814775674896724]}, "constant_correct": {"mean_penalty_ratio": 0.825, "std": 0.009421114395319908, "std_err": 0.004710557197659954, "raw": [0.8269230769230769, 0.8269230769230769, 0.8269230769230769, 0.8365384615384616, 0.8076923076923077]}}, "noise_pct_30": {"correct": {"mean_penalty_ratio": 0.7399274720575046, "std": 0.014327839206581207, "std_err": 0.007163919603290604, "raw": [0.7528294647995396, 0.7487632166068484, 0.7255653507090839, 0.7527991432187713, 0.71968018495328]}, "constant_correct": {"mean_penalty_ratio": 0.7326923076923078, "std": 0.014131671592979875, "std_err": 0.007065835796489937, "raw": [0.75, 0.7403846153846154, 0.7211538461538461, 0.7403846153846154, 0.7115384615384616]}}, "noise_pct_40": {"correct": {"mean_penalty_ratio": 0.6610258536997937, "std": 0.015901490558335233, "std_err": 0.007950745279167615, "raw": [0.6757535035515454, 0.6716562986003111, 0.640303670959062, 0.6744276668290307, 0.6429881285590194]}, "constant_correct": {"mean_penalty_ratio": 0.6538461538461539, "std": 0.01608961589488609, "std_err": 0.008044807947443045, "raw": [0.6730769230769231, 0.6634615384615384, 0.6346153846153846, 0.6634615384615384, 0.6346153846153846]}}, "noise_pct_50": {"correct": {"mean_penalty_ratio": 0.578071413296004, "std": 0.018693270625684315, "std_err": 0.009346635312842157, "raw": [0.5896498653328203, 0.5935402276486039, 0.5538224533025227, 0.5964449653286453, 0.5568995548674279]}, "constant_correct": {"mean_penalty_ratio": 0.5711538461538461, "std": 0.018842228790639817, "std_err": 0.009421114395319908, "raw": [0.5865384615384616, 0.5865384615384616, 0.5480769230769231, 0.5865384615384616, 0.5480769230769231]}}, "noise_pct_60": {"correct": {"mean_penalty_ratio": 0.49924831280883525, "std": 0.023187829449088194, "std_err": 0.011593914724544097, "raw": [0.5136126665379417, 0.5265530080344896, 0.48507678933642423, 0.5095578864817175, 0.461441213653603]}, "constant_correct": {"mean_penalty_ratio": 0.49230769230769234, "std": 0.02386475701152088, "std_err": 0.01193237850576044, "raw": [0.5096153846153846, 0.5192307692307693, 0.4807692307692308, 0.5, 0.4519230769230769]}}, "noise_pct_70": {"correct": {"mean_penalty_ratio": 0.41640021164958113, "std": 0.024050989480300617, "std_err": 0.012025494740150307, "raw": [0.4182188591385332, 0.4297528797873388, 0.3991645618807072, 0.45215593620791494, 0.3827088212334114]}, "constant_correct": {"mean_penalty_ratio": 0.4096153846153846, "std": 0.023236626872297248, "std_err": 0.011618313436148624, "raw": [0.41346153846153844, 0.4230769230769231, 0.3942307692307692, 0.4423076923076923, 0.375]}}, "noise_pct_80": {"correct": {"mean_penalty_ratio": 0.33357637226328574, "std": 0.020469082289289307, "std_err": 0.010234541144644654, "raw": [0.33009802970008734, 0.3405240346729708, 0.3477708251857646, 0.35370187561697924, 0.29578709614062654]}, "constant_correct": {"mean_penalty_ratio": 0.32884615384615384, "std": 0.021414478318577016, "std_err": 0.010707239159288508, "raw": [0.3269230769230769, 0.33653846153846156, 0.34615384615384615, 0.34615384615384615, 0.28846153846153844]}}, "noise_pct_90": {"correct": {"mean_penalty_ratio": 0.24327874619650833, "std": 0.018096342803219752, "std_err": 0.009048171401609876, "raw": [0.2534963325183374, 0.25168450257629804, 0.24982834722903385, 0.25417201540436457, 0.20721253325450784]}, "constant_correct": {"mean_penalty_ratio": 0.24038461538461536, "std": 0.01923076923076923, "std_err": 0.009615384615384614, "raw": [0.25, 0.25, 0.25, 0.25, 0.20192307692307693]}}, "noise_pct_100": {"correct": {"mean_penalty_ratio": 0.14208801213454075, "std": 0.01393947555629339, "std_err": 0.006969737778146694, "raw": [0.14573902775044284, 0.1524122807017544, 0.15168872210152085, 0.14581673306772908, 0.11478329705125669]}, "constant_correct": {"mean_penalty_ratio": 0.1423076923076923, "std": 0.014131671592979875, "std_err": 0.007065835796489937, "raw": [0.14423076923076922, 0.15384615384615385, 0.15384615384615385, 0.14423076923076922, 0.11538461538461539]}}}