{"noise_pct_95": {"correct": {"mean_penalty_ratio": 0.2675773858204966, "std": 0.0400680792304768, "std_err": 0.005724011318639543, "raw": [0.26541981695185035, 0.34601593625498006, 0.2106807511737089, 0.2741111667501252, 0.3118681763040841, 0.1920279023418037, 0.24516064657752942, 0.29911699779249445, 0.2700079239302694, 0.32541169509910267, 0.2765957446808511, 0.2791105909888824, 0.3104335775094041, 0.24791896499849564, 0.3154791154791155, 0.2814090019569472, 0.22516490105936438, 0.2569304941743672, 0.2515804030027657, 0.22509803921568627, 0.2623547246083881, 0.30063069376313944, 0.2528342455043002, 0.2514717425431711, 0.310300258500696, 0.32456140350877194, 0.31822187408205227, 0.2572560673600792, 0.26346521695358904, 0.33488787457828934, 0.285286783042394, 0.2235739928201037, 0.189623786407767, 0.30919573927489497, 0.2448517095280323, 0.260398359695372, 0.23956891437611233, 0.21894654088050314, 0.2614313111941052, 0.23623288345975765, 0.31471190406551625, 0.2812345434761104, 0.282957244655582, 0.22554950594877998, 0.23375199362041468, 0.29922357157077445, 0.18669354838709679, 0.22842136557328313, 0.2337, 0.33798964540392695]}, "constant_correct": {"mean_penalty_ratio": 0.2646153846153846, "std": 0.039935228623448504, "std_err": 0.005705032660492644, "raw": [0.25961538461538464, 0.33653846153846156, 0.21153846153846154, 0.2692307692307692, 0.2980769230769231, 0.19230769230769232, 0.2403846153846154, 0.2980769230769231, 0.2692307692307692, 0.3269230769230769, 0.2692307692307692, 0.27884615384615385, 0.3076923076923077, 0.25, 0.3076923076923077, 0.27884615384615385, 0.22115384615384615, 0.25, 0.25, 0.22115384615384615, 0.25961538461538464, 0.3076923076923077, 0.25, 0.25, 0.3076923076923077, 0.3173076923076923, 0.3173076923076923, 0.25, 0.25, 0.3269230769230769, 0.28846153846153844, 0.22115384615384615, 0.18269230769230768, 0.3076923076923077, 0.25, 0.25961538461538464, 0.2403846153846154, 0.22115384615384615, 0.25961538461538464, 0.23076923076923078, 0.3173076923076923, 0.27884615384615385, 0.27884615384615385, 0.22115384615384615, 0.23076923076923078, 0.2980769230769231, 0.18269230769230768, 0.22115384615384615, 0.23076923076923078, 0.33653846153846156]}}, "noise_pct_96": {"correct": {"mean_penalty_ratio": 0.25904842354294827, "std": 0.03999400764426911, "std_err": 0.005713429663467016, "raw": [0.25613649970065855, 0.3359896404024305, 0.20082167661156217, 0.2647117895159671, 0.3020242914979757, 0.18198126370340842, 0.23510627681868076, 0.28906955736224027, 0.26010701545778836, 0.3154521250369786, 0.2665068424732794, 0.2692607762824264, 0.3005048005542908, 0.23838729137341644, 0.30558285826616866, 0.27152641878669276, 0.21509245377311345, 0.2478313496066169, 0.2416041090478072, 0.22380437984876755, 0.2521475492673067, 0.30063069376313944, 0.24298700029322648, 0.24156200941915226, 0.30043772383605255, 0.3146067415730337, 0.30836271053662356, 0.24744720927927036, 0.2532970905063928, 0.32489828321921205, 0.27521197007481296, 0.22326416600159618, 0.17942753110144635, 0.2993842244159906, 0.23489999014681248, 0.2505370044913103, 0.229605458320973, 0.20902122641509435, 0.2615058538554703, 0.2361576354679803, 0.3048946957878315, 0.2721317983326717, 0.2729612034837688, 0.21538771805989715, 0.22370650981955936, 0.2891698188333665, 0.17651209677419355, 0.21915084021079845, 0.23362336233623363, 0.33798964540392695]}, "constant_correct": {"mean_penalty_ratio": 0.25634615384615383, "std": 0.039859683625164725, "std_err": 0.005694240517880675, "raw": [0.25, 0.3269230769230769, 0.20192307692307693, 0.25961538461538464, 0.28846153846153844, 0.18269230769230768, 0.23076923076923078, 0.28846153846153844, 0.25961538461538464, 0.3173076923076923, 0.25961538461538464, 0.2692307692307692, 0.2980769230769231, 0.2403846153846154, 0.2980769230769231, 0.2692307692307692, 0.21153846153846154, 0.2403846153846154, 0.2403846153846154, 0.22115384615384615, 0.25, 0.3076923076923077, 0.2403846153846154, 0.2403846153846154, 0.2980769230769231, 0.3076923076923077, 0.3076923076923077, 0.2403846153846154, 0.2403846153846154, 0.3173076923076923, 0.27884615384615385, 0.22115384615384615, 0.17307692307692307, 0.2980769230769231, 0.2403846153846154, 0.25, 0.23076923076923078, 0.21153846153846154, 0.25961538461538464, 0.23076923076923078, 0.3076923076923077, 0.2692307692307692, 0.2692307692307692, 0.21153846153846154, 0.22115384615384615, 0.28846153846153844, 0.17307692307692307, 0.21153846153846154, 0.23076923076923078, 0.33653846153846156]}}, "noise_pct_97": {"correct": {"mean_penalty_ratio": 0.2514649776275453, "std": 0.040102649619777796, "std_err": 0.0057289499456825415, "raw": [0.25613649970065855, 0.3265143199281509, 0.19097935622737502, 0.26441631504922647, 0.2918016194331984, 0.17193262234625736, 0.22502744237102085, 0.2789320485797451, 0.2501238727579031, 0.30549255497485456, 0.25644355644355643, 0.2594362625573003, 0.3004355573153831, 0.22825540472599296, 0.30558285826616866, 0.27152641878669276, 0.21501399440223912, 0.2377156694581778, 0.23170370370370372, 0.2138858882451144, 0.2419648271679806, 0.2905195715286816, 0.23313782991202345, 0.24126423243031017, 0.2903899721448468, 0.30480228774282614, 0.2984723854289072, 0.23752851333928393, 0.24312896405919662, 0.3245631453534551, 0.2660927019721694, 0.21395674809771725, 0.1692292130285252, 0.28958170445660675, 0.22497043752463539, 0.24067564928724858, 0.22952927215189872, 0.20902122641509435, 0.2514129995962858, 0.2361576354679803, 0.29507557289127256, 0.2621079793568877, 0.26306413301662707, 0.20522388059701493, 0.22370650981955936, 0.27918781725888325, 0.1663306451612903, 0.2091288782816229, 0.22354470894178835, 0.3281234736739279]}, "constant_correct": {"mean_penalty_ratio": 0.24903846153846157, "std": 0.03988936252440681, "std_err": 0.005698480360629543, "raw": [0.25, 0.3173076923076923, 0.19230769230769232, 0.25961538461538464, 0.27884615384615385, 0.17307692307692307, 0.22115384615384615, 0.27884615384615385, 0.25, 0.3076923076923077, 0.25, 0.25961538461538464, 0.2980769230769231, 0.23076923076923078, 0.2980769230769231, 0.2692307692307692, 0.21153846153846154, 0.23076923076923078, 0.23076923076923078, 0.21153846153846154, 0.2403846153846154, 0.2980769230769231, 0.23076923076923078, 0.2403846153846154, 0.28846153846153844, 0.2980769230769231, 0.2980769230769231, 0.23076923076923078, 0.23076923076923078, 0.3173076923076923, 0.2692307692307692, 0.21153846153846154, 0.16346153846153846, 0.28846153846153844, 0.23076923076923078, 0.2403846153846154, 0.23076923076923078, 0.21153846153846154, 0.25, 0.23076923076923078, 0.2980769230769231, 0.25961538461538464, 0.25961538461538464, 0.20192307692307693, 0.22115384615384615, 0.27884615384615385, 0.16346153846153846, 0.20192307692307693, 0.22115384615384615, 0.3269230769230769]}}, "noise_pct_98": {"correct": {"mean_penalty_ratio": 0.24424954787549383, "std": 0.039367590447472185, "std_err": 0.005623941492496026, "raw": [0.25330528846153844, 0.31646706586826345, 0.1810977399471676, 0.2542696403455897, 0.29115591125519197, 0.1718500797448166, 0.2149700598802395, 0.2688215217827745, 0.25004955401387513, 0.2955329849127305, 0.24637825956639026, 0.24963418203102136, 0.29046629046629047, 0.21809954751131222, 0.2956846554605328, 0.26164383561643834, 0.20491803278688525, 0.2284469658595887, 0.2217283950617284, 0.21380868198782166, 0.2419648271679806, 0.2804365238285943, 0.23313782991202345, 0.2313733189358987, 0.28037011242662424, 0.2948717948717949, 0.2984723854289072, 0.2275342194009125, 0.2334779537887196, 0.32442899702085404, 0.25600720865038046, 0.21395674809771725, 0.15930279691933522, 0.27973805102140553, 0.22366992399565688, 0.230859375, 0.2195628523390367, 0.1991154791154791, 0.24239350912778904, 0.23608237264755147, 0.2852545348156817, 0.2521091811414392, 0.2530931406512917, 0.20514372163388805, 0.2136590229312064, 0.2698602794411178, 0.166246597439258, 0.1992436305732484, 0.21449391898683284, 0.3182883939038687]}, "constant_correct": {"mean_penalty_ratio": 0.2421153846153846,