{"noise_pct_10": {"correct": {"mean_penalty_ratio": 0.9254353539419565, "std": 0.01697222844875222, "std_err": 0.00848611422437611, "raw": [0.9096749448652796, 0.9578139980824545, 0.9196394322976601, 0.9149565715376539, 0.925091822926735]}, "constant_correct": {"mean_penalty_ratio": 0.9192307692307692, "std": 0.016764995936694883, "std_err": 0.00838249796834744, "raw": [0.9038461538461539, 0.9519230769230769, 0.9134615384615384, 0.9134615384615384, 0.9134615384615384]}}, "noise_pct_20": {"correct": {"mean_penalty_ratio": 0.8547794044040703, "std": 0.02225677451448393, "std_err": 0.011128387257241964, "raw": [0.8346805234795996, 0.8951682900954769, 0.8430450225592782, 0.8389409290766584, 0.8620622568093386]}, "constant_correct": {"mean_penalty_ratio": 0.8461538461538461, "std": 0.02016940092634906, "std_err": 0.01008470046317453, "raw": [0.8269230769230769, 0.8846153846153846, 0.8365384615384616, 0.8365384615384616, 0.8461538461538461]}}, "noise_pct_30": {"correct": {"mean_penalty_ratio": 0.7680868135746038, "std": 0.021370570804310204, "std_err": 0.0106852854021551, "raw": [0.7499517281328442, 0.7996906419180201, 0.7565334358186011, 0.7468743989228698, 0.7873838630806846]}, "constant_correct": {"mean_penalty_ratio": 0.7576923076923077, "std": 0.018644922528524326, "std_err": 0.009322461264262161, "raw": [0.7403846153846154, 0.7884615384615384, 0.75, 0.7403846153846154, 0.7692307692307693]}}, "noise_pct_40": {"correct": {"mean_penalty_ratio": 0.6963598280954123, "std": 0.03376891531184382, "std_err": 0.01688445765592191, "raw": [0.7018171273922289, 0.7233691964718426, 0.6598096702874171, 0.6559860180600058, 0.7408171282655667]}, "constant_correct": {"mean_penalty_ratio": 0.6846153846153846, "std": 0.03064880278944081, "std_err": 0.015324401394720404, "raw": [0.6923076923076923, 0.7115384615384616, 0.6538461538461539, 0.6442307692307693, 0.7211538461538461]}}, "noise_pct_50": {"correct": {"mean_penalty_ratio": 0.6235212039076556, "std": 0.029782249267681006, "std_err": 0.014891124633840503, "raw": [0.6267728774043132, 0.6519651083014799, 0.574100858162183, 0.6098466347562762, 0.6549205409140263]}, "constant_correct": {"mean_penalty_ratio": 0.6096153846153846, "std": 0.025512498387349224, "std_err": 0.012756249193674612, "raw": [0.6153846153846154, 0.6346153846153846, 0.5673076923076923, 0.5961538461538461, 0.6346153846153846]}}, "noise_pct_60": {"correct": {"mean_penalty_ratio": 0.5521525042474699, "std": 0.036232820299748426, "std_err": 0.018116410149874213, "raw": [0.5390450257706895, 0.602345520843599, 0.49690880989180836, 0.5431178259589915, 0.5793453387722615]}, "constant_correct": {"mean_penalty_ratio": 0.5384615384615385, "std": 0.03217923178977215, "std_err": 0.016089615894886077, "raw": [0.5288461538461539, 0.5865384615384616, 0.49038461538461536, 0.5288461538461539, 0.5576923076923077]}}, "noise_pct_70": {"correct": {"mean_penalty_ratio": 0.4738582081351527, "std": 0.03418873927764257, "std_err": 0.017094369638821286, "raw": [0.4607375693295709, 0.5248935959615956, 0.4197172186713151, 0.483503534956795, 0.480439121756487]}, "constant_correct": {"mean_penalty_ratio": 0.46153846153846156, "std": 0.03100868364730211, "std_err": 0.015504341823651053, "raw": [0.4519230769230769, 0.5096153846153846, 0.41346153846153844, 0.47115384615384615, 0.46153846153846156]}}, "noise_pct_80": {"correct": {"mean_penalty_ratio": 0.39323225323988337, "std": 0.04502896823030099, "std_err": 0.02251448411515049, "raw": [0.3659135559921415, 0.4560095436922159, 0.3296649785742111, 0.3847600197921821, 0.4298131681486662]}, "constant_correct": {"mean_penalty_ratio": 0.38269230769230766, "std": 0.04097553029358175, "std_err": 0.020487765146790876, "raw": [0.3557692307692308, 0.4423076923076923, 0.3269230769230769, 0.375, 0.41346153846153844]}}, "noise_pct_90": {"correct": {"mean_penalty_ratio": 0.31860740047434377, "std": 0.04933860320570974, "std_err": 0.024669301602854868, "raw": [0.2873790242938969, 0.38579387186629527, 0.2509991227215128, 0.3060554837426668, 0.36280949974734716]}, "constant_correct": {"mean_penalty_ratio": 0.30961538461538457, "std": 0.04526385498438393, "std_err": 0.022631927492191964, "raw": [0.27884615384615385, 0.375, 0.25, 0.2980769230769231, 0.34615384615384615]}}, "noise_pct_100": {"correct": {"mean_penalty_ratio": 0.23657087614844047, "std": 0.04525160410250081, "std_err": 0.0226258020512504, "raw": [0.23344038538739462, 0.29633695977642477, 0.15861798193953672, 0.2339463370515526, 0.2605127165872935]}, "constant_correct": {"mean_penalty_ratio": 0.23269230769230767, "std": 0.04052174520327976, "std_err": 0.02026087260163988, "raw": [0.23076923076923078, 0.28846153846153844, 0.16346153846153846, 0.23076923076923078, 0.25]}}}