{"noise_pct_95": {"correct": {"mean_penalty_ratio": 0.443930901695483, "std": 0.04205323533850052, "std_err": 0.006007605048357217, "raw": [0.34520444695684943, 0.4311908120088656, 0.41451804839349465, 0.47654519830883835, 0.4392600205549846, 0.4366571699905033, 0.3942814145974417, 0.44131634011793797, 0.51925415484394, 0.47162106982441815, 0.45331236485158244, 0.49377439137706747, 0.415935951200915, 0.45202808112324494, 0.48118377785896965, 0.5119952019192323, 0.4893277478555755, 0.45395105548290676, 0.460573476702509, 0.4144126738794436, 0.4327354260089686, 0.489556135770235, 0.5389908256880734, 0.448681996634885, 0.4630952380952381, 0.46271036315323294, 0.48088872152137074, 0.46448390677025525, 0.43899325186941457, 0.4094504579517069, 0.47708138447146864, 0.513986013986014, 0.35415427325004956, 0.41863517060367456, 0.4005586592178771, 0.41007063937692445, 0.46070878274268107, 0.4112814895947426, 0.3468313056110405, 0.47921265636497423, 0.4319526627218935, 0.4301643192488263, 0.43036081510562724, 0.43975108429191023, 0.4117647058823529, 0.37387202625102545, 0.4338070306656694, 0.4010618746171125, 0.476801760498808, 0.46855870895937674]}, "constant_correct": {"mean_penalty_ratio": 0.40730769230769226, "std": 0.038449998268711344, "std_err": 0.005492856895530192, "raw": [0.36538461538461536, 0.4326923076923077, 0.33653846153846156, 0.4519230769230769, 0.41346153846153844, 0.33653846153846156, 0.36538461538461536, 0.3942307692307692, 0.4519230769230769, 0.4326923076923077, 0.3942307692307692, 0.4423076923076923, 0.40384615384615385, 0.4326923076923077, 0.46153846153846156, 0.4423076923076923, 0.4230769230769231, 0.4230769230769231, 0.4230769230769231, 0.375, 0.4230769230769231, 0.4807692307692308, 0.4423076923076923, 0.4326923076923077, 0.4230769230769231, 0.41346153846153844, 0.4519230769230769, 0.3942307692307692, 0.375, 0.40384615384615385, 0.4326923076923077, 0.4519230769230769, 0.3173076923076923, 0.41346153846153844, 0.33653846153846156, 0.40384615384615385, 0.40384615384615385, 0.41346153846153844, 0.33653846153846156, 0.4326923076923077, 0.4326923076923077, 0.4423076923076923, 0.40384615384615385, 0.40384615384615385, 0.3269230769230769, 0.33653846153846156, 0.38461538461538464, 0.4230769230769231, 0.40384615384615385, 0.4230769230769231]}}, "noise_pct_96": {"correct": {"mean_penalty_ratio": 0.43091696188685924, "std": 0.04212543701537754, "std_err": 0.0060179195736253625, "raw": [0.3290249002090857, 0.4162923642302981, 0.398757016840417, 0.46329993866285013, 0.4244319366270586, 0.42075038284839206, 0.3763440860215054, 0.4266487213997308, 0.5025525832142128, 0.45801368442877877, 0.4389806888313757, 0.4797297297297297, 0.40643161565284774, 0.4393579072532699, 0.4628174675680614, 0.5003050640634533, 0.4768856447688564, 0.44828237070592675, 0.4447125050261359, 0.40673321589352124, 0.4212628375808292, 0.47748770336738555, 0.5260205068678662, 0.4367401215805471, 0.44839357429718874, 0.4484729415967137, 0.46661594065056117, 0.45232732732732733, 0.43289085545722716, 0.39193446754883426, 0.4647058823529412, 0.5008856524306239, 0.3395808141878275, 0.4030245746691871, 0.40022358859698154, 0.41007063937692445, 0.44407830974995155, 0.3994060876020787, 0.33817847286108554, 0.4724189340290719, 0.41251974723538704, 0.41405170712453127, 0.41733029958285933, 0.4266590170204628, 0.395414395790265, 0.35666942833471416, 0.4217027746104143, 0.38531540847983453, 0.46911053219203575, 0.45200372786579684]}, "constant_correct": {"mean_penalty_ratio": 0.39942307692307694, "std": 0.03774378353141444, "std_err": 0.005391969075916348, "raw": [0.3557692307692308, 0.4230769230769231, 0.3269230769230769, 0.4423076923076923, 0.40384615384615385, 0.3269230769230769, 0.3557692307692308, 0.38461538461538464, 0.4423076923076923, 0.4230769230769231, 0.38461538461538464, 0.4326923076923077, 0.40384615384615385, 0.4230769230769231, 0.4519230769230769, 0.4326923076923077, 0.41346153846153844, 0.4230769230769231, 0.41346153846153844, 0.375, 0.41346153846153844, 0.47115384615384615, 0.4326923076923077, 0.4230769230769231, 0.41346153846153844, 0.40384615384615385, 0.4423076923076923, 0.38461538461538464, 0.375, 0.3942307692307692, 0.4230769230769231, 0.4423076923076923, 0.3076923076923077, 0.40384615384615385, 0.33653846153846156, 0.40384615384615385, 0.3942307692307692, 0.40384615384615385, 0.33653846153846156, 0.4326923076923077, 0.4230769230769231, 0.4326923076923077, 0.3942307692307692, 0.3942307692307692, 0.3173076923076923, 0.3269230769230769, 0.375, 0.41346153846153844, 0.40384615384615385, 0.41346153846153844]}}, "noise_pct_97": {"correct": {"mean_penalty_ratio": 0.4188536030733481, "std": 0.04270302447060417, "std_err": 0.006100432067229167, "raw": [0.3244019138755981, 0.40132532615448335, 0.3833502538071066, 0.45708376421923474, 0.40857263513513514, 0.40797665369649805, 0.36290477102893276, 0.4135910954891623, 0.4902368093061903, 0.4440699389087845, 0.4245359160613398, 0.46833269744372374, 0.3968503937007874, 0.43067015496075667, 0.45112224077165647, 0.4888152444076222, 0.4712031153924985, 0.4357991567650441, 0.43005497861942577, 0.38848496757712714, 0.41254826254826255, 0.47138755980861247, 0.5150501672240803, 0.4241724403387221, 0.43536859301613234, 0.435647143890094, 0.448683708508203, 0.44397865853658536, 0.4199215099981312, 0.3815424054689169, 0.4529320987654321, 0.4836730655056402, 0.3209076175040519, 0.3886763580719204, 0.38702968425033085, 0.39622641509433965, 0.43797766019988243, 0.38683515654470013, 0.32334883720930235, 0.46544561933534745, 0.4023704298915227, 0.40631873625274945, 0.41152815013404825, 0.4076555023923445, 0.3870045731707317, 0.3451402066202825, 0.4080138701598921, 0.3707912457912458, 0.45986368799697086, 0.4332587621178225]}, "constant_correct": {"mean_penalty_ratio": 0.39307692307692305, "std": 0.03820297705181236, "std_err": 0.005457568150258908, "raw": [0.3557692307692308, 0.41346153846153844, 0.3173076923076923, 0.4423076923076923, 0.3942307692307692, 0.3173076923076923, 0.34615384615384615, 0.375, 0.4326923076923077, 0.41346153846153844, 0.375, 0.4230769230769231, 0.40384615384615385, 0.4230769230769231, 0.4423076923076923, 0.4230769230769231, 0.41346153846153844, 0.41346153846153844, 0.40384615384615385, 0.36538461538461536, 0.41346153846153844, 0.47115384615384615, 0.4230769230769231, 0.41346153846153844, 0.40384615384615385, 0.3942307692307692, 0.4326923076923077, 0.38461538461538464, 0.36538461538461536, 0.3942307692307692, 0.41346153846153844, 0.4326923076923077, 0.2980769230769231, 0.3942307692307692, 0.3269230769230769, 0.3942307692307692, 0.3942307692307692, 0.3942307692307692, 0.3269230769230769, 0.4326923076923077, 0.4230769230769231, 0.4326923076923077, 0.3942307692307692, 0.38461538461538464, 0.3173076923076923, 0.3269230769230769, 0.36538461538461536, 0.40384615384615385, 0.40384615384615385, 0.40384615384615385]}}, "noise_pct_98": {"correct": {"mean_penalty_ratio": 0.4064507782031287, "std": 0.04417514136690091, "std_err": 0.006310734480985844,