{"noise_pct_10": {"correct": {"mean_penalty_ratio": 0.9682558327619807, "std": 0.004310807682060022, "std_err": 0.002155403841030011, "raw": [0.9661772151898734, 0.9651686517866079, 0.9633256720295793, 0.9746810007033055, 0.9719266241005371]}, "constant_correct": {"mean_penalty_ratio": 0.9307692307692308, "std": 0.007195494974565246, "std_err": 0.0035977474872826228, "raw": [0.9230769230769231, 0.9326923076923077, 0.9230769230769231, 0.9423076923076923, 0.9326923076923077]}}, "noise_pct_20": {"correct": {"mean_penalty_ratio": 0.9335886543158946, "std": 0.008499308431761702, "std_err": 0.004249654215880851, "raw": [0.9266339171294319, 0.9236867138780256, 0.9338398227287116, 0.9356930272108843, 0.9480897906324196]}, "constant_correct": {"mean_penalty_ratio": 0.873076923076923, "std": 0.009421114395319882, "std_err": 0.004710557197659941, "raw": [0.8653846153846154, 0.8653846153846154, 0.8653846153846154, 0.8846153846153846, 0.8846153846153846]}}, "noise_pct_30": {"correct": {"mean_penalty_ratio": 0.8845186419943747, "std": 0.012760180269936711, "std_err": 0.006380090134968355, "raw": [0.8634727845254161, 0.877267024067526, 0.8881142471606882, 0.8974068621900124, 0.896332292028231]}, "constant_correct": {"mean_penalty_ratio": 0.798076923076923, "std": 0.017200522903844526, "std_err": 0.008600261451922261, "raw": [0.7884615384615384, 0.7788461538461539, 0.7884615384615384, 0.8269230769230769, 0.8076923076923077]}}, "noise_pct_40": {"correct": {"mean_penalty_ratio": 0.8464685750797465, "std": 0.009107452198724508, "std_err": 0.004553726099362253, "raw": [0.8308637513552584, 0.8414140174297288, 0.8528444390303326, 0.8548367666546199, 0.8523839009287926]}, "constant_correct": {"mean_penalty_ratio": 0.7423076923076923, "std": 0.01762529113444553, "std_err": 0.008812645567222764, "raw": [0.75, 0.7211538461538461, 0.7211538461538461, 0.7596153846153846, 0.7596153846153846]}}, "noise_pct_50": {"correct": {"mean_penalty_ratio": 0.7914028452569178, "std": 0.015904056323867224, "std_err": 0.00795202816193361, "raw": [0.7650735772887095, 0.7939685081398452, 0.7932730656740229, 0.8150326797385621, 0.78966639544345]}, "constant_correct": {"mean_penalty_ratio": 0.6730769230769231, "std": 0.02192645048267573, "std_err": 0.010963225241337865, "raw": [0.6634615384615384, 0.6730769230769231, 0.6442307692307693, 0.7115384615384616, 0.6730769230769231]}}, "noise_pct_60": {"correct": {"mean_penalty_ratio": 0.7430422339975467, "std": 0.022852083233184828, "std_err": 0.011426041616592414, "raw": [0.7034917000572409, 0.7651957919345412, 0.7364913805591772, 0.7656557146868858, 0.7443765827498883]}, "constant_correct": {"mean_penalty_ratio": 0.6230769230769231, "std": 0.04142434467026542, "std_err": 0.02071217233513271, "raw": [0.5865384615384616, 0.6634615384615384, 0.5673076923076923, 0.6730769230769231, 0.625]}}, "noise_pct_70": {"correct": {"mean_penalty_ratio": 0.677784654094021, "std": 0.03279248185105059, "std_err": 0.016396240925525295, "raw": [0.626307016214578, 0.7076041998090996, 0.6632402577477754, 0.7179169249845009, 0.6738548717141508]}, "constant_correct": {"mean_penalty_ratio": 0.5692307692307692, "std": 0.04917966097132468, "std_err": 0.02458983048566234, "raw": [0.5288461538461539, 0.6057692307692307, 0.5, 0.6346153846153846, 0.5769230769230769]}}, "noise_pct_80": {"correct": {"mean_penalty_ratio": 0.5884205592148981, "std": 0.047007210370294414, "std_err": 0.023503605185147203, "raw": [0.5001629726205997, 0.6193469530295094, 0.5792322002367665, 0.6233676975945017, 0.6199929725931131]}, "constant_correct": {"mean_penalty_ratio": 0.5038461538461538, "std": 0.05036846482195693, "std_err": 0.02518423241097846, "raw": [0.4423076923076923, 0.5480769230769231, 0.4423076923076923, 0.5480769230769231, 0.5384615384615384]}}, "noise_pct_90": {"correct": {"mean_penalty_ratio": 0.48584409565823516, "std": 0.04074527776972185, "std_err": 0.020372638884860923, "raw": [0.41604010025062654, 0.4939153950164188, 0.4699361142427659, 0.5315942028985507, 0.517734665882814]}, "constant_correct": {"mean_penalty_ratio": 0.4346153846153847, "std": 0.04317296984739165, "std_err": 0.021586484923695824, "raw": [0.40384615384615385, 0.46153846153846156, 0.36538461538461536, 0.4807692307692308, 0.46153846153846156]}}, "noise_pct_100": {"correct": {"mean_penalty_ratio": 0.33882892437292145, "std": 0.04541803193056803, "std_err": 0.022709015965284015, "raw": [0.26223847247613247, 0.3373652957994282, 0.3334051724137931, 0.40215553677092136, 0.3589801444043321]}, "constant_correct": {"mean_penalty_ratio": 0.35769230769230764, "std": 0.043172969847391635, "std_err": 0.021586484923695817, "raw": [0.3173076923076923, 0.375, 0.2980769230769231, 0.41346153846153844, 0.38461538461538464]}}}