{"noise_pct_10": {"correct": {"mean_penalty_ratio": 0.930688810427186, "std": 0.013272760051096396, "std_err": 0.006636380025548197, "raw": [0.9183829868761375, 0.9157512656414175, 0.92665200344267, 0.9457178478948882, 0.9469399482808161]}, "constant_correct": {"mean_penalty_ratio": 0.926923076923077, "std": 0.0130429422752409, "std_err": 0.00652147113762045, "raw": [0.9134615384615384, 0.9134615384615384, 0.9230769230769231, 0.9423076923076923, 0.9423076923076923]}}, "noise_pct_20": {"correct": {"mean_penalty_ratio": 0.8701110010077235, "std": 0.018600047115078407, "std_err": 0.009300023557539202, "raw": [0.8709057727403707, 0.8396280674846626, 0.8707698207266801, 0.8708746271528913, 0.8983767169340121]}, "constant_correct": {"mean_penalty_ratio": 0.8653846153846155, "std": 0.018243909577894502, "std_err": 0.00912195478894725, "raw": [0.8653846153846154, 0.8365384615384616, 0.8653846153846154, 0.8653846153846154, 0.8942307692307693]}}, "noise_pct_30": {"correct": {"mean_penalty_ratio": 0.7983599367061002, "std": 0.03215859906733242, "std_err": 0.01607929953366621, "raw": [0.7839268527430221, 0.7541236616185975, 0.8155919153031761, 0.7886627906976744, 0.8494944631680308]}, "constant_correct": {"mean_penalty_ratio": 0.7923076923076924, "std": 0.03252218177939954, "std_err": 0.01626109088969977, "raw": [0.7788461538461539, 0.75, 0.8076923076923077, 0.7788461538461539, 0.8461538461538461]}}, "noise_pct_40": {"correct": {"mean_penalty_ratio": 0.7437851350595338, "std": 0.047585694234686525, "std_err": 0.023792847117343262, "raw": [0.7144655305964369, 0.7149347510874818, 0.7573274199768608, 0.701095916981864, 0.8311020566550252]}, "constant_correct": {"mean_penalty_ratio": 0.7384615384615385, "std": 0.04803844614152612, "std_err": 0.024019223070763058, "raw": [0.7115384615384616, 0.7115384615384616, 0.75, 0.6923076923076923, 0.8269230769230769]}}, "noise_pct_50": {"correct": {"mean_penalty_ratio": 0.6737900376063821, "std": 0.036526023388519145, "std_err": 0.018263011694259573, "raw": [0.626708014342475, 0.6843995728570041, 0.6706257242178447, 0.6515018955963838, 0.7357149810182031]}, "constant_correct": {"mean_penalty_ratio": 0.6692307692307693, "std": 0.036284542815602304, "std_err": 0.01814227140780115, "raw": [0.625, 0.6826923076923077, 0.6634615384615384, 0.6442307692307693, 0.7307692307692307]}}, "noise_pct_60": {"correct": {"mean_penalty_ratio": 0.613121131036128, "std": 0.041706680546984606, "std_err": 0.0208533402734923, "raw": [0.5510860037011786, 0.6471848821352035, 0.6129344563849356, 0.586628817541112, 0.6677714954182101]}, "constant_correct": {"mean_penalty_ratio": 0.6076923076923076, "std": 0.0423076923076923, "std_err": 0.021153846153846148, "raw": [0.5480769230769231, 0.6442307692307693, 0.6057692307692307, 0.5769230769230769, 0.6634615384615384]}}, "noise_pct_70": {"correct": {"mean_penalty_ratio": 0.5507933260971833, "std": 0.046870031137261806, "std_err": 0.023435015568630903, "raw": [0.4825729391031917, 0.5783509183274717, 0.5547367400368467, 0.519752358490566, 0.6185536745278403]}, "constant_correct": {"mean_penalty_ratio": 0.5461538461538462, "std": 0.04765196805139949, "std_err": 0.023825984025699746, "raw": [0.4807692307692308, 0.5769230769230769, 0.5480769230769231, 0.5096153846153846, 0.6153846153846154]}}, "noise_pct_80": {"correct": {"mean_penalty_ratio": 0.48340873665589534, "std": 0.060072992829450264, "std_err": 0.030036496414725132, "raw": [0.396057171020207, 0.5292610837438424, 0.4973730297723292, 0.4349789283564118, 0.5593734703866863]}, "constant_correct": {"mean_penalty_ratio": 0.4788461538461538, "std": 0.06183821227235973, "std_err": 0.030919106136179864, "raw": [0.3942307692307692, 0.5288461538461539, 0.49038461538461536, 0.4230769230769231, 0.5576923076923077]}}, "noise_pct_90": {"correct": {"mean_penalty_ratio": 0.4124770745547135, "std": 0.0604132415984364, "std_err": 0.030206620799218195, "raw": [0.3170008890645066, 0.45927534801066244, 0.4113155833985904, 0.38401285398674434, 0.4907806983130639]}, "constant_correct": {"mean_penalty_ratio": 0.4096153846153846, "std": 0.06159852837710372, "std_err": 0.03079926418855186, "raw": [0.3173076923076923, 0.46153846153846156, 0.40384615384615385, 0.375, 0.49038461538461536]}}, "noise_pct_100": {"correct": {"mean_penalty_ratio": 0.34124533371345434, "std": 0.05271017176609792, "std_err": 0.02635508588304896, "raw": [0.24511844583209436, 0.3778372484884528, 0.3410324745829632, 0.34348306702843934, 0.398755432635322]}, "constant_correct": {"mean_penalty_ratio": 0.3423076923076923, "std": 0.05322443270422326, "std_err": 0.02661221635211163, "raw": [0.25, 0.38461538461538464, 0.33653846153846156, 0.33653846153846156, 0.40384615384615385]}}}