{"noise_pct_95": {"correct": {"mean_penalty_ratio": 0.38890466378478733, "std": 0.04553242380560615, "std_err": 0.00650463197222945, "raw": [0.2755718387959204, 0.42941815667292305, 0.3893805309734513, 0.3637733574442435, 0.44976359338061467, 0.3237810945273632, 0.3422330097087379, 0.38277560044216663, 0.379637874740279, 0.503559804719284, 0.4027694759912333, 0.4102868447082097, 0.4885650678000405, 0.3700970481196927, 0.45085555113410264, 0.3894240417419225, 0.3785800726099234, 0.4843181594730115, 0.3934771700953337, 0.3732090972848412, 0.3581832895003035, 0.38118662784860957, 0.3669879757527576, 0.3421444897147968, 0.40413125123542204, 0.3594817195660908, 0.43373251484351416, 0.3721093202522775, 0.43853556900486157, 0.38632766125840917, 0.3223962952014977, 0.3741748349669934, 0.3448940269749518, 0.39472105578884226, 0.3598787266296109, 0.341866719792808, 0.329037297402851, 0.3877329651908096, 0.3238123872519543, 0.35954943176103793, 0.38495575221238937, 0.3869346733668342, 0.4148647289550437, 0.3744999487126885, 0.39872788709998014, 0.4563884493670886, 0.3609385783298827, 0.42203006779994107, 0.44183045463569587, 0.4417010984581276]}, "constant_correct": {"mean_penalty_ratio": 0.386923076923077, "std": 0.04601581925057703, "std_err": 0.006573688464368146, "raw": [0.27884615384615385, 0.4326923076923077, 0.38461538461538464, 0.3557692307692308, 0.4519230769230769, 0.3173076923076923, 0.34615384615384615, 0.38461538461538464, 0.375, 0.5, 0.40384615384615385, 0.41346153846153844, 0.4807692307692308, 0.36538461538461536, 0.4519230769230769, 0.3942307692307692, 0.375, 0.4807692307692308, 0.3942307692307692, 0.375, 0.3557692307692308, 0.375, 0.36538461538461536, 0.33653846153846156, 0.40384615384615385, 0.3557692307692308, 0.4230769230769231, 0.36538461538461536, 0.4326923076923077, 0.38461538461538464, 0.3269230769230769, 0.375, 0.33653846153846156, 0.3942307692307692, 0.3557692307692308, 0.33653846153846156, 0.3269230769230769, 0.38461538461538464, 0.3173076923076923, 0.3557692307692308, 0.375, 0.38461538461538464, 0.41346153846153844, 0.375, 0.40384615384615385, 0.46153846153846156, 0.3557692307692308, 0.4230769230769231, 0.4423076923076923, 0.4423076923076923]}}, "noise_pct_96": {"correct": {"mean_penalty_ratio": 0.38066635425109907, "std": 0.045263011642524484, "std_err": 0.00646614452036064, "raw": [0.26559714795008915, 0.41944087721031315, 0.3794866751893008, 0.3536622123982719, 0.43985814205497, 0.3143569292123629, 0.33201860841423947, 0.37266331658291457, 0.379637874740279, 0.4932872253864931, 0.39278597050617775, 0.40033633395983775, 0.47839724779925125, 0.3598867771936919, 0.44243634548177735, 0.38936276969392875, 0.36943770226537215, 0.4744346116027532, 0.38338016860698515, 0.36312625250501, 0.3581183611532625, 0.3711215985540717, 0.35695120739342145, 0.3321077213554606, 0.3941490413125123, 0.3493370831659301, 0.42356848143302805, 0.3621069497296215, 0.42855725342329826, 0.3776057176891007, 0.3223295230587308, 0.3714716223003516, 0.33468559837728196, 0.3850850850850851, 0.34967155128852956, 0.33183901175532976, 0.32897178009959965, 0.377810650887574, 0.31379033874523954, 0.34939153173086596, 0.37460121436657406, 0.3861483820047356, 0.4148647289550437, 0.36413991178582417, 0.3886901212482608, 0.4464003164556962, 0.35111943978696125, 0.41210572860371425, 0.44133134624937903, 0.4316532258064516]}, "constant_correct": {"mean_penalty_ratio": 0.37903846153846144, "std": 0.04579548374415261, "std_err": 0.006542211963450373, "raw": [0.2692307692307692, 0.4230769230769231, 0.375, 0.34615384615384615, 0.4423076923076923, 0.3076923076923077, 0.33653846153846156, 0.375, 0.375, 0.49038461538461536, 0.3942307692307692, 0.40384615384615385, 0.47115384615384615, 0.3557692307692308, 0.4423076923076923, 0.3942307692307692, 0.36538461538461536, 0.47115384615384615, 0.38461538461538464, 0.36538461538461536, 0.3557692307692308, 0.36538461538461536, 0.3557692307692308, 0.3269230769230769, 0.3942307692307692, 0.34615384615384615, 0.41346153846153844, 0.3557692307692308, 0.4230769230769231, 0.375, 0.3269230769230769, 0.375, 0.3269230769230769, 0.38461538461538464, 0.34615384615384615, 0.3269230769230769, 0.3269230769230769, 0.375, 0.3076923076923077, 0.34615384615384615, 0.36538461538461536, 0.38461538461538464, 0.41346153846153844, 0.36538461538461536, 0.3942307692307692, 0.4519230769230769, 0.34615384615384615, 0.41346153846153844, 0.4423076923076923, 0.4326923076923077]}}, "noise_pct_97": {"correct": {"mean_penalty_ratio": 0.3726565523838594, "std": 0.04487203617172825, "std_err": 0.0064102908816754635, "raw": [0.26559714795008915, 0.40954451141191583, 0.369554528468876, 0.3536622123982719, 0.43003547497043754, 0.3042871385842473, 0.3218042071197411, 0.3643066356933643, 0.36968137739956464, 0.48306377784559046, 0.38398480455863243, 0.39038385437277406, 0.46822505565674966, 0.3497118592659994, 0.44243634548177735, 0.3792895845875978, 0.3592233009708738, 0.46496062992125986, 0.3733440385387395, 0.3530413869125163, 0.3557721596101127, 0.36098001807410385, 0.34691443903408525, 0.3324394119984108, 0.3842807711319822, 0.3392265193370166, 0.413404448022542, 0.3520280420630946, 0.4186600496277916, 0.3776057176891007, 0.3124076081600473, 0.36132596685082874, 0.3346181154275282, 0.3750750750750751, 0.3394986860723671, 0.3217772464634389, 0.319140625, 0.3678500986193294, 0.30382919005613473, 0.34880209381920674, 0.3643570472562545, 0.3761838989739542, 0.414923572003218, 0.35425225965488905, 0.37865235539654146, 0.436597428288823, 0.341157905118848, 0.4021813894074875, 0.4412758346581876, 0.42147177419354837]}, "constant_correct": {"mean_penalty_ratio": 0.37134615384615394, "std": 0.04534099925032256, "std_err": 0.006477285607188937, "raw": [0.2692307692307692, 0.41346153846153844, 0.36538461538461536, 0.34615384615384615, 0.4326923076923077, 0.2980769230769231, 0.3269230769230769, 0.36538461538461536, 0.36538461538461536, 0.4807692307692308, 0.38461538461538464, 0.3942307692307692, 0.46153846153846156, 0.34615384615384615, 0.4423076923076923, 0.38461538461538464, 0.3557692307692308, 0.46153846153846156, 0.375, 0.3557692307692308, 0.3557692307692308, 0.3557692307692308, 0.34615384615384615, 0.3269230769230769, 0.38461538461538464, 0.33653846153846156, 0.40384615384615385, 0.34615384615384615, 0.41346153846153844, 0.375, 0.3173076923076923, 0.36538461538461536, 0.3269230769230769, 0.375, 0.33653846153846156, 0.3173076923076923, 0.3173076923076923, 0.36538461538461536, 0.2980769230769231, 0.34615384615384615, 0.3557692307692308, 0.375, 0.41346153846153844, 0.3557692307692308, 0.38461538461538464, 0.4423076923076923, 0.33653846153846156, 0.40384615384615385, 0.4423076923076923, 0.4230769230769231]}}, "noise_pct_98": {"correct": {"mean_penalty_ratio": 0.3659163338422972, "std": 0.04390090636991584, "std_err": 0.006271558052845121, "raw": [0.2650877019125954, 0.399604743083004, 0.36093564942755624, 0.3536622123982719, 0.42008277493102086, 0.30366230915078335, 0.3116213209264691, 0.35414141414141415, 0.35972290945076696, 0.4727901535957685, 0.37553971282257254, 0.3871705619094978, 0.4580044525399717, 0.3400506329113924, 0.43235147279081376, 0.37872853269056944, 0.3592233009708738, 0.4550644748498868, 0.37296645912833903, 0.35102533172496986, 0.3455173114021728, 0.36098001807410385, 0.34684953289604453, 0.33217408585055647, 0.37544625148750493, 0.3292462311557789, 0.4133454106280193, 0.3419128693039559, 0.40879753748386455, 0.3675799086757991, 0.30248373743347134, 0.3511803114013059, 0.32440657334144857, 0.36525746343418153, 0.3394319215606995, 0.3117154811715481, 0.30930754956538725, 0.35792484465923663, 0.293734335839599, 0.34801451320298327, 0.35395861216925767, 0.366255550074001, 0.4048074021924972, 0.34391371340523885, 0.37834344237844286, 0.42690290012867466, 0.3410929177352535, 0.39225705021126067, 0.43124006359300476, 0.4203030303030303]}, "constant_correct": {"mean_penalty_ratio": 0.36499999999999994, "std": 0.04439601240156331, "std_err": 0.006342287485937616,