{"noise_pct_95": 0.03576923076923077, "noise_pct_96": 0.02634615384615385, "noise_pct_97": 0.018653846153846153, "noise_pct_98": 0.012884615384615388, "noise_pct_99": 0.0073076923076923084, "noise_pct_100": 0.0}