{"noise_pct_95": 0.08884615384615387, "noise_pct_96": 0.0798076923076923, "noise_pct_97": 0.0725, "noise_pct_98": 0.06711538461538462, "noise_pct_99": 0.06230769230769231, "noise_pct_100": 0.055576923076923086}