{"noise_pct_95": 0.04596153846153848, "noise_pct_96": 0.036730769230769234, "noise_pct_97": 0.029230769230769234, "noise_pct_98": 0.023653846153846157, "noise_pct_99": 0.018076923076923074, "noise_pct_100": 0.010961538461538462}