{"noise_pct_95": 0.3805769230769231, "noise_pct_96": 0.3744230769230769, "noise_pct_97": 0.3701923076923076, "noise_pct_98": 0.3673076923076923, "noise_pct_99": 0.3644230769230768, "noise_pct_100": 0.3623076923076923}