{"noise_pct_95": 0.35442307692307695, "noise_pct_96": 0.34769230769230774, "noise_pct_97": 0.3411538461538462, "noise_pct_98": 0.3373076923076924, "noise_pct_99": 0.33403846153846145, "noise_pct_100": 0.32942307692307693}