{"noise_pct_80": {"pct_incorrect_examples": 0.324625, "std": 0.017112221509786505, "std_err": 0.0024446030728266436, "raw": [0.31562500000000004, 0.33125000000000004, 0.328125, 0.32499999999999996, 0.30625, 0.359375, 0.321875, 0.32499999999999996, 0.33125000000000004, 0.35624999999999996, 0.33125000000000004, 0.30000000000000004, 0.3375, 0.36250000000000004, 0.34687500000000004, 0.30937499999999996, 0.32499999999999996, 0.32499999999999996, 0.32499999999999996, 0.33125000000000004, 0.37812500000000004, 0.321875, 0.30937499999999996, 0.31875, 0.296875, 0.3125, 0.334375, 0.321875, 0.321875, 0.30000000000000004, 0.30000000000000004, 0.30000000000000004, 0.34375, 0.3125, 0.32499999999999996, 0.31875, 0.3125, 0.334375, 0.3125, 0.321875, 0.30000000000000004, 0.32499999999999996, 0.321875, 0.334375, 0.328125, 0.35, 0.32499999999999996, 0.31875, 0.334375, 0.303125]}, "noise_pct_85": {"pct_incorrect_examples": 0.3435, "std": 0.017840876519947105, "std_err": 0.002548696645706729, "raw": [0.34062499999999996, 0.35, 0.353125, 0.34687500000000004, 0.321875, 0.375, 0.34062499999999996, 0.35, 0.34375, 0.37187499999999996, 0.34687500000000004, 0.31875, 0.353125, 0.38125, 0.36875, 0.328125, 0.34687500000000004, 0.3375, 0.34062499999999996, 0.34687500000000004, 0.4, 0.34062499999999996, 0.334375, 0.334375, 0.31562500000000004, 0.32499999999999996, 0.353125, 0.3375, 0.34062499999999996, 0.31875, 0.31562500000000004, 0.31562500000000004, 0.36875, 0.3375, 0.34375, 0.34062499999999996, 0.33125000000000004, 0.359375, 0.3375, 0.34375, 0.3125, 0.34687500000000004, 0.35, 0.35, 0.34375, 0.36250000000000004, 0.34687500000000004, 0.334375, 0.35624999999999996, 0.31562500000000004]}, "noise_pct_90": {"pct_incorrect_examples": 0.36331250000000004, "std": 0.018633072914846872, "std_err": 0.0026618675592638384, "raw": [0.35624999999999996, 0.36250000000000004, 0.37187499999999996, 0.359375, 0.34062499999999996, 0.4, 0.359375, 0.37187499999999996, 0.36250000000000004, 0.38125, 0.36875, 0.334375, 0.38125, 0.4, 0.38749999999999996, 0.34375, 0.365625, 0.35, 0.365625, 0.359375, 0.428125, 0.36875, 0.359375, 0.359375, 0.3375, 0.35, 0.375, 0.35624999999999996, 0.35624999999999996, 0.334375, 0.34062499999999996, 0.34062499999999996, 0.39375000000000004, 0.35624999999999996, 0.365625, 0.359375, 0.35624999999999996, 0.37187499999999996, 0.353125, 0.365625, 0.33125000000000004, 0.36250000000000004, 0.375, 0.375, 0.36875, 0.38125, 0.36250000000000004, 0.35, 0.375, 0.334375]}, "noise_pct_95": {"pct_incorrect_examples": 0.3892499999999999, "std": 0.018415346860702907, "std_err": 0.0026307638372432725, "raw": [0.37812500000000004, 0.37812500000000004, 0.40312499999999996, 0.38125, 0.365625, 0.4125, 0.38749999999999996, 0.40625, 0.38749999999999996, 0.40937500000000004, 0.390625, 0.359375, 0.40625, 0.43125, 0.41874999999999996, 0.36875, 0.4, 0.37187499999999996, 0.390625, 0.38125, 0.44062500000000004, 0.40312499999999996, 0.390625, 0.37812500000000004, 0.37187499999999996, 0.384375, 0.396875, 0.37187499999999996, 0.38125, 0.365625, 0.36875, 0.37187499999999996, 0.43125, 0.37812500000000004, 0.38749999999999996, 0.390625, 0.384375, 0.39375000000000004, 0.38125, 0.38749999999999996, 0.35624999999999996, 0.390625, 0.4, 0.4, 0.396875, 0.40625, 0.38749999999999996, 0.38125, 0.4, 0.35624999999999996]}, "noise_pct_96": {"pct_incorrect_examples": 0.39224999999999993, "std": 0.018511398515509304, "std_err": 0.002644485502215615, "raw": [0.38125, 0.37812500000000004, 0.40312499999999996, 0.38749999999999996, 0.36875, 0.41874999999999996, 0.390625, 0.40625, 0.390625, 0.40937500000000004, 0.39375000000000004, 0.359375, 0.40937500000000004, 0.4375, 0.421875, 0.37187499999999996, 0.4, 0.375, 0.390625, 0.384375, 0.44062500000000004, 0.40625, 0.39375000000000004, 0.38125, 0.375, 0.384375, 0.4, 0.37812500000000004, 0.384375, 0.36875, 0.375, 0.375, 0.43437499999999996, 0.38125, 0.38749999999999996, 0.396875, 0.38749999999999996, 0.396875, 0.384375, 0.39375000000000004, 0.35624999999999996, 0.396875, 0.40312499999999996, 0.40625, 0.4, 0.40937500000000004, 0.390625, 0.384375, 0.40312499999999996, 0.359375]}}