{"noise_pct_0": {"pct_incorrect_examples": 0.003125, "std": 0.002795084971874727, "std_err": 0.0013975424859373636, "raw": [0.0, 0.006249999999999978, 0.0031250000000000444, 0.006249999999999978, 0.0]}}