{"noise_pct_10": {"correct": {"mean_penalty_ratio": 0.96, "std": 0.004999999999999974, "std_err": 0.0024999999999999866, "raw": [0.965625, 0.959375, 0.95625, 0.953125, 0.965625]}, "constant_correct": {"mean_penalty_ratio": 0.96, "std": 0.004999999999999974, "std_err": 0.0024999999999999866, "raw": [0.965625, 0.959375, 0.95625, 0.953125, 0.965625]}}, "noise_pct_20": {"correct": {"mean_penalty_ratio": 0.928125, "std": 0.006555055301063445, "std_err": 0.0032775276505317224, "raw": [0.934375, 0.93125, 0.921875, 0.91875, 0.934375]}, "constant_correct": {"mean_penalty_ratio": 0.928125, "std": 0.006555055301063445, "std_err": 0.0032775276505317224, "raw": [0.934375, 0.93125, 0.921875, 0.91875, 0.934375]}}, "noise_pct_30": {"correct": {"mean_penalty_ratio": 0.8862500000000001, "std": 0.006731456008918114, "std_err": 0.003365728004459057, "raw": [0.884375, 0.890625, 0.878125, 0.88125, 0.896875]}, "constant_correct": {"mean_penalty_ratio": 0.8862500000000001, "std": 0.006731456008918114, "std_err": 0.003365728004459057, "raw": [0.884375, 0.890625, 0.878125, 0.88125, 0.896875]}}, "noise_pct_40": {"correct": {"mean_penalty_ratio": 0.8393750000000001, "std": 0.007551903733496607, "std_err": 0.003775951866748303, "raw": [0.8375, 0.840625, 0.834375, 0.83125, 0.853125]}, "constant_correct": {"mean_penalty_ratio": 0.8393750000000001, "std": 0.007551903733496607, "std_err": 0.003775951866748303, "raw": [0.8375, 0.840625, 0.834375, 0.83125, 0.853125]}}, "noise_pct_50": {"correct": {"mean_penalty_ratio": 0.805, "std": 0.006434768838116887, "std_err": 0.0032173844190584435, "raw": [0.809375, 0.80625, 0.79375, 0.803125, 0.8125]}, "constant_correct": {"mean_penalty_ratio": 0.805, "std": 0.006434768838116887, "std_err": 0.0032173844190584435, "raw": [0.809375, 0.80625, 0.79375, 0.803125, 0.8125]}}, "noise_pct_60": {"correct": {"mean_penalty_ratio": 0.7631249999999999, "std": 0.008477912478906554, "std_err": 0.004238956239453277, "raw": [0.765625, 0.759375, 0.753125, 0.759375, 0.778125]}, "constant_correct": {"mean_penalty_ratio": 0.7631249999999999, "std": 0.008477912478906554, "std_err": 0.004238956239453277, "raw": [0.765625, 0.759375, 0.753125, 0.759375, 0.778125]}}, "noise_pct_70": {"correct": {"mean_penalty_ratio": 0.7206250000000001, "std": 0.005796011559684815, "std_err": 0.0028980057798424076, "raw": [0.721875, 0.715625, 0.71875, 0.715625, 0.73125]}, "constant_correct": {"mean_penalty_ratio": 0.7206250000000001, "std": 0.005796011559684815, "std_err": 0.0028980057798424076, "raw": [0.721875, 0.715625, 0.71875, 0.715625, 0.73125]}}, "noise_pct_80": {"correct": {"mean_penalty_ratio": 0.6787500000000001, "std": 0.009142961773954864, "std_err": 0.004571480886977432, "raw": [0.684375, 0.66875, 0.671875, 0.675, 0.69375]}, "constant_correct": {"mean_penalty_ratio": 0.6787500000000001, "std": 0.009142961773954864, "std_err": 0.004571480886977432, "raw": [0.684375, 0.66875, 0.671875, 0.675, 0.69375]}}, "noise_pct_90": {"correct": {"mean_penalty_ratio": 0.641875, "std": 0.010193441518937566, "std_err": 0.005096720759468782, "raw": [0.64375, 0.6375, 0.628125, 0.640625, 0.659375]}, "constant_correct": {"mean_penalty_ratio": 0.641875, "std": 0.010193441518937566, "std_err": 0.005096720759468782, "raw": [0.64375, 0.6375, 0.628125, 0.640625, 0.659375]}}, "noise_pct_95": {"correct": {"mean_penalty_ratio": 0.61875, "std": 0.01218349293101119, "std_err": 0.0060917464655055945, "raw": [0.621875, 0.621875, 0.596875, 0.61875, 0.634375]}, "constant_correct": {"mean_penalty_ratio": 0.61875, "std": 0.01218349293101119, "std_err": 0.0060917464655055945, "raw": [0.621875, 0.621875, 0.596875, 0.61875, 0.634375]}}, "noise_pct_96": {"correct": {"mean_penalty_ratio": 0.6162500000000001, "std": 0.011422291801560638, "std_err": 0.005711145900780319, "raw": [0.61875, 0.621875, 0.596875, 0.6125, 0.63125]}, "constant_correct": {"mean_penalty_ratio": 0.6162500000000001, "std": 0.011422291801560638, "std_err": 0.005711145900780319, "raw": [0.61875, 0.621875, 0.596875, 0.6125, 0.63125]}}, "noise_pct_97": {"correct": {"mean_penalty_ratio": 0.6125, "std": 0.011180339887498959, "std_err": 0.005590169943749479, "raw": [0.615625, 0.615625, 0.59375, 0.609375, 0.628125]}, "constant_correct": {"mean_penalty_ratio": 0.6125, "std": 0.011180339887498959, "std_err": 0.005590169943749479, "raw": [0.615625, 0.615625, 0.59375, 0.609375, 0.628125]}}, "noise_pct_98": {"correct": {"mean_penalty_ratio": 0.6056250000000001, "std": 0.012086924753633568, "std_err": 0.006043462376816783, "raw": [0.609375, 0.60625, 0.584375, 0.60625, 0.621875]}, "constant_correct": {"mean_penalty_ratio": 0.6056250000000001, "std": 0.012086924753633568, "std_err": 0.006043462376816783, "raw": [0.609375, 0.60625, 0.584375, 0.60625, 0.621875]}}, "noise_pct_99": {"correct": {"mean_penalty_ratio": 0.6012500000000001, "std": 0.011284668803292345, "std_err": 0.005642334401646172, "raw": [0.60625, 0.603125, 0.58125, 0.6, 0.615625]}, "constant_correct": {"mean_penalty_ratio": 0.6012500000000001, "std": 0.011284668803292345, "std_err": 0.005642334401646172, "raw": [0.60625, 0.603125, 0.58125, 0.6, 0.615625]}}, "noise_pct_100": {"correct": {"mean_penalty_ratio": 0.5956249999999998, "std": 0.01211919964354085, "std_err": 0.006059599821770424, "raw": [0.6, 0.596875, 0.575, 0.59375, 0.6125]}, "constant_correct": {"mean_penalty_ratio": 0.5956249999999998, "std": 0.01211919964354085, "std_err": 0.006059599821770424, "raw": [0.6, 0.596875, 0.575, 0.59375, 0.6125]}}}