{"noise_pct_0": {"correct": {"mean_penalty_ratio": 0.996875, "std": 0.002795084971874727, "std_err": 0.0013975424859373636, "raw": [1.0, 0.99375, 0.996875, 0.99375, 1.0]}, "constant_correct": {"mean_penalty_ratio": 0.996875, "std": 0.002795084971874727, "std_err": 0.0013975424859373636, "raw": [1.0, 0.99375, 0.996875, 0.99375, 1.0]}}}