{"noise_pct_10": {"card_accuracy": {"mean": 0.9038461538461539, "std": 0.0033995518326276203, "std_err": 0.0016997759163138101, "raw": [0.9014423076923077, 0.8990384615384616, 0.9086538461538461, 0.9038461538461539, 0.90625]}, "card_confidence_dist": {">0%": 0.15625, ">25%": 0.09807692307692308, ">50%": 0.14326923076923076, ">75%": 0.1625, ">90%": 0.09519230769230769, ">95%": 0.34471153846153846}}, "noise_pct_20": {"card_accuracy": {"mean": 0.810576923076923, "std": 0.003532917898244956, "std_err": 0.001766458949122478, "raw": [0.8052884615384616, 0.8076923076923077, 0.8125, 0.8125, 0.8149038461538461]}, "card_confidence_dist": {">0%": 0.21298076923076922, ">25%": 0.10192307692307692, ">50%": 0.1346153846153846, ">75%": 0.14903846153846154, ">90%": 0.08990384615384615, ">95%": 0.31153846153846154}}, "noise_pct_30": {"card_accuracy": {"mean": 0.7067307692307692, "std": 0.0040224039737215295, "std_err": 0.0020112019868607643, "raw": [0.7019230769230769, 0.7043269230769231, 0.7067307692307693, 0.7067307692307693, 0.7139423076923077]}, "card_confidence_dist": {">0%": 0.2793269230769231, ">25%": 0.10096153846153846, ">50%": 0.125, ">75%": 0.13701923076923078, ">90%": 0.08413461538461539, ">95%": 0.27355769230769234}}, "noise_pct_40": {"card_accuracy": {"mean": 0.6134615384615385, "std": 0.003532917898244956, "std_err": 0.0017664589491224775, "raw": [0.6129807692307693, 0.6105769230769231, 0.6129807692307693, 0.6105769230769231, 0.6201923076923077]}, "card_confidence_dist": {">0%": 0.33942307692307694, ">25%": 0.10625, ">50%": 0.11442307692307692, ">75%": 0.12211538461538461, ">90%": 0.07740384615384616, ">95%": 0.2403846153846154}}, "noise_pct_50": {"card_accuracy": {"mean": 0.5125, "std": 0.005565306203264548, "std_err": 0.0027826531016322737, "raw": [0.5096153846153846, 0.5048076923076923, 0.5144230769230769, 0.5120192307692307, 0.5216346153846154]}, "card_confidence_dist": {">0%": 0.4076923076923077, ">25%": 0.10480769230769231, ">50%": 0.10432692307692308, ">75%": 0.10625, ">90%": 0.07259615384615385, ">95%": 0.20432692307692307}}, "noise_pct_60": {"card_accuracy": {"mean": 0.42259615384615384, "std": 0.005769230769230768, "std_err": 0.002884615384615384, "raw": [0.41586538461538464, 0.4182692307692308, 0.4230769230769231, 0.4230769230769231, 0.4326923076923077]}, "card_confidence_dist": {">0%": 0.47115384615384615, ">25%": 0.10192307692307692, ">50%": 0.09567307692307692, ">75%": 0.09903846153846153, ">90%": 0.06442307692307692, ">95%": 0.16778846153846153}}, "noise_pct_70": {"card_accuracy": {"mean": 0.3298076923076923, "std": 0.00556530620326453, "std_err": 0.002782653101632265, "raw": [0.32211538461538464, 0.3293269230769231, 0.3269230769230769, 0.3317307692307692, 0.3389423076923077]}, "card_confidence_dist": {">0%": 0.5274038461538462, ">25%": 0.10432692307692308, ">50%": 0.09038461538461538, ">75%": 0.08221153846153846, ">90%": 0.05432692307692308, ">95%": 0.14134615384615384}}, "noise_pct_80": {"card_accuracy": {"mean": 0.23028846153846155, "std": 0.005565306203264525, "std_err": 0.0027826531016322625, "raw": [0.22355769230769232, 0.23557692307692307, 0.22596153846153846, 0.2283653846153846, 0.23798076923076922]}, "card_confidence_dist": {">0%": 0.5894230769230769, ">25%": 0.10240384615384615, ">50%": 0.08509615384615385, ">75%": 0.06826923076923076, ">90%": 0.046634615384615385, ">95%": 0.10817307692307693}}, "noise_pct_90": {"card_accuracy": {"mean": 0.13701923076923075, "std": 0.007291226388511108, "std_err": 0.003645613194255554, "raw": [0.12740384615384615, 0.1466346153846154, 0.13221153846153846, 0.1346153846153846, 0.14423076923076922]}, "card_confidence_dist": {">0%": 0.6528846153846154, ">25%": 0.10048076923076923, ">50%": 0.075, ">75%": 0.057692307692307696, ">90%": 0.03990384615384615, ">95%": 0.07403846153846154}}, "noise_pct_100": {"card_accuracy": {"mean": 0.035576923076923075, "std": 0.008519252474360264, "std_err": 0.004259626237180132, "raw": [0.026442307692307692, 0.04807692307692308, 0.028846153846153848, 0.03125, 0.04326923076923077]}, "card_confidence_dist": {">0%": 0.7211538461538461, ">25%": 0.09375, ">50%": 0.0625, ">75%": 0.04423076923076923, ">90%": 0.03173076923076923, ">95%": 0.046634615384615385}}}