{"noise_pct_10": {"card_accuracy": 0.9000999000999002}, "noise_pct_20": {"card_accuracy": 0.8054445554445554}, "noise_pct_30": {"card_accuracy": 0.7087912087912088}, "noise_pct_40": {"card_accuracy": 0.6138861138861139}, "noise_pct_50": {"card_accuracy": 0.5179820179820179}, "noise_pct_60": {"card_accuracy": 0.42332667332667334}, "noise_pct_70": {"card_accuracy": 0.32817182817182816}, "noise_pct_80": {"card_accuracy": 0.23351648351648352}, "noise_pct_90": {"card_accuracy": 0.1386113886113886}, "noise_pct_100": {"card_accuracy": 0.042457542457542456}}