{"noise_pct_10": {"card_accuracy": {"mean": 0.9043269230769232, "std": 0.0009615384615384581, "std_err": 0.000480769230769229, "raw": [0.9038461538461539, 0.9038461538461539, 0.9038461538461539, 0.90625, 0.9038461538461539]}, "card_confidence_dist": {">0%": 0.14086538461538461, ">25%": 0.09903846153846153, ">50%": 0.14471153846153847, ">75%": 0.16538461538461538, ">90%": 0.09278846153846154, ">95%": 0.35721153846153847}}, "noise_pct_20": {"card_accuracy": {"mean": 0.8110576923076923, "std": 0.003260735568810213, "std_err": 0.0016303677844051066, "raw": [0.8100961538461539, 0.8076923076923077, 0.8100961538461539, 0.8173076923076923, 0.8100961538461539]}, "card_confidence_dist": {">0%": 0.1875, ">25%": 0.0985576923076923, ">50%": 0.13942307692307693, ">75%": 0.1528846153846154, ">90%": 0.08798076923076924, ">95%": 0.33365384615384613}}, "noise_pct_30": {"card_accuracy": {"mean": 0.7067307692307692, "std": 0.003724022448276349, "std_err": 0.0018620112241381748, "raw": [0.7043269230769231, 0.7043269230769231, 0.7043269230769231, 0.7139423076923077, 0.7067307692307693]}, "card_confidence_dist": {">0%": 0.23653846153846153, ">25%": 0.09519230769230769, ">50%": 0.12980769230769232, ">75%": 0.14423076923076922, ">90%": 0.08173076923076923, ">95%": 0.3125}}, "noise_pct_40": {"card_accuracy": {"mean": 0.6120192307692308, "std": 0.00419124898417373, "std_err": 0.002095624492086865, "raw": [0.6105769230769231, 0.6081730769230769, 0.6105769230769231, 0.6201923076923077, 0.6105769230769231]}, "card_confidence_dist": {">0%": 0.28509615384615383, ">25%": 0.09759615384615385, ">50%": 0.12163461538461538, ">75%": 0.13125, ">90%": 0.07355769230769231, ">95%": 0.29086538461538464}}, "noise_pct_50": {"card_accuracy": {"mean": 0.5096153846153845, "std": 0.0026332815264671354, "std_err": 0.0013166407632335677, "raw": [0.5072115384615384, 0.5096153846153846, 0.5096153846153846, 0.5144230769230769, 0.5072115384615384]}, "card_confidence_dist": {">0%": 0.33605769230769234, ">25%": 0.09519230769230769, ">50%": 0.11346153846153846, ">75%": 0.11875, ">90%": 0.06826923076923076, ">95%": 0.26826923076923076}}, "noise_pct_60": {"card_accuracy": {"mean": 0.4163461538461538, "std": 0.0031890622984186608, "std_err": 0.0015945311492093302, "raw": [0.41586538461538464, 0.41586538461538464, 0.4182692307692308, 0.4206730769230769, 0.4110576923076923]}, "card_confidence_dist": {">0%": 0.37884615384615383, ">25%": 0.09423076923076923, ">50%": 0.10913461538461539, ">75%": 0.11346153846153846, ">90%": 0.06057692307692308, ">95%": 0.24375}}, "noise_pct_70": {"card_accuracy": {"mean": 0.3225961538461538, "std": 0.0023552785988299844, "std_err": 0.001177639299414992, "raw": [0.32211538461538464, 0.32211538461538464, 0.32211538461538464, 0.3269230769230769, 0.31971153846153844]}, "card_confidence_dist": {">0%": 0.4264423076923077, ">25%": 0.09134615384615384, ">50%": 0.10576923076923077, ">75%": 0.09807692307692308, ">90%": 0.05048076923076923, ">95%": 0.22788461538461538}}, "noise_pct_80": {"card_accuracy": {"mean": 0.2192307692307692, "std": 0.0028033422571371643, "std_err": 0.001401671128568582, "raw": [0.22115384615384615, 0.22115384615384615, 0.21875, 0.22115384615384615, 0.21394230769230768]}, "card_confidence_dist": {">0%": 0.475, ">25%": 0.09134615384615384, ">50%": 0.09759615384615385, ">75%": 0.08653846153846154, ">90%": 0.041826923076923074, ">95%": 0.2076923076923077}}, "noise_pct_90": {"card_accuracy": {"mean": 0.12548076923076923, "std": 0.004135733301462803, "std_err": 0.0020678666507314013, "raw": [0.12980769230769232, 0.12740384615384615, 0.125, 0.12740384615384615, 0.11778846153846154]}, "card_confidence_dist": {">0%": 0.5235576923076923, ">25%": 0.09134615384615384, ">50%": 0.09134615384615384, ">75%": 0.07403846153846154, ">90%": 0.036057692307692304, ">95%": 0.18365384615384617}}, "noise_pct_100": {"card_accuracy": {"mean": 0.02451923076923077, "std": 0.004661230632131086, "std_err": 0.002330615316065543, "raw": [0.03125, 0.02403846153846154, 0.02403846153846154, 0.026442307692307692, 0.016826923076923076]}, "card_confidence_dist": {">0%": 0.5759615384615384, ">25%": 0.09230769230769231, ">50%": 0.0798076923076923, ">75%": 0.06201923076923077, ">90%": 0.023557692307692307, ">95%": 0.16634615384615384}}}