{"noise_pct_10": {"card_accuracy": 0.9005994005994006}, "noise_pct_20": {"card_accuracy": 0.804945054945055}, "noise_pct_30": {"card_accuracy": 0.708041958041958}, "noise_pct_40": {"card_accuracy": 0.6116383616383616}, "noise_pct_50": {"card_accuracy": 0.5144855144855145}, "noise_pct_60": {"card_accuracy": 0.4180819180819181}, "noise_pct_70": {"card_accuracy": 0.32167832167832167}, "noise_pct_80": {"card_accuracy": 0.22552447552447552}, "noise_pct_90": {"card_accuracy": 0.12862137862137862}, "noise_pct_100": {"card_accuracy": 0.03071928071928072}}