{"noise_pct_10": {"card_accuracy": {"mean": 0.9028846153846155, "std": 0.003260735568810213, "std_err": 0.0016303677844051066, "raw": [0.8990384615384616, 0.8990384615384616, 0.90625, 0.90625, 0.9038461538461539]}, "card_confidence_dist": {">0%": 0.125, ">25%": 0.09711538461538462, ">50%": 0.14615384615384616, ">75%": 0.1625, ">90%": 0.09807692307692308, ">95%": 0.37115384615384617}}, "noise_pct_20": {"card_accuracy": {"mean": 0.808173076923077, "std": 0.004406322783611369, "std_err": 0.0022031613918056846, "raw": [0.8028846153846154, 0.8028846153846154, 0.8125, 0.8125, 0.8100961538461539]}, "card_confidence_dist": {">0%": 0.14903846153846154, ">25%": 0.09519230769230769, ">50%": 0.13990384615384616, ">75%": 0.15240384615384617, ">90%": 0.09471153846153846, ">95%": 0.36875}}, "noise_pct_30": {"card_accuracy": {"mean": 0.7052884615384616, "std": 0.005809156718074347, "std_err": 0.002904578359037173, "raw": [0.6995192307692307, 0.6971153846153846, 0.7115384615384616, 0.7091346153846154, 0.7091346153846154]}, "card_confidence_dist": {">0%": 0.18557692307692308, ">25%": 0.09134615384615384, ">50%": 0.12884615384615383, ">75%": 0.13846153846153847, ">90%": 0.09759615384615385, ">95%": 0.3581730769230769}}, "noise_pct_40": {"card_accuracy": {"mean": 0.6125, "std": 0.00652147113762048, "std_err": 0.00326073556881024, "raw": [0.6057692307692307, 0.6033653846153846, 0.6177884615384616, 0.6177884615384616, 0.6177884615384616]}, "card_confidence_dist": {">0%": 0.21634615384615385, ">25%": 0.09134615384615384, ">50%": 0.11730769230769231, ">75%": 0.125, ">90%": 0.09471153846153846, ">95%": 0.35528846153846155}}, "noise_pct_50": {"card_accuracy": {"mean": 0.510576923076923, "std": 0.006194278234002465, "std_err": 0.0030971391170012325, "raw": [0.5072115384615384, 0.5, 0.5144230769230769, 0.5168269230769231, 0.5144230769230769]}, "card_confidence_dist": {">0%": 0.25625, ">25%": 0.08605769230769231, ">50%": 0.10721153846153846, ">75%": 0.11057692307692307, ">90%": 0.09086538461538461, ">95%": 0.3490384615384615}}, "noise_pct_60": {"card_accuracy": {"mean": 0.4163461538461538, "std": 0.005565306203264531, "std_err": 0.0027826531016322655, "raw": [0.41586538461538464, 0.40625, 0.4182692307692308, 0.4230769230769231, 0.4182692307692308]}, "card_confidence_dist": {">0%": 0.2865384615384615, ">25%": 0.07836538461538461, ">50%": 0.10096153846153846, ">75%": 0.10721153846153846, ">90%": 0.0875, ">95%": 0.33942307692307694}}, "noise_pct_70": {"card_accuracy": {"mean": 0.3230769230769231, "std": 0.00560668451427433, "std_err": 0.002803342257137165, "raw": [0.31971153846153844, 0.31490384615384615, 0.3245192307692308, 0.3317307692307692, 0.3245192307692308]}, "card_confidence_dist": {">0%": 0.3264423076923077, ">25%": 0.07403846153846154, ">50%": 0.09375, ">75%": 0.09182692307692308, ">90%": 0.07932692307692307, ">95%": 0.3346153846153846}}, "noise_pct_80": {"card_accuracy": {"mean": 0.21971153846153846, "std": 0.0047105571976599585, "std_err": 0.002355278598829979, "raw": [0.21875, 0.21153846153846154, 0.22115384615384615, 0.22596153846153846, 0.22115384615384615]}, "card_confidence_dist": {">0%": 0.3543269230769231, ">25%": 0.07115384615384615, ">50%": 0.0875, ">75%": 0.08221153846153846, ">90%": 0.07596153846153846, ">95%": 0.32884615384615384}}, "noise_pct_90": {"card_accuracy": {"mean": 0.12596153846153846, "std": 0.005809156718074313, "std_err": 0.0029045783590371565, "raw": [0.125, 0.11538461538461539, 0.12980769230769232, 0.13221153846153846, 0.12740384615384615]}, "card_confidence_dist": {">0%": 0.37932692307692306, ">25%": 0.06682692307692308, ">50%": 0.08317307692307692, ">75%": 0.075, ">90%": 0.07115384615384615, ">95%": 0.3245192307692308}}, "noise_pct_100": {"card_accuracy": {"mean": 0.026442307692307692, "std": 0.0040224039737215165, "std_err": 0.0020112019868607583, "raw": [0.026442307692307692, 0.019230769230769232, 0.028846153846153848, 0.03125, 0.026442307692307692]}, "card_confidence_dist": {">0%": 0.41009615384615383, ">25%": 0.06490384615384616, ">50%": 0.06923076923076923, ">75%": 0.06586538461538462, ">90%": 0.06298076923076923, ">95%": 0.3269230769230769}}}