{"noise_pct_10": {"card_accuracy": 0.8983516483516484}, "noise_pct_20": {"card_accuracy": 0.800949050949051}, "noise_pct_30": {"card_accuracy": 0.7037962037962038}, "noise_pct_40": {"card_accuracy": 0.6063936063936064}, "noise_pct_50": {"card_accuracy": 0.5097402597402597}, "noise_pct_60": {"card_accuracy": 0.4130869130869131}, "noise_pct_70": {"card_accuracy": 0.3156843156843157}, "noise_pct_80": {"card_accuracy": 0.21728271728271728}, "noise_pct_90": {"card_accuracy": 0.12012987012987013}, "noise_pct_100": {"card_accuracy": 0.022227772227772228}}