{"noise_pct_10": {"card_accuracy": 0.9215784215784216}, "noise_pct_20": {"card_accuracy": 0.8459040959040959}, "noise_pct_30": {"card_accuracy": 0.7714785214785215}, "noise_pct_40": {"card_accuracy": 0.6983016983016983}, "noise_pct_50": {"card_accuracy": 0.6243756243756243}, "noise_pct_60": {"card_accuracy": 0.5484515484515484}, "noise_pct_70": {"card_accuracy": 0.4725274725274725}, "noise_pct_80": {"card_accuracy": 0.39885114885114886}, "noise_pct_90": {"card_accuracy": 0.32642357642357644}, "noise_pct_100": {"card_accuracy": 0.2517482517482518}}