{"noise_pct_10": {"card_accuracy": {"mean": 0.9225961538461538, "std": 0.009782206706430692, "std_err": 0.004891103353215345, "raw": [0.9110576923076923, 0.9134615384615384, 0.9350961538461539, 0.9206730769230769, 0.9326923076923077]}, "card_confidence_dist": {">0%": 0.16538461538461538, ">25%": 0.09326923076923077, ">50%": 0.14278846153846153, ">75%": 0.16153846153846155, ">90%": 0.09182692307692308, ">95%": 0.3451923076923077}}, "noise_pct_20": {"card_accuracy": {"mean": 0.8442307692307691, "std": 0.006341781710708112, "std_err": 0.003170890855354056, "raw": [0.84375, 0.8341346153846154, 0.8509615384615384, 0.8413461538461539, 0.8509615384615384]}, "card_confidence_dist": {">0%": 0.23221153846153847, ">25%": 0.09423076923076923, ">50%": 0.13125, ">75%": 0.14471153846153847, ">90%": 0.08461538461538462, ">95%": 0.31298076923076923}}, "noise_pct_30": {"card_accuracy": {"mean": 0.7634615384615384, "std": 0.01173707270743626, "std_err": 0.00586853635371813, "raw": [0.7596153846153846, 0.7475961538461539, 0.78125, 0.7572115384615384, 0.7716346153846154]}, "card_confidence_dist": {">0%": 0.30673076923076925, ">25%": 0.09086538461538461, ">50%": 0.1201923076923077, ">75%": 0.12884615384615383, ">90%": 0.0798076923076923, ">95%": 0.27355769230769234}}, "noise_pct_40": {"card_accuracy": {"mean": 0.689423076923077, "std": 0.010015705123076724, "std_err": 0.005007852561538362, "raw": [0.6754807692307693, 0.6826923076923077, 0.7019230769230769, 0.6875, 0.6995192307692307]}, "card_confidence_dist": {">0%": 0.3730769230769231, ">25%": 0.08798076923076924, ">50%": 0.11153846153846154, ">75%": 0.1125, ">90%": 0.07211538461538461, ">95%": 0.24278846153846154}}, "noise_pct_50": {"card_accuracy": {"mean": 0.6134615384615385, "std": 0.008519252474360289, "std_err": 0.004259626237180144, "raw": [0.6057692307692307, 0.6057692307692307, 0.6225961538461539, 0.6081730769230769, 0.625]}, "card_confidence_dist": {">0%": 0.44903846153846155, ">25%": 0.08413461538461539, ">50%": 0.09759615384615385, ">75%": 0.09663461538461539, ">90%": 0.06586538461538462, ">95%": 0.20673076923076922}}, "noise_pct_60": {"card_accuracy": {"mean": 0.5442307692307692, "std": 0.011932378505760448, "std_err": 0.005966189252880224, "raw": [0.5288461538461539, 0.5336538461538461, 0.5576923076923077, 0.5432692307692307, 0.5576923076923077]}, "card_confidence_dist": {">0%": 0.5177884615384616, ">25%": 0.07884615384615384, ">50%": 0.08846153846153847, ">75%": 0.08798076923076924, ">90%": 0.05721153846153846, ">95%": 0.16971153846153847}}, "noise_pct_70": {"card_accuracy": {"mean": 0.4716346153846153, "std": 0.008519252474360275, "std_err": 0.004259626237180137, "raw": [0.45913461538461536, 0.46634615384615385, 0.4831730769230769, 0.47115384615384615, 0.47836538461538464]}, "card_confidence_dist": {">0%": 0.5865384615384616, ">25%": 0.07403846153846154, ">50%": 0.08076923076923077, ">75%": 0.07067307692307692, ">90%": 0.046153846153846156, ">95%": 0.14182692307692307}}, "noise_pct_80": {"card_accuracy": {"mean": 0.3908653846153846, "std": 0.0072275463357562, "std_err": 0.0036137731678780997, "raw": [0.37740384615384615, 0.3942307692307692, 0.39663461538461536, 0.39663461538461536, 0.3894230769230769]}, "card_confidence_dist": {">0%": 0.6533653846153846, ">25%": 0.07259615384615385, ">50%": 0.07115384615384615, ">75%": 0.05913461538461538, ">90%": 0.03701923076923077, ">95%": 0.10673076923076923}}, "noise_pct_90": {"card_accuracy": {"mean": 0.31971153846153844, "std": 0.009969442958330643, "std_err": 0.004984721479165321, "raw": [0.3004807692307692, 0.3245192307692308, 0.32211538461538464, 0.32211538461538464, 0.3293269230769231]}, "card_confidence_dist": {">0%": 0.7206730769230769, ">25%": 0.06826923076923076, ">50%": 0.06201923076923077, ">75%": 0.047115384615384615, ">90%": 0.028846153846153848, ">95%": 0.07307692307692308}}, "noise_pct_100": {"card_accuracy": {"mean": 0.2394230769230769, "std": 0.009445616684802167, "std_err": 0.004722808342401083, "raw": [0.22115384615384615, 0.24278846153846154, 0.24759615384615385, 0.24519230769230768, 0.2403846153846154]}, "card_confidence_dist": {">0%": 0.7913461538461538, ">25%": 0.06682692307692308, ">50%": 0.04807692307692308, ">75%": 0.03028846153846154, ">90%": 0.01826923076923077, ">95%": 0.04519230769230769}}}