{"noise_pct_10": {"card_accuracy": 0.9088411588411588}, "noise_pct_20": {"card_accuracy": 0.8204295704295704}, "noise_pct_30": {"card_accuracy": 0.7337662337662337}, "noise_pct_40": {"card_accuracy": 0.6448551448551448}, "noise_pct_50": {"card_accuracy": 0.5571928071928072}, "noise_pct_60": {"card_accuracy": 0.46878121878121876}, "noise_pct_70": {"card_accuracy": 0.3793706293706294}, "noise_pct_80": {"card_accuracy": 0.29120879120879123}, "noise_pct_90": {"card_accuracy": 0.20204795204795203}, "noise_pct_100": {"card_accuracy": 0.11138861138861139}}