{"noise_pct_10": {"card_accuracy": {"mean": 0.9163461538461538, "std": 0.0017988737436413116, "std_err": 0.0008994368718206557, "raw": [0.9134615384615384, 0.9158653846153846, 0.9182692307692307, 0.9182692307692307, 0.9158653846153846]}, "card_confidence_dist": {">0%": 0.1576923076923077, ">25%": 0.09759615384615385, ">50%": 0.1423076923076923, ">75%": 0.16201923076923078, ">90%": 0.09182692307692308, ">95%": 0.3485576923076923}}, "noise_pct_20": {"card_accuracy": {"mean": 0.83125, "std": 0.0028033422571371877, "std_err": 0.0014016711285685939, "raw": [0.8269230769230769, 0.8341346153846154, 0.8317307692307693, 0.8341346153846154, 0.8293269230769231]}, "card_confidence_dist": {">0%": 0.21778846153846154, ">25%": 0.09375, ">50%": 0.13076923076923078, ">75%": 0.14615384615384616, ">90%": 0.08557692307692308, ">95%": 0.32596153846153847}}, "noise_pct_30": {"card_accuracy": {"mean": 0.7389423076923076, "std": 0.008410026771411502, "std_err": 0.004205013385705751, "raw": [0.7235576923076923, 0.7403846153846154, 0.7475961538461539, 0.7379807692307693, 0.7451923076923077]}, "card_confidence_dist": {">0%": 0.28942307692307695, ">25%": 0.09326923076923077, ">50%": 0.11875, ">75%": 0.1283653846153846, ">90%": 0.0798076923076923, ">95%": 0.2903846153846154}}, "noise_pct_40": {"card_accuracy": {"mean": 0.6524038461538462, "std": 0.005809156718074293, "std_err": 0.002904578359037146, "raw": [0.6442307692307693, 0.6490384615384616, 0.6610576923076923, 0.6514423076923077, 0.65625]}, "card_confidence_dist": {">0%": 0.3490384615384615, ">25%": 0.09182692307692308, ">50%": 0.10865384615384616, ">75%": 0.11346153846153846, ">90%": 0.07115384615384615, ">95%": 0.2658653846153846}}, "noise_pct_50": {"card_accuracy": {"mean": 0.5596153846153846, "std": 0.005353619579644232, "std_err": 0.002676809789822116, "raw": [0.5504807692307693, 0.5600961538461539, 0.5673076923076923, 0.5600961538461539, 0.5600961538461539]}, "card_confidence_dist": {">0%": 0.41346153846153844, ">25%": 0.09134615384615384, ">50%": 0.09711538461538462, ">75%": 0.09615384615384616, ">90%": 0.06538461538461539, ">95%": 0.23653846153846153}}, "noise_pct_60": {"card_accuracy": {"mean": 0.4740384615384615, "std": 0.005966189252880223, "std_err": 0.0029830946264401115, "raw": [0.46634615384615385, 0.47115384615384615, 0.4831730769230769, 0.47836538461538464, 0.47115384615384615]}, "card_confidence_dist": {">0%": 0.46923076923076923, ">25%": 0.0875, ">50%": 0.0889423076923077, ">75%": 0.0889423076923077, ">90%": 0.058653846153846154, ">95%": 0.20673076923076922}}, "noise_pct_70": {"card_accuracy": {"mean": 0.3923076923076923, "std": 0.007958146806368683, "std_err": 0.0039790734031843415, "raw": [0.38221153846153844, 0.3894230769230769, 0.40625, 0.3942307692307692, 0.3894230769230769]}, "card_confidence_dist": {">0%": 0.5331730769230769, ">25%": 0.08365384615384615, ">50%": 0.08125, ">75%": 0.07259615384615385, ">90%": 0.04855769230769231, ">95%": 0.18076923076923077}}, "noise_pct_80": {"card_accuracy": {"mean": 0.3004807692307692, "std": 0.008733606790665845, "std_err": 0.004366803395332922, "raw": [0.28846153846153844, 0.3004807692307692, 0.31490384615384615, 0.30288461538461536, 0.2956730769230769]}, "card_confidence_dist": {">0%": 0.5942307692307692, ">25%": 0.08557692307692308, ">50%": 0.06778846153846153, ">75%": 0.058173076923076925, ">90%": 0.040865384615384616, ">95%": 0.15336538461538463}}, "noise_pct_90": {"card_accuracy": {"mean": 0.2149038461538461, "std": 0.008410026771411488, "std_err": 0.004205013385705744, "raw": [0.20192307692307693, 0.21394230769230768, 0.2283653846153846, 0.21634615384615385, 0.21394230769230768]}, "card_confidence_dist": {">0%": 0.6519230769230769, ">25%": 0.08173076923076923, ">50%": 0.06298076923076923, ">75%": 0.04423076923076923, ">90%": 0.03317307692307692, ">95%": 0.12596153846153846}}, "noise_pct_100": {"card_accuracy": {"mean": 0.12067307692307691, "std": 0.009172492321316783, "std_err": 0.0045862461606583915, "raw": [0.10576923076923077, 0.1201923076923077, 0.1346153846153846, 0.12259615384615384, 0.1201923076923077]}, "card_confidence_dist": {">0%": 0.7144230769230769, ">25%": 0.08173076923076923, ">50%": 0.04903846153846154, ">75%": 0.026442307692307692, ">90%": 0.022596153846153846, ">95%": 0.10576923076923077}}}