{"noise_pct_0": {"card_accuracy": {"mean": 0.9975961538461539, "std": 0.0030406515963157387, "std_err": 0.0015203257981578693, "raw": [0.9951923076923077, 0.9927884615384616, 1.0, 1.0, 1.0]}, "card_confidence_dist": {">0%": 0.09134615384615384, ">25%": 0.1, ">50%": 0.1576923076923077, ">75%": 0.17596153846153847, ">90%": 0.09951923076923076, ">95%": 0.37548076923076923}}}