{"noise_pct_95": {"accuracy": {"mean": 0.5678121878121878, "std": 0.4508960166790875, "std_err": 0.06441371666844108, "raw": [0.12087912087912088, 1.0, 1.0, 1.0, 1.0, 0.5774225774225774, 1.0, 0.0, 1.0, 1.0, 1.0, 0.12087912087912088, 0.12087912087912088, 0.12087912087912088, 1.0, 0.12087912087912088, 1.0, 1.0, 1.0, 0.0, 0.03196803196803197, 1.0, 0.0, 0.12087912087912088, 1.0, 0.12087912087912088, 0.12087912087912088, 0.12087912087912088, 1.0, 0.12087912087912088, 0.12087912087912088, 1.0, 0.0, 0.12087912087912088, 1.0, 1.0, 1.0, 1.0, 0.0, 1.0, 0.12087912087912088, 1.0, 1.0, 0.0, 1.0, 0.12087912087912088, 0.12087912087912088, 0.12087912087912088, 0.8471528471528471, 1.0]}, "interpretability": {"num_rules": {"mean": 2.98, "std": 0.13999999999999999, "std_err": 0.019999999999999993, "raw": [3, 3, 3, 3, 3, 3, 3, 3, 3, 3, 3, 3, 3, 3, 3, 3, 3, 3, 3, 3, 2, 3, 3, 3, 3, 3, 3, 3, 3, 3, 3, 3, 3, 3, 3, 3, 3, 3, 3, 3, 3, 3, 3, 3, 3, 3, 3, 3, 3, 3]}, "num_predicates": {"mean": 12.82, "std": 0.9314504817756016, "std_err": 0.13306435453937165, "raw": [13, 13, 13, 13, 13, 13, 13, 13, 13, 13, 13, 13, 13, 13, 13, 13, 13, 13, 13, 13, 7, 13, 13, 13, 13, 13, 13, 13, 13, 13, 13, 13, 13, 13, 13, 13, 13, 13, 13, 13, 13, 13, 13, 13, 13, 13, 13, 13, 10, 13]}}, "learning_time": {"mean": 16.0278, "std": 3.4086037082653067, "std_err": 0.4869433868950438, "raw": [14.414, 14.329, 15.923, 20.321, 17.559, 18.17, 20.444, 20.418, 17.927, 10.952, 10.351, 18.98, 13.358, 14.883, 18.638, 11.795, 11.481, 17.287, 15.825, 20.024, 16.344, 17.565, 26.189, 17.451, 19.398, 16.01, 19.286, 20.174, 16.345, 15.559, 11.837, 17.242, 13.944, 16.252, 16.215, 12.619, 11.981, 11.849, 18.144, 12.426, 9.546, 20.034, 13.017, 18.148, 9.741, 15.816, 15.478, 20.447, 15.33, 13.924]}}, "noise_pct_96": {"accuracy": {"mean": 0.44823176823176825, "std": 0.44673342892178, "std_err": 0.06381906127454, "raw": [0.12087912087912088, 0.12087912087912088, 1.0, 0.12087912087912088, 1.0, 0.0, 1.0, 0.0, 1.0, 1.0, 1.0, 0.12087912087912088, 0.12087912087912088, 0.12087912087912088, 0.12087912087912088, 0.12087912087912088, 1.0, 0.12087912087912088, 1.0, 0.0, 0.03196803196803197, 0.12087912087912088, 0.0, 0.12087912087912088, 1.0, 0.12087912087912088, 0.12087912087912088, 0.12087912087912088, 1.0, 0.12087912087912088, 0.12087912087912088, 1.0, 0.0, 0.12087912087912088, 1.0, 1.0, 1.0, 0.11488511488511488, 0.0, 1.0, 0.12087912087912088, 1.0, 1.0, 0.0, 1.0, 0.12087912087912088, 0.12087912087912088, 0.0, 0.8471528471528471, 1.0]}, "interpretability": {"num_rules": {"mean": 3.0, "std": 0.2, "std_err": 0.028571428571428567, "raw": [3, 3, 3, 3, 3, 3, 3, 3, 3, 3, 3, 3, 3, 3, 3, 3, 3, 3, 3, 3, 2, 3, 3, 3, 3, 3, 3, 3, 3, 3, 3, 3, 3, 3, 3, 3, 3, 4, 3, 3, 3, 3, 3, 3, 3, 3, 3, 3, 3, 3]}, "num_predicates": {"mean": 12.94, "std": 1.2713772060250252, "std_err": 0.18162531514643218, "raw": [13, 13, 13, 13, 13, 13, 13, 13, 13, 13, 13, 13, 13, 13, 13, 13, 13, 13, 13, 13, 7, 13, 13, 13, 13, 13, 13, 13, 13, 13, 13, 13, 13, 13, 13, 13, 13, 19, 13, 13, 13, 13, 13, 13, 13, 13, 13, 13, 10, 13]}}, "learning_time": {"mean": 16.219839999999998, "std": 3.422768098250304, "std_err": 0.4889668711786148, "raw": [15.004, 16.593, 16.955, 21.169, 18.057, 19.671, 19.66, 19.342, 16.825, 10.813, 10.854, 19.573, 11.89, 15.652, 19.409, 11.22, 12.962, 16.505, 15.934, 19.466, 16.29, 16.191, 24.499, 16.135, 20.57, 16.548, 18.004, 19.578, 16.252, 15.852, 11.971, 17.378, 13.275, 18.275, 17.423, 12.892, 13.01, 11.531, 17.234, 13.027, 9.119, 25.218, 17.078, 17.478, 10.469, 14.388, 15.396, 19.3, 15.041, 14.016]}}, "noise_pct_97": {"accuracy": {"mean": 0.3868731268731269, "std": 0.42607919908009895, "std_err": 0.06086845701144271, "raw": [0.12087912087912088, 0.12087912087912088, 1.0, 0.12087912087912088, 1.0, 0.0, 0.7192807192807192, 0.0, 1.0, 1.0, 1.0, 0.12087912087912088, 0.12087912087912088, 0.12087912087912088, 0.12087912087912088, 0.12087912087912088, 1.0, 0.12087912087912088, 0.12087912087912088, 0.0, 0.03196803196803197, 0.12087912087912088, 0.0, 0.12087912087912088, 0.12087912087912088, 0.12087912087912088, 0.12087912087912088, 0.12087912087912088, 1.0, 0.03196803196803197, 0.12087912087912088, 1.0, 0.0, 0.12087912087912088, 1.0, 1.0, 1.0, 0.11488511488511488, 0.0, 1.0, 0.12087912087912088, 0.059940059940059943, 1.0, 0.0, 1.0, 0.12087912087912088, 0.0, 0.12087912087912088, 0.8471528471528471, 1.0]}, "interpretability": {"num_rules": {"mean": 2.96, "std": 0.27999999999999997, "std_err": 0.04, "raw": [3, 3, 3, 3, 3, 3, 3, 3, 3, 3, 3, 3, 3, 3, 3, 3, 3, 3, 3, 3, 2, 3, 3, 3, 3, 3, 3, 3, 3, 2, 3, 3, 3, 3, 3, 3, 3, 4, 3, 3, 3, 2, 3, 3, 3, 3, 3, 3, 3, 3]}, "num_predicates": {"mean": 12.64, "std": 1.957140771636011, "std_err": 0.27959153880514437, "raw": [13, 13, 13, 13, 13, 13, 13, 13, 13, 13, 13, 13, 13, 13, 13, 13, 13, 13, 13, 13, 7, 13, 13, 13, 13, 13, 13, 13, 13, 7, 13, 13, 13, 13, 13, 13, 13, 19, 13, 13, 13, 4, 13, 13, 13, 13, 13, 13, 10, 13]}}, "learning_time": {"mean": 16.07678, "std": 3.47178523696383, "std_err": 0.49596931956626145, "raw": [12.424, 14.527, 17.226, 19.496, 18.703, 17.988, 20.797, 20.121, 18.77, 10.483, 11.179, 19.373, 11.669, 15.247, 19.018, 12.044, 12.649, 15.727, 16.617, 18.142, 14.13, 17.862, 23.299, 16.595, 18.697, 15.965, 16.178, 19.407, 16.113, 15.533, 11.542, 19.817, 14.045, 17.728, 15.686, 14.193, 14.143, 11.704, 17.957, 12.231, 9.372, 26.723, 15.485, 16.937, 10.384, 12.973, 13.864, 20.121, 15.276, 17.679]}}, "noise_pct_98": {"accuracy": {"mean": 0.33158841158841157, "std": 0.3957683310015856, "std_err": 0.05653833300022651, "raw": [0.12087912087912088, 0.12087912087912088, 1.0, 0.12087912087912088, 1.0, 0.14685314685314685, 0.7192807192807192, 0.0, 1.0, 1.0, 1.0, 0.12087912087912088, 0.12087912087912088, 0.12087912087912088, 0.12087912087912088, 0.12087912087912088, 1.0, 0.12087912087912088, 0.12087912087912088, 0.0, 0.03196803196803197, 0.12087912087912088, 0.0, 0.12087912087912088, 0.12087912087912088, 0.12087912087912088, 0.12087912087912088, 0.12087912087912088, 0.12087912087912088, 0.03196803196803197, 0.12087912087912088, 1.0, 0.0, 0.12087912087912088, 0.12087912087912088, 1.0, 1.0, 0.11488511488511488, 0.0, 0.8471528471528471, 0.12087912087912088, 0.059940059940059943, 1.0, 0.0, 0.12087912087912088, 0.12087912087912088, 0.0, 0.0, 0.8471528471528471, 1.0]}, "interpretability": {"num_rules": {"mean": 2.96, "std": 0.27999999999999997, "std_err": 0.04, "raw": [3, 3, 3, 3, 3, 3, 3, 3, 3, 3, 3, 3, 3, 3, 3, 3, 3, 3, 3, 3, 2, 3, 3, 3, 3, 3, 3, 3, 3, 2, 3, 3, 3, 3, 3, 3, 3, 4, 3, 3, 3, 2, 3, 3, 3, 3, 3, 3, 3, 3]}, "num_predicates": {"mean": 12.52, "std": 2.0222759455623263, "std_err": 0.28889656365176086, "raw": [13, 13, 13, 13, 13, 10, 13, 13, 13, 13, 13, 13, 13, 13, 13, 13, 13, 13, 13, 13, 7, 13, 13, 13, 13, 13, 13, 13, 13, 7, 13, 13, 13, 13, 13, 13, 13, 19, 13, 10, 13, 4, 13, 13, 13, 13, 13, 13, 10, 13]}}, "learning_time": {"mean": 16.09898, "std": 3.5705640422207807, "std_err": 0.5100805774601115, "raw": [12.73, 14.753, 15.499, 20.12, 18.578, 16.186, 23.375, 20.696, 19.937, 11.039, 12.354, 19.205, 12.08, 15.665, 19.714, 11.082, 13.876, 15.482, 17.97, 18.113, 14.55, 16.062, 25.397, 15.424, 19.112, 13.588, 14.44, 17.622, 16.463, 14.644, 11.335, 17.835, 13.11, 19.186, 16.809, 15.944, 14.937, 12.732, 17.387, 11.238, 8.779, 24.102, 15.668, 16.062, 12.408, 12.441, 12.896, 22.841, 16.657, 16.826]}}, "noise_pct_99": {"accuracy": {"mean": 0.23068931068931067, "std": 0.3314858638934693, "std_err": 0.047355123413352754,