{"noise_pct_95": {"accuracy": {"mean": 0.7152047952047953, "std": 0.39687073881424256, "std_err": 0.05669581983060608, "raw": [1.0, 1.0, 1.0, 1.0, 1.0, 1.0, 1.0, 1.0, 0.6963036963036963, 0.8471528471528471, 0.03196803196803197, 1.0, 0.7982017982017982, 1.0, 1.0, 1.0, 0.7982017982017982, 1.0, 0.03196803196803197, 0.03196803196803197, 1.0, 1.0, 0.6933066933066933, 0.03196803196803197, 1.0, 1.0, 1.0, 1.0, 0.0, 0.08191808191808192, 0.7982017982017982, 1.0, 0.6933066933066933, 1.0, 0.8011988011988012, 0.0, 0.03196803196803197, 1.0, 0.03196803196803197, 0.8011988011988012, 0.0, 0.8011988011988012, 0.03196803196803197, 1.0, 0.03196803196803197, 1.0, 1.0, 1.0, 0.8471528471528471, 0.8471528471528471]}, "interpretability": {"num_rules": {"mean": 2.86, "std": 0.34698703145794946, "std_err": 0.0495695759225642, "raw": [3, 3, 3, 3, 3, 3, 3, 3, 3, 3, 2, 3, 3, 3, 3, 3, 3, 3, 2, 2, 3, 3, 3, 2, 3, 3, 3, 3, 3, 3, 3, 3, 3, 3, 3, 3, 3, 3, 2, 3, 3, 3, 2, 3, 2, 3, 3, 3, 3, 3]}, "num_predicates": {"mean": 11.86, "std": 2.154158768521949, "std_err": 0.307736966931707, "raw": [13, 13, 13, 13, 13, 13, 13, 13, 13, 10, 7, 13, 13, 13, 13, 13, 13, 13, 7, 7, 13, 13, 13, 7, 13, 13, 13, 13, 10, 13, 13, 13, 13, 13, 13, 13, 13, 13, 7, 13, 10, 13, 7, 13, 7, 13, 13, 13, 10, 10]}}, "learning_time": {"mean": 6.07562, "std": 1.4434522630139177, "std_err": 0.2062074661448454, "raw": [8.857, 2.628, 7.944, 5.272, 6.915, 7.525, 7.284, 4.502, 6.089, 6.655, 6.487, 7.518, 6.644, 6.712, 4.9, 4.247, 4.031, 6.201, 5.958, 5.84, 7.387, 5.81, 5.231, 5.874, 7.402, 5.25, 6.633, 7.356, 8.685, 6.852, 3.556, 5.241, 4.491, 3.811, 6.689, 4.671, 5.516, 4.316, 6.715, 5.05, 7.335, 5.598, 6.937, 6.807, 6.489, 8.436, 8.285, 6.64, 5.747, 2.762]}}, "noise_pct_96": {"accuracy": {"mean": 0.5941658341658341, "std": 0.4450269277450491, "std_err": 0.06357527539214987, "raw": [1.0, 1.0, 1.0, 1.0, 1.0, 1.0, 0.03196803196803197, 1.0, 0.6963036963036963, 0.8471528471528471, 0.03196803196803197, 1.0, 0.7982017982017982, 1.0, 1.0, 1.0, 0.7982017982017982, 1.0, 0.03196803196803197, 0.03196803196803197, 0.03196803196803197, 1.0, 0.6933066933066933, 0.03196803196803197, 0.12087912087912088, 1.0, 0.03196803196803197, 0.03196803196803197, 0.0, 0.12087912087912088, 0.7982017982017982, 0.03196803196803197, 0.6933066933066933, 1.0, 1.0, 0.0, 0.03196803196803197, 1.0, 0.03196803196803197, 0.03196803196803197, 0.0, 1.0, 0.03196803196803197, 1.0, 0.03196803196803197, 1.0, 1.0, 1.0, 0.8471528471528471, 0.8471528471528471]}, "interpretability": {"num_rules": {"mean": 2.84, "std": 0.36660605559646725, "std_err": 0.05237229365663817, "raw": [3, 3, 3, 3, 3, 3, 3, 3, 3, 3, 2, 3, 3, 3, 3, 3, 3, 3, 2, 2, 3, 3, 3, 2, 3, 3, 3, 3, 3, 3, 3, 3, 3, 3, 3, 3, 3, 3, 2, 2, 3, 3, 2, 3, 2, 3, 3, 3, 3, 3]}, "num_predicates": {"mean": 11.74, "std": 2.2521989254948154, "std_err": 0.32174270364211643, "raw": [13, 13, 13, 13, 13, 13, 13, 13, 13, 10, 7, 13, 13, 13, 13, 13, 13, 13, 7, 7, 13, 13, 13, 7, 13, 13, 13, 13, 10, 13, 13, 13, 13, 13, 13, 13, 13, 13, 7, 7, 10, 13, 7, 13, 7, 13, 13, 13, 10, 10]}}, "learning_time": {"mean": 6.206799999999999, "std": 1.494397992504005, "std_err": 0.21348542750057212, "raw": [9.687, 3.403, 8.715, 5.152, 7.328, 7.924, 7.522, 4.851, 6.118, 6.818, 6.057, 7.701, 6.778, 7.556, 5.602, 4.446, 4.225, 6.258, 6.298, 5.369, 6.953, 6.178, 6.073, 5.793, 7.498, 5.365, 4.835, 8.304, 8.495, 6.532, 3.712, 5.745, 4.3, 3.831, 6.305, 4.333, 5.508, 4.474, 6.385, 5.125, 7.26, 6.719, 7.275, 7.225, 6.36, 8.202, 8.414, 6.841, 5.734, 2.758]}}, "noise_pct_97": {"accuracy": {"mean": 0.42759240759240763, "std": 0.4358961558412588, "std_err": 0.06227087940589411, "raw": [0.03196803196803197, 1.0, 0.03196803196803197, 1.0, 1.0, 0.03196803196803197, 0.03196803196803197, 0.7982017982017982, 0.0, 0.8471528471528471, 0.03196803196803197, 1.0, 1.0, 0.8171828171828172, 1.0, 1.0, 0.8011988011988012, 1.0, 0.03196803196803197, 0.03196803196803197, 0.03196803196803197, 0.7982017982017982, 0.6933066933066933, 0.03196803196803197, 0.12087912087912088, 0.03196803196803197, 0.03196803196803197, 0.03196803196803197, 0.0, 0.06993006993006994, 0.8011988011988012, 0.03196803196803197, 0.6933066933066933, 0.7632367632367633, 0.12087912087912088, 0.0, 0.03196803196803197, 0.8171828171828172, 0.03196803196803197, 0.0, 0.0, 1.0, 0.03196803196803197, 0.0, 0.03196803196803197, 0.0, 1.0, 1.0, 0.8471528471528471, 0.8471528471528471]}, "interpretability": {"num_rules": {"mean": 2.76, "std": 0.4270831300812525, "std_err": 0.061011875725893214, "raw": [2, 3, 2, 3, 3, 2, 3, 3, 3, 3, 2, 3, 3, 3, 3, 3, 3, 3, 2, 2, 3, 3, 3, 2, 3, 2, 3, 3, 3, 3, 3, 3, 3, 3, 3, 3, 3, 3, 2, 2, 3, 3, 2, 3, 2, 3, 3, 3, 3, 3]}, "num_predicates": {"mean": 11.02, "std": 2.5178562310028743, "std_err": 0.3596937472861249, "raw": [7, 13, 7, 13, 13, 7, 13, 13, 10, 10, 7, 13, 13, 13, 13, 13, 13, 13, 7, 7, 13, 13, 13, 7, 13, 7, 13, 13, 10, 10, 13, 13, 13, 13, 13, 13, 13, 13, 7, 7, 10, 13, 7, 10, 7, 10, 13, 13, 10, 10]}}, "learning_time": {"mean": 6.192760000000001, "std": 1.499251193896473, "std_err": 0.21417874198521042, "raw": [9.36, 3.756, 7.914, 5.343, 7.551, 8.375, 7.173, 4.825, 6.661, 6.741, 6.354, 7.5, 6.688, 7.735, 5.287, 4.591, 4.011, 6.371, 5.958, 5.071, 6.818, 5.951, 5.113, 5.339, 6.591, 5.509, 4.896, 8.927, 7.944, 6.671, 3.965, 4.929, 4.409, 4.711, 7.517, 4.09, 5.569, 4.362, 6.373, 4.358, 6.92, 6.915, 6.94, 8.044, 6.091, 7.87, 9.247, 7.3, 5.937, 3.067]}}, "noise_pct_98": {"accuracy": {"mean": 0.29448551448551447, "std": 0.41275598871494723, "std_err": 0.058965141244992456, "raw": [0.03196803196803197, 0.06993006993006994, 0.03196803196803197, 1.0, 1.0, 0.03196803196803197, 0.03196803196803197, 0.7982017982017982, 0.0, 0.03196803196803197, 0.03196803196803197, 1.0, 1.0, 0.03196803196803197, 1.0, 0.03196803196803197, 0.8171828171828172, 0.0, 0.03196803196803197, 0.03196803196803197, 0.03196803196803197, 1.0, 0.6933066933066933, 0.03196803196803197, 0.03196803196803197, 0.0, 0.024975024975024976, 0.03196803196803197, 0.0, 0.06993006993006994, 0.07592407592407592, 0.03196803196803197, 0.03196803196803197, 0.06993006993006994, 0.8011988011988012, 0.0, 0.03196803196803197, 0.8171828171828172, 0.03196803196803197, 0.0, 0.0, 1.0, 0.03196803196803197, 0.0, 0.03196803196803197, 0.0, 1.0, 1.0, 0.0, 0.8471528471528471]}, "interpretability": {"num_rules": {"mean": 2.66, "std": 0.4737087712930805, "std_err": 0.0676726816132972, "raw": [2, 3, 2, 3, 3, 2, 3, 3, 3, 2, 2, 3, 3, 2, 3, 2, 3, 3, 2, 2, 3, 3, 3, 2, 2, 2, 3, 3, 3, 3, 3, 3, 2, 3, 3, 3, 3, 3, 2, 2, 3, 3, 2, 3, 2, 3, 3, 3, 3, 3]}, "num_predicates": {"mean": 10.36, "std": 2.6590223767392405, "std_err": 0.3798603395341772, "raw": [7, 10, 7, 13, 13, 7, 13, 13, 10, 7, 7, 13, 13, 7, 13, 7, 13, 10, 7, 7, 13, 13, 13, 7, 7, 7, 13, 13, 10, 10, 13, 13, 7, 10, 13, 13, 13, 13, 7, 7, 10, 13, 7, 10, 7, 10, 13, 13, 13, 10]}}, "learning_time": {"mean": 5.639539999999999, "std": 1.3161024916016228, "std_err": 0.1880146416573747, "raw": [7.658, 3.764, 6.313, 5.868, 7.342, 8.152, 6.224, 5.27, 6.421, 6.421, 4.79, 7.183, 6.656, 8.546, 2.571, 3.886, 4.872, 5.73, 4.804, 4.728, 5.467, 6.876, 5.449, 4.733, 4.978, 4.498, 4.442, 7.794, 6.246, 6.13, 4.601, 4.889, 4.112, 4.798, 6.345, 4.42, 6.363, 5.131, 5.465, 3.516, 6.215, 6.142, 4.569, 6.52, 4.965, 6.556, 6.871, 7.516, 6.389, 2.782]}}, "noise_pct_99": {"accuracy": {"mean": 0.1571028971028971, "std": 0.29634281912683064, "std_err": 0.04233468844669009,