{"noise_pct_95": {"accuracy": {"mean": 0.3154445554445554, "std": 0.38559313995294686, "std_err": 0.05508473427899241, "raw": [1.0, 1.0, 0.12087912087912088, 0.12087912087912088, 0.12087912087912088, 0.059940059940059943, 0.059940059940059943, 0.12087912087912088, 1.0, 1.0, 0.059940059940059943, 1.0, 1.0, 0.059940059940059943, 0.12087912087912088, 0.12087912087912088, 0.12087912087912088, 0.12087912087912088, 0.12087912087912088, 0.059940059940059943, 0.059940059940059943, 0.12087912087912088, 1.0, 0.12087912087912088, 0.12087912087912088, 1.0, 0.12087912087912088, 1.0, 0.059940059940059943, 1.0, 0.12087912087912088, 0.12087912087912088, 0.030969030969030968, 0.12087912087912088, 0.12087912087912088, 1.0, 0.12087912087912088, 0.12087912087912088, 0.059940059940059943, 0.059940059940059943, 0.12087912087912088, 0.12087912087912088, 0.12087912087912088, 0.059940059940059943, 0.12087912087912088, 0.12087912087912088, 0.059940059940059943, 0.12087912087912088, 0.059940059940059943, 1.0]}, "interpretability": {"num_rules": {"mean": 2.8, "std": 0.529150262212918, "std_err": 0.07559289460184544, "raw": [3, 3, 3, 3, 3, 2, 2, 3, 3, 3, 2, 3, 3, 2, 3, 3, 3, 3, 3, 2, 2, 3, 3, 3, 3, 3, 3, 3, 2, 3, 3, 3, 5, 3, 3, 3, 3, 3, 2, 2, 3, 3, 3, 2, 3, 3, 2, 3, 2, 3]}, "num_predicates": {"mean": 11.08, "std": 4.316665379665189, "std_err": 0.6166664828093125, "raw": [13, 13, 13, 13, 13, 4, 4, 13, 13, 13, 4, 13, 13, 4, 13, 13, 13, 13, 13, 4, 4, 13, 13, 13, 13, 13, 13, 13, 4, 13, 13, 13, 25, 13, 13, 13, 13, 13, 4, 4, 13, 13, 13, 4, 13, 13, 4, 13, 4, 13]}}, "learning_time": {"mean": 36.49232, "std": 7.141805893301778, "std_err": 1.0202579847573967, "raw": [30.627, 31.957, 42.846, 40.942, 38.146, 34.15, 52.902, 33.116, 52.499, 36.242, 35.171, 40.201, 42.794, 29.175, 22.273, 38.409, 36.243, 41.11, 34.357, 39.531, 42.162, 37.179, 48.688, 36.396, 27.089, 27.16, 36.911, 36.13, 41.645, 32.065, 38.445, 41.086, 45.957, 24.433, 46.342, 34.312, 39.047, 30.929, 38.27, 37.246, 23.638, 33.46, 36.837, 46.682, 33.064, 40.142, 23.821, 30.111, 40.722, 21.956]}}, "noise_pct_96": {"accuracy": {"mean": 0.26027972027972024, "std": 0.34788830797265524, "std_err": 0.04969832971037932, "raw": [1.0, 1.0, 0.12087912087912088, 0.12087912087912088, 0.12087912087912088, 0.059940059940059943, 0.059940059940059943, 0.12087912087912088, 0.12087912087912088, 1.0, 0.059940059940059943, 0.12087912087912088, 1.0, 0.059940059940059943, 0.12087912087912088, 0.12087912087912088, 0.12087912087912088, 0.12087912087912088, 0.12087912087912088, 0.059940059940059943, 0.059940059940059943, 0.12087912087912088, 0.0, 0.12087912087912088, 0.12087912087912088, 1.0, 0.12087912087912088, 1.0, 0.059940059940059943, 1.0, 0.12087912087912088, 0.12087912087912088, 0.030969030969030968, 0.12087912087912088, 0.12087912087912088, 1.0, 0.12087912087912088, 0.12087912087912088, 0.059940059940059943, 0.059940059940059943, 0.12087912087912088, 0.12087912087912088, 0.12087912087912088, 0.059940059940059943, 0.12087912087912088, 0.12087912087912088, 0.059940059940059943, 0.12087912087912088, 0.059940059940059943, 1.0]}, "interpretability": {"num_rules": {"mean": 2.8, "std": 0.529150262212918, "std_err": 0.07559289460184544, "raw": [3, 3, 3, 3, 3, 2, 2, 3, 3, 3, 2, 3, 3, 2, 3, 3, 3, 3, 3, 2, 2, 3, 3, 3, 3, 3, 3, 3, 2, 3, 3, 3, 5, 3, 3, 3, 3, 3, 2, 2, 3, 3, 3, 2, 3, 3, 2, 3, 2, 3]}, "num_predicates": {"mean": 11.08, "std": 4.316665379665189, "std_err": 0.6166664828093125, "raw": [13, 13, 13, 13, 13, 4, 4, 13, 13, 13, 4, 13, 13, 4, 13, 13, 13, 13, 13, 4, 4, 13, 13, 13, 13, 13, 13, 13, 4, 13, 13, 13, 25, 13, 13, 13, 13, 13, 4, 4, 13, 13, 13, 4, 13, 13, 4, 13, 4, 13]}}, "learning_time": {"mean": 36.2799, "std": 7.387797369311099, "std_err": 1.0553996241872998, "raw": [31.902, 34.183, 47.025, 41.952, 38.901, 36.059, 49.872, 33.927, 53.797, 37.599, 33.217, 41.361, 43.222, 28.49, 21.399, 39.802, 38.06, 40.677, 35.518, 40.46, 40.04, 35.874, 48.948, 34.303, 25.112, 24.735, 38.344, 39.084, 40.441, 32.499, 35.141, 35.501, 43.784, 24.922, 45.501, 32.635, 41.042, 28.437, 40.273, 39.321, 22.876, 31.41, 34.944, 46.598, 33.78, 38.809, 24.262, 31.034, 36.818, 20.104]}}, "noise_pct_97": {"accuracy": {"mean": 0.22511488511488512, "std": 0.31413303963012057, "std_err": 0.044876148518588656, "raw": [1.0, 1.0, 0.12087912087912088, 0.12087912087912088, 0.12087912087912088, 0.059940059940059943, 0.059940059940059943, 0.12087912087912088, 0.12087912087912088, 1.0, 0.059940059940059943, 0.12087912087912088, 1.0, 0.059940059940059943, 0.12087912087912088, 0.12087912087912088, 0.12087912087912088, 0.12087912087912088, 0.12087912087912088, 0.059940059940059943, 0.059940059940059943, 0.12087912087912088, 0.0, 0.12087912087912088, 0.12087912087912088, 1.0, 0.12087912087912088, 0.12087912087912088, 0.059940059940059943, 1.0, 0.12087912087912088, 0.12087912087912088, 0.030969030969030968, 0.12087912087912088, 0.12087912087912088, 0.12087912087912088, 0.12087912087912088, 0.12087912087912088, 0.059940059940059943, 0.059940059940059943, 0.12087912087912088, 0.12087912087912088, 0.12087912087912088, 0.059940059940059943, 0.12087912087912088, 0.12087912087912088, 0.059940059940059943, 0.12087912087912088, 0.059940059940059943, 1.0]}, "interpretability": {"num_rules": {"mean": 2.8, "std": 0.529150262212918, "std_err": 0.07559289460184544, "raw": [3, 3, 3, 3, 3, 2, 2, 3, 3, 3, 2, 3, 3, 2, 3, 3, 3, 3, 3, 2, 2, 3, 3, 3, 3, 3, 3, 3, 2, 3, 3, 3, 5, 3, 3, 3, 3, 3, 2, 2, 3, 3, 3, 2, 3, 3, 2, 3, 2, 3]}, "num_predicates": {"mean": 11.08, "std": 4.316665379665189, "std_err": 0.6166664828093125, "raw": [13, 13, 13, 13, 13, 4, 4, 13, 13, 13, 4, 13, 13, 4, 13, 13, 13, 13, 13, 4, 4, 13, 13, 13, 13, 13, 13, 13, 4, 13, 13, 13, 25, 13, 13, 13, 13, 13, 4, 4, 13, 13, 13, 4, 13, 13, 4, 13, 4, 13]}}, "learning_time": {"mean": 35.487539999999996, "std": 6.6399888620689715, "std_err": 0.9485698374384245, "raw": [30.984, 33.486, 42.835, 37.942, 34.476, 32.46, 41.709, 32.468, 50.238, 35.766, 32.768, 43.782, 39.18, 27.504, 20.786, 39.7, 35.642, 39.256, 37.936, 38.923, 40.702, 36.97, 47.844, 34.423, 24.573, 27.283, 38.288, 40.654, 41.086, 31.404, 38.77, 37.342, 41.465, 24.499, 50.251, 33.195, 35.454, 30.122, 36.952, 39.188, 23.987, 32.517, 35.009, 41.956, 33.775, 36.733, 22.288, 30.946, 35.692, 23.168]}}, "noise_pct_98": {"accuracy": {"mean": 0.22511488511488512, "std": 0.31413303963012057, "std_err": 0.044876148518588656, "raw": [1.0, 1.0, 0.12087912087912088, 0.12087912087912088, 0.12087912087912088, 0.059940059940059943, 0.059940059940059943, 0.12087912087912088, 0.12087912087912088, 1.0, 0.059940059940059943, 0.12087912087912088, 1.0, 0.059940059940059943, 0.12087912087912088, 0.12087912087912088, 0.12087912087912088, 0.12087912087912088, 0.12087912087912088, 0.059940059940059943, 0.059940059940059943, 0.12087912087912088, 0.0, 0.12087912087912088, 0.12087912087912088, 1.0, 0.12087912087912088, 0.12087912087912088, 0.059940059940059943, 1.0, 0.12087912087912088, 0.12087912087912088, 0.030969030969030968, 0.12087912087912088, 0.12087912087912088, 0.12087912087912088, 0.12087912087912088, 0.12087912087912088, 0.059940059940059943, 0.059940059940059943, 0.12087912087912088, 0.12087912087912088, 0.12087912087912088, 0.059940059940059943, 0.12087912087912088, 0.12087912087912088, 0.059940059940059943, 0.12087912087912088, 0.059940059940059943, 1.0]}, "interpretability": {"num_rules": {"mean": 2.8, "std": 0.529150262212918, "std_err": 0.07559289460184544, "raw": [3, 3, 3, 3, 3, 2, 2, 3, 3, 3, 2, 3, 3, 2, 3, 3, 3, 3, 3, 2, 2, 3, 3, 3, 3, 3, 3, 3, 2, 3, 3, 3, 5, 3, 3, 3, 3, 3, 2, 2, 3, 3, 3, 2, 3, 3, 2, 3, 2, 3]}, "num_predicates": {"mean": 11.08, "std": 4.316665379665189, "std_err": 0.6166664828093125, "raw": [13, 13, 13, 13, 13, 4, 4, 13, 13, 13, 4, 13, 13, 4, 13, 13, 13, 13, 13, 4, 4, 13, 13, 13, 13, 13, 13, 13, 4, 13, 13, 13, 25, 13, 13, 13, 13, 13, 4, 4, 13, 13, 13, 4, 13, 13, 4, 13, 4, 13]}}, "learning_time": {"mean": 35.66574, "std": 7.219517387776, "std_err": 1.031359626825143,