{"noise_pct_10": {"accuracy": {"mean": 1.0, "std": 0.0, "std_err": 0.0, "raw": [1.0, 1.0, 1.0, 1.0, 1.0]}, "interpretability": {"num_rules": {"mean": 3.0, "std": 0.0, "std_err": 0.0, "raw": [3, 3, 3, 3, 3]}, "num_predicates": {"mean": 13.0, "std": 0.0, "std_err": 0.0, "raw": [13, 13, 13, 13, 13]}}, "learning_time": {"mean": 11.6458, "std": 2.6841663435785796, "std_err": 1.3420831717892896, "raw": [13.718, 7.276, 14.937, 10.34, 11.958]}}, "noise_pct_20": {"accuracy": {"mean": 1.0, "std": 0.0, "std_err": 0.0, "raw": [1.0, 1.0, 1.0, 1.0, 1.0]}, "interpretability": {"num_rules": {"mean": 3.0, "std": 0.0, "std_err": 0.0, "raw": [3, 3, 3, 3, 3]}, "num_predicates": {"mean": 13.0, "std": 0.0, "std_err": 0.0, "raw": [13, 13, 13, 13, 13]}}, "learning_time": {"mean": 16.334, "std": 2.936806769264877, "std_err": 1.4684033846324382, "raw": [15.129, 11.247, 18.358, 19.606, 17.33]}}, "noise_pct_30": {"accuracy": {"mean": 1.0, "std": 0.0, "std_err": 0.0, "raw": [1.0, 1.0, 1.0, 1.0, 1.0]}, "interpretability": {"num_rules": {"mean": 3.0, "std": 0.0, "std_err": 0.0, "raw": [3, 3, 3, 3, 3]}, "num_predicates": {"mean": 13.0, "std": 0.0, "std_err": 0.0, "raw": [13, 13, 13, 13, 13]}}, "learning_time": {"mean": 20.1542, "std": 4.766363704124981, "std_err": 2.38318185206249, "raw": [19.58, 11.145, 23.041, 24.321, 22.684]}}, "noise_pct_40": {"accuracy": {"mean": 1.0, "std": 0.0, "std_err": 0.0, "raw": [1.0, 1.0, 1.0, 1.0, 1.0]}, "interpretability": {"num_rules": {"mean": 3.0, "std": 0.0, "std_err": 0.0, "raw": [3, 3, 3, 3, 3]}, "num_predicates": {"mean": 13.0, "std": 0.0, "std_err": 0.0, "raw": [13, 13, 13, 13, 13]}}, "learning_time": {"mean": 26.200599999999998, "std": 4.293962813066736, "std_err": 2.1469814065333677, "raw": [27.682, 17.69, 29.294, 28.523, 27.814]}}, "noise_pct_50": {"accuracy": {"mean": 1.0, "std": 0.0, "std_err": 0.0, "raw": [1.0, 1.0, 1.0, 1.0, 1.0]}, "interpretability": {"num_rules": {"mean": 3.0, "std": 0.0, "std_err": 0.0, "raw": [3, 3, 3, 3, 3]}, "num_predicates": {"mean": 13.0, "std": 0.0, "std_err": 0.0, "raw": [13, 13, 13, 13, 13]}}, "learning_time": {"mean": 32.1558, "std": 4.730272694042068, "std_err": 2.3651363470210334, "raw": [31.406, 28.821, 31.608, 27.795, 41.149]}}, "noise_pct_60": {"accuracy": {"mean": 1.0, "std": 0.0, "std_err": 0.0, "raw": [1.0, 1.0, 1.0, 1.0, 1.0]}, "interpretability": {"num_rules": {"mean": 3.0, "std": 0.0, "std_err": 0.0, "raw": [3, 3, 3, 3, 3]}, "num_predicates": {"mean": 13.0, "std": 0.0, "std_err": 0.0, "raw": [13, 13, 13, 13, 13]}}, "learning_time": {"mean": 36.1996, "std": 6.713946517511142, "std_err": 3.3569732587555716, "raw": [38.73, 30.35, 33.221, 30.515, 48.182]}}, "noise_pct_70": {"accuracy": {"mean": 1.0, "std": 0.0, "std_err": 0.0, "raw": [1.0, 1.0, 1.0, 1.0, 1.0]}, "interpretability": {"num_rules": {"mean": 3.0, "std": 0.0, "std_err": 0.0, "raw": [3, 3, 3, 3, 3]}, "num_predicates": {"mean": 13.0, "std": 0.0, "std_err": 0.0, "raw": [13, 13, 13, 13, 13]}}, "learning_time": {"mean": 44.3772, "std": 8.16518439228411, "std_err": 4.0825921961420555, "raw": [46.908, 36.349, 45.153, 35.541, 57.935]}}, "noise_pct_80": {"accuracy": {"mean": 1.0, "std": 0.0, "std_err": 0.0, "raw": [1.0, 1.0, 1.0, 1.0, 1.0]}, "interpretability": {"num_rules": {"mean": 3.0, "std": 0.0, "std_err": 0.0, "raw": [3, 3, 3, 3, 3]}, "num_predicates": {"mean": 13.0, "std": 0.0, "std_err": 0.0, "raw": [13, 13, 13, 13, 13]}}, "learning_time": {"mean": 56.8294, "std": 6.616742177234958, "std_err": 3.3083710886174784, "raw": [46.405, 54.559, 66.759, 59.366, 57.058]}}, "noise_pct_90": {"accuracy": {"mean": 0.8241758241758241, "std": 0.3516483516483516, "std_err": 0.1758241758241758, "raw": [1.0, 1.0, 0.12087912087912088, 1.0, 1.0]}, "interpretability": {"num_rules": {"mean": 3.0, "std": 0.0, "std_err": 0.0, "raw": [3, 3, 3, 3, 3]}, "num_predicates": {"mean": 13.0, "std": 0.0, "std_err": 0.0, "raw": [13, 13, 13, 13, 13]}}, "learning_time": {"mean": 68.2906, "std": 15.331743613822926, "std_err": 7.665871806911463, "raw": [54.074, 55.994, 90.858, 82.611, 57.916]}}}