{"noise_pct_10": {"accuracy": {"mean": 1.0, "std": 0.0, "std_err": 0.0, "raw": [1.0, 1.0, 1.0, 1.0, 1.0]}, "interpretability": {"num_rules": {"mean": 3.0, "std": 0.0, "std_err": 0.0, "raw": [3, 3, 3, 3, 3]}, "num_predicates": {"mean": 13.0, "std": 0.0, "std_err": 0.0, "raw": [13, 13, 13, 13, 13]}}, "learning_time": {"mean": 8.306000000000001, "std": 0.9187151898167348, "std_err": 0.45935759490836736, "raw": [8.551, 8.153, 7.83, 7.113, 9.883]}}, "noise_pct_20": {"accuracy": {"mean": 1.0, "std": 0.0, "std_err": 0.0, "raw": [1.0, 1.0, 1.0, 1.0, 1.0]}, "interpretability": {"num_rules": {"mean": 3.0, "std": 0.0, "std_err": 0.0, "raw": [3, 3, 3, 3, 3]}, "num_predicates": {"mean": 13.0, "std": 0.0, "std_err": 0.0, "raw": [13, 13, 13, 13, 13]}}, "learning_time": {"mean": 11.910999999999998, "std": 2.351391587975087, "std_err": 1.1756957939875432, "raw": [15.382, 10.478, 14.031, 9.382, 10.282]}}, "noise_pct_30": {"accuracy": {"mean": 1.0, "std": 0.0, "std_err": 0.0, "raw": [1.0, 1.0, 1.0, 1.0, 1.0]}, "interpretability": {"num_rules": {"mean": 3.0, "std": 0.0, "std_err": 0.0, "raw": [3, 3, 3, 3, 3]}, "num_predicates": {"mean": 13.0, "std": 0.0, "std_err": 0.0, "raw": [13, 13, 13, 13, 13]}}, "learning_time": {"mean": 17.377999999999997, "std": 4.3093941569552445, "std_err": 2.1546970784776223, "raw": [23.034, 13.94, 19.671, 11.023, 19.222]}}, "noise_pct_40": {"accuracy": {"mean": 1.0, "std": 0.0, "std_err": 0.0, "raw": [1.0, 1.0, 1.0, 1.0, 1.0]}, "interpretability": {"num_rules": {"mean": 3.0, "std": 0.0, "std_err": 0.0, "raw": [3, 3, 3, 3, 3]}, "num_predicates": {"mean": 13.0, "std": 0.0, "std_err": 0.0, "raw": [13, 13, 13, 13, 13]}}, "learning_time": {"mean": 21.742399999999996, "std": 3.06691040625578, "std_err": 1.53345520312789, "raw": [23.509, 17.324, 24.564, 18.793, 24.522]}}, "noise_pct_50": {"accuracy": {"mean": 1.0, "std": 0.0, "std_err": 0.0, "raw": [1.0, 1.0, 1.0, 1.0, 1.0]}, "interpretability": {"num_rules": {"mean": 3.0, "std": 0.0, "std_err": 0.0, "raw": [3, 3, 3, 3, 3]}, "num_predicates": {"mean": 13.0, "std": 0.0, "std_err": 0.0, "raw": [13, 13, 13, 13, 13]}}, "learning_time": {"mean": 30.0902, "std": 8.481393644914732, "std_err": 4.240696822457366, "raw": [41.843, 20.401, 34.309, 20.236, 33.662]}}, "noise_pct_60": {"accuracy": {"mean": 0.9664335664335664, "std": 0.06713286713286712, "std_err": 0.03356643356643356, "raw": [0.8321678321678322, 1.0, 1.0, 1.0, 1.0]}, "interpretability": {"num_rules": {"mean": 2.8, "std": 0.39999999999999997, "std_err": 0.19999999999999996, "raw": [2, 3, 3, 3, 3]}, "num_predicates": {"mean": 11.2, "std": 3.6, "std_err": 1.7999999999999998, "raw": [4, 13, 13, 13, 13]}}, "learning_time": {"mean": 36.37, "std": 11.253144982625969, "std_err": 5.6265724913129835, "raw": [52.07, 22.944, 42.136, 23.958, 40.742]}}, "noise_pct_70": {"accuracy": {"mean": 0.9328671328671329, "std": 0.08222063472279198, "std_err": 0.04111031736139599, "raw": [0.8321678321678322, 1.0, 0.8321678321678322, 1.0, 1.0]}, "interpretability": {"num_rules": {"mean": 2.6, "std": 0.4898979485566356, "std_err": 0.24494897427831777, "raw": [2, 3, 2, 3, 3]}, "num_predicates": {"mean": 9.4, "std": 4.409081537009721, "std_err": 2.20454076850486, "raw": [4, 13, 4, 13, 13]}}, "learning_time": {"mean": 39.739599999999996, "std": 11.14535280015846, "std_err": 5.57267640007923, "raw": [53.008, 30.821, 47.796, 22.962, 44.111]}}, "noise_pct_80": {"accuracy": {"mean": 0.9328671328671329, "std": 0.08222063472279198, "std_err": 0.04111031736139599, "raw": [0.8321678321678322, 1.0, 0.8321678321678322, 1.0, 1.0]}, "interpretability": {"num_rules": {"mean": 2.6, "std": 0.4898979485566356, "std_err": 0.24494897427831777, "raw": [2, 3, 2, 3, 3]}, "num_predicates": {"mean": 9.4, "std": 4.409081537009721, "std_err": 2.20454076850486, "raw": [4, 13, 4, 13, 13]}}, "learning_time": {"mean": 46.156400000000005, "std": 9.167694336091273, "std_err": 4.5838471680456365, "raw": [58.21, 38.761, 56.194, 36.409, 41.208]}}, "noise_pct_90": {"accuracy": {"mean": 0.8993006993006993, "std": 0.08222063472279198, "std_err": 0.04111031736139599, "raw": [0.8321678321678322, 1.0, 0.8321678321678322, 0.8321678321678322, 1.0]}, "interpretability": {"num_rules": {"mean": 2.4, "std": 0.4898979485566356, "std_err": 0.24494897427831777, "raw": [2, 3, 2, 2, 3]}, "num_predicates": {"mean": 7.6, "std": 4.409081537009721, "std_err": 2.20454076850486, "raw": [4, 13, 4, 4, 13]}}, "learning_time": {"mean": 53.9996, "std": 6.812262314385728, "std_err": 3.406131157192864, "raw": [61.513, 50.678, 62.838, 46.607, 48.362]}}}