{"noise_pct_95": {"accuracy": {"mean": 0.9328671328671327, "std": 0.08222063472279198, "std_err": 0.011745804960398855, "raw": [0.8321678321678322, 1.0, 0.8321678321678322, 0.8321678321678322, 1.0, 0.8321678321678322, 0.8321678321678322, 0.8321678321678322, 1.0, 0.8321678321678322, 1.0, 1.0, 1.0, 1.0, 1.0, 1.0, 0.8321678321678322, 1.0, 0.8321678321678322, 1.0, 1.0, 1.0, 1.0, 0.8321678321678322, 1.0, 1.0, 1.0, 1.0, 0.8321678321678322, 0.8321678321678322, 0.8321678321678322, 1.0, 0.8321678321678322, 1.0, 0.8321678321678322, 1.0, 1.0, 1.0, 0.8321678321678322, 1.0, 1.0, 1.0, 0.8321678321678322, 0.8321678321678322, 0.8321678321678322, 1.0, 0.8321678321678322, 1.0, 1.0, 1.0]}, "interpretability": {"num_rules": {"mean": 2.6, "std": 0.4898979485566356, "std_err": 0.06998542122237651, "raw": [2, 3, 2, 2, 3, 2, 2, 2, 3, 2, 3, 3, 3, 3, 3, 3, 2, 3, 2, 3, 3, 3, 3, 2, 3, 3, 3, 3, 2, 2, 2, 3, 2, 3, 2, 3, 3, 3, 2, 3, 3, 3, 2, 2, 2, 3, 2, 3, 3, 3]}, "num_predicates": {"mean": 9.4, "std": 4.409081537009721, "std_err": 0.6298687910013886, "raw": [4, 13, 4, 4, 13, 4, 4, 4, 13, 4, 13, 13, 13, 13, 13, 13, 4, 13, 4, 13, 13, 13, 13, 4, 13, 13, 13, 13, 4, 4, 4, 13, 4, 13, 4, 13, 13, 13, 4, 13, 13, 13, 4, 4, 4, 13, 4, 13, 13, 13]}}, "learning_time": {"mean": 49.3071, "std": 9.352202511173505, "std_err": 1.3360289301676436, "raw": [50.184, 51.569, 65.397, 44.932, 47.645, 54.84, 57.951, 39.013, 29.883, 45.3, 44.457, 56.484, 61.024, 42.328, 38.272, 44.17, 48.62, 56.042, 47.068, 63.219, 48.298, 38.72, 38.29, 48.775, 39.493, 46.303, 32.44, 51.579, 45.233, 51.518, 38.503, 43.532, 63.562, 47.474, 43.188, 54.638, 51.369, 58.93, 76.409, 58.962, 46.387, 44.261, 47.735, 58.602, 55.097, 70.955, 51.41, 42.072, 37.757, 45.465]}}, "noise_pct_96": {"accuracy": {"mean": 0.9328671328671327, "std": 0.08222063472279198, "std_err": 0.011745804960398855, "raw": [0.8321678321678322, 1.0, 0.8321678321678322, 0.8321678321678322, 1.0, 0.8321678321678322, 0.8321678321678322, 0.8321678321678322, 1.0, 0.8321678321678322, 1.0, 1.0, 1.0, 1.0, 1.0, 1.0, 0.8321678321678322, 1.0, 0.8321678321678322, 1.0, 1.0, 1.0, 1.0, 0.8321678321678322, 1.0, 1.0, 1.0, 1.0, 0.8321678321678322, 0.8321678321678322, 0.8321678321678322, 1.0, 0.8321678321678322, 1.0, 0.8321678321678322, 1.0, 1.0, 1.0, 0.8321678321678322, 1.0, 1.0, 1.0, 0.8321678321678322, 0.8321678321678322, 0.8321678321678322, 1.0, 0.8321678321678322, 1.0, 1.0, 1.0]}, "interpretability": {"num_rules": {"mean": 2.6, "std": 0.4898979485566356, "std_err": 0.06998542122237651, "raw": [2, 3, 2, 2, 3, 2, 2, 2, 3, 2, 3, 3, 3, 3, 3, 3, 2, 3, 2, 3, 3, 3, 3, 2, 3, 3, 3, 3, 2, 2, 2, 3, 2, 3, 2, 3, 3, 3, 2, 3, 3, 3, 2, 2, 2, 3, 2, 3, 3, 3]}, "num_predicates": {"mean": 9.4, "std": 4.409081537009721, "std_err": 0.6298687910013886, "raw": [4, 13, 4, 4, 13, 4, 4, 4, 13, 4, 13, 13, 13, 13, 13, 13, 4, 13, 4, 13, 13, 13, 13, 4, 13, 13, 13, 13, 4, 4, 4, 13, 4, 13, 4, 13, 13, 13, 4, 13, 13, 13, 4, 4, 4, 13, 4, 13, 13, 13]}}, "learning_time": {"mean": 50.90944, "std": 9.474253959357434, "std_err": 1.3534648513367762, "raw": [50.255, 44.284, 60.212, 44.682, 47.252, 54.203, 55.343, 40.236, 32.91, 46.022, 47.472, 54.921, 60.01, 41.781, 39.718, 49.954, 50.447, 55.227, 50.108, 64.482, 51.29, 43.088, 38.213, 53.048, 41.817, 46.864, 33.642, 54.494, 50.59, 53.911, 37.995, 46.994, 61.259, 52.1, 47.881, 53.636, 58.198, 61.794, 82.029, 58.441, 49.574, 50.702, 48.844, 65.127, 57.284, 76.272, 52.672, 42.052, 38.488, 47.654]}}, "noise_pct_97": {"accuracy": {"mean": 0.9119280719280719, "std": 0.13975268599458598, "std_err": 0.019964669427798, "raw": [0.8321678321678322, 1.0, 0.8321678321678322, 0.8321678321678322, 1.0, 0.8321678321678322, 0.8321678321678322, 0.8321678321678322, 1.0, 0.8321678321678322, 1.0, 1.0, 0.12087912087912088, 1.0, 1.0, 0.8321678321678322, 0.8321678321678322, 1.0, 0.8321678321678322, 1.0, 1.0, 1.0, 1.0, 0.8321678321678322, 1.0, 1.0, 1.0, 1.0, 0.8321678321678322, 0.8321678321678322, 0.8321678321678322, 1.0, 0.8321678321678322, 1.0, 0.8321678321678322, 1.0, 1.0, 1.0, 0.8321678321678322, 1.0, 1.0, 1.0, 0.8321678321678322, 0.8321678321678322, 0.8321678321678322, 1.0, 0.8321678321678322, 1.0, 1.0, 1.0]}, "interpretability": {"num_rules": {"mean": 2.58, "std": 0.4935585071701226, "std_err": 0.07050835816716036, "raw": [2, 3, 2, 2, 3, 2, 2, 2, 3, 2, 3, 3, 3, 3, 3, 2, 2, 3, 2, 3, 3, 3, 3, 2, 3, 3, 3, 3, 2, 2, 2, 3, 2, 3, 2, 3, 3, 3, 2, 3, 3, 3, 2, 2, 2, 3, 2, 3, 3, 3]}, "num_predicates": {"mean": 9.22, "std": 4.442026564531104, "std_err": 0.6345752235044434, "raw": [4, 13, 4, 4, 13, 4, 4, 4, 13, 4, 13, 13, 13, 13, 13, 4, 4, 13, 4, 13, 13, 13, 13, 4, 13, 13, 13, 13, 4, 4, 4, 13, 4, 13, 4, 13, 13, 13, 4, 13, 13, 13, 4, 4, 4, 13, 4, 13, 13, 13]}}, "learning_time": {"mean": 52.45400000000001, "std": 8.968165234873855, "std_err": 1.2811664621248364, "raw": [49.111, 51.111, 58.234, 46.635, 51.493, 58.346, 60.814, 43.158, 38.041, 48.58, 52.891, 59.478, 61.87, 41.36, 42.961, 47.68, 49.329, 56.765, 48.019, 67.932, 50.041, 43.841, 37.627, 52.386, 42.225, 49.728, 35.46, 54.292, 53.066, 54.732, 42.556, 50.674, 63.198, 58.665, 47.53, 54.419, 58.34, 70.977, 70.447, 60.391, 50.0, 50.691, 54.001, 63.502, 57.345, 78.846, 52.058, 43.525, 39.925, 48.404]}}, "noise_pct_98": {"accuracy": {"mean": 0.9085714285714286, "std": 0.13961248803285378, "std_err": 0.01994464114755054, "raw": [0.8321678321678322, 1.0, 0.8321678321678322, 0.8321678321678322, 1.0, 0.8321678321678322, 0.8321678321678322, 0.8321678321678322, 1.0, 0.8321678321678322, 1.0, 1.0, 0.12087912087912088, 1.0, 1.0, 0.8321678321678322, 0.8321678321678322, 0.8321678321678322, 0.8321678321678322, 1.0, 1.0, 1.0, 1.0, 0.8321678321678322, 1.0, 1.0, 1.0, 1.0, 0.8321678321678322, 0.8321678321678322, 0.8321678321678322, 1.0, 0.8321678321678322, 1.0, 0.8321678321678322, 1.0, 1.0, 1.0, 0.8321678321678322, 1.0, 1.0, 1.0, 0.8321678321678322, 0.8321678321678322, 0.8321678321678322, 1.0, 0.8321678321678322, 1.0, 1.0, 1.0]}, "interpretability": {"num_rules": {"mean": 2.56, "std": 0.4963869458396343, "std_err": 0.07091242083423346, "raw": [2, 3, 2, 2, 3, 2, 2, 2, 3, 2, 3, 3, 3, 3, 3, 2, 2, 2, 2, 3, 3, 3, 3, 2, 3, 3, 3, 3, 2, 2, 2, 3, 2, 3, 2, 3, 3, 3, 2, 3, 3, 3, 2, 2, 2, 3, 2, 3, 3, 3]}, "num_predicates": {"mean": 9.04, "std": 4.467482512556709, "std_err": 0.6382117875081013, "raw": [4, 13, 4, 4, 13, 4, 4, 4, 13, 4, 13, 13, 13, 13, 13, 4, 4, 4, 4, 13, 13, 13, 13, 4, 13, 13, 13, 13, 4, 4, 4, 13, 4, 13, 4, 13, 13, 13, 4, 13, 13, 13, 4, 4, 4, 13, 4, 13, 13, 13]}}, "learning_time": {"mean": 53.45724, "std": 9.949444753472426, "std_err": 1.421349250496061, "raw": [46.162, 54.874, 61.198, 45.492, 47.224, 51.168, 61.248, 41.627, 34.386, 46.991, 49.64, 61.672, 63.179, 44.455, 43.987, 46.789, 49.266, 58.159, 47.628, 69.074, 48.188, 44.071, 44.741, 53.073, 42.357, 50.669, 39.395, 57.871, 58.058, 52.736, 46.565, 56.535, 64.125, 58.562, 48.94, 56.822, 57.628, 67.191, 71.173, 64.901, 51.494, 53.611, 54.838, 64.44, 65.477, 90.714, 50.398, 48.926, 37.864, 47.28]}}, "noise_pct_99": {"accuracy": {"mean": 0.8876323676323676, "std": 0.1767618986591737, "std_err": 0.025251699808453383, "raw": [0.8321678321678322, 1.0, 0.8321678321678322, 0.8321678321678322, 1.0, 0.8321678321678322, 0.8321678321678322, 0.8321678321678322, 1.0, 0.8321678321678322, 1.0, 1.0, 0.12087912087912088, 1.0, 1.0, 0.8321678321678322, 0.8321678321678322, 0.8321678321678322, 0.8321678321678322, 1.0, 1.0, 1.0, 0.8321678321678322, 0.8321678321678322, 1.0, 1.0, 1.0, 1.0, 0.8321678321678322, 0.8321678321678322, 0.8321678321678322, 1.0, 0.8321678321678322, 1.0, 0.8321678321678322, 1.0, 1.0, 1.0, 0.8321678321678322, 1.0, 1.0, 1.0, 0.8321678321678322, 0.8321678321678322, 0.8321678321678322, 0.12087912087912088, 0.8321678321678322, 1.0, 1.0, 1.0]}, "interpretability": {"num_rules": {"mean": 2.54, "std": 0.49839743177508455, "std_err": 0.07119963311072636, "raw": [2, 3, 2, 2, 3, 2, 2, 2, 3, 2, 3, 3, 3, 3, 3, 2, 2, 2, 2, 3, 3, 3, 2, 2, 3, 3, 3, 3, 2, 2, 2, 3, 2, 3, 2, 3, 3, 3, 2, 3, 3, 3, 2, 2, 2, 3, 2, 3, 3, 3]},