{"noise_pct_10": {"accuracy": {"mean": 1.0, "std": 0.0, "std_err": 0.0, "raw": [1.0, 1.0, 1.0, 1.0, 1.0]}, "interpretability": {"num_rules": {"mean": 3.0, "std": 0.0, "std_err": 0.0, "raw": [3, 3, 3, 3, 3]}, "num_predicates": {"mean": 13.0, "std": 0.0, "std_err": 0.0, "raw": [13, 13, 13, 13, 13]}}, "learning_time": {"mean": 6.837400000000001, "std": 1.4200875465970397, "std_err": 0.7100437732985199, "raw": [8.972, 6.613, 7.39, 6.64, 4.572]}}, "noise_pct_20": {"accuracy": {"mean": 1.0, "std": 0.0, "std_err": 0.0, "raw": [1.0, 1.0, 1.0, 1.0, 1.0]}, "interpretability": {"num_rules": {"mean": 3.0, "std": 0.0, "std_err": 0.0, "raw": [3, 3, 3, 3, 3]}, "num_predicates": {"mean": 13.0, "std": 0.0, "std_err": 0.0, "raw": [13, 13, 13, 13, 13]}}, "learning_time": {"mean": 11.058800000000002, "std": 2.895395406503229, "std_err": 1.4476977032516145, "raw": [15.043, 9.681, 11.865, 12.325, 6.38]}}, "noise_pct_30": {"accuracy": {"mean": 1.0, "std": 0.0, "std_err": 0.0, "raw": [1.0, 1.0, 1.0, 1.0, 1.0]}, "interpretability": {"num_rules": {"mean": 3.0, "std": 0.0, "std_err": 0.0, "raw": [3, 3, 3, 3, 3]}, "num_predicates": {"mean": 13.0, "std": 0.0, "std_err": 0.0, "raw": [13, 13, 13, 13, 13]}}, "learning_time": {"mean": 14.3572, "std": 4.100196600164436, "std_err": 2.0500983000822175, "raw": [20.941, 12.201, 13.576, 16.329, 8.739]}}, "noise_pct_40": {"accuracy": {"mean": 1.0, "std": 0.0, "std_err": 0.0, "raw": [1.0, 1.0, 1.0, 1.0, 1.0]}, "interpretability": {"num_rules": {"mean": 3.0, "std": 0.0, "std_err": 0.0, "raw": [3, 3, 3, 3, 3]}, "num_predicates": {"mean": 13.0, "std": 0.0, "std_err": 0.0, "raw": [13, 13, 13, 13, 13]}}, "learning_time": {"mean": 16.731199999999998, "std": 5.312116354147375, "std_err": 2.6560581770736875, "raw": [22.344, 12.528, 16.27, 23.012, 9.502]}}, "noise_pct_50": {"accuracy": {"mean": 0.9664335664335664, "std": 0.06713286713286712, "std_err": 0.03356643356643356, "raw": [0.8321678321678322, 1.0, 1.0, 1.0, 1.0]}, "interpretability": {"num_rules": {"mean": 2.8, "std": 0.39999999999999997, "std_err": 0.19999999999999996, "raw": [2, 3, 3, 3, 3]}, "num_predicates": {"mean": 11.2, "std": 3.6, "std_err": 1.7999999999999998, "raw": [4, 13, 13, 13, 13]}}, "learning_time": {"mean": 19.336400000000005, "std": 5.880643216519771, "std_err": 2.9403216082598855, "raw": [27.655, 11.507, 18.127, 24.207, 15.186]}}, "noise_pct_60": {"accuracy": {"mean": 0.9664335664335664, "std": 0.06713286713286712, "std_err": 0.03356643356643356, "raw": [0.8321678321678322, 1.0, 1.0, 1.0, 1.0]}, "interpretability": {"num_rules": {"mean": 2.8, "std": 0.39999999999999997, "std_err": 0.19999999999999996, "raw": [2, 3, 3, 3, 3]}, "num_predicates": {"mean": 11.2, "std": 3.6, "std_err": 1.7999999999999998, "raw": [4, 13, 13, 13, 13]}}, "learning_time": {"mean": 22.6002, "std": 6.526066178027924, "std_err": 3.263033089013962, "raw": [31.55, 13.263, 21.357, 28.041, 18.79]}}, "noise_pct_70": {"accuracy": {"mean": 0.9664335664335664, "std": 0.06713286713286712, "std_err": 0.03356643356643356, "raw": [0.8321678321678322, 1.0, 1.0, 1.0, 1.0]}, "interpretability": {"num_rules": {"mean": 2.8, "std": 0.39999999999999997, "std_err": 0.19999999999999996, "raw": [2, 3, 3, 3, 3]}, "num_predicates": {"mean": 11.2, "std": 3.6, "std_err": 1.7999999999999998, "raw": [4, 13, 13, 13, 13]}}, "learning_time": {"mean": 25.8882, "std": 4.749840351001283, "std_err": 2.3749201755006415, "raw": [31.016, 17.251, 27.682, 28.646, 24.846]}}, "noise_pct_80": {"accuracy": {"mean": 0.9328671328671329, "std": 0.08222063472279198, "std_err": 0.04111031736139599, "raw": [0.8321678321678322, 1.0, 1.0, 0.8321678321678322, 1.0]}, "interpretability": {"num_rules": {"mean": 2.6, "std": 0.4898979485566356, "std_err": 0.24494897427831777, "raw": [2, 3, 3, 2, 3]}, "num_predicates": {"mean": 9.4, "std": 4.409081537009721, "std_err": 2.2045407685048604, "raw": [4, 13, 13, 4, 13]}}, "learning_time": {"mean": 31.750999999999998, "std": 6.343265783490395, "std_err": 3.1716328917451975, "raw": [32.441, 20.88, 30.784, 40.444, 34.206]}}, "noise_pct_90": {"accuracy": {"mean": 0.9328671328671329, "std": 0.08222063472279198, "std_err": 0.04111031736139599, "raw": [0.8321678321678322, 1.0, 1.0, 0.8321678321678322, 1.0]}, "interpretability": {"num_rules": {"mean": 2.6, "std": 0.4898979485566356, "std_err": 0.24494897427831777, "raw": [2, 3, 3, 2, 3]}, "num_predicates": {"mean": 9.4, "std": 4.409081537009721, "std_err": 2.2045407685048604, "raw": [4, 13, 13, 4, 13]}}, "learning_time": {"mean": 47.812, "std": 9.21151961404849, "std_err": 4.605759807024245, "raw": [44.415, 33.675, 46.105, 53.908, 60.957]}}}