{"noise_pct_95": {"accuracy": {"mean": 0.9354245754245756, "std": 0.13847029710236625, "std_err": 0.01978147101462375, "raw": [0.8321678321678322, 1.0, 1.0, 0.8321678321678322, 1.0, 0.8321678321678322, 0.8321678321678322, 0.8321678321678322, 1.0, 1.0, 1.0, 1.0, 1.0, 1.0, 1.0, 0.8321678321678322, 1.0, 1.0, 1.0, 1.0, 1.0, 1.0, 1.0, 0.12087912087912088, 1.0, 1.0, 1.0, 0.8321678321678322, 1.0, 1.0, 1.0, 1.0, 0.8321678321678322, 1.0, 0.8321678321678322, 0.8321678321678322, 0.8321678321678322, 0.8321678321678322, 0.8321678321678322, 1.0, 1.0, 1.0, 1.0, 0.8321678321678322, 1.0, 1.0, 1.0, 1.0, 1.0, 1.0]}, "interpretability": {"num_rules": {"mean": 2.72, "std": 0.44899888641287294, "std_err": 0.06414269805898185, "raw": [2, 3, 3, 2, 3, 2, 2, 2, 3, 3, 3, 3, 3, 3, 3, 2, 3, 3, 3, 3, 3, 3, 3, 3, 3, 3, 3, 2, 3, 3, 3, 3, 2, 3, 2, 2, 2, 2, 2, 3, 3, 3, 3, 2, 3, 3, 3, 3, 3, 3]}, "num_predicates": {"mean": 10.48, "std": 4.040989977715856, "std_err": 0.5772842825308366, "raw": [4, 13, 13, 4, 13, 4, 4, 4, 13, 13, 13, 13, 13, 13, 13, 4, 13, 13, 13, 13, 13, 13, 13, 13, 13, 13, 13, 4, 13, 13, 13, 13, 4, 13, 4, 4, 4, 4, 4, 13, 13, 13, 13, 4, 13, 13, 13, 13, 13, 13]}}, "learning_time": {"mean": 38.352700000000006, "std": 7.601607022860363, "std_err": 1.0859438604086233, "raw": [43.485, 25.703, 42.813, 47.867, 31.071, 46.042, 49.413, 46.969, 34.485, 25.533, 39.532, 43.132, 31.836, 33.592, 37.288, 33.215, 45.049, 33.152, 35.78, 40.267, 49.356, 25.283, 44.753, 54.749, 32.452, 33.903, 27.267, 43.02, 30.876, 43.866, 39.383, 45.396, 49.174, 35.153, 44.558, 38.052, 48.771, 33.635, 49.669, 36.804, 38.705, 47.25, 38.289, 36.458, 26.821, 29.498, 36.607, 36.256, 30.122, 25.285]}}, "noise_pct_96": {"accuracy": {"mean": 0.9293906093906094, "std": 0.14205196197672604, "std_err": 0.020293137425246577, "raw": [0.8321678321678322, 1.0, 1.0, 0.8321678321678322, 1.0, 0.8321678321678322, 0.8321678321678322, 0.8321678321678322, 1.0, 1.0, 1.0, 1.0, 1.0, 1.0, 1.0, 0.8321678321678322, 1.0, 1.0, 1.0, 1.0, 1.0, 1.0, 1.0, 0.12087912087912088, 1.0, 1.0, 1.0, 0.8321678321678322, 1.0, 1.0, 1.0, 1.0, 0.8321678321678322, 1.0, 0.8321678321678322, 0.8321678321678322, 0.8321678321678322, 0.8321678321678322, 0.8321678321678322, 1.0, 0.6983016983016983, 1.0, 1.0, 0.8321678321678322, 1.0, 1.0, 1.0, 1.0, 1.0, 1.0]}, "interpretability": {"num_rules": {"mean": 2.72, "std": 0.44899888641287294, "std_err": 0.06414269805898185, "raw": [2, 3, 3, 2, 3, 2, 2, 2, 3, 3, 3, 3, 3, 3, 3, 2, 3, 3, 3, 3, 3, 3, 3, 3, 3, 3, 3, 2, 3, 3, 3, 3, 2, 3, 2, 2, 2, 2, 2, 3, 3, 3, 3, 2, 3, 3, 3, 3, 3, 3]}, "num_predicates": {"mean": 10.48, "std": 4.040989977715856, "std_err": 0.5772842825308366, "raw": [4, 13, 13, 4, 13, 4, 4, 4, 13, 13, 13, 13, 13, 13, 13, 4, 13, 13, 13, 13, 13, 13, 13, 13, 13, 13, 13, 4, 13, 13, 13, 13, 4, 13, 4, 4, 4, 4, 4, 13, 13, 13, 13, 4, 13, 13, 13, 13, 13, 13]}}, "learning_time": {"mean": 39.42268, "std": 7.5546693652071895, "std_err": 1.0792384807438842, "raw": [41.314, 24.682, 42.135, 52.717, 31.627, 44.818, 48.462, 48.113, 35.398, 25.044, 40.575, 45.176, 31.74, 34.267, 38.287, 33.58, 45.579, 38.971, 38.002, 41.77, 51.631, 25.313, 42.663, 54.835, 33.775, 34.691, 30.334, 44.797, 31.104, 42.646, 40.012, 47.166, 53.009, 36.701, 45.255, 40.101, 47.148, 34.027, 48.338, 38.676, 37.844, 48.22, 42.818, 38.56, 30.399, 31.212, 39.837, 40.1, 31.522, 26.143]}}, "noise_pct_97": {"accuracy": {"mean": 0.9260339660339661, "std": 0.1423264715159732, "std_err": 0.020332353073710452, "raw": [0.8321678321678322, 1.0, 1.0, 0.8321678321678322, 1.0, 0.8321678321678322, 0.8321678321678322, 0.8321678321678322, 1.0, 1.0, 1.0, 1.0, 1.0, 1.0, 1.0, 0.8321678321678322, 1.0, 1.0, 1.0, 1.0, 1.0, 1.0, 1.0, 0.12087912087912088, 1.0, 0.8321678321678322, 1.0, 0.8321678321678322, 1.0, 1.0, 1.0, 1.0, 0.8321678321678322, 1.0, 0.8321678321678322, 0.8321678321678322, 0.8321678321678322, 0.8321678321678322, 0.8321678321678322, 1.0, 0.6983016983016983, 1.0, 1.0, 0.8321678321678322, 1.0, 1.0, 1.0, 1.0, 1.0, 1.0]}, "interpretability": {"num_rules": {"mean": 2.7, "std": 0.458257569495584, "std_err": 0.06546536707079771, "raw": [2, 3, 3, 2, 3, 2, 2, 2, 3, 3, 3, 3, 3, 3, 3, 2, 3, 3, 3, 3, 3, 3, 3, 3, 3, 2, 3, 2, 3, 3, 3, 3, 2, 3, 2, 2, 2, 2, 2, 3, 3, 3, 3, 2, 3, 3, 3, 3, 3, 3]}, "num_predicates": {"mean": 10.3, "std": 4.124318125460256, "std_err": 0.5891883036371794, "raw": [4, 13, 13, 4, 13, 4, 4, 4, 13, 13, 13, 13, 13, 13, 13, 4, 13, 13, 13, 13, 13, 13, 13, 13, 13, 4, 13, 4, 13, 13, 13, 13, 4, 13, 4, 4, 4, 4, 4, 13, 13, 13, 13, 4, 13, 13, 13, 13, 13, 13]}}, "learning_time": {"mean": 40.81792, "std": 8.291975515738093, "std_err": 1.1845679308197274, "raw": [44.522, 26.687, 43.118, 51.906, 34.278, 53.6, 50.553, 51.179, 38.811, 25.893, 44.899, 42.857, 33.127, 35.168, 38.391, 30.7, 45.563, 40.152, 38.191, 40.122, 51.438, 26.773, 42.606, 57.761, 34.416, 36.362, 30.564, 46.009, 31.325, 43.794, 41.616, 52.947, 56.878, 41.736, 50.069, 44.361, 50.056, 35.796, 49.624, 39.584, 36.456, 51.041, 42.982, 35.997, 28.174, 32.132, 38.757, 41.24, 32.939, 27.746]}}, "noise_pct_98": {"accuracy": {"mean": 0.9260339660339661, "std": 0.1423264715159732, "std_err": 0.020332353073710452, "raw": [0.8321678321678322, 1.0, 1.0, 0.8321678321678322, 1.0, 0.8321678321678322, 0.8321678321678322, 0.8321678321678322, 1.0, 1.0, 1.0, 1.0, 1.0, 1.0, 1.0, 0.8321678321678322, 1.0, 1.0, 1.0, 1.0, 1.0, 1.0, 1.0, 0.12087912087912088, 1.0, 0.8321678321678322, 1.0, 0.8321678321678322, 1.0, 1.0, 1.0, 1.0, 0.8321678321678322, 1.0, 0.8321678321678322, 0.8321678321678322, 0.8321678321678322, 0.8321678321678322, 0.8321678321678322, 1.0, 0.6983016983016983, 1.0, 1.0, 0.8321678321678322, 1.0, 1.0, 1.0, 1.0, 1.0, 1.0]}, "interpretability": {"num_rules": {"mean": 2.7, "std": 0.458257569495584, "std_err": 0.06546536707079771, "raw": [2, 3, 3, 2, 3, 2, 2, 2, 3, 3, 3, 3, 3, 3, 3, 2, 3, 3, 3, 3, 3, 3, 3, 3, 3, 2, 3, 2, 3, 3, 3, 3, 2, 3, 2, 2, 2, 2, 2, 3, 3, 3, 3, 2, 3, 3, 3, 3, 3, 3]}, "num_predicates": {"mean": 10.3, "std": 4.124318125460256, "std_err": 0.5891883036371794, "raw": [4, 13, 13, 4, 13, 4, 4, 4, 13, 13, 13, 13, 13, 13, 13, 4, 13, 13, 13, 13, 13, 13, 13, 13, 13, 4, 13, 4, 13, 13, 13, 13, 4, 13, 4, 4, 4, 4, 4, 13, 13, 13, 13, 4, 13, 13, 13, 13, 13, 13]}}, "learning_time": {"mean": 41.5984, "std": 8.883566470736852, "std_err": 1.2690809243909786, "raw": [41.275, 28.145, 47.179, 51.557, 34.408, 61.638, 51.555, 50.802, 41.29, 27.924, 51.279, 35.632, 31.948, 36.96, 38.559, 34.43, 49.271, 41.489, 38.939, 41.501, 49.867, 28.066, 44.142, 55.867, 38.134, 37.963, 30.138, 42.377, 31.552, 43.075, 40.903, 52.781, 67.051, 45.555, 48.667, 43.403, 45.827, 34.432, 50.557, 45.871, 37.957, 53.443, 39.448, 34.592, 31.117, 31.049, 38.968, 40.762, 33.114, 27.461]}}, "noise_pct_99": {"accuracy": {"mean": 0.9260339660339661, "std": 0.1423264715159732, "std_err": 0.020332353073710452, "raw": [0.8321678321678322, 1.0, 1.0, 0.8321678321678322, 1.0, 0.8321678321678322, 0.8321678321678322, 0.8321678321678322, 1.0, 1.0, 1.0, 1.0, 1.0, 1.0, 1.0, 0.8321678321678322, 1.0, 1.0, 1.0, 1.0, 1.0, 1.0, 1.0, 0.12087912087912088, 1.0, 0.8321678321678322, 1.0, 0.8321678321678322, 1.0, 1.0, 1.0, 1.0, 0.8321678321678322, 1.0, 0.8321678321678322, 0.8321678321678322, 0.8321678321678322, 0.8321678321678322, 0.8321678321678322, 1.0, 0.6983016983016983, 1.0, 1.0, 0.8321678321678322, 1.0, 1.0, 1.0, 1.0, 1.0, 1.0]}, "interpretability": {"num_rules": {"mean": 2.7, "std": 0.458257569495584, "std_err": 0.06546536707079771, "raw": [2, 3, 3, 2, 3, 2, 2, 2, 3, 3, 3, 3, 3, 3, 3, 2, 3, 3, 3, 3, 3, 3, 3, 3, 3, 2, 3, 2, 3, 3, 3, 3, 2, 3, 2, 2, 2, 2, 2, 3, 3, 3, 3, 2, 3, 3, 3, 3, 3, 3]}, "num_predicates": {"mean": 10.3, "std": 4.124318125460256, "std_err": 0.5891883036371794, "raw": [4, 13, 13, 4, 13, 4, 4, 4, 13, 13, 13, 13, 13, 13, 13, 4, 13, 13, 13, 13, 13, 13, 13, 13, 13, 4, 13, 4, 13, 13, 13, 13, 4, 13, 4, 4, 4, 4, 4, 13, 13, 13, 13, 4, 13, 13, 13, 13, 13, 13]}}, "learning_time": {"mean": 42.204679999999996, "std": 8.764580750817464,